"simulate_model","fit_model","iteration","ACC","LogL","LogPr","LogPo","AIC","BIC","input_param_1","input_param_2","output_param_1","output_param_2","output_param_3","input_param_3"
"TD","TD",1,85.56,-110.99,NA,NA,225.98,233.75,0.643091264180839,0.83357874206723,0.5219246744059,0.69991127500038,NA,NA
"TD","TD",2,93.89,-82.18,NA,NA,168.36,176.13,0.724670132622123,1.43561604238095,0.835993305316004,2.25525743098158,NA,NA
"TD","TD",3,93.61,-76.42,NA,NA,156.84,164.61,0.950232450617477,2.03779015681686,0.890128568151043,4.22169340007315,NA,NA
"TD","TD",4,57.5,-213.14,NA,NA,430.28,438.05,0.682289758697152,0.0720224548131227,0.018515132890719,0.0585980160818959,NA,NA
"TD","TD",5,82.78,-148.01,NA,NA,300.02,307.79,0.200363578274846,1.00568439900399,0.499405623300852,0.710906726767706,NA,NA
"TD","TD",6,63.61,-204.13,NA,NA,412.26,420.03,0.321220333920792,0.298665664158762,0.848083396071716,0.127729774210543,NA,NA
"TD","TD",7,55.83,-222.68,NA,NA,449.36,457.13,0.571441247593611,0.0502132950350642,0.00888501780275106,0.0387266043911183,NA,NA
"TD","TD",8,64.17,-188.45,NA,NA,380.9,388.67,0.973066303646192,0.392999498639256,0.030080035168722,0.281590103923533,NA,NA
"TD","TD",9,50,-257.13,NA,NA,518.26,526.03,0.895209939451888,0.0054737395918251,0.0118348394028201,0.00211400859354271,NA,NA
"TD","TD",10,68.06,-180.79,NA,NA,365.58,373.35,0.0494146177079529,0.507862410508096,0.0374415135485629,0.516175494005321,NA,NA
"TD","TD",11,59.17,-209.44,NA,NA,422.88,430.65,0.197620301274583,0.18983699940145,0.199757576517531,0.0810198689628785,NA,NA
"TD","TD",12,65.83,-176.63,NA,NA,357.26,365.03,0.0560640415642411,0.566026730462909,0.0182490844115849,0.324808449214526,NA,NA
"TD","TD",13,87.22,-127.58,NA,NA,259.16,266.93,0.051307131536305,1.23247370731968,0.0516985310243018,4.09196322558096,NA,NA
"TD","TD",14,62.22,-199.49,NA,NA,402.98,410.75,0.989872474921867,0.208000437050192,0.269155989933049,0.145992089050716,NA,NA
"TD","TD",15,83.33,-137.73,NA,NA,279.46,287.23,0.711294803768396,0.57632797351107,0.543575740685403,0.689765212011294,NA,NA
"TD","TD",16,49.72,-256.05,NA,NA,516.1,523.87,0.0768930825870484,0.00966986734420061,0.0170235468715624,0.00513054924739427,NA,NA
"TD","TD",17,91.94,-73.78,NA,NA,151.56,159.33,0.797194604296237,2.5054881726885,0.778667918345717,0.893236324529176,NA,NA
"TD","TD",18,93.61,-86.81,NA,NA,177.62,185.39,0.731893435353413,1.27495420533688,0.836455865686585,2.33408700448081,NA,NA
"TD","TD",19,90.56,-97.74,NA,NA,199.48,207.25,0.809085062006488,0.797056699129653,0.792285452035539,0.980444717884288,NA,NA
"TD","TD",20,84.72,-122.11,NA,NA,248.22,255.99,0.511981163173914,2.39124982816227,0.465955264483786,0.792164162014375,NA,NA
"TD","TD",21,89.44,-131.49,NA,NA,266.98,274.75,0.226354157319292,1.66897989056053,0.267411853785364,1.87169894735593,NA,NA
"TD","TD",22,71.94,-170.97,NA,NA,345.94,353.71,0.300222688354552,0.955442077438247,0.551412455277797,0.316569019226531,NA,NA
"TD","TD",23,93.89,-76.94,NA,NA,157.88,165.65,0.984172471100464,1.69604673600736,0.888076121576853,3.1357192369694,NA,NA
"TD","TD",24,61.94,-198.57,NA,NA,401.14,408.91,0.540354023920372,0.234106497689865,0.349633105885088,0.128217291031543,NA,NA
"TD","TD",25,64.44,-193.31,NA,NA,390.62,398.39,0.870058757020161,0.327183235902339,0.566190121737869,0.132101210590952,NA,NA
"TD","TD",26,88.06,-145.67,NA,NA,295.34,303.11,0.0660558908712119,1.97567781611326,0.140090139092624,4.87898526147072,NA,NA
"TD","TD",27,63.33,-194.46,NA,NA,392.92,400.69,0.973287776112556,0.260513227898628,0.142692803115651,0.250511671466027,NA,NA
"TD","TD",28,81.67,-151.01,NA,NA,306.02,313.79,0.290595552418381,1.05573849655212,0.555158181252007,0.689864224363485,NA,NA
"TD","TD",29,62.78,-197.98,NA,NA,399.96,407.73,0.988910319516435,0.211397308856249,0.253302695222401,0.167007182170766,NA,NA
"TD","TD",30,89.17,-86.5,NA,NA,177,184.77,0.329378831898794,2.0851063261411,0.133508301318687,1.40677411079443,NA,NA
"TD","TD",31,85,-179.92,NA,NA,363.84,371.61,0.11878991080448,0.835414388175023,0.0849039085675488,3.65453266336966,NA,NA
"TD","TD",32,62.78,-191.13,NA,NA,386.26,394.03,0.0508385861758143,0.410096168983728,0.0156409465629597,0.26436866256063,NA,NA
"TD","TD",33,88.89,-101.74,NA,NA,207.48,215.25,0.684979062527418,0.756628525771442,0.769560547792223,0.857956005826421,NA,NA
"TD","TD",34,57.78,-212.93,NA,NA,429.86,437.63,0.842564480379224,0.0599249633960426,0.0236549039794763,0.0609419474105475,NA,NA
"TD","TD",35,92.78,-94.48,NA,NA,192.96,200.73,0.27115519088693,2.69503675574873,0.219136596677299,3.06126799234129,NA,NA
"TD","TD",36,81.39,-153.66,NA,NA,311.32,319.09,0.779200294986367,0.457588243763894,0.903718741237882,0.490829640505021,NA,NA
"TD","TD",37,90.28,-79.21,NA,NA,162.42,170.19,0.982565350597724,3.92570209977795,0.905121968877547,0.867352139055368,NA,NA
"TD","TD",38,63.61,-199.71,NA,NA,403.42,411.19,0.533772448310629,0.225168376229703,0.322179283805401,0.164741253809561,NA,NA
"TD","TD",39,88.89,-131.48,NA,NA,266.96,274.73,0.128862570039928,1.75030500992181,0.101971926912286,4.60676926589268,NA,NA
"TD","TD",40,57.78,-213.1,NA,NA,430.2,437.97,0.420502026332542,0.0828633031448371,0.0131313276948979,0.0566296591194409,NA,NA
"TD","TD",41,87.78,-101.97,NA,NA,207.94,215.71,0.860091791022569,1.2001721150753,0.789727232121027,0.704173870505855,NA,NA
"TD","TD",42,64.17,-196.61,NA,NA,397.22,404.99,0.633000507717952,0.316391955215622,0.429011538795758,0.148188561372676,NA,NA
"TD","TD",43,91.11,-120.75,NA,NA,245.5,253.27,0.512010124279186,2.01376353887389,0.576653877547752,1.37919261308572,NA,NA
"TD","TD",44,90,-94.54,NA,NA,193.08,200.85,0.4054856733419,3.89528230370438,0.267038292867367,1.37397455990487,NA,NA
"TD","TD",45,62.5,-199.11,NA,NA,402.22,409.99,0.319981756620109,0.264156529679894,0.285889810612369,0.139156371867721,NA,NA
"TD","TD",46,90.28,-85.32,NA,NA,174.64,182.41,0.947748523205519,1.36391219958187,0.910835682337025,0.79091551280002,NA,NA
"TD","TD",47,89.17,-97.51,NA,NA,199.02,206.79,0.885661983396858,1.4762263855988,0.884324087229988,0.789046022044829,NA,NA
"TD","TD",48,60.56,-209.16,NA,NA,422.32,430.09,0.119032545015216,0.210982074495405,0.151389891091152,0.0812627448827579,NA,NA
"TD","TD",49,84.44,-116.56,NA,NA,237.12,244.89,0.931592519162223,0.648705839645118,0.993341931605561,0.5299923593046,NA,NA
"TD","TD",50,94.72,-69.21,NA,NA,142.42,150.19,0.753800751408562,2.89878896835935,0.67547933630371,1.37476714778298,NA,NA
"TD","TD",51,63.33,-193.37,NA,NA,390.74,398.51,0.080542077543214,0.38312963815406,0.0131544894831928,0.241643520381577,NA,NA
"TD","TD",52,67.22,-171.99,NA,NA,347.98,355.75,0.0462017410900444,0.577519766520709,0.0142773739773844,0.330524880864941,NA,NA
"TD","TD",53,89.44,-135.43,NA,NA,274.86,282.63,0.407168375095353,0.8810732345608,0.251711483244936,2.52993645880689,NA,NA
"TD","TD",54,85,-109.58,NA,NA,223.16,230.93,0.960197768406942,0.629818245768547,0.888270095480541,0.56944212542399,NA,NA
"TD","TD",55,56.39,-212.61,NA,NA,429.22,436.99,0.745619997614995,0.0838289222957155,0.106207541510076,0.0618933767516765,NA,NA
"TD","TD",56,64.44,-198.28,NA,NA,400.56,408.33,0.387793875532225,0.184212701395154,0.439454707576208,0.119190900441346,NA,NA
"TD","TD",57,63.06,-196.65,NA,NA,397.3,405.07,0.640330957481638,0.323464683257043,0.378501388620085,0.125769810081398,NA,NA
"TD","TD",58,64.17,-197.86,NA,NA,399.72,407.49,0.46626549679786,0.183777129743248,0.414769683322464,0.124067510982056,NA,NA
"TD","TD",59,94.17,-81.73,NA,NA,167.46,175.23,0.781977394130081,1.17335850927503,0.641108020366958,1.53673910720342,NA,NA
"TD","TD",60,60.83,-210.96,NA,NA,425.92,433.69,0.185236022341996,0.162097267924749,0.0156468921983872,0.0679395668200794,NA,NA
"TD","TD",61,63.89,-195.66,NA,NA,395.32,403.09,0.703108243644238,0.190494351089001,0.554474869015794,0.138723311311105,NA,NA
"TD","TD",62,85.56,-113.89,NA,NA,231.78,239.55,0.540940156206489,1.71158919288757,0.584320270637077,0.691919550225077,NA,NA
"TD","TD",63,92.5,-99.29,NA,NA,202.58,210.35,0.265401779906824,1.94766673623564,0.282390797598693,1.97488227428322,NA,NA
"TD","TD",64,63.61,-199.08,NA,NA,402.16,409.93,0.897607917198911,0.209870352875441,0.230300571949309,0.205180169345723,NA,NA
"TD","TD",65,55,-223.15,NA,NA,450.3,458.07,0.398145136190578,0.0485801249742508,0.0154313285250164,0.0385721609806829,NA,NA
"TD","TD",66,65,-193.04,NA,NA,390.08,397.85,0.470244030002505,0.370898498687893,0.663913036605556,0.132524016532289,NA,NA
"TD","TD",67,93.89,-87.29,NA,NA,178.58,186.35,0.824348853668198,1.18002879429133,0.634150955197862,1.89340243717645,NA,NA
"TD","TD",68,63.89,-199.65,NA,NA,403.3,411.07,0.503097830805928,0.322839245665818,0.601677876644268,0.12856645599242,NA,NA
"TD","TD",69,88.06,-108.48,NA,NA,220.96,228.73,0.361050225095823,1.17336245528878,0.153420687661936,1.45582413127028,NA,NA
"TD","TD",70,63.06,-199.43,NA,NA,402.86,410.63,0.964988884748891,0.189227518625557,0.432272059803095,0.138819115996436,NA,NA
"TD","TD",71,93.61,-90.95,NA,NA,185.9,193.67,0.789667062694207,2.04544003671947,0.635107266268147,4.17601093162189,NA,NA
"TD","TD",72,93.89,-78.95,NA,NA,161.9,169.67,0.628910263301805,2.95466302318459,0.719120167109792,1.37308275438781,NA,NA
"TD","TD",73,83.89,-147.46,NA,NA,298.92,306.69,0.415234696352854,0.710676135453296,0.112203796602722,1.41861789118178,NA,NA
"TD","TD",74,89.72,-92.7,NA,NA,189.4,197.17,0.857857148861513,0.936107955831003,0.879921639190545,0.787342970298998,NA,NA
"TD","TD",75,62.78,-203.03,NA,NA,410.06,417.83,0.629901704145595,0.199268886353821,0.879119026915022,0.0682001137585779,NA,NA
"TD","TD",76,62.78,-204.5,NA,NA,413,420.77,0.359289909945801,0.364497002285354,0.793453440844268,0.0666613198494283,NA,NA
"TD","TD",77,89.17,-143.75,NA,NA,291.5,299.27,0.446684151422232,1.46860518856885,0.733020472258246,1.37467735484674,NA,NA
"TD","TD",78,61.94,-202.78,NA,NA,409.56,417.33,0.378760501742363,0.432298531290144,0.0309643853465734,0.179305826697655,NA,NA
"TD","TD",79,63.33,-181.15,NA,NA,366.3,374.07,0.372670353855938,0.686002678703517,0.152624818803216,0.229069493763835,NA,NA
"TD","TD",80,65.28,-190.16,NA,NA,384.32,392.09,0.428967847023159,0.430095953866839,0.611516597140535,0.139777767736942,NA,NA
"TD","TD",81,56.11,-225.72,NA,NA,455.44,463.21,0.111280993092805,0.0420480497825296,0.00889858212011186,0.036080545399159,NA,NA
"TD","TD",82,81.11,-148.02,NA,NA,300.04,307.81,0.142161799827591,1.60663627263189,0.663745671405981,0.531827511961924,NA,NA
"TD","TD",83,93.06,-75.8,NA,NA,155.6,163.37,0.779834397835657,3.55762586234994,0.672971515474404,1.01387343780519,NA,NA
"TD","TD",84,64.44,-185.26,NA,NA,374.52,382.29,0.386252531083301,0.630521601997316,0.130773966698689,0.282468573637142,NA,NA
"TD","TD",85,60,-204.47,NA,NA,412.94,420.71,0.23896856745705,0.3059749789536,0.317454895166789,0.0890551316924416,NA,NA
"TD","TD",86,59.44,-210.17,NA,NA,424.34,432.11,0.670282299863175,0.116263606119901,0.251459762447149,0.095495832766331,NA,NA
"TD","TD",87,86.39,-109.39,NA,NA,222.78,230.55,0.560497718863189,0.79223784707011,0.64805911605777,0.689386958535741,NA,NA
"TD","TD",88,63.06,-199.13,NA,NA,402.26,410.03,0.915246691787615,0.194212660659105,0.259888739395069,0.141321611953022,NA,NA
"TD","TD",89,92.5,-97.54,NA,NA,199.08,206.85,0.589335348224267,0.931611171881569,0.692946675846916,1.37283073978199,NA,NA
"TD","TD",90,83.89,-151.68,NA,NA,307.36,315.13,0.987134294584394,0.600823707412928,0.0595811188129816,2.25333264420412,NA,NA
"TD","TD",91,69.44,-198.37,NA,NA,400.74,408.51,0.401124990079552,0.436571269761771,0.175022911022863,0.57299351540562,NA,NA
"TD","TD",92,57.78,-213.01,NA,NA,430.02,437.79,0.565618214197457,0.0649159974418581,0.0159230019141234,0.0577878328339338,NA,NA
"TD","TD",93,65.56,-189.37,NA,NA,382.74,390.51,0.125127220060676,0.546449628192931,0.237955987611683,0.154451198031567,NA,NA
"TD","TD",94,92.78,-102.13,NA,NA,208.26,216.03,0.791645931312814,0.766796249431272,0.688762505776954,1.60681891547131,NA,NA
"TD","TD",95,58.89,-213,NA,NA,430,437.77,0.0988319513853639,0.092432988807559,0.0154091348081508,0.0586249239595115,NA,NA
"TD","TD",96,83.61,-173.94,NA,NA,351.88,359.65,0.333673485321924,0.79963922020125,0.138919598239752,2.3901510572584,NA,NA
"TD","TD",97,65.83,-182.37,NA,NA,368.74,376.51,0.10172016825527,0.620830333791673,0.0160735529093048,0.286617493707452,NA,NA
"TD","TD",98,61.11,-206.74,NA,NA,417.48,425.25,0.0187283449340612,0.165121834239408,0.0108601719141612,0.122368718811324,NA,NA
"TD","TD",99,88.06,-144.41,NA,NA,292.82,300.59,0.461979309096932,0.880842309403134,0.358236627935314,1.40914255274974,NA,NA
"TD","TD",100,93.61,-89.44,NA,NA,182.88,190.65,0.729020358063281,0.83565291385622,0.64531962106361,1.42372100080554,NA,NA
"TD","RSTD",1,92.78,-101.43,NA,NA,208.86,220.52,0.643091264180839,0.83357874206723,0.416070969661322,0.547287408029468,3.84952758095926,NA
"TD","RSTD",2,93.89,-82.31,NA,NA,170.62,182.28,0.724670132622123,1.43561604238095,0.842368157150848,0.861432519922284,4.59263165106723,NA
"TD","RSTD",3,93.89,-74.43,NA,NA,154.86,166.52,0.950232450617477,2.03779015681686,0.415911378206632,0.783858044463359,3.69888563470603,NA
"TD","RSTD",4,56.94,-211.87,NA,NA,429.74,441.4,0.682289758697152,0.0720224548131227,0.0340350700789687,0,0.0620077006192795,NA
"TD","RSTD",5,86.11,-159.86,NA,NA,325.72,337.38,0.200363578274846,1.00568439900399,0.508488067803548,0.207536701421547,0.981008516483846,NA
"TD","RSTD",6,62.78,-193.74,NA,NA,393.48,405.14,0.321220333920792,0.298665664158762,0.449383158009306,0.217866658578089,0.137642175987239,NA
"TD","RSTD",7,55.56,-222.14,NA,NA,450.28,461.94,0.571441247593611,0.0502132950350642,0.0346111451366522,0,0.0409196058760515,NA
"TD","RSTD",8,64.44,-181.32,NA,NA,368.64,380.3,0.973066303646192,0.392999498639256,0.0262016752335087,0.00628435385991327,0.360476550089876,NA
"TD","RSTD",9,50.83,-249.53,NA,NA,505.06,516.72,0.895209939451888,0.0054737395918251,0.0689679995805737,0.366744337399864,0,NA
"TD","RSTD",10,69.72,-169.03,NA,NA,344.06,355.72,0.0494146177079529,0.507862410508096,0.0220583143703811,0,0.391507627901993,NA
"TD","RSTD",11,60.56,-208.51,NA,NA,423.02,434.68,0.197620301274583,0.18983699940145,0.0263871692325053,0,0.112017865800555,NA
"TD","RSTD",12,73.33,-159,NA,NA,324,335.66,0.0560640415642411,0.566026730462909,0.0251245700929262,0,0.476697658168801,NA
"TD","RSTD",13,80,-113.86,NA,NA,233.72,245.38,0.051307131536305,1.23247370731968,0.03172944778836,0,0.642208423951153,NA
"TD","RSTD",14,61.11,-198.15,NA,NA,402.3,413.96,0.989872474921867,0.208000437050192,0.15460292591547,0.0989348380493993,0.201333001237277,NA
"TD","RSTD",15,86.67,-131.61,NA,NA,269.22,280.88,0.711294803768396,0.57632797351107,0.978072604903088,0.801258658272464,0.839817924287532,NA
"TD","RSTD",16,50.56,-249.53,NA,NA,505.06,516.72,0.0768930825870484,0.00966986734420061,0.344596512412765,0.165334921804193,0,NA
"TD","RSTD",17,94.17,-77.83,NA,NA,161.66,173.32,0.797194604296237,2.5054881726885,0.971172245354674,0.870224581044788,3.32548887231193,NA
"TD","RSTD",18,91.39,-79.96,NA,NA,165.92,177.58,0.731893435353413,1.27495420533688,0.776898153185328,0.762711059153056,0.895425361788846,NA
"TD","RSTD",19,88.33,-98.31,NA,NA,202.62,214.28,0.809085062006488,0.797056699129653,0.879225702268787,0.747049406584013,0.693175387538239,NA
"TD","RSTD",20,90.28,-122.3,NA,NA,250.6,262.26,0.511981163173914,2.39124982816227,0.366279783958285,0.530257500012555,1.78837415943658,NA
"TD","RSTD",21,90.28,-144.4,NA,NA,294.8,306.46,0.226354157319292,1.66897989056053,0.535688887874387,0.247790784771831,1.97289872222098,NA
"TD","RSTD",22,87.78,-120.22,NA,NA,246.44,258.1,0.300222688354552,0.955442077438247,0.163201915708974,0.167137230602272,1.68957401137217,NA
"TD","RSTD",23,71.67,-138.95,NA,NA,283.9,295.56,0.984172471100464,1.69604673600736,0.0233261261370146,0.00832229895013076,0.374267140129948,NA
"TD","RSTD",24,62.5,-195.41,NA,NA,396.82,408.48,0.540354023920372,0.234106497689865,0.369997579725485,0.206210024636854,0.1441050995941,NA
"TD","RSTD",25,63.06,-191.05,NA,NA,388.1,399.76,0.870058757020161,0.327183235902339,0.0226545131287775,0.00191539826230492,0.266042756981391,NA
"TD","RSTD",26,90.83,-127.24,NA,NA,260.48,272.14,0.0660558908712119,1.97567781611326,0.406343721675137,0.148863384479238,4.10607067649303,NA
"TD","RSTD",27,60,-197.43,NA,NA,400.86,412.52,0.973287776112556,0.260513227898628,0.030388749028703,0.0137016300863545,0.207934937236843,NA
"TD","RSTD",28,76.67,-143.97,NA,NA,293.94,305.6,0.290595552418381,1.05573849655212,0.978782394305788,0.614547053783866,0.38732465751195,NA
"TD","RSTD",29,63.61,-198.48,NA,NA,402.96,414.62,0.988910319516435,0.211397308856249,0.999433215318981,0.968746711743479,0.128317154099682,NA
"TD","RSTD",30,90.28,-124.35,NA,NA,254.7,266.36,0.329378831898794,2.0851063261411,0.320740721988655,0.342548980398533,2.48335511960901,NA
"TD","RSTD",31,71.11,-148.74,NA,NA,303.48,315.14,0.11878991080448,0.835414388175023,0.693626298805716,0.18381297505354,0.307431217200726,NA
"TD","RSTD",32,66.39,-181.55,NA,NA,369.1,380.76,0.0508385861758143,0.410096168983728,0.0231167634764287,0,0.347439691437335,NA
"TD","RSTD",33,84.72,-114.1,NA,NA,234.2,245.86,0.684979062527418,0.756628525771442,1,0.79428976094931,0.545411885211225,NA
"TD","RSTD",34,57.22,-211.59,NA,NA,429.18,440.84,0.842564480379224,0.0599249633960426,0.0324012708745487,0,0.0670753852704756,NA
"TD","RSTD",35,89.72,-109.15,NA,NA,224.3,235.96,0.27115519088693,2.69503675574873,0.387880050686973,0.269144345004312,1.62937836047327,NA
"TD","RSTD",36,81.94,-146.22,NA,NA,298.44,310.1,0.779200294986367,0.457588243763894,0.85713573539016,0.776686189908237,0.509413424916598,NA
"TD","RSTD",37,92.5,-78.77,NA,NA,163.54,175.2,0.982565350597724,3.92570209977795,0.689766884245977,0.855541932371758,1.07804526665856,NA
"TD","RSTD",38,63.33,-195.8,NA,NA,397.6,409.26,0.533772448310629,0.225168376229703,0.296910817597938,0.170554890411182,0.160222617831468,NA
"TD","RSTD",39,82.5,-130.87,NA,NA,267.74,279.4,0.128862570039928,1.75030500992181,0.543103357523515,0.383635955677267,0.613661039753073,NA
"TD","RSTD",40,57.22,-212.36,NA,NA,430.72,442.38,0.420502026332542,0.0828633031448371,0.0304535314520966,0,0.0612962141407598,NA
"TD","RSTD",41,92.22,-108.08,NA,NA,222.16,233.82,0.860091791022569,1.2001721150753,0.468348724590045,0.782406838216433,3.12095935390873,NA
"TD","RSTD",42,61.39,-199.94,NA,NA,405.88,417.54,0.633000507717952,0.316391955215622,0.0335261893729723,0.0038005401213584,0.150970590177522,NA
"TD","RSTD",43,91.11,-129.25,NA,NA,264.5,276.16,0.512010124279186,2.01376353887389,0.426384031120061,0.513450055975622,3.61001364202284,NA
"TD","RSTD",44,92.22,-104.49,NA,NA,214.98,226.64,0.4054856733419,3.89528230370438,0.651002209206696,0.513953745044495,1.93805119993742,NA
"TD","RSTD",45,62.22,-195.3,NA,NA,396.6,408.26,0.319981756620109,0.264156529679894,0.411369296939289,0.218120683037579,0.13988079467644,NA
"TD","RSTD",46,93.33,-85.27,NA,NA,176.54,188.2,0.947748523205519,1.36391219958187,0.778358875164761,0.873473502490552,1.6576144864803,NA
"TD","RSTD",47,92.78,-100.02,NA,NA,206.04,217.7,0.885661983396858,1.4762263855988,0.528953803957094,0.803700691678719,1.37588671587675,NA
"TD","RSTD",48,61.39,-208.35,NA,NA,422.7,434.36,0.119032545015216,0.210982074495405,0.0924990859666203,0.0725223047750033,0.113760226005377,NA
"TD","RSTD",49,91.67,-120.93,NA,NA,247.86,259.52,0.931592519162223,0.648705839645118,0.629162148840113,0.847566707562253,4.70695397460898,NA
"TD","RSTD",50,92.5,-70.78,NA,NA,147.56,159.22,0.753800751408562,2.89878896835935,1,0.792893517461313,0.867331132814829,NA
"TD","RSTD",51,64.72,-187.42,NA,NA,380.84,392.5,0.080542077543214,0.38312963815406,0.0200565392731259,0,0.298196371898866,NA
"TD","RSTD",52,73.89,-154.9,NA,NA,315.8,327.46,0.0462017410900444,0.577519766520709,0.0238206450905759,0,0.506393231986728,NA
"TD","RSTD",53,90.56,-115.74,NA,NA,237.48,249.14,0.407168375095353,0.8810732345608,0.960987831716264,0.389614185432073,1.37283042965179,NA
"TD","RSTD",54,91.39,-120.67,NA,NA,247.34,259,0.960197768406942,0.629818245768547,0.53706349995336,0.834242361594725,1.37350029847201,NA
"TD","RSTD",55,57.5,-211.49,NA,NA,428.98,440.64,0.745619997614995,0.0838289222957155,0.038473106785954,0,0.0658545233401486,NA
"TD","RSTD",56,63.89,-198.04,NA,NA,402.08,413.74,0.387793875532225,0.184212701395154,0.385430012815626,0.325746789523183,0.133323938722481,NA
"TD","RSTD",57,60.28,-198.05,NA,NA,402.1,413.76,0.640330957481638,0.323464683257043,0.0275653868081412,0.000807873757092237,0.192534893664121,NA
"TD","RSTD",58,63.89,-197.73,NA,NA,401.46,413.12,0.46626549679786,0.183777129743248,0.402883618948947,0.365057609921542,0.127202453006599,NA
"TD","RSTD",59,92.78,-96.95,NA,NA,199.9,211.56,0.781977394130081,1.17335850927503,0.237173287655145,0.466786889252602,2.39255570927345,NA
"TD","RSTD",60,61.39,-209.48,NA,NA,424.96,436.62,0.185236022341996,0.162097267924749,0.0292922375760633,0,0.0891534884008904,NA
"TD","RSTD",61,62.5,-199.29,NA,NA,404.58,416.24,0.703108243644238,0.190494351089001,0.867298698774417,0.58293484410381,0.0794538107278636,NA
"TD","RSTD",62,91.94,-99.35,NA,NA,204.7,216.36,0.540940156206489,1.71158919288757,0.298609887287528,0.403262279784446,2.25499473502231,NA
"TD","RSTD",63,92.22,-106.89,NA,NA,219.78,231.44,0.265401779906824,1.94766673623564,0.407777318716443,0.368569842026417,2.6760315945775,NA
"TD","RSTD",64,61.94,-197.58,NA,NA,401.16,412.82,0.897607917198911,0.209870352875441,0.426500974663906,0.304836252638119,0.124656695926002,NA
"TD","RSTD",65,54.72,-222.63,NA,NA,451.26,462.92,0.398145136190578,0.0485801249742508,0.0381686850465291,0,0.0398730521698652,NA
"TD","RSTD",66,66.67,-181.65,NA,NA,369.3,380.96,0.470244030002505,0.370898498687893,0.607976505486108,0.312107354185022,0.160896177180627,NA
"TD","RSTD",67,93.89,-87.17,NA,NA,180.34,192,0.824348853668198,1.18002879429133,1,0.701153418489768,2.33424437520926,NA
"TD","RSTD",68,61.39,-195.93,NA,NA,397.86,409.52,0.503097830805928,0.322839245665818,0.0859530243326585,0.0386330818682261,0.277883353464703,NA
"TD","RSTD",69,75.83,-143.13,NA,NA,292.26,303.92,0.361050225095823,1.17336245528878,0.88715269915241,0.421366699745343,0.389099160219446,NA
"TD","RSTD",70,62.5,-198.6,NA,NA,403.2,414.86,0.964988884748891,0.189227518625557,0.302047903886574,0.231363813458065,0.149396053355543,NA
"TD","RSTD",71,94.72,-68.44,NA,NA,142.88,154.54,0.789667062694207,2.04544003671947,0.328383267574328,0.526787623409652,1.37992177351225,NA
"TD","RSTD",72,93.89,-82.26,NA,NA,170.52,182.18,0.628910263301805,2.95466302318459,0.695443052981332,0.830892348245268,4.39694908915927,NA
"TD","RSTD",73,71.67,-146.74,NA,NA,299.48,311.14,0.415234696352854,0.710676135453296,0.579870626161364,0.266703209814159,0.308238533168357,NA
"TD","RSTD",74,87.22,-100.14,NA,NA,206.28,217.94,0.857857148861513,0.936107955831003,0.65996464476787,0.741042630482101,0.656666669517909,NA
"TD","RSTD",75,63.61,-198.61,NA,NA,403.22,414.88,0.629901704145595,0.199268886353821,0.896648950274126,0.599565755222525,0.128824694994572,NA
"TD","RSTD",76,64.44,-189.33,NA,NA,384.66,396.32,0.359289909945801,0.364497002285354,0.46355872527106,0.22850764156499,0.159656836436353,NA
"TD","RSTD",77,78.89,-127.96,NA,NA,261.92,273.58,0.446684151422232,1.46860518856885,1,0.585331516699271,0.422997312483927,NA
"TD","RSTD",78,66.94,-174.22,NA,NA,354.44,366.1,0.378760501742363,0.432298531290144,0.278207797260626,0.153444127057344,0.301131945996474,NA
"TD","RSTD",79,70.28,-151.46,NA,NA,308.92,320.58,0.372670353855938,0.686002678703517,0.911047966087765,0.315530553609485,0.264285403532477,NA
"TD","RSTD",80,67.22,-177.84,NA,NA,361.68,373.34,0.428967847023159,0.430095953866839,0.558142442927029,0.296012369910198,0.213899248905944,NA
"TD","RSTD",81,55.83,-225.46,NA,NA,456.92,468.58,0.111280993092805,0.0420480497825296,0.0285896149268437,0,0.036501035233094,NA
"TD","RSTD",82,85.28,-121.49,NA,NA,248.98,260.64,0.142161799827591,1.60663627263189,0.0990849437419222,0.0748339508078879,1.37815015683977,NA
"TD","RSTD",83,94.72,-68.64,NA,NA,143.28,154.94,0.779834397835657,3.55762586234994,0.396188673420193,0.576445552974347,1.39321951086457,NA
"TD","RSTD",84,67.5,-164.24,NA,NA,334.48,346.14,0.386252531083301,0.630521601997316,0.0577867693433465,0.0130553870852803,0.382019459743218,NA
"TD","RSTD",85,62.22,-192.3,NA,NA,390.6,402.26,0.23896856745705,0.3059749789536,0.593191260482404,0.152324023635418,0.123649043729562,NA
"TD","RSTD",86,58.33,-210.04,NA,NA,426.08,437.74,0.670282299863175,0.116263606119901,0.137688243366997,0.0204970062706356,0.0634760641958936,NA
"TD","RSTD",87,91.11,-128.2,NA,NA,262.4,274.06,0.560497718863189,0.79223784707011,0.540324529183537,0.783693961291503,4.4762628075902,NA
"TD","RSTD",88,62.78,-199.5,NA,NA,405,416.66,0.915246691787615,0.194212660659105,0.217564390119528,0.160081940459523,0.164928957203133,NA
"TD","RSTD",89,87.5,-100.54,NA,NA,207.08,218.74,0.589335348224267,0.931611171881569,0.633020739597643,0.536253878894403,0.822545747132012,NA
"TD","RSTD",90,86.67,-114.72,NA,NA,235.44,247.1,0.987134294584394,0.600823707412928,0.644590537609665,0.866076477523813,0.787576551969063,NA
"TD","RSTD",91,67.5,-177.78,NA,NA,361.56,373.22,0.401124990079552,0.436571269761771,0.799435152734626,0.409364876324356,0.201845679264064,NA
"TD","RSTD",92,57.22,-212.06,NA,NA,430.12,441.78,0.565618214197457,0.0649159974418581,0.0320555773832511,0,0.0648868531910499,NA
"TD","RSTD",93,66.67,-167.27,NA,NA,340.54,352.2,0.125127220060676,0.546449628192931,0.122509257501048,0.0399352992412143,0.312438642329606,NA
"TD","RSTD",94,93.06,-97.83,NA,NA,201.66,213.32,0.791645931312814,0.766796249431272,0.83708117988253,0.694107062982615,1.37399301909475,NA
"TD","RSTD",95,58.33,-212.45,NA,NA,430.9,442.56,0.0988319513853639,0.092432988807559,0.0267471845980646,0,0.0583329243645003,NA
"TD","RSTD",96,81.11,-135,NA,NA,276,287.66,0.333673485321924,0.79963922020125,0.453157287499166,0.311230462680829,0.689702793828363,NA
"TD","RSTD",97,64.44,-177.72,NA,NA,361.44,373.1,0.10172016825527,0.620830333791673,0.0579780528632819,0.0323378648447897,0.25812918323315,NA
"TD","RSTD",98,61.11,-206.07,NA,NA,418.14,429.8,0.0187283449340612,0.165121834239408,0.0146442364815275,0,0.139905054979653,NA
"TD","RSTD",99,84.17,-127.99,NA,NA,261.98,273.64,0.461979309096932,0.880842309403134,0.752292921860331,0.433852265410402,0.690198917125559,NA
"TD","RSTD",100,89.72,-92.99,NA,NA,191.98,203.64,0.729020358063281,0.83565291385622,0.749784935948481,0.768845529865715,0.863292392418485,NA
"TD","Utility",1,93.06,-97.03,NA,NA,200.06,211.72,0.643091264180839,0.83357874206723,0.685861848431765,0.829407653881025,3.11315508312865,NA
"TD","Utility",2,93.06,-78.91,NA,NA,163.82,175.48,0.724670132622123,1.43561604238095,0.869936197539216,0.674919858115727,4.9820831184873,NA
"TD","Utility",3,90,-79.64,NA,NA,165.28,176.94,0.950232450617477,2.03779015681686,0.903333422266449,0.993785529413212,0.864689533478733,NA
"TD","Utility",4,56.11,-213.19,NA,NA,432.38,444.04,0.682289758697152,0.0720224548131227,0.0499278910843664,0.665542469017423,0.212669285212352,NA
"TD","Utility",5,82.78,-147.82,NA,NA,301.64,313.3,0.200363578274846,1.00568439900399,0.561941180709669,0.759945005564408,2.17282392775482,NA
"TD","Utility",6,63.61,-200.31,NA,NA,406.62,418.28,0.321220333920792,0.298665664158762,0.384956651691001,0.788575495460341,0.416408010954166,NA
"TD","Utility",7,56.39,-223.78,NA,NA,453.56,465.22,0.571441247593611,0.0502132950350642,0.132350912577093,0.501979419367184,0.271839388216039,NA
"TD","Utility",8,61.94,-202.58,NA,NA,411.16,422.82,0.973066303646192,0.392999498639256,0.68300387958013,0.40392540490698,0.777510054856117,NA
"TD","Utility",9,50.83,-249.53,NA,NA,505.06,516.72,0.895209939451888,0.0054737395918251,0.511486950808834,0.0542033262768937,0,NA
"TD","Utility",10,64.44,-181.95,NA,NA,369.9,381.56,0.0494146177079529,0.507862410508096,0.0157664355930688,0.996438830738119,0.307418111547652,NA
"TD","Utility",11,61.39,-208.77,NA,NA,423.54,435.2,0.197620301274583,0.18983699940145,0.00854855293186251,0.299887910374772,5,NA
"TD","Utility",12,68.61,-173.97,NA,NA,353.94,365.6,0.0560640415642411,0.566026730462909,0.0383635864730725,0.872537661829191,1.02408520153924,NA
"TD","Utility",13,79.44,-119.89,NA,NA,245.78,257.44,0.051307131536305,1.23247370731968,0.0279762660498556,0.836485662548148,1.88867820297827,NA
"TD","Utility",14,64.17,-202.34,NA,NA,410.68,422.34,0.989872474921867,0.208000437050192,0.956946697672722,0.41301325544367,3.30425556726097,NA
"TD","Utility",15,81.39,-139.37,NA,NA,284.74,296.4,0.711294803768396,0.57632797351107,0.732247502550647,0.639427919743331,2.99911051278397,NA
"TD","Utility",16,50.56,-249.53,NA,NA,505.06,516.72,0.0768930825870484,0.00966986734420061,0.393276833243293,0.0846965203674239,0,NA
"TD","Utility",17,94.17,-75.15,NA,NA,156.3,167.96,0.797194604296237,2.5054881726885,0.807343956626323,0.89779026049057,2.22626711721562,NA
"TD","Utility",18,88.33,-90.71,NA,NA,187.42,199.08,0.731893435353413,1.27495420533688,0.702029003207097,0.922226826124308,0.997579839723079,NA
"TD","Utility",19,93.33,-95.06,NA,NA,196.12,207.78,0.809085062006488,0.797056699129653,0.689851582184537,0.790671447190038,4.22149382356577,NA
"TD","Utility",20,88.89,-131.57,NA,NA,269.14,280.8,0.511981163173914,2.39124982816227,0.678084993527698,0.743263236679062,3.79253889151051,NA
"TD","Utility",21,87.5,-128.88,NA,NA,263.76,275.42,0.226354157319292,1.66897989056053,0.17316047338112,0.993536065828506,1.50310765498428,NA
"TD","Utility",22,79.44,-132.5,NA,NA,271,282.66,0.300222688354552,0.955442077438247,0.0377497504454457,0.70989636528257,4.05833363166434,NA
"TD","Utility",23,90.56,-81.43,NA,NA,168.86,180.52,0.984172471100464,1.69604673600736,0.958848155503435,0.988922922010508,0.832375122401793,NA
"TD","Utility",24,59.72,-203.53,NA,NA,413.06,424.72,0.540354023920372,0.234106497689865,0.287659006248594,0.553434589609518,0.529530210754231,NA
"TD","Utility",25,66.67,-200.23,NA,NA,406.46,418.12,0.870058757020161,0.327183235902339,0.941156950936185,0.686976338245998,1.06154407666517,NA
"TD","Utility",26,88.06,-128.12,NA,NA,262.24,273.9,0.0660558908712119,1.97567781611326,0.0906596913014079,0.95468855957788,2.79642816690306,NA
"TD","Utility",27,65.56,-200.75,NA,NA,407.5,419.16,0.973287776112556,0.260513227898628,0.994725138274187,0.564727014695672,1.68721177044805,NA
"TD","Utility",28,85.83,-126.44,NA,NA,258.88,270.54,0.290595552418381,1.05573849655212,0.101527291391674,0.757872824182213,4.51665484143234,NA
"TD","Utility",29,60.28,-209.89,NA,NA,425.78,437.44,0.988910319516435,0.211397308856249,0.355705649450198,0.256020984405266,1.16264811669504,NA
"TD","Utility",30,90.28,-115.8,NA,NA,237.6,249.26,0.329378831898794,2.0851063261411,0.380623123898101,0.813690883076829,3.32404445937307,NA
"TD","Utility",31,78.06,-140.08,NA,NA,286.16,297.82,0.11878991080448,0.835414388175023,0.0572903696545231,0.891343779473241,2.04215176443491,NA
"TD","Utility",32,59.17,-211.13,NA,NA,428.26,439.92,0.0508385861758143,0.410096168983728,0.228331336666904,0.576249838604612,0.342543082507932,NA
"TD","Utility",33,86.11,-115.86,NA,NA,237.72,249.38,0.684979062527418,0.756628525771442,0.722652727562233,0.6011610287854,4.89502742599905,NA
"TD","Utility",34,57.22,-212.45,NA,NA,430.9,442.56,0.842564480379224,0.0599249633960426,0.00414280720561022,0.306517945164228,0.898321351585871,NA
"TD","Utility",35,92.5,-98.54,NA,NA,203.08,214.74,0.27115519088693,2.69503675574873,0.302582175268125,0.94594799256383,2.32683204506915,NA
"TD","Utility",36,77.78,-156.02,NA,NA,318.04,329.7,0.779200294986367,0.457588243763894,0.914316690626428,0.869761719853687,0.693864236796785,NA
"TD","Utility",37,90.56,-80.97,NA,NA,167.94,179.6,0.982565350597724,3.92570209977795,0.952537201761333,0.684670570718667,3.75008563740995,NA
"TD","Utility",38,62.22,-198.77,NA,NA,403.54,415.2,0.533772448310629,0.225168376229703,0.299399203395163,0.983524544665823,0.143445904847118,NA
"TD","Utility",39,76.39,-163.11,NA,NA,332.22,343.88,0.128862570039928,1.75030500992181,0.560526996634535,0.5530181594382,3.86125558348525,NA
"TD","Utility",40,58.33,-212.52,NA,NA,431.04,442.7,0.420502026332542,0.0828633031448371,0.001875,0.271437717382091,1.00548657196385,NA
"TD","Utility",41,89.72,-94.48,NA,NA,194.96,206.62,0.860091791022569,1.2001721150753,0.925410853056324,0.641502467525668,4.49554996570013,NA
"TD","Utility",42,61.11,-203.28,NA,NA,412.56,424.22,0.633000507717952,0.316391955215622,0.0120851994915445,0.490110317027318,2.56073378636439,NA
"TD","Utility",43,86.94,-121.67,NA,NA,249.34,261,0.512010124279186,2.01376353887389,0.5134791817612,0.65207734089853,4.71720253878877,NA
"TD","Utility",44,91.67,-95.16,NA,NA,196.32,207.98,0.4054856733419,3.89528230370438,0.365339695804552,0.869294117768357,2.74395571611291,NA
"TD","Utility",45,60.28,-206.82,NA,NA,419.64,431.3,0.319981756620109,0.264156529679894,0.0228630532507421,0.617895356817447,0.983111067146565,NA
"TD","Utility",46,91.94,-87.42,NA,NA,180.84,192.5,0.947748523205519,1.36391219958187,0.92462237668358,0.783547255754188,2.86652530332275,NA
"TD","Utility",47,86.94,-98.74,NA,NA,203.48,215.14,0.885661983396858,1.4762263855988,0.903103954251093,0.598069340770093,4.65067422493767,NA
"TD","Utility",48,61.67,-207.38,NA,NA,420.76,432.42,0.119032545015216,0.210982074495405,0.0132542635297432,0.365046482058917,4.62101302046929,NA
"TD","Utility",49,85.56,-107.38,NA,NA,220.76,232.42,0.931592519162223,0.648705839645118,0.891941540809677,0.976221891076878,0.64842793991223,NA
"TD","Utility",50,91.94,-74.07,NA,NA,154.14,165.8,0.753800751408562,2.89878896835935,0.75434612144491,0.991715357120648,0.961721936148139,NA
"TD","Utility",51,62.78,-192.8,NA,NA,391.6,403.26,0.080542077543214,0.38312963815406,0.00959760247722163,0.713990189666791,0.927930785767335,NA
"TD","Utility",52,58.89,-213.82,NA,NA,433.64,445.3,0.0462017410900444,0.577519766520709,0.767588271917059,0.196083807061632,0.814418868628307,NA
"TD","Utility",53,81.39,-154.95,NA,NA,315.9,327.56,0.407168375095353,0.8810732345608,0.57463664183847,0.621170403681335,4.42039572014022,NA
"TD","Utility",54,85,-109.68,NA,NA,225.36,237.02,0.960197768406942,0.629818245768547,0.931845643445339,0.601435803847756,3.97171421091965,NA
"TD","Utility",55,58.06,-212.62,NA,NA,431.24,442.9,0.745619997614995,0.0838289222957155,0,0.348915457593741,0.878926628571238,NA
"TD","Utility",56,61.94,-201.25,NA,NA,408.5,420.16,0.387793875532225,0.184212701395154,0.360147126642462,0.556889023296477,0.705892657266453,NA
"TD","Utility",57,59.72,-203.94,NA,NA,413.88,425.54,0.640330957481638,0.323464683257043,0.266389410834564,0.55312425292136,0.561029936041437,NA
"TD","Utility",58,63.06,-201.87,NA,NA,409.74,421.4,0.46626549679786,0.183777129743248,0.686660067068954,0.619455421067263,0.375903338580843,NA
"TD","Utility",59,93.89,-86.26,NA,NA,178.52,190.18,0.781977394130081,1.17335850927503,0.635031386409212,0.994542744802686,3.91022086594189,NA
"TD","Utility",60,60,-211.67,NA,NA,429.34,441,0.185236022341996,0.162097267924749,0,0.379882147497763,0.78198669602112,NA
"TD","Utility",61,61.94,-199.28,NA,NA,404.56,416.22,0.703108243644238,0.190494351089001,0.302047203894946,0.792423942984247,0.326923754438665,NA
"TD","Utility",62,85.56,-109.71,NA,NA,225.42,237.08,0.540940156206489,1.71158919288757,0.495737363321758,0.940678522886895,0.973223971523501,NA
"TD","Utility",63,91.67,-107.16,NA,NA,220.32,231.98,0.265401779906824,1.94766673623564,0.370191164762285,0.840913224710848,4.47091835447783,NA
"TD","Utility",64,61.11,-202.27,NA,NA,410.54,422.2,0.897607917198911,0.209870352875441,0.104773139374893,0.823658885458293,0.447739507532359,NA
"TD","Utility",65,56.39,-222.88,NA,NA,451.76,463.42,0.398145136190578,0.0485801249742508,0.00474869364189732,0.493781739257788,0.25612502378152,NA
"TD","Utility",66,66.94,-197.79,NA,NA,401.58,413.24,0.470244030002505,0.370898498687893,0.771424717933622,0.476544791836833,3.12627145675267,NA
"TD","Utility",67,93.89,-85.4,NA,NA,176.8,188.46,0.824348853668198,1.18002879429133,0.655778634709629,0.96698929606363,1.61024636252487,NA
"TD","Utility",68,62.22,-200.73,NA,NA,407.46,419.12,0.503097830805928,0.322839245665818,0.131853297401969,0.877779564948369,0.316376343133027,NA
"TD","Utility",69,72.78,-172.48,NA,NA,350.96,362.62,0.361050225095823,1.17336245528878,0.510552963883523,0.646816730827834,1.9504633346291,NA
"TD","Utility",70,59.72,-207.02,NA,NA,420.04,431.7,0.964988884748891,0.189227518625557,0.0104878389299778,0.321060375498145,4.49972538695618,NA
"TD","Utility",71,94.17,-76.7,NA,NA,159.4,171.06,0.789667062694207,2.04544003671947,0.807746104595525,0.99094813881202,1.76926194273256,NA
"TD","Utility",72,91.39,-77,NA,NA,160,171.66,0.628910263301805,2.95466302318459,0.779024751710522,0.95081958299304,1.07029316708989,NA
"TD","Utility",73,63.61,-190.99,NA,NA,387.98,399.64,0.415234696352854,0.710676135453296,0.898112029268594,0.473856504459173,2.94144291550825,NA
"TD","Utility",74,89.72,-92.66,NA,NA,191.32,202.98,0.857857148861513,0.936107955831003,0.900441320306804,0.81622192880945,1.87434362410874,NA
"TD","Utility",75,61.67,-205.6,NA,NA,417.2,428.86,0.629901704145595,0.199268886353821,0.872102589622423,0.485640459953356,0.441815901795086,NA
"TD","Utility",76,61.11,-204.5,NA,NA,415,426.66,0.359289909945801,0.364497002285354,0.035790398031775,0.510521269765032,2.61017643382349,NA
"TD","Utility",77,79.72,-141.78,NA,NA,289.56,301.22,0.446684151422232,1.46860518856885,0.208987410388167,0.926860018460119,0.990331129084202,NA
"TD","Utility",78,65.56,-197.95,NA,NA,401.9,413.56,0.378760501742363,0.432298531290144,0.873890938838742,0.544215127787475,1.79364323789399,NA
"TD","Utility",79,64.17,-191,NA,NA,388,399.66,0.372670353855938,0.686002678703517,0.844246974160463,0.407312801237796,4.66994708683395,NA
"TD","Utility",80,65.56,-195.22,NA,NA,396.44,408.1,0.428967847023159,0.430095953866839,0.845031828335849,0.562602936349795,1.924580695754,NA
"TD","Utility",81,56.94,-225.55,NA,NA,457.1,468.76,0.111280993092805,0.0420480497825296,0,0.306182698471277,0.451058718473864,NA
"TD","Utility",82,81.11,-148.28,NA,NA,302.56,314.22,0.142161799827591,1.60663627263189,0.709771117662737,0.839090813497198,1.11755225417989,NA
"TD","Utility",83,93.89,-86.7,NA,NA,179.4,191.06,0.779834397835657,3.55762586234994,0.662488890432953,0.903458885162988,2.90203639334376,NA
"TD","Utility",84,62.78,-196.32,NA,NA,398.64,410.3,0.386252531083301,0.630521601997316,0.494896994308736,0.770393059765875,0.256200583028575,NA
"TD","Utility",85,60,-204.38,NA,NA,414.76,426.42,0.23896856745705,0.3059749789536,0.0845538863765142,0.705817683898997,0.670009136380564,NA
"TD","Utility",86,59.44,-208.26,NA,NA,422.52,434.18,0.670282299863175,0.116263606119901,0.354164729808486,0.416693402646795,0.675482272454668,NA
"TD","Utility",87,91.67,-109.2,NA,NA,224.4,236.06,0.560497718863189,0.79223784707011,0.674059909634866,0.97017864504733,1.57788513928769,NA
"TD","Utility",88,63.06,-197.39,NA,NA,400.78,412.44,0.915246691787615,0.194212660659105,0.630342051712555,0.994760377076521,0.134688836780507,NA
"TD","Utility",89,86.67,-103.12,NA,NA,212.24,223.9,0.589335348224267,0.931611171881569,0.748745167962404,0.797408301081504,1.80638912863692,NA
"TD","Utility",90,84.17,-118.66,NA,NA,243.32,254.98,0.987134294584394,0.600823707412928,0.996400431323883,0.65213977279638,2.84002498775655,NA
"TD","Utility",91,65.56,-194.95,NA,NA,395.9,407.56,0.401124990079552,0.436571269761771,0.842215008206757,0.660070872327415,1.04975870472542,NA
"TD","Utility",92,57.22,-212.52,NA,NA,431.04,442.7,0.565618214197457,0.0649159974418581,0.0083650362675463,0.596846887834465,0.285088128546722,NA
"TD","Utility",93,62.78,-191.13,NA,NA,388.26,399.92,0.125127220060676,0.546449628192931,0.0684848527825954,0.644506207432704,1.39249651560335,NA
"TD","Utility",94,93.06,-97.86,NA,NA,201.72,213.38,0.791645931312814,0.766796249431272,0.663512263684469,0.943040579548231,1.79958889619133,NA
"TD","Utility",95,58.33,-212.48,NA,NA,430.96,442.62,0.0988319513853639,0.092432988807559,0.00993468933725681,0.509026581595868,0.456338568102951,NA
"TD","Utility",96,71.39,-172.57,NA,NA,351.14,362.8,0.333673485321924,0.79963922020125,0.83879050523943,0.551429969813091,3.0998056035024,NA
"TD","Utility",97,65.83,-182.12,NA,NA,370.24,381.9,0.10172016825527,0.620830333791673,0.0159736323952018,0.947262155000578,0.370894636638644,NA
"TD","Utility",98,61.11,-206.82,NA,NA,419.64,431.3,0.0187283449340612,0.165121834239408,0.00285409291106171,0.390402375921883,2.37626502494922,NA
"TD","Utility",99,87.5,-138.43,NA,NA,282.86,294.52,0.461979309096932,0.880842309403134,0.293532808554216,0.928696437732263,2.06286997027992,NA
"TD","Utility",100,93.61,-89.09,NA,NA,184.18,195.84,0.729020358063281,0.83565291385622,0.69175735206982,0.845347760202715,2.85993705940983,NA
"RSTD","TD",1,87.5,-89.9,NA,NA,183.8,191.57,0.285107890376821,0.724670132622123,0.841516762504707,0.687693187040331,NA,1.43561604238095
"RSTD","TD",2,60.56,-212.89,NA,NA,429.78,437.55,0.950232450617477,0.206436974462122,0.0862970067223788,0.114159200541602,NA,0.364579517394304
"RSTD","TD",3,88.06,-157.98,NA,NA,319.96,327.73,0.536011227406561,0.200363578274846,0.256905521372634,3.76509195648571,NA,1.00568439900399
"RSTD","TD",4,57.22,-211.78,NA,NA,427.56,435.33,0.321220333920792,0.649332832079381,0.0815093296516349,0.0681786660236533,NA,0.142882495187223
"RSTD","TD",5,79.44,-158.73,NA,NA,321.46,329.23,0.525106647517532,0.973066303646192,0.872670071112397,0.495681330145839,NA,0.392999498639256
"RSTD","TD",6,93.61,-76.4,NA,NA,156.8,164.57,0.895209939451888,0.943225271301344,0.890570580505077,4.27810116079959,NA,3.35385648889427
"RSTD","TD",7,56.67,-213.01,NA,NA,430.02,437.79,0.753931205254048,0.197620301274583,0.192134948567687,0.0607831679952382,NA,0.18983699940145
"RSTD","TD",8,96.39,-36.54,NA,NA,77.08,84.85,0.0560640415642411,0.783013365231454,0,1.13147100112807,NA,3.41441693140154
"RSTD","TD",9,61.94,-200.34,NA,NA,404.68,412.45,0.479448032099754,0.989872474921867,0.903739831569509,0.114125515881241,NA,0.208000437050192
"RSTD","TD",10,94.17,-74.84,NA,NA,153.68,161.45,0.711294803768396,0.788163986755535,0.724821572680128,1.38695128962517,NA,2.30973086307261
"RSTD","TD",11,87.5,-94.12,NA,NA,192.24,200.01,0.5048349336721,0.797194604296237,0.845947957169008,0.676284160184671,NA,2.5054881726885
"RSTD","TD",12,84.72,-138.32,NA,NA,280.64,288.41,0.731893435353413,0.395451756194234,0.114163951769249,1.55773932910309,NA,0.618170124012977
"RSTD","TD",13,94.17,-81.13,NA,NA,166.26,174.03,0.275977379642427,0.511981163173914,0.655355356632224,2.21508008447499,NA,2.39124982816227
"RSTD","TD",14,90.28,-127.34,NA,NA,258.68,266.45,0.226354157319292,0.16033569118008,0.180255158381478,3.02557377969936,NA,0.894037933978152
"RSTD","TD",15,91.11,-84.08,NA,NA,172.16,179.93,0.315573724219576,0.984172471100464,0.974955060822179,0.908418420562756,NA,1.69604673600736
"RSTD","TD",16,63.89,-193.28,NA,NA,390.56,398.33,0.540354023920372,0.854036244563758,0.0210111823999963,0.255819059762653,NA,0.362152148856662
"RSTD","TD",17,87.78,-164.57,NA,NA,333.14,340.91,0.66359161795117,0.0660558908712119,0.221946366295866,3.76639603580347,NA,1.97567781611326
"RSTD","TD",18,84.44,-121.26,NA,NA,246.52,254.29,0.973287776112556,0.630256613949314,0.522375059827814,0.69805734648073,NA,0.855529390233469
"RSTD","TD",19,63.33,-195.87,NA,NA,395.74,403.51,0.340647828998044,0.988910319516435,0.46953361503178,0.12407752497934,NA,0.211397308856249
"RSTD","TD",20,88.61,-155.16,NA,NA,314.32,322.09,0.329378831898794,0.0628540490288287,0.171108778810959,4.24459068118533,NA,2.33967715737489
"RSTD","TD",21,57.78,-213.72,NA,NA,431.44,439.21,0.285566801903769,0.0508385861758143,0.0313936314353946,0.0493727326998312,NA,0.410096168983728
"RSTD","TD",22,86.94,-116.98,NA,NA,237.96,245.73,0.684979062527418,0.438995202770457,0.136162991677192,1.40967186206285,NA,0.685128960758448
"RSTD","TD",23,89.17,-94.97,NA,NA,193.94,201.71,0.529962481698021,0.27115519088693,0.155164669031141,1.37594649021594,NA,2.69503675574873
"RSTD","TD",24,62.78,-204.86,NA,NA,413.72,421.49,0.779200294986367,0.728794121881947,0.398129072498344,0.114847703815494,NA,0.160821524456017
"RSTD","TD",25,61.39,-207.53,NA,NA,419.06,426.83,0.0281218434683979,0.533772448310629,0.0980103172235874,0.107969376474957,NA,0.225168376229703
"RSTD","TD",26,74.72,-137.66,NA,NA,279.32,287.09,0.128862570039928,0.17050133110024,0.0756598457903706,0.722691235605428,NA,1.37515528589011
"RSTD","TD",27,93.89,-87.27,NA,NA,178.54,186.31,0.980796684976667,0.860091791022569,0.637047258099582,1.88544456697308,NA,1.2001721150753
"RSTD","TD",28,53.61,-245.49,NA,NA,494.98,502.75,0.633000507717952,0.959949327167124,0.000720380338774498,0.0169982179602262,NA,0.0240202485583723
"RSTD","TD",29,91.94,-82.77,NA,NA,169.54,177.31,0.234798390883952,0.4054856733419,0.690789412328538,0.980704759969661,NA,3.89528230370438
"RSTD","TD",30,56.94,-216.86,NA,NA,437.72,445.49,0.319981756620109,0.632078264839947,0.00660223629852442,0.0483183164549887,NA,0.0559587455590604
"RSTD","TD",31,90.28,-82.81,NA,NA,169.62,177.39,0.417691254755482,0.885661983396858,0.900014410443412,0.855343592965776,NA,1.4762263855988
"RSTD","TD",32,56.67,-223.92,NA,NA,451.84,459.61,0.119032545015216,0.605491037247702,0.0790370056054351,0.038637771262563,NA,0.0459982767437321
"RSTD","TD",33,94.17,-75.15,NA,NA,154.3,162.07,0.824352919822559,0.753800751408562,0.712377711214439,1.44927534991871,NA,2.89878896835935
"RSTD","TD",34,92.78,-59.44,NA,NA,122.88,130.65,0.080542077543214,0.69156481907703,0.00420916051296227,1.0343137929767,NA,3.2510444371212
"RSTD","TD",35,89.17,-141.9,NA,NA,287.8,295.57,0.788759883260354,0.407168375095353,0.237660329345675,3.03953582768472,NA,0.8810732345608
"RSTD","TD",36,82.78,-139.18,NA,NA,282.36,290.13,0.960197768406942,0.814909122884274,0.729374549274192,0.592390896027308,NA,0.491239995229989
"RSTD","TD",37,61.39,-206.32,NA,NA,416.64,424.41,0.983733647270128,0.387793875532225,0.324208275892735,0.0988748826991746,NA,0.184212701395154
"RSTD","TD",38,93.06,-91.87,NA,NA,187.74,195.51,0.640330957481638,0.661732341628522,0.723773775343333,1.38330083040832,NA,1.1015722423634
"RSTD","TD",39,89.72,-97.95,NA,NA,199.9,207.67,0.591888564871624,0.781977394130081,0.800276621341691,0.843592923930988,NA,1.17335850927503
"RSTD","TD",40,65.56,-185.6,NA,NA,375.2,382.97,0.185236022341996,0.927017299691215,0.00230318084823376,0.231779199581189,NA,0.406216487288475
"RSTD","TD",41,91.39,-115.53,NA,NA,235.06,242.83,0.5952471755445,0.540940156206489,0.320255531659567,2.32638173348104,NA,1.71158919288757
"RSTD","TD",42,61.39,-205.12,NA,NA,414.24,422.01,0.265401779906824,0.195171546889469,0.302690213685735,0.126238286053261,NA,0.226954524639678
"RSTD","TD",43,56.11,-222.98,NA,NA,449.96,457.73,0.604935176437721,0.398145136190578,0.013945403636145,0.039292885247568,NA,0.0485801249742508
"RSTD","TD",44,86.67,-135.44,NA,NA,274.88,282.65,0.470244030002505,0.685449249343947,0.804185681583153,0.882541836788748,NA,0.648697707336396
"RSTD","TD",45,63.89,-195.15,NA,NA,394.3,402.07,0.371720403432846,0.503097830805928,0.516417904215107,0.12558816042302,NA,0.322839245665818
"RSTD","TD",46,59.72,-210.52,NA,NA,425.04,432.81,0.361050225095823,0.370053818682209,0.0429840999445315,0.0829153872647952,NA,0.173567070005157
"RSTD","TD",47,94.44,-77.46,NA,NA,158.92,166.69,0.594613759312779,0.789667062694207,0.64822573655497,1.53292736359774,NA,2.04544003671947
"RSTD","TD",48,86.11,-175.33,NA,NA,354.66,362.43,0.628910263301805,0.0369398219045252,0.211318779220783,2.34770616023325,NA,1.35408596597136
"RSTD","TD",49,80,-122.43,NA,NA,248.86,256.63,0.254382238723338,0.857857148861513,0.0523856173414047,0.973409408734777,NA,0.936107955831003
"RSTD","TD",50,89.72,-97.5,NA,NA,199,206.77,0.629901704145595,0.59963444317691,0.730415110595975,0.910729951067125,NA,1.13030682034315
"RSTD","TD",51,89.44,-117.98,NA,NA,239.96,247.73,0.958562755258754,0.446684151422232,0.231199519955124,2.0331194558486,NA,1.46860518856885
"RSTD","TD",52,85.83,-115.99,NA,NA,235.98,243.75,0.378760501742363,0.716149265645072,0.0850513195305112,1.45811596664955,NA,1.1838285959837
"RSTD","TD",53,60.28,-205.14,NA,NA,414.28,422.05,0.843001339351758,0.428967847023159,0.0358369519403095,0.167969328835308,NA,0.430095953866839
"RSTD","TD",54,86.39,-88.18,NA,NA,180.36,188.13,0.111280993092805,0.926345025887713,0.0246460184509878,1.01534944826746,NA,1.52358875974062
"RSTD","TD",55,93.89,-76.71,NA,NA,157.42,165.19,0.231767056509852,0.779834397835657,0.889154016170738,3.54379577560462,NA,3.55762586234994
"RSTD","TD",56,91.39,-79.42,NA,NA,162.84,170.61,0.386252531083301,0.815260800998658,0.904198696167569,0.930370118460697,NA,1.64474068483968
"RSTD","TD",57,60.56,-207.76,NA,NA,419.52,427.29,0.6529874894768,0.670282299863175,0.305992651008637,0.100616194088473,NA,0.116263606119901
"RSTD","TD",58,86.94,-185.27,NA,NA,374.54,382.31,0.560497718863189,0.274772666627541,0.253861987216193,2.02027783715829,NA,0.529099578669097
"RSTD","TD",59,90.83,-97.9,NA,NA,199.8,207.57,0.597106330329552,0.589335348224267,0.668387023865002,1.02490343427969,NA,0.931611171881569
"RSTD","TD",60,93.61,-86.68,NA,NA,177.36,185.13,0.987134294584394,0.800411853706464,0.750178908657772,2.04533160049686,NA,1.29764714087815
"RSTD","TD",61,56.39,-217.04,NA,NA,438.08,445.85,0.718285634880885,0.565618214197457,0.0214278753158825,0.0485391167042123,NA,0.0649159974418581
"RSTD","TD",62,71.94,-161.67,NA,NA,327.34,335.11,0.125127220060676,0.773224814096466,0,0.309729422041348,NA,0.583291862625629
"RSTD","TD",63,57.78,-214.68,NA,NA,433.36,441.13,0.499009405029938,0.0988319513853639,0.534241368383235,0.0609780065851945,NA,0.092432988807559
"RSTD","TD",64,92.5,-105.36,NA,NA,214.72,222.49,0.333673485321924,0.454882015939802,0.315991038188676,2.23588736778364,NA,2.70696423376415
"RSTD","TD",65,59.72,-212.99,NA,NA,429.98,437.75,0.810415166895837,0.0187283449340612,0.677195747470468,0.0527183604933432,NA,0.165121834239408
"RSTD","TD",66,64.72,-198.44,NA,NA,400.88,408.65,0.461979309096932,0.296923782210797,0.234637005046057,0.342064775207042,NA,0.458040716126561
"RSTD","TD",67,57.78,-211.52,NA,NA,427.04,434.81,0.285626433324069,0.528872283641249,0.0958806657362893,0.0763116501562759,NA,0.147296045374405
"RSTD","TD",68,80,-179.53,NA,NA,363.06,370.83,0.732509626774117,0.600311974063516,0.598069211520675,0.689400627446885,NA,0.449271724574598
"RSTD","TD",69,91.39,-112.97,NA,NA,229.94,237.71,0.977929984452203,0.529096166603267,0.273616180480581,3.35716322262458,NA,0.751786146880371
"RSTD","TD",70,63.06,-201.34,NA,NA,406.68,414.45,0.98177181975916,0.159414226887748,0.36319794380738,0.125098513271575,NA,0.477379389107227
"RSTD","TD",71,53.89,-212.75,NA,NA,429.5,437.27,0.922829337418079,0.366323065012693,0.226549537554933,0.0596167004586568,NA,0.0864430760253218
"RSTD","TD",72,89.17,-144.72,NA,NA,293.44,301.21,0.437475311337039,0.144657690776512,0.170743723885695,4.07752075952643,NA,1.51204245735464
"RSTD","TD",73,52.78,-228.3,NA,NA,460.6,468.37,0.0812403932213783,0.858433880610391,0.01,0.01,NA,1.57674626609245
"RSTD","TD",74,56.39,-220.33,NA,NA,444.66,452.43,0.769064010120928,0.423705151304603,0.0246981966289746,0.0435019676884248,NA,0.0550090870819986
"RSTD","TD",75,50.56,-251.12,NA,NA,506.24,514.01,0.27233505435288,0.0992442343849689,0.01,0.0120886075949367,NA,0.0195726837949201
"RSTD","TD",76,88.06,-131.68,NA,NA,267.36,275.13,0.714246998308226,0.356464033480734,0.137268444051228,1.37805423639235,NA,1.33508190601589
"RSTD","TD",77,94.44,-75.74,NA,NA,155.48,163.25,0.165105299558491,0.62026000325568,0.890671324247976,4.88032651640664,NA,2.11759630225509
"RSTD","TD",78,76.94,-159.86,NA,NA,323.72,331.49,0.948594216490164,0.818483957787976,0.852017500212451,0.376817522521012,NA,0.400698857048743
"RSTD","TD",79,55.28,-225.18,NA,NA,454.36,462.13,0.641159480903298,0.713674181839451,0.00621261557450426,0.0356649547242868,NA,0.0414828715044559
"RSTD","TD",80,92.5,-94.39,NA,NA,192.78,200.55,0.602592710871249,0.798923129681498,0.848649397386776,1.63997279141154,NA,1.65777598732141
"RSTD","TD",81,95.56,-44.15,NA,NA,92.3,100.07,0.0268326783552766,0.983408806612715,0.000445918683175366,1.07341435874721,NA,1.42827125892359
"RSTD","TD",82,58.06,-213.36,NA,NA,430.72,438.49,0.390374890295789,0.210965643869713,0.0284496136430925,0.0571313424373748,NA,0.0709301116876304
"RSTD","TD",83,58.89,-213.4,NA,NA,430.8,438.57,0.909624356776476,0.0655163209885359,0.0335121268954719,0.0511137781160446,NA,0.479556284306279
"RSTD","TD",84,87.78,-103.35,NA,NA,210.7,218.47,0.894585720263422,0.928069569170475,0.953672541886761,0.776084726090716,NA,0.784675157586944
"RSTD","TD",85,88.61,-121.88,NA,NA,247.76,255.53,0.16712597804144,0.591124507132918,0.865337401521857,1.01299656735249,NA,0.76918393555553
"RSTD","TD",86,59.72,-210.3,NA,NA,424.6,432.37,0.0963515317998827,0.187938303221017,0.0789546617814423,0.0872618359947799,NA,0.16646143142134
"RSTD","TD",87,87.5,-94.43,NA,NA,192.86,200.63,0.812582350103185,0.879132093861699,0.862760695484387,0.662197958221704,NA,4.4038753097219
"RSTD","TD",88,56.94,-210.66,NA,NA,425.32,433.09,0.448961209738627,0.690639521926641,0.324532517008148,0.0650375119974509,NA,0.123227803417321
"RSTD","TD",89,85.56,-113.81,NA,NA,231.62,239.39,0.352596259210259,0.519048273330554,0.587381063714062,0.690377007010587,NA,0.771270071114314
"RSTD","TD",90,89.72,-135.53,NA,NA,275.06,282.83,0.7131295024883,0.112127762287855,0.140864100376425,4.95779969744872,NA,3.4174234716404
"RSTD","TD",91,62.78,-198.52,NA,NA,401.04,408.81,0.102771484525874,0.0985191510990262,0.012045353852136,0.194051826099446,NA,0.348240172024816
"RSTD","TD",92,65,-194.04,NA,NA,392.08,399.85,0.14997310237959,0.461772011825815,0,0.190077348845163,NA,0.261333189609714
"RSTD","TD",93,83.33,-121.92,NA,NA,247.84,255.61,0.435881547397003,0.7804279406555,0.898898052410157,0.497373603712431,NA,0.681397345848382
"RSTD","TD",94,91.94,-73.78,NA,NA,151.56,159.33,0.975024477113038,0.799848798895255,0.774146522871778,0.87873854115973,NA,4.33281822849937
"RSTD","TD",95,77.78,-176.64,NA,NA,357.28,365.05,0.723246149485931,0.623378630494699,0.752098107948871,0.538274089230943,NA,0.45622572209686
"RSTD","TD",96,66.11,-185.78,NA,NA,375.56,383.33,0.323681306792423,0.444453429430723,0.34539396948336,0.196272322512565,NA,0.446843124460429
"RSTD","TD",97,58.89,-212.11,NA,NA,428.22,435.99,0.521510650403798,0.40949847153388,0.0271606340576989,0.0569293575936629,NA,0.118169202112595
"RSTD","TD",98,62.22,-197.62,NA,NA,399.24,407.01,0.418908317107707,0.978637758642435,0.222190716503393,0.160818714796007,NA,0.211078092921525
"RSTD","TD",99,93.06,-81.39,NA,NA,166.78,174.55,0.78953983867541,0.418743934947997,0.237679721908085,2.44503441075521,NA,2.49348991278757
"RSTD","TD",100,60.83,-210.15,NA,NA,424.3,432.07,0.956703607924283,0.607802340993658,0.291079293681143,0.104964506910282,NA,0.108669338996542
"RSTD","RSTD",1,90,-85.31,NA,NA,176.62,188.28,0.285107890376821,0.724670132622123,1,0.906055838205997,0.792843211033023,1.43561604238095
"RSTD","RSTD",2,68.89,-164.63,NA,NA,335.26,346.92,0.950232450617477,0.206436974462122,0.350949513948625,0.0428496846319571,0.144385043749688,0.364579517394304
"RSTD","RSTD",3,87.5,-85.51,NA,NA,177.02,188.68,0.536011227406561,0.200363578274846,0.710967224509549,0.191544484886691,0.691761043924124,1.00568439900399
"RSTD","RSTD",4,58.06,-211.33,NA,NA,428.66,440.32,0.321220333920792,0.649332832079381,0.0225217501468869,0,0.0718046446134891,0.142882495187223
"RSTD","RSTD",5,64.72,-186.61,NA,NA,379.22,390.88,0.525106647517532,0.973066303646192,0.887642557340381,0.562554336468122,0.131140971328901,0.392999498639256
"RSTD","RSTD",6,93.89,-73,NA,NA,152,163.66,0.895209939451888,0.943225271301344,0.203669710237947,0.589752158100194,1.37471433395225,3.35385648889427
"RSTD","RSTD",7,64.72,-187.12,NA,NA,380.24,391.9,0.753931205254048,0.197620301274583,0.320263532839515,0.0255480370114597,0.0970500174470608,0.18983699940145
"RSTD","RSTD",8,96.67,-36.15,NA,NA,78.3,89.96,0.0560640415642411,0.783013365231454,0.0576852009245651,0.844974085419313,1.89730070084276,3.41441693140154
"RSTD","RSTD",9,59.17,-203,NA,NA,412,423.66,0.479448032099754,0.989872474921867,0.0231282086913082,0.00229685429713335,0.183730719031457,0.208000437050192
"RSTD","RSTD",10,93.61,-90.34,NA,NA,186.68,198.34,0.711294803768396,0.788163986755535,0.999974795824644,0.701344750913684,4.12192858866028,2.30973086307261
"RSTD","RSTD",11,80.28,-115.41,NA,NA,236.82,248.48,0.5048349336721,0.797194604296237,0.0421574879243836,0.0265329150760493,0.734893319109315,2.5054881726885
"RSTD","RSTD",12,80.56,-175.8,NA,NA,357.6,369.26,0.731893435353413,0.395451756194234,0.802902322639881,0.492718824583079,0.690688858685664,0.618170124012977
"RSTD","RSTD",13,86.94,-103.29,NA,NA,212.58,224.24,0.275977379642427,0.511981163173914,0.987476109907606,0.803091949383595,0.613592774825011,2.39124982816227
"RSTD","RSTD",14,71.94,-142.13,NA,NA,290.26,301.92,0.226354157319292,0.16033569118008,0.241372747441575,0.0378340093519169,0.310627587527844,0.894037933978152
"RSTD","RSTD",15,94.44,-73.92,NA,NA,153.84,165.5,0.315573724219576,0.984172471100464,0.169840611837401,0.574251920425718,2.01094417923978,1.69604673600736
"RSTD","RSTD",16,63.61,-189.24,NA,NA,384.48,396.14,0.540354023920372,0.854036244563758,0.0247543602515523,0.00673626284152371,0.295531761838217,0.362152148856662
"RSTD","RSTD",17,96.39,-40.2,NA,NA,86.4,98.06,0.66359161795117,0.0660558908712119,0.453618379094241,0,0.985042388253265,1.97567781611326
"RSTD","RSTD",18,85,-130.78,NA,NA,267.56,279.22,0.973287776112556,0.630256613949314,0.351627759062952,0.284202302054153,0.980964651003922,0.855529390233469
"RSTD","RSTD",19,62.5,-196.94,NA,NA,399.88,411.54,0.340647828998044,0.988910319516435,0.163977823116731,0.122036238948646,0.202084158269756,0.211397308856249
"RSTD","RSTD",20,95,-54.53,NA,NA,115.06,126.72,0.329378831898794,0.0628540490288287,0.359612022201859,0.0598728346660677,3.7536827247467,2.33967715737489
"RSTD","RSTD",21,78.89,-118.97,NA,NA,243.94,255.6,0.285566801903769,0.0508385861758143,0.863448413945647,0.0597562599073042,0.380635452282246,0.410096168983728
"RSTD","RSTD",22,82.5,-123.23,NA,NA,252.46,264.12,0.684979062527418,0.438995202770457,0.978993738544996,0.359443794605357,0.532632361658188,0.685128960758448
"RSTD","RSTD",23,90.83,-105.97,NA,NA,217.94,229.6,0.529962481698021,0.27115519088693,0.275456409931488,0.126761963713639,1.37678595103877,2.69503675574873
"RSTD","RSTD",24,60.28,-207.35,NA,NA,420.7,432.36,0.779200294986367,0.728794121881947,0.0375181202504835,0,0.12337134114931,0.160821524456017
"RSTD","RSTD",25,72.22,-157.59,NA,NA,321.18,332.84,0.0281218434683979,0.533772448310629,0,0.503806174386668,0.113607956396653,0.225168376229703
"RSTD","RSTD",26,74.17,-144.64,NA,NA,295.28,306.94,0.128862570039928,0.17050133110024,0.434389426093759,0.2248276158292,0.298353471042372,1.37515528589011
"RSTD","RSTD",27,93.61,-90.31,NA,NA,186.62,198.28,0.980796684976667,0.860091791022569,1,0.708307040454632,2.81239126864919,1.2001721150753
"RSTD","RSTD",28,53.33,-245.47,NA,NA,496.94,508.6,0.633000507717952,0.959949327167124,0.0105187513737544,0,0.0170875630654274,0.0240202485583723
"RSTD","RSTD",29,91.94,-90.97,NA,NA,187.94,199.6,0.234798390883952,0.4054856733419,0.583476839092463,0.535721052228171,1.50505198727867,3.89528230370438
"RSTD","RSTD",30,56.67,-216.86,NA,NA,439.72,451.38,0.319981756620109,0.632078264839947,0.0144750028168597,0.00231303807014297,0.0482186350673516,0.0559587455590604
"RSTD","RSTD",31,94.17,-80.31,NA,NA,166.62,178.28,0.417691254755482,0.885661983396858,0.222075566335831,0.577026712056127,4.59545199646603,1.4762263855988
"RSTD","RSTD",32,59.17,-216.38,NA,NA,438.76,450.42,0.119032545015216,0.605491037247702,0,0.170504690397204,0.0398912216217829,0.0459982767437321
"RSTD","RSTD",33,92.5,-71.78,NA,NA,149.56,161.22,0.824352919822559,0.753800751408562,0.964225342177307,0.77945073050645,0.910386202777254,2.89878896835935
"RSTD","RSTD",34,94.72,-59.19,NA,NA,124.38,136.04,0.080542077543214,0.69156481907703,0.0622166046532315,0.463382641033355,1.41143645746546,3.2510444371212
"RSTD","RSTD",35,68.06,-167.69,NA,NA,341.38,353.04,0.788759883260354,0.407168375095353,0.567934740211163,0.0915616100796887,0.138575833141554,0.8810732345608
"RSTD","RSTD",36,87.22,-187.94,NA,NA,381.88,393.54,0.960197768406942,0.814909122884274,0.869638962126552,0.866148459081756,3.5391980956081,0.491239995229989
"RSTD","RSTD",37,64.44,-188.51,NA,NA,383.02,394.68,0.983733647270128,0.387793875532225,0.604715740398265,0.21966248706601,0.143608168854231,0.184212701395154
"RSTD","RSTD",38,91.39,-85.48,NA,NA,176.96,188.62,0.640330957481638,0.661732341628522,0.958929872061292,0.74348560516472,0.925649508250216,1.1015722423634
"RSTD","RSTD",39,92.5,-97.17,NA,NA,200.34,212,0.591888564871624,0.781977394130081,0.130818610707802,0.33605874677607,1.71971731063981,1.17335850927503
"RSTD","RSTD",40,65.56,-184.14,NA,NA,374.28,385.94,0.185236022341996,0.927017299691215,0.0100332711167366,0,0.285417118814779,0.406216487288475
"RSTD","RSTD",41,90,-91.48,NA,NA,188.96,200.62,0.5952471755445,0.540940156206489,0.999997947181561,0.428515103501078,0.822560002322705,1.71158919288757
"RSTD","RSTD",42,62.5,-191.75,NA,NA,389.5,401.16,0.265401779906824,0.195171546889469,0.385408332874996,0.081580923819148,0.114891175141969,0.226954524639678
"RSTD","RSTD",43,55.83,-222.06,NA,NA,450.12,461.78,0.604935176437721,0.398145136190578,0.0370912634789609,0,0.0413856349498969,0.0485801249742508
"RSTD","RSTD",44,89.44,-158.02,NA,NA,322.04,333.7,0.470244030002505,0.685449249343947,0.461658524665484,0.772101941624125,2.79740466017919,0.648697707336396
"RSTD","RSTD",45,61.67,-194.86,NA,NA,395.72,407.38,0.371720403432846,0.503097830805928,0.0261380954536107,0.00372228314977707,0.243507331525294,0.322839245665818
"RSTD","RSTD",46,60.28,-209.72,NA,NA,425.44,437.1,0.361050225095823,0.370053818682209,0.411897414892806,0.662854143611766,0.0630993613664893,0.173567070005157
"RSTD","RSTD",47,94.17,-81.16,NA,NA,168.32,179.98,0.594613759312779,0.789667062694207,0.982680047188992,0.69729497898844,4.26022898269479,2.04544003671947
"RSTD","RSTD",48,94.17,-44.97,NA,NA,95.94,107.6,0.628910263301805,0.0369398219045252,0.246706322113111,0,0.705635056304383,1.35408596597136
"RSTD","RSTD",49,93.33,-85.63,NA,NA,177.26,188.92,0.254382238723338,0.857857148861513,0.838978635081071,0.875702919616693,1.57120959366427,0.936107955831003
"RSTD","RSTD",50,91.94,-104.76,NA,NA,215.52,227.18,0.629901704145595,0.59963444317691,0.877315261308646,0.74116510488712,1.37793381296288,1.13030682034315
"RSTD","RSTD",51,75.83,-128.51,NA,NA,263.02,274.68,0.958562755258754,0.446684151422232,0.607915306896673,0.239961913476365,0.321555524013302,1.46860518856885
"RSTD","RSTD",52,86.94,-103.27,NA,NA,212.54,224.2,0.378760501742363,0.716149265645072,0.981318517991502,0.913673737931932,0.648179269542535,1.1838285959837
"RSTD","RSTD",53,68.89,-167.03,NA,NA,340.06,351.72,0.843001339351758,0.428967847023159,0.945776696699,0.275676443369911,0.239214178109314,0.430095953866839
"RSTD","RSTD",54,91.11,-97.53,NA,NA,201.06,212.72,0.111280993092805,0.926345025887713,0.0815658870844563,0.69568521653072,1.37374596669374,1.52358875974062
"RSTD","RSTD",55,94.44,-74.4,NA,NA,154.8,166.46,0.231767056509852,0.779834397835657,0.338926728259541,0.752066605028787,2.94017476568696,3.55762586234994
"RSTD","RSTD",56,90.83,-81.14,NA,NA,168.28,179.94,0.386252531083301,0.815260800998658,0.84795086707596,0.910956723592342,0.788776819351449,1.64474068483968
"RSTD","RSTD",57,58.33,-209.58,NA,NA,425.16,436.82,0.6529874894768,0.670282299863175,0.0680510552931078,0.00540798866976568,0.0778033384118498,0.116263606119901
"RSTD","RSTD",58,77.78,-136.66,NA,NA,279.32,290.98,0.560497718863189,0.274772666627541,0.527132548271391,0.202199539766434,0.411459137800919,0.529099578669097
"RSTD","RSTD",59,90,-135.47,NA,NA,276.94,288.6,0.597106330329552,0.589335348224267,0.147367190313299,0.206374637406109,4.81647808506101,0.931611171881569
"RSTD","RSTD",60,94.17,-77.45,NA,NA,160.9,172.56,0.987134294584394,0.800411853706464,0.54226587807702,0.639981100471252,1.37363556879474,1.29764714087815
"RSTD","RSTD",61,56.94,-215.42,NA,NA,436.84,448.5,0.718285634880885,0.565618214197457,0.0530490171324408,0,0.0536932240807335,0.0649159974418581
"RSTD","RSTD",62,71.94,-161.65,NA,NA,329.3,340.96,0.125127220060676,0.773224814096466,0,0,0.312306908623157,0.583291862625629
"RSTD","RSTD",63,59.72,-198.98,NA,NA,403.96,415.62,0.499009405029938,0.0988319513853639,0.303793627589472,0.0271258872473448,0.0702729701053926,0.092432988807559
"RSTD","RSTD",64,89.72,-91.66,NA,NA,189.32,200.98,0.333673485321924,0.454882015939802,0.810395557976625,0.454781610254759,0.749553376206278,2.70696423376415
"RSTD","RSTD",65,76.39,-131.88,NA,NA,269.76,281.42,0.810415166895837,0.0187283449340612,0.589351723293649,0.001875,0.142719350198767,0.165121834239408
"RSTD","RSTD",66,72.22,-168.71,NA,NA,343.42,355.08,0.461979309096932,0.296923782210797,0.113537694629941,0.0684826996107208,0.689372161928024,0.458040716126561
"RSTD","RSTD",67,58.61,-211.73,NA,NA,429.46,441.12,0.285626433324069,0.528872283641249,0.0363236072799515,0.0449792102765886,0.0660334655006011,0.147296045374405
"RSTD","RSTD",68,62.78,-190.98,NA,NA,387.96,399.62,0.732509626774117,0.600311974063516,0.0509586397672846,0.0130305185211268,0.169364047144251,0.449271724574598
"RSTD","RSTD",69,70.28,-143.33,NA,NA,292.66,304.32,0.977929984452203,0.529096166603267,0.907041470565517,0.230445444664183,0.220040059933353,0.751786146880371
"RSTD","RSTD",70,74.44,-135.07,NA,NA,276.14,287.8,0.98177181975916,0.159414226887748,0.596678632763554,0.0799392063066763,0.27661607133698,0.477379389107227
"RSTD","RSTD",71,58.33,-203.55,NA,NA,413.1,424.76,0.922829337418079,0.366323065012693,0.276896114740912,0.037683070582629,0.0777128962684547,0.0864430760253218
"RSTD","RSTD",72,92.22,-54.91,NA,NA,115.82,127.48,0.437475311337039,0.144657690776512,0.9431170603342,0.172553478763352,0.803864474968177,1.51204245735464
"RSTD","RSTD",73,93.06,-59.92,NA,NA,125.84,137.5,0.0812403932213783,0.858433880610391,0.0896944719436688,0.803491930721998,1.38214502806923,1.57674626609245
"RSTD","RSTD",74,56.94,-218.05,NA,NA,442.1,453.76,0.769064010120928,0.423705151304603,0.0692980241504441,0,0.0475072777236967,0.0550090870819986
"RSTD","RSTD",75,48.89,-249.53,NA,NA,505.06,516.72,0.27233505435288,0.0992442343849689,0.960271218866376,0.918141778285079,0,0.0195726837949201
"RSTD","RSTD",76,90.28,-127.18,NA,NA,260.36,272.02,0.714246998308226,0.356464033480734,0.298589003760852,0.260638764809795,1.59796822577879,1.33508190601589
"RSTD","RSTD",77,94.44,-75,NA,NA,156,167.66,0.165105299558491,0.62026000325568,0.593136451222593,0.839965623606991,3.67726477288384,2.11759630225509
"RSTD","RSTD",78,80,-157.57,NA,NA,321.14,332.8,0.948594216490164,0.818483957787976,0.788248126389498,0.853480200390889,0.495245576177734,0.400698857048743
"RSTD","RSTD",79,55,-225.03,NA,NA,456.06,467.72,0.641159480903298,0.713674181839451,0.0184085297635265,0,0.0362920562412713,0.0414828715044559
"RSTD","RSTD",80,93.06,-88.74,NA,NA,183.48,195.14,0.602592710871249,0.798923129681498,0.186140853202562,0.445713202972393,1.37371987605487,1.65777598732141
"RSTD","RSTD",81,95.28,-42.91,NA,NA,91.82,103.48,0.0268326783552766,0.983408806612715,0.0884255546252093,0.996769048162892,1.39530253819784,1.42827125892359
"RSTD","RSTD",82,58.61,-211.18,NA,NA,428.36,440.02,0.390374890295789,0.210965643869713,0.0474619213559931,0,0.0690744823412069,0.0709301116876304
"RSTD","RSTD",83,88.89,-109.38,NA,NA,224.76,236.42,0.909624356776476,0.0655163209885359,0.203838526895249,0.00304109096900256,0.689696197672855,0.479556284306279
"RSTD","RSTD",84,91.94,-106.67,NA,NA,219.34,231,0.894585720263422,0.928069569170475,0.326813295856554,0.752214095177891,1.71091723649577,0.784675157586944
"RSTD","RSTD",85,90.83,-106.7,NA,NA,219.4,231.06,0.16712597804144,0.591124507132918,0.129125256151163,0.390698687738745,1.51525932034967,0.76918393555553
"RSTD","RSTD",86,63.61,-197.47,NA,NA,400.94,412.6,0.0963515317998827,0.187938303221017,0.0305702686317317,0.305403704488417,0.0719960385134701,0.16646143142134
"RSTD","RSTD",87,90.56,-89.92,NA,NA,185.84,197.5,0.812582350103185,0.879132093861699,0.817835403380652,0.858081563145767,0.930509874369304,4.4038753097219
"RSTD","RSTD",88,58.06,-210.47,NA,NA,426.94,438.6,0.448961209738627,0.690639521926641,0.020842150820221,0,0.0744062372985697,0.123227803417321
"RSTD","RSTD",89,91.67,-117.12,NA,NA,240.24,251.9,0.352596259210259,0.519048273330554,0.448892216076721,0.55130344293509,4.96796797280069,0.771270071114314
"RSTD","RSTD",90,96.11,-44.79,NA,NA,95.58,107.24,0.7131295024883,0.112127762287855,0.782374585509983,0,0.98967832976716,3.4174234716404
"RSTD","RSTD",91,63.33,-192.52,NA,NA,391.04,402.7,0.102771484525874,0.0985191510990262,0.0215412091009243,0,0.262012452137659,0.348240172024816
"RSTD","RSTD",92,60.56,-203.1,NA,NA,412.2,423.86,0.14997310237959,0.461772011825815,0.110350756550497,0.134780191363691,0.199006586527893,0.261333189609714
"RSTD","RSTD",93,84.44,-118.53,NA,NA,243.06,254.72,0.435881547397003,0.7804279406555,0.82370984078665,0.835712766360996,0.555362082844343,0.681397345848382
"RSTD","RSTD",94,93.89,-86.22,NA,NA,178.44,190.1,0.975024477113038,0.799848798895255,0.975768422392693,0.704984294605233,1.73825851252389,4.33281822849937
"RSTD","RSTD",95,75.28,-171.81,NA,NA,349.62,361.28,0.723246149485931,0.623378630494699,0.512238978554264,0.521063797940475,0.396762634485992,0.45622572209686
"RSTD","RSTD",96,65.83,-172.66,NA,NA,351.32,362.98,0.323681306792423,0.444453429430723,0.267968167273599,0.176128526717629,0.291527667560137,0.446843124460429
"RSTD","RSTD",97,60.56,-209.85,NA,NA,425.7,437.36,0.521510650403798,0.40949847153388,0.0355895167855222,0,0.0905585519226883,0.118169202112595
"RSTD","RSTD",98,60,-201.28,NA,NA,408.56,420.22,0.418908317107707,0.978637758642435,0.0747078894277209,0.0399296165406789,0.229226777771884,0.211078092921525
"RSTD","RSTD",99,92.78,-89.53,NA,NA,185.06,196.72,0.78953983867541,0.418743934947997,0.462150307024128,0.316815141280298,3.66299539471158,2.49348991278757
"RSTD","RSTD",100,59.72,-208.78,NA,NA,423.56,435.22,0.956703607924283,0.607802340993658,0.119718425283591,0.0163846792820572,0.0786646831383911,0.108669338996542
"RSTD","Utility",1,79.72,-115.91,NA,NA,237.82,249.48,0.285107890376821,0.724670132622123,0.040876510829753,0.891149081480378,1.44527357332299,1.43561604238095
"RSTD","Utility",2,61.11,-206.08,NA,NA,418.16,429.82,0.950232450617477,0.206436974462122,0.471893300949411,0.396717390558892,0.747706118704603,0.364579517394304
"RSTD","Utility",3,65.83,-182.05,NA,NA,370.1,381.76,0.536011227406561,0.200363578274846,0.0329362483317523,0.493908803990351,3.64734726195339,1.00568439900399
"RSTD","Utility",4,58.61,-211.7,NA,NA,429.4,441.06,0.321220333920792,0.649332832079381,0.00969735672929593,0.61094017430528,0.392074144750431,0.142882495187223
"RSTD","Utility",5,60.56,-207.01,NA,NA,420.02,431.68,0.525106647517532,0.973066303646192,0.66214981228082,0.307189223433075,1.0310066209794,0.392999498639256
"RSTD","Utility",6,93.89,-76.65,NA,NA,159.3,170.96,0.895209939451888,0.943225271301344,0.891879125170918,0.980320584755273,4.0884545788187,3.35385648889427
"RSTD","Utility",7,59.17,-208.93,NA,NA,423.86,435.52,0.753931205254048,0.197620301274583,0.163642243003036,0.0152510777014767,3.01834026522641,0.18983699940145
"RSTD","Utility",8,96.67,-36.47,NA,NA,78.94,90.6,0.0560640415642411,0.783013365231454,0,0.92688945092277,1.72208064498042,3.41441693140154
"RSTD","Utility",9,59.17,-204.91,NA,NA,415.82,427.48,0.479448032099754,0.989872474921867,0.012358504057288,0.510672965070954,1.95413137599557,0.208000437050192
"RSTD","Utility",10,94.17,-74.96,NA,NA,155.92,167.58,0.711294803768396,0.788163986755535,0.777488464136297,0.967684244964741,1.59626996854463,2.30973086307261
"RSTD","Utility",11,78.89,-121.08,NA,NA,248.16,259.82,0.5048349336721,0.797194604296237,0.02622281687164,0.791545299090788,1.97608785707841,2.5054881726885
"RSTD","Utility",12,77.5,-186.72,NA,NA,379.44,391.1,0.731893435353413,0.395451756194234,0.335510168741841,0.649390218292445,3.80264328288843,0.618170124012977
"RSTD","Utility",13,94.44,-77.95,NA,NA,161.9,173.56,0.275977379642427,0.511981163173914,0.652382042885444,0.927482493068522,2.51774777123192,2.39124982816227
"RSTD","Utility",14,77.5,-173.14,NA,NA,352.28,363.94,0.226354157319292,0.16033569118008,0.783677209475437,0.77770064050802,1.44155881465025,0.894037933978152
"RSTD","Utility",15,93.89,-77.53,NA,NA,161.06,172.72,0.315573724219576,0.984172471100464,0.893230225548281,0.931232197709763,3.48007880639384,1.69604673600736
"RSTD","Utility",16,72.5,-188.93,NA,NA,383.86,395.52,0.540354023920372,0.854036244563758,0.981656862163244,0.620170643273378,2.20871456663311,0.362152148856662
"RSTD","Utility",17,78.61,-173.97,NA,NA,353.94,365.6,0.66359161795117,0.0660558908712119,0.304753172546994,0.597978092765528,4.97437707862814,1.97567781611326
"RSTD","Utility",18,81.67,-130.1,NA,NA,266.2,277.86,0.973287776112556,0.630256613949314,0.81631668341439,0.635425786829302,2.95582425607156,0.855529390233469
"RSTD","Utility",19,61.94,-200.96,NA,NA,407.92,419.58,0.340647828998044,0.988910319516435,0.10963802165808,0.833386540139046,0.535689682367491,0.211397308856249
"RSTD","Utility",20,88.06,-133.89,NA,NA,273.78,285.44,0.329378831898794,0.0628540490288287,0.240440941917587,0.848753304389882,3.27929466139624,2.33967715737489
"RSTD","Utility",21,59.44,-206.57,NA,NA,419.14,430.8,0.285566801903769,0.0508385861758143,0.24186316666225,0.33304375007101,1.15515410476995,0.410096168983728
"RSTD","Utility",22,71.67,-169.23,NA,NA,344.46,356.12,0.684979062527418,0.438995202770457,0.429952590985033,0.737855109790277,1.21059342857328,0.685128960758448
"RSTD","Utility",23,85,-127.2,NA,NA,260.4,272.06,0.529962481698021,0.27115519088693,0.551662573997595,0.665552797613283,3.68184701613645,2.69503675574873
"RSTD","Utility",24,60.83,-208.95,NA,NA,423.9,435.56,0.779200294986367,0.728794121881947,0.806255345754662,0.641513312019236,0.203548378891287,0.160821524456017
"RSTD","Utility",25,63.33,-206.52,NA,NA,419.04,430.7,0.0281218434683979,0.533772448310629,0.0329917328619931,0.112370068450716,4.94582254845731,0.225168376229703
"RSTD","Utility",26,78.06,-177.81,NA,NA,361.62,373.28,0.128862570039928,0.17050133110024,0.36894861852124,0.59454799687493,3.52912729312024,1.37515528589011
"RSTD","Utility",27,93.61,-89.77,NA,NA,185.54,197.2,0.980796684976667,0.860091791022569,0.659837077510762,0.984911912051581,1.9787787996416,1.2001721150753
"RSTD","Utility",28,52.5,-245.47,NA,NA,496.94,508.6,0.633000507717952,0.959949327167124,0.68379381474723,0.105448232557384,0.447260799266287,0.0240202485583723
"RSTD","Utility",29,88.33,-88.57,NA,NA,183.14,194.8,0.234798390883952,0.4054856733419,0.574642969430176,0.786524913452196,2.16852375504057,3.89528230370438
"RSTD","Utility",30,58.33,-216.7,NA,NA,439.4,451.06,0.319981756620109,0.632078264839947,0.00507073367568822,0.0701554274661487,1.5892329623173,0.0559587455590604
"RSTD","Utility",31,92.22,-83.52,NA,NA,173.04,184.7,0.417691254755482,0.885661983396858,0.929695633047412,0.766747732852718,3.00920464903863,1.4762263855988
"RSTD","Utility",32,58.33,-222.1,NA,NA,450.2,461.86,0.119032545015216,0.605491037247702,0.0651774601093242,0.254591042147366,0.632055061103782,0.0459982767437321
"RSTD","Utility",33,94.17,-74.68,NA,NA,155.36,167.02,0.824352919822559,0.753800751408562,0.704782571400039,1,1.37386830771547,2.89878896835935
"RSTD","Utility",34,91.11,-60.28,NA,NA,126.56,138.22,0.080542077543214,0.69156481907703,0.00244267010877116,1,0.842722419433547,3.2510444371212
"RSTD","Utility",35,88.33,-133.66,NA,NA,273.32,284.98,0.788759883260354,0.407168375095353,0.294872335427115,0.759618605321249,4.36605812600304,0.8810732345608
"RSTD","Utility",36,82.22,-136.55,NA,NA,279.1,290.76,0.960197768406942,0.814909122884274,0.785227177046877,0.727756320439511,1.84356424189938,0.491239995229989
"RSTD","Utility",37,61.11,-204.97,NA,NA,415.94,427.6,0.983733647270128,0.387793875532225,0.459893204986147,0.69349466255108,0.246402771022051,0.184212701395154
"RSTD","Utility",38,86.39,-98.94,NA,NA,203.88,215.54,0.640330957481638,0.661732341628522,0.559381885445117,0.918375344684486,1.01428365475941,1.1015722423634
"RSTD","Utility",39,89.72,-98.64,NA,NA,203.28,214.94,0.591888564871624,0.781977394130081,0.918950000350275,0.726408043177886,3.18243361930466,1.17335850927503
"RSTD","Utility",40,58.33,-215.19,NA,NA,436.38,448.04,0.185236022341996,0.927017299691215,0.806535466660815,0.20867286220983,0.757444562840635,0.406216487288475
"RSTD","Utility",41,91.94,-93.99,NA,NA,193.98,205.64,0.5952471755445,0.540940156206489,0.304022454725062,0.84234895629488,2.89727032112776,1.71158919288757
"RSTD","Utility",42,60.28,-205.93,NA,NA,417.86,429.52,0.265401779906824,0.195171546889469,0.348996480058034,0.505810646335665,0.491857949628236,0.226954524639678
"RSTD","Utility",43,57.5,-223.09,NA,NA,452.18,463.84,0.604935176437721,0.398145136190578,0.0282722137260629,0.30886270094716,0.535315330618892,0.0485801249742508
"RSTD","Utility",44,82.78,-125.28,NA,NA,256.56,268.22,0.470244030002505,0.685449249343947,0.752626983768762,0.993546143918935,0.549717051803233,0.648697707336396
"RSTD","Utility",45,61.67,-199.26,NA,NA,404.52,416.18,0.371720403432846,0.503097830805928,0.0133312841712698,0.528611883458129,2.37242129581908,0.322839245665818
"RSTD","Utility",46,59.17,-210.35,NA,NA,426.7,438.36,0.361050225095823,0.370053818682209,0.411190601197406,0.96096683176927,0.0717397576258408,0.173567070005157
"RSTD","Utility",47,94.44,-77.01,NA,NA,160.02,171.68,0.594613759312779,0.789667062694207,0.687361037927059,0.823490276750419,3.19177396244843,2.04544003671947
"RSTD","Utility",48,65.28,-178.55,NA,NA,363.1,374.76,0.628910263301805,0.0369398219045252,0.033203781117151,0.475385498873825,4.41626157889936,1.35408596597136
"RSTD","Utility",49,87.78,-88.33,NA,NA,182.66,194.32,0.254382238723338,0.857857148861513,0.858359617022879,0.986354481645383,0.714069893496552,0.936107955831003
"RSTD","Utility",50,86.94,-104.53,NA,NA,215.06,226.72,0.629901704145595,0.59963444317691,0.626809835921582,0.996157966656647,0.706106226765685,1.13030682034315
"RSTD","Utility",51,81.67,-123.66,NA,NA,253.32,264.98,0.958562755258754,0.446684151422232,0.194067263096091,1,0.697863429400615,1.46860518856885
"RSTD","Utility",52,86.94,-99.12,NA,NA,204.24,215.9,0.378760501742363,0.716149265645072,0.874643669313073,0.612314839776606,4.14870914305122,1.1838285959837
"RSTD","Utility",53,62.22,-210.16,NA,NA,426.32,437.98,0.843001339351758,0.428967847023159,0.956832825161691,0.322808627994194,4.99375740189991,0.430095953866839
"RSTD","Utility",54,86.11,-93.87,NA,NA,193.74,205.4,0.111280993092805,0.926345025887713,0.0030762111176224,0.589538972713487,4.95521268395809,1.52358875974062
"RSTD","Utility",55,90.28,-81.02,NA,NA,168.04,179.7,0.231767056509852,0.779834397835657,0.95878843523597,0.669257872031324,3.96018555339089,3.55762586234994
"RSTD","Utility",56,90.83,-79.21,NA,NA,164.42,176.08,0.386252531083301,0.815260800998658,0.906700883931909,0.993851984027906,0.887647118966613,1.64474068483968
"RSTD","Utility",57,59.72,-210.26,NA,NA,426.52,438.18,0.6529874894768,0.670282299863175,0.383116966520981,0.160876683614464,1.62872828642144,0.116263606119901
"RSTD","Utility",58,73.06,-189.14,NA,NA,384.28,395.94,0.560497718863189,0.274772666627541,0.373712022944874,0.721148517481596,1.59999431607007,0.529099578669097
"RSTD","Utility",59,85.83,-100.67,NA,NA,207.34,219,0.597106330329552,0.589335348224267,0.569001795648212,0.775714471228232,2.06602263943653,0.931611171881569
"RSTD","Utility",60,91.39,-81.04,NA,NA,168.08,179.74,0.987134294584394,0.800411853706464,0.866630348969954,0.642952609214336,4.75592015143973,1.29764714087815
"RSTD","Utility",61,57.5,-216.5,NA,NA,439,450.66,0.718285634880885,0.565618214197457,0.00384061467311754,0.0799934031714199,1.50710141866321,0.0649159974418581
"RSTD","Utility",62,73.06,-161.62,NA,NA,329.24,340.9,0.125127220060676,0.773224814096466,0,0.713682423546671,1.28906877107704,0.583291862625629
"RSTD","Utility",63,58.06,-210.04,NA,NA,426.08,437.74,0.499009405029938,0.0988319513853639,0.164141768160887,0.108084983885132,2.12345999319344,0.092432988807559
"RSTD","Utility",64,86.94,-127.77,NA,NA,261.54,273.2,0.333673485321924,0.454882015939802,0.751410323832571,0.726687082446574,3.41861074571878,2.70696423376415
"RSTD","Utility",65,60.28,-204.08,NA,NA,414.16,425.82,0.810415166895837,0.0187283449340612,0.379468936403125,0.0175954523161795,2.8987928112172,0.165121834239408
"RSTD","Utility",66,72.22,-189.63,NA,NA,385.26,396.92,0.461979309096932,0.296923782210797,0.52398142082746,0.921024992921777,0.602838632511462,0.458040716126561
"RSTD","Utility",67,58.89,-211.67,NA,NA,429.34,441,0.285626433324069,0.528872283641249,0.00409063243541598,0.481607423938477,0.564974506384389,0.147296045374405
"RSTD","Utility",68,72.5,-182.51,NA,NA,371.02,382.68,0.732509626774117,0.600311974063516,0.687382358623155,0.636716615634434,2.05296107685322,0.449271724574598
"RSTD","Utility",69,89.72,-115.92,NA,NA,237.84,249.5,0.977929984452203,0.529096166603267,0.281537966719755,0.88456789065469,2.80923386720531,0.751786146880371
"RSTD","Utility",70,60.83,-202.62,NA,NA,411.24,422.9,0.98177181975916,0.159414226887748,0.408268627846879,0.491743488581945,0.611152315787496,0.477379389107227
"RSTD","Utility",71,56.67,-208.44,NA,NA,422.88,434.54,0.922829337418079,0.366323065012693,0.333993672362903,0.504775442603282,0.537765272763427,0.0864430760253218
"RSTD","Utility",72,71.11,-186.44,NA,NA,378.88,390.54,0.437475311337039,0.144657690776512,0.410621095658595,0.866762020780108,0.771501539415144,1.51204245735464
"RSTD","Utility",73,90.56,-68.33,NA,NA,142.66,154.32,0.0812403932213783,0.858433880610391,0.00310512345172732,1,0.835461984163183,1.57674626609245
"RSTD","Utility",74,56.67,-220.76,NA,NA,447.52,459.18,0.769064010120928,0.423705151304603,0.198343939933883,0.0126946533685748,1.6350715712067,0.0550090870819986
"RSTD","Utility",75,48.89,-249.53,NA,NA,505.06,516.72,0.27233505435288,0.0992442343849689,0,0,0,0.0195726837949201
"RSTD","Utility",76,90.28,-115.54,NA,NA,237.08,248.74,0.714246998308226,0.356464033480734,0.251947020192563,0.766519304082544,4.223405200266,1.33508190601589
"RSTD","Utility",77,88.61,-85.03,NA,NA,176.06,187.72,0.165105299558491,0.62026000325568,0.934230115416391,0.674634060869274,3.3353089744305,2.11759630225509
"RSTD","Utility",78,78.06,-159.98,NA,NA,325.96,337.62,0.948594216490164,0.818483957787976,0.907169472818523,0.556553282212165,3.56412690370973,0.400698857048743
"RSTD","Utility",79,56.94,-225.49,NA,NA,456.98,468.64,0.641159480903298,0.713674181839451,0,0.11126225342475,0.91716062656043,0.0414828715044559
"RSTD","Utility",80,90.28,-90.91,NA,NA,187.82,199.48,0.602592710871249,0.798923129681498,0.90817341925845,0.7085430260605,3.20894032438288,1.65777598732141
"RSTD","Utility",81,49.44,-252.1,NA,NA,510.2,521.86,0.0268326783552766,0.983408806612715,0.01,0.01,0.01,1.42827125892359
"RSTD","Utility",82,58.89,-212.56,NA,NA,431.12,442.78,0.390374890295789,0.210965643869713,0.00503413677496082,0.254754003543986,1.01089522288623,0.0709301116876304
"RSTD","Utility",83,60,-208.81,NA,NA,423.62,435.28,0.909624356776476,0.0655163209885359,0.990438196050621,0.256689788740515,0.781815364087925,0.479556284306279
"RSTD","Utility",84,87.78,-98.32,NA,NA,202.64,214.3,0.894585720263422,0.928069569170475,0.932421843908495,0.779828067004779,1.75796047955283,0.784675157586944
"RSTD","Utility",85,86.94,-129.61,NA,NA,265.22,276.88,0.16712597804144,0.591124507132918,0.996790082123934,0.999960996776121,0.775229994653994,0.76918393555553
"RSTD","Utility",86,60.83,-208.91,NA,NA,423.82,435.48,0.0963515317998827,0.187938303221017,0.0471796104403948,0.612670740902273,0.716026400073265,0.16646143142134
"RSTD","Utility",87,87.78,-94.98,NA,NA,195.96,207.62,0.812582350103185,0.879132093861699,0.88048111265356,0.94921970895214,0.863300109563218,4.4038753097219
"RSTD","Utility",88,58.89,-210.98,NA,NA,427.96,439.62,0.448961209738627,0.690639521926641,0.00370562210150833,0.25137145216347,4.80063402713349,0.123227803417321
"RSTD","Utility",89,91.94,-114.26,NA,NA,234.52,246.18,0.352596259210259,0.519048273330554,0.651127431639272,0.930096822762019,2.43673998775031,0.771270071114314
"RSTD","Utility",90,65.83,-175.31,NA,NA,356.62,368.28,0.7131295024883,0.112127762287855,0.0297857893078731,0.453356010774182,5,3.4174234716404
"RSTD","Utility",91,61.94,-197.47,NA,NA,400.94,412.6,0.102771484525874,0.0985191510990262,0.0102313426865693,0.570105829023474,1.85268414043062,0.348240172024816
"RSTD","Utility",92,65,-194.03,NA,NA,394.06,405.72,0.14997310237959,0.461772011825815,7.49999206646724e-05,0.687162592640515,0.87696385713837,0.261333189609714
"RSTD","Utility",93,83.33,-121.56,NA,NA,249.12,260.78,0.435881547397003,0.7804279406555,0.922004083222159,0.583013665506526,3.96429221345382,0.681397345848382
"RSTD","Utility",94,92.22,-74.83,NA,NA,155.66,167.32,0.975024477113038,0.799848798895255,0.845601303103167,0.745296910865238,3.08945000601934,4.33281822849937
"RSTD","Utility",95,78.89,-170.93,NA,NA,347.86,359.52,0.723246149485931,0.623378630494699,0.764985159503176,0.827767781602947,1.13195551632079,0.45622572209686
"RSTD","Utility",96,79.44,-171.72,NA,NA,349.44,361.1,0.323681306792423,0.444453429430723,0.757991088613928,0.56227233217908,4.4546535095131,0.446843124460429
"RSTD","Utility",97,59.17,-211.65,NA,NA,429.3,440.96,0.521510650403798,0.40949847153388,0.0102825281583399,0.543551060197582,0.498287213797379,0.118169202112595
"RSTD","Utility",98,62.5,-202.86,NA,NA,411.72,423.38,0.418908317107707,0.978637758642435,0.775222543973946,0.657906957168994,0.605506571041291,0.211078092921525
"RSTD","Utility",99,93.33,-80.65,NA,NA,167.3,178.96,0.78953983867541,0.418743934947997,0.285738214758175,0.859461575457662,4.42201571234489,2.49348991278757
"RSTD","Utility",100,60.56,-211.96,NA,NA,429.92,441.58,0.956703607924283,0.607802340993658,0.588357756143555,0.000562802636946544,2.01148410176992,0.108669338996542
"Utility","TD",1,58.89,-210.07,NA,NA,424.14,431.91,0.285107890376821,0.724670132622123,0.0706062332480593,0.0826774250661981,NA,1.43561604238095
"Utility","TD",2,51.94,-250.52,NA,NA,505.04,512.81,0.950232450617477,0.206436974462122,0.01,0.01,NA,0.364579517394304
"Utility","TD",3,55.56,-220.99,NA,NA,445.98,453.75,0.536011227406561,0.200363578274846,0.123056484845702,0.0423472094523583,NA,1.00568439900399
"Utility","TD",4,55.28,-226.1,NA,NA,456.2,463.97,0.321220333920792,0.649332832079381,0.00763161824119337,0.035082318756177,NA,0.142882495187223
"Utility","TD",5,61.94,-203.24,NA,NA,410.48,418.25,0.525106647517532,0.973066303646192,0.0185268587837876,0.176561672390956,NA,0.392999498639256
"Utility","TD",6,89.44,-92.21,NA,NA,188.42,196.19,0.895209939451888,0.943225271301344,0.868039225105187,0.791960644122398,NA,3.35385648889427
"Utility","TD",7,50.83,-257.88,NA,NA,519.76,527.53,0.753931205254048,0.197620301274583,0.01,0.01,NA,0.18983699940145
"Utility","TD",8,87.22,-161.84,NA,NA,327.68,335.45,0.0560640415642411,0.783013365231454,0.221103054462539,4.24892979461143,NA,3.41441693140154
"Utility","TD",9,63.06,-200.75,NA,NA,405.5,413.27,0.479448032099754,0.989872474921867,0.350437252251251,0.123774730587165,NA,0.208000437050192
"Utility","TD",10,93.06,-91.8,NA,NA,187.6,195.37,0.711294803768396,0.788163986755535,0.682379717922123,1.37329630385756,NA,2.30973086307261
"Utility","TD",11,82.78,-134.64,NA,NA,273.28,281.05,0.5048349336721,0.797194604296237,0.469840575454242,0.77503874768116,NA,2.5054881726885
"Utility","TD",12,56.94,-213.89,NA,NA,431.78,439.55,0.731893435353413,0.395451756194234,0.0327379113971265,0.0548405800536849,NA,0.618170124012977
"Utility","TD",13,61.11,-204.51,NA,NA,413.02,420.79,0.275977379642427,0.511981163173914,0.314103329010216,0.124644721012108,NA,2.39124982816227
"Utility","TD",14,55,-226.36,NA,NA,456.72,464.49,0.226354157319292,0.16033569118008,0.0154905909912212,0.0356577059757965,NA,0.894037933978152
"Utility","TD",15,91.67,-105.51,NA,NA,215.02,222.79,0.315573724219576,0.984172471100464,0.329861717794378,2.00008960480462,NA,1.69604673600736
"Utility","TD",16,63.61,-198.18,NA,NA,400.36,408.13,0.540354023920372,0.854036244563758,0.422074657906131,0.119487491901029,NA,0.362152148856662
"Utility","TD",17,55.83,-215.35,NA,NA,434.7,442.47,0.66359161795117,0.0660558908712119,0.0482720533689055,0.051356491770251,NA,1.97567781611326
"Utility","TD",18,60.56,-207.41,NA,NA,418.82,426.59,0.973287776112556,0.630256613949314,0.227042511775177,0.136548158121266,NA,0.855529390233469
"Utility","TD",19,62.78,-202.33,NA,NA,408.66,416.43,0.340647828998044,0.988910319516435,0.212916032632206,0.165673810452877,NA,0.211397308856249
"Utility","TD",20,57.22,-215.3,NA,NA,434.6,442.37,0.329378831898794,0.0628540490288287,0.0654518005572454,0.0525496315533746,NA,2.33967715737489
"Utility","TD",21,50.28,-254.7,NA,NA,513.4,521.17,0.285566801903769,0.0508385861758143,0.0187500000000024,0.00769904458598732,NA,0.410096168983728
"Utility","TD",22,56.94,-213.3,NA,NA,430.6,438.37,0.684979062527418,0.438995202770457,0.183781979912344,0.0578399573290098,NA,0.685128960758448
"Utility","TD",23,54.72,-213.01,NA,NA,430.02,437.79,0.529962481698021,0.27115519088693,0.297363133456168,0.0577908855594875,NA,2.69503675574873
"Utility","TD",24,57.22,-213.51,NA,NA,431.02,438.79,0.779200294986367,0.728794121881947,0.0296218015056305,0.0565052878516071,NA,0.160821524456017
"Utility","TD",25,56.11,-225.69,NA,NA,455.38,463.15,0.0281218434683979,0.533772448310629,0.0119117862889482,0.0358416241614276,NA,0.225168376229703
"Utility","TD",26,58.06,-214.9,NA,NA,433.8,441.57,0.128862570039928,0.17050133110024,0.0402629986564412,0.0542498147937724,NA,1.37515528589011
"Utility","TD",27,84.72,-112.17,NA,NA,228.34,236.11,0.980796684976667,0.860091791022569,0.949974370762008,0.525763726193166,NA,1.2001721150753
"Utility","TD",28,52.22,-249.94,NA,NA,503.88,511.65,0.633000507717952,0.959949327167124,0,0.0131826881000458,NA,0.0240202485583723
"Utility","TD",29,57.78,-212.75,NA,NA,429.5,437.27,0.234798390883952,0.4054856733419,0.170259952213157,0.0610206441205573,NA,3.89528230370438
"Utility","TD",30,50.56,-254.14,NA,NA,512.28,520.05,0.319981756620109,0.632078264839947,0.01,0.01,NA,0.0559587455590604
"Utility","TD",31,79.44,-143.43,NA,NA,290.86,298.63,0.417691254755482,0.885661983396858,0.24887680968362,0.689391858258044,NA,1.4762263855988
"Utility","TD",32,50.83,-256.38,NA,NA,516.76,524.53,0.119032545015216,0.605491037247702,0.01,0.01,NA,0.0459982767437321
"Utility","TD",33,93.89,-86.28,NA,NA,176.56,184.33,0.824352919822559,0.753800751408562,0.634130470909115,3.88107255853718,NA,2.89878896835935
"Utility","TD",34,67.5,-181.05,NA,NA,366.1,373.87,0.080542077543214,0.69156481907703,0.203596180248604,0.450001700106465,NA,3.2510444371212
"Utility","TD",35,56.94,-212.12,NA,NA,428.24,436.01,0.788759883260354,0.407168375095353,0.295141204680415,0.0597480703672062,NA,0.8810732345608
"Utility","TD",36,61.67,-197.76,NA,NA,399.52,407.29,0.960197768406942,0.814909122884274,0.22883209548705,0.152551640209147,NA,0.491239995229989
"Utility","TD",37,51.11,-251.18,NA,NA,506.36,514.13,0.983733647270128,0.387793875532225,0.01,0.01,NA,0.184212701395154
"Utility","TD",38,62.78,-199.54,NA,NA,403.08,410.85,0.640330957481638,0.661732341628522,0.365673251775472,0.12457857819091,NA,1.1015722423634
"Utility","TD",39,77.22,-180.29,NA,NA,364.58,372.35,0.591888564871624,0.781977394130081,0.683849025615186,0.523395325728712,NA,1.17335850927503
"Utility","TD",40,61.67,-200.83,NA,NA,405.66,413.43,0.185236022341996,0.927017299691215,0.29848169985565,0.130896363612197,NA,0.406216487288475
"Utility","TD",41,61.39,-205.89,NA,NA,415.78,423.55,0.5952471755445,0.540940156206489,0.333123157647268,0.121784137379265,NA,1.71158919288757
"Utility","TD",42,50.28,-249.53,NA,NA,503.06,510.83,0.265401779906824,0.195171546889469,0,0,NA,0.226954524639678
"Utility","TD",43,50.83,-249.53,NA,NA,503.06,510.83,0.604935176437721,0.398145136190578,0.860847726008379,0,NA,0.0485801249742508
"Utility","TD",44,60,-206.8,NA,NA,417.6,425.37,0.470244030002505,0.685449249343947,0.357550123184138,0.0965630098597331,NA,0.648697707336396
"Utility","TD",45,55,-221.02,NA,NA,446.04,453.81,0.371720403432846,0.503097830805928,0.025210531484476,0.0407297643103033,NA,0.322839245665818
"Utility","TD",46,51.11,-251.07,NA,NA,506.14,513.91,0.361050225095823,0.370053818682209,0.00658772397991875,0.0119274956519531,NA,0.173567070005157
"Utility","TD",47,88.89,-107.94,NA,NA,219.88,227.65,0.594613759312779,0.789667062694207,0.703356991145671,0.949950161445276,NA,2.04544003671947
"Utility","TD",48,54.44,-228.85,NA,NA,461.7,469.47,0.628910263301805,0.0369398219045252,0.415952170297316,0.0331244614560323,NA,1.35408596597136
"Utility","TD",49,65.56,-195.26,NA,NA,394.52,402.29,0.254382238723338,0.857857148861513,0.304857736618141,0.13518960605911,NA,0.936107955831003
"Utility","TD",50,58.89,-208.32,NA,NA,420.64,428.41,0.629901704145595,0.59963444317691,0.323037861157925,0.0785219965101347,NA,1.13030682034315
"Utility","TD",51,56.67,-211.22,NA,NA,426.44,434.21,0.958562755258754,0.446684151422232,0.215847328623455,0.0660339822197075,NA,1.46860518856885
"Utility","TD",52,62.5,-200.13,NA,NA,404.26,412.03,0.378760501742363,0.716149265645072,0.194387028124103,0.177913116856169,NA,1.1838285959837
"Utility","TD",53,54.44,-223.52,NA,NA,451.04,458.81,0.843001339351758,0.428967847023159,0.0300387438944715,0.0391116744413184,NA,0.430095953866839
"Utility","TD",54,86.67,-153.55,NA,NA,311.1,318.87,0.111280993092805,0.926345025887713,0.088699348179595,2.99317950895396,NA,1.52358875974062
"Utility","TD",55,90.83,-136.18,NA,NA,276.36,284.13,0.231767056509852,0.779834397835657,0.310584097966163,4.85702379417791,NA,3.55762586234994
"Utility","TD",56,81.39,-175.55,NA,NA,355.1,362.87,0.386252531083301,0.815260800998658,0.114437665572202,1.67628958275074,NA,1.64474068483968
"Utility","TD",57,52.5,-242.35,NA,NA,488.7,496.47,0.6529874894768,0.670282299863175,0.01,0.01,NA,0.116263606119901
"Utility","TD",58,54.72,-231.17,NA,NA,466.34,474.11,0.560497718863189,0.274772666627541,0.0179839558965616,0.0287634804903453,NA,0.529099578669097
"Utility","TD",59,57.22,-209.28,NA,NA,422.56,430.33,0.597106330329552,0.589335348224267,0.334010879768812,0.0762184700510339,NA,0.931611171881569
"Utility","TD",60,82.78,-130.29,NA,NA,264.58,272.35,0.987134294584394,0.800411853706464,0.892367612616172,0.498949553306992,NA,1.29764714087815
"Utility","TD",61,50.56,-254.08,NA,NA,512.16,519.93,0.718285634880885,0.565618214197457,0.01,0.01,NA,0.0649159974418581
"Utility","TD",62,59.44,-209.96,NA,NA,423.92,431.69,0.125127220060676,0.773224814096466,0.105235273945647,0.0825227065560948,NA,0.583291862625629
"Utility","TD",63,50.83,-260.76,NA,NA,525.52,533.29,0.499009405029938,0.0988319513853639,0.01,0.01,NA,0.092432988807559
"Utility","TD",64,56.67,-211.83,NA,NA,427.66,435.43,0.333673485321924,0.454882015939802,0.229973200809807,0.0622503943779338,NA,2.70696423376415
"Utility","TD",65,50.83,-249.53,NA,NA,503.06,510.83,0.810415166895837,0.0187283449340612,0.0216451434841188,0,NA,0.165121834239408
"Utility","TD",66,54.72,-235.2,NA,NA,474.4,482.17,0.461979309096932,0.296923782210797,0.0250740965589349,0.0264222829263716,NA,0.458040716126561
"Utility","TD",67,53.06,-243.01,NA,NA,490.02,497.79,0.285626433324069,0.528872283641249,0.898464241508172,0.018592554213195,NA,0.147296045374405
"Utility","TD",68,58.89,-211.13,NA,NA,426.26,434.03,0.732509626774117,0.600311974063516,0.678881644680308,0.0530021518766044,NA,0.449271724574598
"Utility","TD",69,59.72,-211.22,NA,NA,426.44,434.21,0.977929984452203,0.529096166603267,0.325841386817471,0.0939710548197364,NA,0.751786146880371
"Utility","TD",70,51.94,-249.24,NA,NA,502.48,510.25,0.98177181975916,0.159414226887748,0.018456822756886,0.0141338516195909,NA,0.477379389107227
"Utility","TD",71,50,-256.72,NA,NA,517.44,525.21,0.922829337418079,0.366323065012693,0.0163954095959214,0.00336226066943093,NA,0.0864430760253218
"Utility","TD",72,55.83,-218.48,NA,NA,440.96,448.73,0.437475311337039,0.144657690776512,0.104887170911722,0.0463722031934692,NA,1.51204245735464
"Utility","TD",73,85.83,-134.97,NA,NA,273.94,281.71,0.0812403932213783,0.858433880610391,0.0756534105160198,2.06364174679239,NA,1.57674626609245
"Utility","TD",74,51.11,-249.53,NA,NA,503.06,510.83,0.769064010120928,0.423705151304603,0.352364496532253,0,NA,0.0550090870819986
"Utility","TD",75,50.83,-264.41,NA,NA,532.82,540.59,0.27233505435288,0.0992442343849689,0.01,0.01,NA,0.0195726837949201
"Utility","TD",76,56.11,-212.48,NA,NA,428.96,436.73,0.714246998308226,0.356464033480734,0.297964272540764,0.0597649186109209,NA,1.33508190601589
"Utility","TD",77,58.33,-209.12,NA,NA,422.24,430.01,0.165105299558491,0.62026000325568,0.27413557170755,0.0802668102013389,NA,2.11759630225509
"Utility","TD",78,59.72,-205.24,NA,NA,414.48,422.25,0.948594216490164,0.818483957787976,0.247946122328359,0.124764200063162,NA,0.400698857048743
"Utility","TD",79,49.44,-253.84,NA,NA,511.68,519.45,0.641159480903298,0.713674181839451,0.812595312025415,0.0084733716716131,NA,0.0414828715044559
"Utility","TD",80,86.94,-127.93,NA,NA,259.86,267.63,0.602592710871249,0.798923129681498,0.739037947847391,0.892430855634619,NA,1.65777598732141
"Utility","TD",81,81.11,-117.32,NA,NA,238.64,246.41,0.0268326783552766,0.983408806612715,0.0288712934589482,0.849836092191411,NA,1.42827125892359
"Utility","TD",82,50.83,-260.76,NA,NA,525.52,533.29,0.390374890295789,0.210965643869713,0.01,0.01,NA,0.0709301116876304
"Utility","TD",83,50,-249.53,NA,NA,503.06,510.83,0.909624356776476,0.0655163209885359,0.58628076723769,0,NA,0.479556284306279
"Utility","TD",84,83.33,-126.81,NA,NA,257.62,265.39,0.894585720263422,0.928069569170475,0.75905915935813,0.56137445648244,NA,0.784675157586944
"Utility","TD",85,56.67,-214.98,NA,NA,433.96,441.73,0.16712597804144,0.591124507132918,0.0710403751811563,0.0560427905777362,NA,0.76918393555553
"Utility","TD",86,49.72,-256.44,NA,NA,516.88,524.65,0.0963515317998827,0.187938303221017,0.0173070925035648,0.00419008850192745,NA,0.16646143142134
"Utility","TD",87,91.94,-74.26,NA,NA,152.52,160.29,0.812582350103185,0.879132093861699,0.736039822729048,0.91848948602763,NA,4.4038753097219
"Utility","TD",88,54.17,-225.95,NA,NA,455.9,463.67,0.448961209738627,0.690639521926641,0.0183053821243183,0.0354462102232377,NA,0.123227803417321
"Utility","TD",89,56.39,-214.34,NA,NA,432.68,440.45,0.352596259210259,0.519048273330554,0.126722110505812,0.0551306351830138,NA,0.771270071114314
"Utility","TD",90,55.56,-213.4,NA,NA,430.8,438.57,0.7131295024883,0.112127762287855,0.260962920781181,0.0572299669630932,NA,3.4174234716404
"Utility","TD",91,51.11,-254.94,NA,NA,513.88,521.65,0.102771484525874,0.0985191510990262,0.01,0.01,NA,0.348240172024816
"Utility","TD",92,53.33,-241.65,NA,NA,487.3,495.07,0.14997310237959,0.461772011825815,0.01,0.01,NA,0.261333189609714
"Utility","TD",93,61.67,-202.14,NA,NA,408.28,416.05,0.435881547397003,0.7804279406555,0.327195050675397,0.11482768036325,NA,0.681397345848382
"Utility","TD",94,91.67,-78.38,NA,NA,160.76,168.53,0.975024477113038,0.799848798895255,0.86492518197997,1.00027358538855,NA,4.33281822849937
"Utility","TD",95,56.11,-212.05,NA,NA,428.1,435.87,0.723246149485931,0.623378630494699,0.275808623333079,0.0599688867316261,NA,0.45622572209686
"Utility","TD",96,55,-220.96,NA,NA,445.92,453.69,0.323681306792423,0.444453429430723,0.191334150582858,0.0417679887140542,NA,0.446843124460429
"Utility","TD",97,50.28,-254.05,NA,NA,512.1,519.87,0.521510650403798,0.40949847153388,0.0212500000000426,0.00867553191489365,NA,0.118169202112595
"Utility","TD",98,62.5,-203.01,NA,NA,410.02,417.79,0.418908317107707,0.978637758642435,0.142561063529514,0.19313153210178,NA,0.211078092921525
"Utility","TD",99,59.44,-206.89,NA,NA,417.78,425.55,0.78953983867541,0.418743934947997,0.490600809917418,0.066147125827601,NA,2.49348991278757
"Utility","TD",100,53.33,-246.09,NA,NA,496.18,503.95,0.956703607924283,0.607802340993658,0.01,0.01,NA,0.108669338996542
"Utility","RSTD",1,66.67,-180.95,NA,NA,367.9,379.56,0.285107890376821,0.724670132622123,0.627786314052321,0.226186631478501,0.175920824972649,1.43561604238095
"Utility","RSTD",2,51.94,-250.52,NA,NA,507.04,518.7,0.950232450617477,0.206436974462122,0.01,0.01,0.01,0.364579517394304
"Utility","RSTD",3,55.56,-220.57,NA,NA,447.14,458.8,0.536011227406561,0.200363578274846,0.0537975986317933,0.00505666117830278,0.0425790655397073,1.00568439900399
"Utility","RSTD",4,55,-225.64,NA,NA,457.28,468.94,0.321220333920792,0.649332832079381,0.0369458928073601,0.000408608416016685,0.0363848050941431,0.142882495187223
"Utility","RSTD",5,63.06,-194.31,NA,NA,394.62,406.28,0.525106647517532,0.973066303646192,0.115000922644421,0.0611598709558791,0.262628240107334,0.392999498639256
"Utility","RSTD",6,93.06,-95.2,NA,NA,196.4,208.06,0.895209939451888,0.943225271301344,0.912955566021101,0.890697920108634,4.78573870611005,3.35385648889427
"Utility","RSTD",7,50.56,-249.53,NA,NA,505.06,516.72,0.753931205254048,0.197620301274583,0.472559529998873,0.970650851361876,0,0.18983699940145
"Utility","RSTD",8,88.06,-124.54,NA,NA,255.08,266.74,0.0560640415642411,0.783013365231454,0.993466582471128,0.3347465501705,1.1442760581448,3.41441693140154
"Utility","RSTD",9,62.5,-199.47,NA,NA,404.94,416.6,0.479448032099754,0.989872474921867,0.344701511839785,0.230501127795259,0.126556207862134,0.208000437050192
"Utility","RSTD",10,90.56,-88.08,NA,NA,182.16,193.82,0.711294803768396,0.788163986755535,0.965259813282322,0.77638537691654,0.869069939488784,2.30973086307261
"Utility","RSTD",11,80,-133.07,NA,NA,272.14,283.8,0.5048349336721,0.797194604296237,0.600933029982733,0.469188342368545,0.579222936632542,2.5054881726885
"Utility","RSTD",12,57.5,-212.64,NA,NA,431.28,442.94,0.731893435353413,0.395451756194234,0.0632092421455844,0.000592725756989123,0.0549002622399341,0.618170124012977
"Utility","RSTD",13,64.44,-192.4,NA,NA,390.8,402.46,0.275977379642427,0.511981163173914,0.803749058130426,0.0898394600949146,0.0771888811763737,2.39124982816227
"Utility","RSTD",14,54.72,-225.7,NA,NA,457.4,469.06,0.226354157319292,0.16033569118008,0.039229134089653,0,0.0362433581992751,0.894037933978152
"Utility","RSTD",15,86.11,-104.02,NA,NA,214.04,225.7,0.315573724219576,0.984172471100464,0.639550571373566,0.457985226350957,0.690509297800176,1.69604673600736
"Utility","RSTD",16,62.78,-197.26,NA,NA,400.52,412.18,0.540354023920372,0.854036244563758,0.602541306467368,0.34062471075584,0.101513302819189,0.362152148856662
"Utility","RSTD",17,56.94,-213.27,NA,NA,432.54,444.2,0.66359161795117,0.0660558908712119,0.077210883484111,0.0021253691862127,0.0568599044561014,1.97567781611326
"Utility","RSTD",18,59.17,-207.87,NA,NA,421.74,433.4,0.973287776112556,0.630256613949314,0.036198991417281,0,0.112026248993844,0.855529390233469
"Utility","RSTD",19,63.06,-200.58,NA,NA,407.16,418.82,0.340647828998044,0.988910319516435,0.204098216834303,0.122563169141761,0.155958260442,0.211397308856249
"Utility","RSTD",20,58.06,-214.18,NA,NA,434.36,446.02,0.329378831898794,0.0628540490288287,0.0534404638045837,0,0.0555580039676557,2.33967715737489
"Utility","RSTD",21,50,-249.53,NA,NA,505.06,516.72,0.285566801903769,0.0508385861758143,0.264154318954484,0.208537308856547,0,0.410096168983728
"Utility","RSTD",22,57.5,-211.19,NA,NA,428.38,440.04,0.684979062527418,0.438995202770457,0.0615512348374675,0,0.0660458926302784,0.685128960758448
"Utility","RSTD",23,56.11,-210.67,NA,NA,427.34,439,0.529962481698021,0.27115519088693,0.831321905112131,0.393069165600116,0.0531400603393899,2.69503675574873
"Utility","RSTD",24,57.22,-212.13,NA,NA,430.26,441.92,0.779200294986367,0.728794121881947,0.0422008332928031,0.00461647435812363,0.0737970945724577,0.160821524456017
"Utility","RSTD",25,55.83,-225.46,NA,NA,456.92,468.58,0.0281218434683979,0.533772448310629,0.0285896149268437,0,0.036501035233094,0.225168376229703
"Utility","RSTD",26,58.33,-214.75,NA,NA,435.5,447.16,0.128862570039928,0.17050133110024,0.0935058935856717,0.0579739262690945,0.0550556521912202,1.37515528589011
"Utility","RSTD",27,91.39,-120.6,NA,NA,247.2,258.86,0.980796684976667,0.860091791022569,0.431374664505977,0.803861861989461,1.37335553294367,1.2001721150753
"Utility","RSTD",28,50,-249.53,NA,NA,505.06,516.72,0.633000507717952,0.959949327167124,0.616339316815484,0.345633838645573,0,0.0240202485583723
"Utility","RSTD",29,64.72,-189.93,NA,NA,385.86,397.52,0.234798390883952,0.4054856733419,0.471296798960473,0.0515750478184636,0.103494613307633,3.89528230370438
"Utility","RSTD",30,49.72,-249.53,NA,NA,505.06,516.72,0.319981756620109,0.632078264839947,0.275976353929675,0.344352961507924,0,0.0559587455590604
"Utility","RSTD",31,75.28,-145.48,NA,NA,296.96,308.62,0.417691254755482,0.885661983396858,0.925792349270578,0.43152755911845,0.385038857002092,1.4762263855988
"Utility","RSTD",32,50,-255.5,NA,NA,517,528.66,0.119032545015216,0.605491037247702,0.0377021346293242,0,0.00658410171701546,0.0459982767437321
"Utility","RSTD",33,94.17,-80.44,NA,NA,166.88,178.54,0.824352919822559,0.753800751408562,0.939398645250119,0.704462786973192,1.37327548768826,2.89878896835935
"Utility","RSTD",34,66.11,-164.95,NA,NA,335.9,347.56,0.080542077543214,0.69156481907703,0.427873083514669,0.0500241758669588,0.0920960643897661,3.2510444371212
"Utility","RSTD",35,57.22,-210.92,NA,NA,427.84,439.5,0.788759883260354,0.407168375095353,0.10340008234339,0.0101162197037004,0.0627558971264924,0.8810732345608
"Utility","RSTD",36,61.94,-196.72,NA,NA,399.44,411.1,0.960197768406942,0.814909122884274,0.330454922326686,0.285841955326752,0.135592104879233,0.491239995229989
"Utility","RSTD",37,49.17,-249.53,NA,NA,505.06,516.72,0.983733647270128,0.387793875532225,0,0.832583850859893,0,0.184212701395154
"Utility","RSTD",38,63.06,-194.9,NA,NA,395.8,407.46,0.640330957481638,0.661732341628522,0.425942152924202,0.206821042606946,0.141523745757019,1.1015722423634
"Utility","RSTD",39,65.83,-178.36,NA,NA,362.72,374.38,0.591888564871624,0.781977394130081,0.617336047469004,0.3496773470412,0.187849021138178,1.17335850927503
"Utility","RSTD",40,65.28,-187.76,NA,NA,381.52,393.18,0.185236022341996,0.927017299691215,0.378207775244159,0.0470140240901053,0.121025471499618,0.406216487288475
"Utility","RSTD",41,61.67,-205.52,NA,NA,417.04,428.7,0.5952471755445,0.540940156206489,0.291184269081241,0.252906939560496,0.139453592026308,1.71158919288757
"Utility","RSTD",42,50.28,-249.53,NA,NA,505.06,516.72,0.265401779906824,0.195171546889469,0.0317815104206801,0.581888533610313,0,0.226954524639678
"Utility","RSTD",43,50.83,-249.53,NA,NA,505.06,516.72,0.604935176437721,0.398145136190578,0.375087696662279,0.751774402280855,0,0.0485801249742508
"Utility","RSTD",44,60.28,-207.36,NA,NA,420.72,432.38,0.470244030002505,0.685449249343947,0.439320918630241,0.473039185994487,0.0841294443382884,0.648697707336396
"Utility","RSTD",45,55.56,-220.4,NA,NA,446.8,458.46,0.371720403432846,0.503097830805928,0.039715804648423,0,0.0435005893112792,0.322839245665818
"Utility","RSTD",46,49.44,-249.53,NA,NA,505.06,516.72,0.361050225095823,0.370053818682209,0.821174594837936,0.858071257923663,0,0.173567070005157
"Utility","RSTD",47,83.89,-114.72,NA,NA,235.44,247.1,0.594613759312779,0.789667062694207,0.825283705920575,0.711561821438446,0.513399919447312,2.04544003671947
"Utility","RSTD",48,54.17,-228.44,NA,NA,462.88,474.54,0.628910263301805,0.0369398219045252,0.0460424996008006,0,0.0337625940998931,1.35408596597136
"Utility","RSTD",49,65.56,-184.27,NA,NA,374.54,386.2,0.254382238723338,0.857857148861513,0.0732398554492597,0.0183938637268085,0.278516966494864,0.936107955831003
"Utility","RSTD",50,59.44,-209.21,NA,NA,424.42,436.08,0.629901704145595,0.59963444317691,0.148302286064559,0.0214881020053916,0.0635169640189799,1.13030682034315
"Utility","RSTD",51,58.33,-210.17,NA,NA,426.34,438,0.958562755258754,0.446684151422232,0.171618675828789,0.0550481428492516,0.0731764794532054,1.46860518856885
"Utility","RSTD",52,63.06,-188.61,NA,NA,383.22,394.88,0.378760501742363,0.716149265645072,0.812468846876225,0.173389435007913,0.0994094861701763,1.1838285959837
"Utility","RSTD",53,55,-222.14,NA,NA,450.28,461.94,0.843001339351758,0.428967847023159,0.0749753322738489,0,0.0404162532456244,0.430095953866839
"Utility","RSTD",54,73.89,-164.53,NA,NA,335.06,346.72,0.111280993092805,0.926345025887713,0.294224156827444,0.289389014411473,0.470111492114278,1.52358875974062
"Utility","RSTD",55,78.33,-131.18,NA,NA,268.36,280.02,0.231767056509852,0.779834397835657,0.427212446476553,0.226147479113255,0.410713828821111,3.55762586234994
"Utility","RSTD",56,68.33,-161.39,NA,NA,328.78,340.44,0.386252531083301,0.815260800998658,0.807585999873847,0.348247317984257,0.241772849395573,1.64474068483968
"Utility","RSTD",57,54.17,-234.4,NA,NA,474.8,486.46,0.6529874894768,0.670282299863175,0.0377781781221353,0,0.027312144213208,0.116263606119901
"Utility","RSTD",58,53.61,-230.86,NA,NA,467.72,479.38,0.560497718863189,0.274772666627541,0.0411266925706816,0.000293693288868231,0.0312597982239365,0.529099578669097
"Utility","RSTD",59,59.17,-206.61,NA,NA,419.22,430.88,0.597106330329552,0.589335348224267,0.807019042000622,0.301815004715058,0.0577809887361839,0.931611171881569
"Utility","RSTD",60,78.06,-143.21,NA,NA,292.42,304.08,0.987134294584394,0.800411853706464,0.724388254282589,0.788505186583668,0.382065972163209,1.29764714087815
"Utility","RSTD",61,49.72,-249.53,NA,NA,505.06,516.72,0.718285634880885,0.565618214197457,0.713073672485944,0.294314794676137,0,0.0649159974418581
"Utility","RSTD",62,61.39,-209.6,NA,NA,425.2,436.86,0.125127220060676,0.773224814096466,0.032506936244296,0.0015,0.093503690138149,0.583291862625629
"Utility","RSTD",63,51.11,-249.53,NA,NA,505.06,516.72,0.499009405029938,0.0988319513853639,0.218842942069779,0.759106193481716,0,0.092432988807559
"Utility","RSTD",64,62.78,-196.73,NA,NA,399.46,411.12,0.333673485321924,0.454882015939802,0.306146733146052,0.0312935375552256,0.0779461374434708,2.70696423376415
"Utility","RSTD",65,50.83,-249.53,NA,NA,505.06,516.72,0.810415166895837,0.0187283449340612,0.449864547073468,0.667126401978127,0,0.165121834239408
"Utility","RSTD",66,53.61,-234.85,NA,NA,475.7,487.36,0.461979309096932,0.296923782210797,0.0519096700238723,0,0.0267468489914304,0.458040716126561
"Utility","RSTD",67,53.61,-243.12,NA,NA,492.24,503.9,0.285626433324069,0.528872283641249,0.0352275121716757,0.00163025154004858,0.019046638326413,0.147296045374405
"Utility","RSTD",68,57.5,-210.58,NA,NA,427.16,438.82,0.732509626774117,0.600311974063516,0.141916866653101,0.0185574531888782,0.0606665625279948,0.449271724574598
"Utility","RSTD",69,57.22,-210.78,NA,NA,427.56,439.22,0.977929984452203,0.529096166603267,0.0806543419277033,0.00516670018841141,0.0645477781706886,0.751786146880371
"Utility","RSTD",70,51.67,-249.05,NA,NA,504.1,515.76,0.98177181975916,0.159414226887748,0.0316628275665488,0,0.0141443852284711,0.477379389107227
"Utility","RSTD",71,50.83,-249.53,NA,NA,505.06,516.72,0.922829337418079,0.366323065012693,0.0638356227319497,0.0441748748083145,0,0.0864430760253218
"Utility","RSTD",72,56.11,-216.96,NA,NA,439.92,451.58,0.437475311337039,0.144657690776512,0.105310078695944,0.00573869557810952,0.0457034241643775,1.51204245735464
"Utility","RSTD",73,69.17,-160.24,NA,NA,326.48,338.14,0.0812403932213783,0.858433880610391,0.340085875247459,0.0663750431683032,0.19081252457029,1.57674626609245
"Utility","RSTD",74,51.11,-249.53,NA,NA,505.06,516.72,0.769064010120928,0.423705151304603,0.436986435199945,0.603643855976227,0,0.0550090870819986
"Utility","RSTD",75,51.11,-249.53,NA,NA,505.06,516.72,0.27233505435288,0.0992442343849689,0.385206978267694,0.207086357464028,0,0.0195726837949201
"Utility","RSTD",76,56.39,-210.63,NA,NA,427.26,438.92,0.714246998308226,0.356464033480734,0.131742949314347,0.0133414167845479,0.057678138912141,1.33508190601589
"Utility","RSTD",77,65,-186.79,NA,NA,379.58,391.24,0.165105299558491,0.62026000325568,0.302771740774241,0.0242115913103666,0.0818603889619124,2.11759630225509
"Utility","RSTD",78,59.72,-206.27,NA,NA,418.54,430.2,0.948594216490164,0.818483957787976,0.152459638999344,0.0663389867097054,0.14827556937107,0.400698857048743
"Utility","RSTD",79,50.56,-254.08,NA,NA,514.16,525.82,0.641159480903298,0.713674181839451,0.01,0.01,0.01,0.0414828715044559
"Utility","RSTD",80,71.67,-155.5,NA,NA,317,328.66,0.602592710871249,0.798923129681498,0.936982631672216,0.534290477438966,0.27165909933755,1.65777598732141
"Utility","RSTD",81,67.78,-148.24,NA,NA,302.48,314.14,0.0268326783552766,0.983408806612715,0.0564923409190217,0.054048098460002,0.366078987881581,1.42827125892359
"Utility","RSTD",82,51.11,-249.53,NA,NA,505.06,516.72,0.390374890295789,0.210965643869713,0.0307962320154435,0.0174557868403602,0,0.0709301116876304
"Utility","RSTD",83,50,-249.53,NA,NA,505.06,516.72,0.909624356776476,0.0655163209885359,0.184074786531637,0.903070072512169,0,0.479556284306279
"Utility","RSTD",84,71.94,-158.44,NA,NA,322.88,334.54,0.894585720263422,0.928069569170475,0.0211079219899033,0.00209763976997061,0.467245292849308,0.784675157586944
"Utility","RSTD",85,57.78,-214.45,NA,NA,434.9,446.56,0.16712597804144,0.591124507132918,0.0562102341823068,0,0.053959045560283,0.76918393555553
"Utility","RSTD",86,50.83,-249.53,NA,NA,505.06,516.72,0.0963515317998827,0.187938303221017,0.807024155864392,0.282764841539938,0,0.16646143142134
"Utility","RSTD",87,94.72,-68.43,NA,NA,142.86,154.52,0.812582350103185,0.879132093861699,0.377430024427147,0.569145831037236,1.37345644473959,4.4038753097219
"Utility","RSTD",88,53.61,-225.38,NA,NA,456.76,468.42,0.448961209738627,0.690639521926641,0.0427814536049038,0,0.0367205529609949,0.123227803417321
"Utility","RSTD",89,56.94,-212.66,NA,NA,431.32,442.98,0.352596259210259,0.519048273330554,0.0783849514576211,0.00474985580663435,0.0649085935939431,0.771270071114314
"Utility","RSTD",90,55.83,-211.87,NA,NA,429.74,441.4,0.7131295024883,0.112127762287855,0.101765099729922,0.00598424937215577,0.0561294821633701,3.4174234716404
"Utility","RSTD",91,50.28,-249.53,NA,NA,505.06,516.72,0.102771484525874,0.0985191510990262,0.861816217656096,0.35478190351222,0,0.348240172024816
"Utility","RSTD",92,55,-232.66,NA,NA,471.32,482.98,0.14997310237959,0.461772011825815,0.0297648819937615,0,0.0283603436234497,0.261333189609714
"Utility","RSTD",93,62.22,-197.49,NA,NA,400.98,412.64,0.435881547397003,0.7804279406555,0.438134569719208,0.19615832626329,0.119140291878646,0.681397345848382
"Utility","RSTD",94,93.33,-92.43,NA,NA,190.86,202.52,0.975024477113038,0.799848798895255,0.231811463062809,0.956477478577902,1.37563164307701,4.33281822849937
"Utility","RSTD",95,57.22,-210.74,NA,NA,427.48,439.14,0.723246149485931,0.623378630494699,0.138985597224198,0.017367679435052,0.0594379325282698,0.45622572209686
"Utility","RSTD",96,55.56,-220.44,NA,NA,446.88,458.54,0.323681306792423,0.444453429430723,0.0391793693958366,0,0.0428305961843568,0.446843124460429
"Utility","RSTD",97,50.28,-249.53,NA,NA,505.06,516.72,0.521510650403798,0.40949847153388,0.350385397557413,0.103342937562006,0,0.118169202112595
"Utility","RSTD",98,61.11,-206.09,NA,NA,418.18,429.84,0.418908317107707,0.978637758642435,0.0379507925120799,0,0.136173637255964,0.211078092921525
"Utility","RSTD",99,58.61,-209.05,NA,NA,424.1,435.76,0.78953983867541,0.418743934947997,0.148248770662978,0.0216809902349993,0.0633185884035429,2.49348991278757
"Utility","RSTD",100,53.33,-243.11,NA,NA,492.22,503.88,0.956703607924283,0.607802340993658,0.0295761118124436,0.00111972446884715,0.0197465768344983,0.108669338996542
"Utility","Utility",1,60,-206.45,NA,NA,418.9,430.56,0.285107890376821,0.724670132622123,0.0414722345308399,0.547259302855901,1.52924790114332,1.43561604238095
"Utility","Utility",2,49.44,-249.53,NA,NA,505.06,516.72,0.950232450617477,0.206436974462122,0.562970451013632,0.248290354930335,0,0.364579517394304
"Utility","Utility",3,57.78,-219.66,NA,NA,445.32,456.98,0.536011227406561,0.200363578274846,0.0439726165367176,0.0763062773294147,1.31731616136104,1.00568439900399
"Utility","Utility",4,56.94,-225.6,NA,NA,457.2,468.86,0.321220333920792,0.649332832079381,0.00190707522975506,0.115047272221445,0.908098889892161,0.142882495187223
"Utility","Utility",5,61.39,-203.22,NA,NA,412.44,424.1,0.525106647517532,0.973066303646192,0.481464644464054,0.621319934627405,0.340581952701653,0.392999498639256
"Utility","Utility",6,87.78,-92.94,NA,NA,191.88,203.54,0.895209939451888,0.943225271301344,0.855432935659771,0.726263572246615,2.55702247881647,3.35385648889427
"Utility","Utility",7,50.56,-249.53,NA,NA,505.06,516.72,0.753931205254048,0.197620301274583,0.649187710470084,0.182346033560965,0,0.18983699940145
"Utility","Utility",8,82.22,-162.79,NA,NA,331.58,343.24,0.0560640415642411,0.783013365231454,0.245812632583169,0.74617366232562,3.36182478062254,3.41441693140154
"Utility","Utility",9,61.11,-208.87,NA,NA,423.74,435.4,0.479448032099754,0.989872474921867,0.013532969937832,0.583540343500111,0.795235112738178,0.208000437050192
"Utility","Utility",10,90,-90.35,NA,NA,186.7,198.36,0.711294803768396,0.788163986755535,0.830189182026101,0.676395636043647,3.974985414924,2.30973086307261
"Utility","Utility",11,82.5,-141.73,NA,NA,289.46,301.12,0.5048349336721,0.797194604296237,0.56241081568986,0.995042624761302,0.710525687690987,2.5054881726885
"Utility","Utility",12,58.33,-212.69,NA,NA,431.38,443.04,0.731893435353413,0.395451756194234,0.0121100502482129,0.287564989457594,0.822491724248311,0.618170124012977
"Utility","Utility",13,61.94,-207.11,NA,NA,420.22,431.88,0.275977379642427,0.511981163173914,0.303315424395661,0.262503604522146,3.84843132591805,2.39124982816227
"Utility","Utility",14,56.39,-225.62,NA,NA,457.24,468.9,0.226354157319292,0.16033569118008,0.00681366641480406,0.146959928575038,0.796569906229357,0.894037933978152
"Utility","Utility",15,90.56,-107.77,NA,NA,221.54,233.2,0.315573724219576,0.984172471100464,0.359670449600052,0.784572673258835,4.06259132197876,1.69604673600736
"Utility","Utility",16,63.06,-198.96,NA,NA,403.92,415.58,0.540354023920372,0.854036244563758,0.287408592302508,0.966092421089423,0.150291350280638,0.362152148856662
"Utility","Utility",17,58.06,-212.17,NA,NA,430.34,442,0.66359161795117,0.0660558908712119,0.0207265841653243,0.0526265359714701,2.11850706261245,1.97567781611326
"Utility","Utility",18,59.44,-208.46,NA,NA,422.92,434.58,0.973287776112556,0.630256613949314,0.559686694461027,0.551522700804105,0.318230254950166,0.855529390233469
"Utility","Utility",19,62.22,-203.43,NA,NA,412.86,424.52,0.340647828998044,0.988910319516435,0.751678361763888,1,0.0710103065700672,0.211397308856249
"Utility","Utility",20,59.72,-211.99,NA,NA,429.98,441.64,0.329378831898794,0.0628540490288287,0.0103742601450584,0,4.83753652862753,2.33967715737489
"Utility","Utility",21,49.72,-257.16,NA,NA,520.32,531.98,0.285566801903769,0.0508385861758143,0.01,0.01,0.01,0.410096168983728
"Utility","Utility",22,59.44,-211.9,NA,NA,429.8,441.46,0.684979062527418,0.438995202770457,0.229893468253675,0.31618610016765,0.831269790415213,0.685128960758448
"Utility","Utility",23,59.17,-206.9,NA,NA,419.8,431.46,0.529962481698021,0.27115519088693,0.352668475719324,0.011216935675464,3.33683657058364,2.69503675574873
"Utility","Utility",24,58.61,-212.65,NA,NA,431.3,442.96,0.779200294986367,0.728794121881947,0.00251595663493056,0.0657313789177529,3.51832929438158,0.160821524456017
"Utility","Utility",25,56.67,-226.32,NA,NA,458.64,470.3,0.0281218434683979,0.533772448310629,0.265463342187179,0.481590420751291,0.232518147811685,0.225168376229703
"Utility","Utility",26,60.28,-212.21,NA,NA,430.42,442.08,0.128862570039928,0.17050133110024,0.0078232311425332,0.0119013850574608,4.74640217087176,1.37515528589011
"Utility","Utility",27,85.28,-109.62,NA,NA,225.24,236.9,0.980796684976667,0.860091791022569,0.904165964393949,0.853417953057583,1.14448875835504,1.2001721150753
"Utility","Utility",28,50,-249.53,NA,NA,505.06,516.72,0.633000507717952,0.959949327167124,0.0799215299244442,0.473187474686601,0,0.0240202485583723
"Utility","Utility",29,63.89,-187.1,NA,NA,380.2,391.86,0.234798390883952,0.4054856733419,0.123262756451854,0.237946263238573,5,3.89528230370438
"Utility","Utility",30,49.72,-249.53,NA,NA,505.06,516.72,0.319981756620109,0.632078264839947,0.485805885717676,0.0174792933188615,0,0.0559587455590604
"Utility","Utility",31,82.22,-136.38,NA,NA,278.76,290.42,0.417691254755482,0.885661983396858,0.0654799523982795,0.870206063146707,3.1948689545164,1.4762263855988
"Utility","Utility",32,50.56,-249.53,NA,NA,505.06,516.72,0.119032545015216,0.605491037247702,0.899707988353033,0.0224479626772063,0,0.0459982767437321
"Utility","Utility",33,92.78,-93.67,NA,NA,193.34,205,0.824352919822559,0.753800751408562,0.867486709083067,0.843498211761801,3.76903793780091,2.89878896835935
"Utility","Utility",34,83.33,-144.53,NA,NA,295.06,306.72,0.080542077543214,0.69156481907703,0.0728517285449662,0.780084290304619,4.42896926918576,3.2510444371212
"Utility","Utility",35,60.56,-211.16,NA,NA,428.32,439.98,0.788759883260354,0.407168375095353,0.32263710675394,0,3.67017253941153,0.8810732345608
"Utility","Utility",36,60,-211.07,NA,NA,428.14,439.8,0.960197768406942,0.814909122884274,0.479440535827086,0.0890736599323718,1.7319682721671,0.491239995229989
"Utility","Utility",37,50.56,-250.87,NA,NA,507.74,519.4,0.983733647270128,0.387793875532225,0.969745849889615,0.0839897511705322,0.328489497804559,0.184212701395154
"Utility","Utility",38,60.83,-207.99,NA,NA,421.98,433.64,0.640330957481638,0.661732341628522,0.0149113982895736,0.378255030338801,3.81057760687425,1.1015722423634
"Utility","Utility",39,71.67,-181.55,NA,NA,369.1,380.76,0.591888564871624,0.781977394130081,0.782570247815733,0.602803177212626,2.42352172895637,1.17335850927503
"Utility","Utility",40,60.28,-206.02,NA,NA,418.04,429.7,0.185236022341996,0.927017299691215,0.679762321360529,0.949060425184555,0.0775964513141741,0.406216487288475
"Utility","Utility",41,60.56,-205.26,NA,NA,416.52,428.18,0.5952471755445,0.540940156206489,0.33168839632388,0.661372370399945,0.376619455286375,1.71158919288757
"Utility","Utility",42,50.28,-249.53,NA,NA,505.06,516.72,0.265401779906824,0.195171546889469,0.00888232258745353,0.0254106972084967,0,0.226954524639678
"Utility","Utility",43,50.83,-249.53,NA,NA,505.06,516.72,0.604935176437721,0.398145136190578,0.599571421298031,0.010508380149632,0,0.0485801249742508
"Utility","Utility",44,60,-206.04,NA,NA,418.08,429.74,0.470244030002505,0.685449249343947,0.324497748619494,0.854477268842344,0.162134121840531,0.648697707336396
"Utility","Utility",45,57.22,-219.97,NA,NA,445.94,457.6,0.371720403432846,0.503097830805928,0.0911845825068728,0.245565841932471,0.713305831322966,0.322839245665818
"Utility","Utility",46,49.44,-249.53,NA,NA,505.06,516.72,0.361050225095823,0.370053818682209,0.165370194151185,0.011911127981547,0,0.173567070005157
"Utility","Utility",47,85.83,-110.41,NA,NA,226.82,238.48,0.594613759312779,0.789667062694207,0.695555228099582,0.6182325625675,4.47076467591783,2.04544003671947
"Utility","Utility",48,56.67,-228,NA,NA,462,473.66,0.628910263301805,0.0369398219045252,0.0824760750540316,0.406639441869182,0.294853204854426,1.35408596597136
"Utility","Utility",49,61.11,-206.29,NA,NA,418.58,430.24,0.254382238723338,0.857857148861513,0.00479484896328195,0.281346356853045,4.79464785829386,0.936107955831003
"Utility","Utility",50,60,-209.36,NA,NA,424.72,436.38,0.629901704145595,0.59963444317691,0.367276768276648,0.168010105459303,1.53501398265646,1.13030682034315
"Utility","Utility",51,59.72,-211.82,NA,NA,429.64,441.3,0.958562755258754,0.446684151422232,0.663444138320231,0.301405612901878,0.679209286337098,1.46860518856885
"Utility","Utility",52,60.83,-204.6,NA,NA,415.2,426.86,0.378760501742363,0.716149265645072,0.57572961205102,0.651376222896714,0.272684725618333,1.1838285959837
"Utility","Utility",53,57.78,-222.54,NA,NA,451.08,462.74,0.843001339351758,0.428967847023159,0.704203465881266,0.0975246558608714,1.18594164060804,0.430095953866839
"Utility","Utility",54,83.61,-123.44,NA,NA,252.88,264.54,0.111280993092805,0.926345025887713,0.0699804009577613,0.852013071000376,2.76070347976483,1.52358875974062
"Utility","Utility",55,90.56,-113.96,NA,NA,233.92,245.58,0.231767056509852,0.779834397835657,0.214568564192878,0.928506640894324,2.75864642491585,3.55762586234994
"Utility","Utility",56,69.44,-182.01,NA,NA,370.02,381.68,0.386252531083301,0.815260800998658,0.550835784768398,0.82176120596728,0.721003198687314,1.64474068483968
"Utility","Utility",57,55.28,-234.58,NA,NA,475.16,486.82,0.6529874894768,0.670282299863175,0,0,1.01065897199401,0.116263606119901
"Utility","Utility",58,55.56,-230.75,NA,NA,467.5,479.16,0.560497718863189,0.274772666627541,0.107601350818219,0.425614882876392,0.249792931267606,0.529099578669097
"Utility","Utility",59,59.44,-208.82,NA,NA,423.64,435.3,0.597106330329552,0.589335348224267,0.412424994133884,0.0144653890507224,2.41334334313484,0.931611171881569
"Utility","Utility",60,83.06,-128.81,NA,NA,263.62,275.28,0.987134294584394,0.800411853706464,0.882780981107936,0.710431664388115,2.17943736573254,1.29764714087815
"Utility","Utility",61,49.72,-249.53,NA,NA,505.06,516.72,0.718285634880885,0.565618214197457,0.255156316430512,0.0545678642586956,0,0.0649159974418581
"Utility","Utility",62,61.11,-209.24,NA,NA,424.48,436.14,0.125127220060676,0.773224814096466,0.0181051149805255,0.4427424060369,1.9269163645678,0.583291862625629
"Utility","Utility",63,51.11,-249.53,NA,NA,505.06,516.72,0.499009405029938,0.0988319513853639,0.169810982411141,0.0209027809735219,0,0.092432988807559
"Utility","Utility",64,57.5,-209.16,NA,NA,424.32,435.98,0.333673485321924,0.454882015939802,0.209737155176627,0.35421200242414,0.783223228222663,2.70696423376415
"Utility","Utility",65,50.83,-249.53,NA,NA,505.06,516.72,0.810415166895837,0.0187283449340612,0.418221699657842,0.323062421532589,0,0.165121834239408
"Utility","Utility",66,54.72,-234.59,NA,NA,475.18,486.84,0.461979309096932,0.296923782210797,0.00769473810404495,0.156337004379831,0.569716706118626,0.458040716126561
"Utility","Utility",67,53.61,-242.83,NA,NA,491.66,503.32,0.285626433324069,0.528872283641249,0.29956629903196,0.0271505237340113,0.667104500583899,0.147296045374405
"Utility","Utility",68,58.06,-209.5,NA,NA,425,436.66,0.732509626774117,0.600311974063516,0.337831584823801,0.372410221125422,0.879579216982583,0.449271724574598
"Utility","Utility",69,56.39,-211.57,NA,NA,429.14,440.8,0.977929984452203,0.529096166603267,0.137745293837215,0.432499666301203,0.645621874967971,0.751786146880371
"Utility","Utility",70,51.94,-249.01,NA,NA,504.02,515.68,0.98177181975916,0.159414226887748,0.00251021789848645,0.0534796692232019,0.431628810297286,0.477379389107227
"Utility","Utility",71,50.83,-249.53,NA,NA,505.06,516.72,0.922829337418079,0.366323065012693,0.964433095740548,0.068458531064486,0,0.0864430760253218
"Utility","Utility",72,57.78,-216.07,NA,NA,438.14,449.8,0.437475311337039,0.144657690776512,0.0993690618532862,0.148253609399617,1.17927394145859,1.51204245735464
"Utility","Utility",73,60.83,-203.2,NA,NA,412.4,424.06,0.0812403932213783,0.858433880610391,0.122430313303476,0.408180608436495,1.14363340719492,1.57674626609245
"Utility","Utility",74,50.83,-257.28,NA,NA,520.56,532.22,0.769064010120928,0.423705151304603,0.01,0.01,0.01,0.0550090870819986
"Utility","Utility",75,51.11,-249.53,NA,NA,505.06,516.72,0.27233505435288,0.0992442343849689,0.947652648993868,0.22000889957017,0,0.0195726837949201
"Utility","Utility",76,60,-209.22,NA,NA,424.44,436.1,0.714246998308226,0.356464033480734,0.496292677095194,0.13994749372235,1.37455788475647,1.33508190601589
"Utility","Utility",77,59.17,-203.21,NA,NA,412.42,424.08,0.165105299558491,0.62026000325568,0.302539222852563,0.466152193004716,0.698731673450944,2.11759630225509
"Utility","Utility",78,59.17,-213.61,NA,NA,433.22,444.88,0.948594216490164,0.818483957787976,0.910505016665377,0.107239528894507,1.40491099920352,0.400698857048743
"Utility","Utility",79,49.72,-249.53,NA,NA,505.06,516.72,0.641159480903298,0.713674181839451,0.387084486152788,0.0646279666211469,0,0.0414828715044559
"Utility","Utility",80,81.67,-130.22,NA,NA,266.44,278.1,0.602592710871249,0.798923129681498,0.755631330890735,0.638160556122721,2.98783233499332,1.65777598732141
"Utility","Utility",81,80,-119.67,NA,NA,245.34,257,0.0268326783552766,0.983408806612715,0.011386696547516,0.728946637191975,2.41001648297283,1.42827125892359
"Utility","Utility",82,51.11,-249.53,NA,NA,505.06,516.72,0.390374890295789,0.210965643869713,0.00262403133199824,0,0,0.0709301116876304
"Utility","Utility",83,50,-249.53,NA,NA,505.06,516.72,0.909624356776476,0.0655163209885359,0.560214697908734,0.042319509422303,0,0.479556284306279
"Utility","Utility",84,82.22,-126.67,NA,NA,259.34,271,0.894585720263422,0.928069569170475,0.860267400822281,0.803975702521605,1.27986212636365,0.784675157586944
"Utility","Utility",85,59.17,-211.96,NA,NA,429.92,441.58,0.16712597804144,0.591124507132918,0.0121650993078248,0.0678099721473788,4.35322788205283,0.76918393555553
"Utility","Utility",86,50.83,-249.53,NA,NA,505.06,516.72,0.0963515317998827,0.187938303221017,0.50256620046508,0.199536072780319,0,0.16646143142134
"Utility","Utility",87,93.06,-86.14,NA,NA,178.28,189.94,0.812582350103185,0.879132093861699,0.652616992589823,0.82970340764391,3.07621633686664,4.4038753097219
"Utility","Utility",88,55.83,-225.58,NA,NA,457.16,468.82,0.448961209738627,0.690639521926641,0.00499625284335584,0.10886982673015,0.93994953524279,0.123227803417321
"Utility","Utility",89,58.06,-212.2,NA,NA,430.4,442.06,0.352596259210259,0.519048273330554,0.00852315177819068,0.110580290442552,4.83102323419487,0.771270071114314
"Utility","Utility",90,60,-208.4,NA,NA,422.8,434.46,0.7131295024883,0.112127762287855,0.482348176026391,0.139571493977224,1.4275048345209,3.4174234716404
"Utility","Utility",91,50.28,-249.53,NA,NA,505.06,516.72,0.102771484525874,0.0985191510990262,0.501094912775878,0.02901233569537,0,0.348240172024816
"Utility","Utility",92,50,-256.8,NA,NA,519.6,531.26,0.14997310237959,0.461772011825815,0.01,0.01,0.01,0.261333189609714
"Utility","Utility",93,59.17,-205.56,NA,NA,417.12,428.78,0.435881547397003,0.7804279406555,0.372869153247024,0.405750129774255,0.823574224234547,0.681397345848382
"Utility","Utility",94,92.78,-83.68,NA,NA,173.36,185.02,0.975024477113038,0.799848798895255,0.902817512890548,0.940590731548215,1.81164346437144,4.33281822849937
"Utility","Utility",95,57.78,-208.73,NA,NA,423.46,435.12,0.723246149485931,0.623378630494699,0.312925954110519,0.372022676233193,0.882159148793247,0.45622572209686
"Utility","Utility",96,57.22,-219.69,NA,NA,445.38,457.04,0.323681306792423,0.444453429430723,0.0994679720431791,0,1.74541507115431,0.446843124460429
"Utility","Utility",97,50.28,-249.53,NA,NA,505.06,516.72,0.521510650403798,0.40949847153388,0.445166500585157,0.0972199106628211,0,0.118169202112595
"Utility","Utility",98,61.94,-203.9,NA,NA,413.8,425.46,0.418908317107707,0.978637758642435,0.372712036934979,0.253001313321853,1.98981277972044,0.211078092921525
"Utility","Utility",99,58.89,-212.95,NA,NA,431.9,443.56,0.78953983867541,0.418743934947997,0.919846020905935,0.421487360472869,0.45184187232174,2.49348991278757
"Utility","Utility",100,53.06,-242.65,NA,NA,491.3,502.96,0.956703607924283,0.607802340993658,0.628117464098654,0.256435036542878,0.291912334461045,0.108669338996542
