"simulate_model","fit_model","iteration","ACC","LogL","LogPr","LogPo","AIC","BIC","input_param_1","input_param_2","output_param_1","output_param_2","output_param_3","input_param_3"
"TD","TD",1,99.72,51.2388144411257,NA,NA,106.477628882251,114.249836945152,0.643091264180839,0.83357874206723,0.692799297304533,0.824539950872107,NA,NA
"TD","TD",2,99.72,24.276941264499,NA,NA,52.5538825289981,60.3260905918984,0.724670132622123,1.43561604238095,0.666875543517892,1.23071463290752,NA,NA
"TD","TD",3,99.72,18.0237498407763,NA,NA,40.0474996815526,47.8197077444529,0.950232450617477,2.03779015681686,0.99999,1.50816710708431,NA,NA
"TD","TD",4,98.89,185.642096894389,NA,NA,375.284193788777,383.056401851677,0.682289758697152,0.0720224548131227,0.653116077913025,0.0977634241302779,NA,NA
"TD","TD",5,99.44,55.6265647725596,NA,NA,115.253129545119,123.02533760802,0.200363578274846,1.00568439900399,0.25568210802152,1.02186875014758,NA,NA
"TD","TD",6,85,192.355330000098,NA,NA,388.710660000196,396.482868063096,0.321220333920792,0.298665664158762,0.00787095240003941,0.149600167715847,NA,NA
"TD","TD",7,98.61,198.742262723767,NA,NA,401.484525447534,409.256733510435,0.571441247593611,0.0502132950350642,0.633724495675749,0.0599414401215564,NA,NA
"TD","TD",8,87.78,166.070263715835,NA,NA,336.140527431669,343.912735494569,0.973066303646192,0.392999498639256,0.00741661042757794,0.254897508748338,NA,NA
"TD","TD",9,97.5,243.968007100839,NA,NA,491.936014201678,499.708222264579,0.895209939451888,0.0054737395918251,0.99999,0.00858533186677244,NA,NA
"TD","TD",10,99.72,143.739414657961,NA,NA,291.478829315922,299.251037378822,0.0494146177079529,0.507862410508096,0.0484747417688671,0.513313466498602,NA,NA
"TD","TD",11,98.33,181.551017281589,NA,NA,367.102034563179,374.874242626079,0.197620301274583,0.18983699940145,0.315222280396929,0.168032864599314,NA,NA
"TD","TD",12,96.11,137.770260507655,NA,NA,279.540521015309,287.312729078209,0.0560640415642411,0.566026730462909,0.0531029690284929,0.605076543301378,NA,NA
"TD","TD",13,94.17,93.4030834820111,NA,NA,190.806166964022,198.578375026923,0.051307131536305,1.23247370731968,0.0435235797116208,1.43595131924154,NA,NA
"TD","TD",14,90,189.571601265647,NA,NA,383.143202531294,390.915410594194,0.989872474921867,0.208000437050192,0.00556658349201591,0.164041794371667,NA,NA
"TD","TD",15,99.17,76.2237341263533,NA,NA,156.447468252707,164.219676315607,0.711294803768396,0.57632797351107,0.664180023306106,0.604111205862094,NA,NA
"TD","TD",16,96.94,239.466655054064,NA,NA,482.933310108128,490.705518171028,0.0768930825870484,0.00966986734420061,0.450048679886014,0.0132521094009733,NA,NA
"TD","TD",17,100,18.0865773024432,NA,NA,40.1731546048864,47.9453626677867,0.797194604296237,2.5054881726885,0.78397048329581,9.99999,NA,NA
"TD","TD",18,100,28.0745923618493,NA,NA,60.1491847236985,67.9213927865988,0.731893435353413,1.27495420533688,0.64327948341022,1.15621216636879,NA,NA
"TD","TD",19,98.61,61.0355651931224,NA,NA,126.071130386245,133.843338449145,0.809085062006488,0.797056699129653,0.672305878977397,0.659830088053135,NA,NA
"TD","TD",20,100,20.4626414628851,NA,NA,44.9252829257702,52.6974909886705,0.511981163173914,2.39124982816227,0.509605111726094,2.39813530841382,NA,NA
"TD","TD",21,99.44,39.561140782886,NA,NA,83.122281565772,90.8944896286723,0.226354157319292,1.66897989056053,0.246750636445231,1.7269755512989,NA,NA
"TD","TD",22,100,58.939510552963,NA,NA,121.879021105926,129.651229168826,0.300222688354552,0.955442077438247,0.311712368369574,0.916270392257609,NA,NA
"TD","TD",23,99.72,18.0237498407763,NA,NA,40.0474996815526,47.8197077444529,0.984172471100464,1.69604673600736,0.99999,1.50816710708431,NA,NA
"TD","TD",24,95,162.140048533735,NA,NA,328.280097067469,336.052305130369,0.540354023920372,0.234106497689865,0.306356415744341,0.227858084466957,NA,NA
"TD","TD",25,86.94,179.803088488654,NA,NA,363.606176977308,371.378385040208,0.870058757020161,0.327183235902339,0.00352917910464268,0.18410344895449,NA,NA
"TD","TD",26,91.39,81.4246418401644,NA,NA,166.849283680329,174.621491743229,0.0660558908712119,1.97567781611326,0.0589321968617745,0.798145622551888,NA,NA
"TD","TD",27,89.17,181.836505412316,NA,NA,367.673010824632,375.445218887533,0.973287776112556,0.260513227898628,0.00326091281175062,0.182543391814007,NA,NA
"TD","TD",28,99.72,51.7981678152317,NA,NA,107.596335630463,115.368543693364,0.290595552418381,1.05573849655212,0.294915767770469,1.0354377500289,NA,NA
"TD","TD",29,89.72,188.950001755646,NA,NA,381.900003511292,389.672211574192,0.988910319516435,0.211397308856249,0.00604418150356251,0.171414445553399,NA,NA
"TD","TD",30,100,25.612070443356,NA,NA,55.224140886712,62.9963489496123,0.329378831898794,2.0851063261411,0.324631278359993,2.13009855585873,NA,NA
"TD","TD",31,97.5,99.0482002778349,NA,NA,202.09640055567,209.86860861857,0.11878991080448,0.835414388175023,0.11900902378927,1.05223966710457,NA,NA
"TD","TD",32,96.11,155.074710884382,NA,NA,314.149421768764,321.921629831665,0.0508385861758143,0.410096168983728,0.0730258060091718,0.40497877238572,NA,NA
"TD","TD",33,99.72,51.2388144411257,NA,NA,106.477628882251,114.249836945152,0.684979062527418,0.756628525771442,0.692799288696989,0.824539955895627,NA,NA
"TD","TD",34,98.61,185.991047441931,NA,NA,375.982094883862,383.754302946762,0.842564480379224,0.0599249633960426,0.708779800145296,0.0865458898609396,NA,NA
"TD","TD",35,100,23.1133045031088,NA,NA,50.2266090062176,57.9988170691179,0.27115519088693,2.69503675574873,0.274232026388757,3.17047943927776,NA,NA
"TD","TD",36,79.17,179.828030925157,NA,NA,363.656061850314,371.428269913214,0.779200294986367,0.457588243763894,0.00288015823845292,0.180371381372474,NA,NA
"TD","TD",37,99.72,18.0237498407763,NA,NA,40.0474996815526,47.8197077444529,0.982565350597724,3.92570209977795,0.99999,1.50816710708431,NA,NA
"TD","TD",38,95.28,158.5688179704,NA,NA,321.137635940801,328.909844003701,0.533772448310629,0.225168376229703,0.753961538748312,0.197711805219014,NA,NA
"TD","TD",39,97.5,54.258175684605,NA,NA,112.51635136921,120.28855943211,0.128862570039928,1.75030500992181,0.33918385222678,1.15621047444211,NA,NA
"TD","TD",40,98.61,189.74774177099,NA,NA,383.495483541981,391.267691604881,0.420502026332542,0.0828633031448371,0.615572457065727,0.0830747890990919,NA,NA
"TD","TD",41,99.44,36.6158753602597,NA,NA,77.2317507205194,85.0039587834198,0.860091791022569,1.2001721150753,0.868516141378323,1.9439324464328,NA,NA
"TD","TD",42,83.89,186.930444161003,NA,NA,377.860888322006,385.633096384907,0.633000507717952,0.316391955215622,0.00806895346083358,0.195565966260315,NA,NA
"TD","TD",43,100,21.1360730277662,NA,NA,46.2721460555324,54.0443541184327,0.512010124279186,2.01376353887389,0.463152894621959,2.68505807626791,NA,NA
"TD","TD",44,100,15.1755653858004,NA,NA,34.3511307716007,42.123338834501,0.4054856733419,3.89528230370438,0.380098818509855,7.63449733930522,NA,NA
"TD","TD",45,85.56,192.259672533251,NA,NA,388.519345066503,396.291553129403,0.319981756620109,0.264156529679894,0.00834010095125588,0.151421572549868,NA,NA
"TD","TD",46,100,26.4484082526769,NA,NA,56.8968165053537,64.669024568254,0.947748523205519,1.36391219958187,0.970339704711216,1.15707432290578,NA,NA
"TD","TD",47,98.33,41.5531244089486,NA,NA,87.1062488178972,94.8784568807976,0.885661983396858,1.4762263855988,0.994921926718839,1.15620946377932,NA,NA
"TD","TD",48,96.39,188.584652617861,NA,NA,381.169305235722,388.941513298623,0.119032545015216,0.210982074495405,0.40006507085747,0.106987879290742,NA,NA
"TD","TD",49,99.17,63.7702626623097,NA,NA,131.540525324619,139.31273338752,0.931592519162223,0.648705839645118,0.95145957024184,0.701791675651051,NA,NA
"TD","TD",50,100,18.0865773024432,NA,NA,40.1731546048864,47.9453626677867,0.753800751408562,2.89878896835935,0.78397048329581,9.99999,NA,NA
"TD","TD",51,93.06,167.94626793519,NA,NA,339.892535870379,347.66474393328,0.080542077543214,0.38312963815406,0.0126599835436303,0.304769241331772,NA,NA
"TD","TD",52,99.72,137.709761625597,NA,NA,279.419523251194,287.191731314094,0.0462017410900444,0.577519766520709,0.0428011164160711,0.579794311670676,NA,NA
"TD","TD",53,96.11,76.9734422087703,NA,NA,157.946884417541,165.719092480441,0.407168375095353,0.8810732345608,0.38407698775448,3.94844333709012,NA,NA
"TD","TD",54,99.44,60.7896507275354,NA,NA,125.579301455071,133.351509517971,0.960197768406942,0.629818245768547,0.99999,0.700297356590284,NA,NA
"TD","TD",55,99.44,184.809007552774,NA,NA,373.618015105548,381.390223168449,0.745619997614995,0.0838289222957155,0.709424097752335,0.0863536330298229,NA,NA
"TD","TD",56,98.61,169.244661924335,NA,NA,342.489323848671,350.261531911571,0.387793875532225,0.184212701395154,0.441284043352945,0.200341551572192,NA,NA
"TD","TD",57,83.89,186.930444161003,NA,NA,377.860888322006,385.633096384907,0.640330957481638,0.323464683257043,0.00806895346083358,0.195565966260315,NA,NA
"TD","TD",58,99.17,167.590004432707,NA,NA,339.180008865414,346.952216928314,0.46626549679786,0.183777129743248,0.487154426420902,0.197017792103491,NA,NA
"TD","TD",59,100,28.0745923618493,NA,NA,60.1491847236985,67.9213927865988,0.781977394130081,1.17335850927503,0.64327948341022,1.15621216636879,NA,NA
"TD","TD",60,96.67,188.768259473304,NA,NA,381.536518946608,389.308727009508,0.185236022341996,0.162097267924749,0.479414180776574,0.0992388951252684,NA,NA
"TD","TD",61,86.67,195.907303554296,NA,NA,395.814607108592,403.586815171492,0.703108243644238,0.190494351089001,0.0141755198729751,0.124013239043876,NA,NA
"TD","TD",62,99.44,24.7833767553052,NA,NA,53.5667535106103,61.3389615735106,0.540940156206489,1.71158919288757,0.609739457523635,1.21301617750858,NA,NA
"TD","TD",63,100,32.7042329399267,NA,NA,69.4084658798533,77.1806739427536,0.265401779906824,1.94766673623564,0.261020202265429,1.73712759238819,NA,NA
"TD","TD",64,88.06,191.566474580958,NA,NA,387.132949161915,394.905157224816,0.897607917198911,0.209870352875441,0.00577597348359043,0.149337163159667,NA,NA
"TD","TD",65,98.33,200.602725272808,NA,NA,405.205450545616,412.977658608516,0.398145136190578,0.0485801249742508,0.676183757593154,0.0558920529140911,NA,NA
"TD","TD",66,80.56,186.69929941238,NA,NA,377.398598824761,385.170806887661,0.470244030002505,0.370898498687893,0.0126436484734364,0.21999319560043,NA,NA
"TD","TD",67,97.22,60.9982789114631,NA,NA,125.996557822926,133.768765885827,0.824348853668198,1.18002879429133,0.603595147865663,1.15621862873649,NA,NA
"TD","TD",68,81.94,190.915792409536,NA,NA,385.831584819072,393.603792881972,0.503097830805928,0.322839245665818,0.0126876757242773,0.181906905947738,NA,NA
"TD","TD",69,99.44,37.2162369779802,NA,NA,78.4324739559604,86.2046820188607,0.361050225095823,1.17336245528878,0.356999878296403,1.20227216402247,NA,NA
"TD","TD",70,89.17,191.643432765513,NA,NA,387.286865531026,395.059073593926,0.964988884748891,0.189227518625557,0.00538886458812286,0.146936049838111,NA,NA
"TD","TD",71,100,18.0865773024432,NA,NA,40.1731546048864,47.9453626677867,0.789667062694207,2.04544003671947,0.78397048329581,9.99999,NA,NA
"TD","TD",72,99.44,20.1216845823957,NA,NA,44.2433691647914,52.0155772276917,0.628910263301805,2.95466302318459,0.660809089415421,1.3753456715218,NA,NA
"TD","TD",73,98.06,64.6422867207071,NA,NA,133.284573441414,141.056781504315,0.415234696352854,0.710676135453296,0.404275046863037,0.903358949160756,NA,NA
"TD","TD",74,97.78,62.8031032499649,NA,NA,129.60620649993,137.37841456283,0.857857148861513,0.936107955831003,0.912869063614101,0.744080506555658,NA,NA
"TD","TD",75,100,156.352799938712,NA,NA,316.705599877424,324.477807940325,0.629901704145595,0.199268886353821,0.630093107229932,0.208135667576283,NA,NA
"TD","TD",76,81.94,185.835190667327,NA,NA,375.670381334653,383.442589397554,0.359289909945801,0.364497002285354,0.00754844736023649,0.1803502720021,NA,NA
"TD","TD",77,100,27.8716298507939,NA,NA,59.7432597015878,67.5154677644881,0.446684151422232,1.46860518856885,0.411655479960398,1.47947546679073,NA,NA
"TD","TD",78,81.67,181.726773004386,NA,NA,367.453546008772,375.225754071672,0.378760501742363,0.432298531290144,0.0100841188720336,0.244831500220949,NA,NA
"TD","TD",79,95.56,87.775537310438,NA,NA,179.551074620876,187.323282683776,0.372670353855938,0.686002678703517,0.362386431812456,3.7838929438152,NA,NA
"TD","TD",80,79.17,186.454779698513,NA,NA,376.909559397026,384.681767459927,0.428967847023159,0.430095953866839,0.00280793177388013,0.149887290535853,NA,NA
"TD","TD",81,98.61,210.906585851578,NA,NA,425.813171703155,433.585379766056,0.111280993092805,0.0420480497825296,0.0338481781148646,0.0455866627023351,NA,NA
"TD","TD",82,99.17,45.1439595813731,NA,NA,94.2879191627462,102.060127225647,0.142161799827591,1.60663627263189,0.227112055846501,1.19148005191875,NA,NA
"TD","TD",83,100,18.0865773024432,NA,NA,40.1731546048864,47.9453626677867,0.779834397835657,3.55762586234994,0.78397048329581,9.99999,NA,NA
"TD","TD",84,92.22,113.837504900136,NA,NA,231.675009800272,239.447217863172,0.386252531083301,0.630521601997316,0.676193209855653,0.549738761615961,NA,NA
"TD","TD",85,85,192.236894947532,NA,NA,388.473789895064,396.245997957965,0.23896856745705,0.3059749789536,0.00871713678660102,0.15281063857023,NA,NA
"TD","TD",86,99.44,181.941309501725,NA,NA,367.882619003451,375.654827066351,0.670282299863175,0.116263606119901,0.604529825365033,0.114133497852949,NA,NA
"TD","TD",87,100,53.3727916943825,NA,NA,110.745583388765,118.517791451665,0.560497718863189,0.79223784707011,0.49793101911452,0.843026787757732,NA,NA
"TD","TD",88,88.61,193.194903855242,NA,NA,390.389807710483,398.162015773383,0.915246691787615,0.194212660659105,0.00776088467353892,0.139163936864591,NA,NA
"TD","TD",89,99.44,48.1325317559517,NA,NA,100.265063511903,108.037271574804,0.589335348224267,0.931611171881569,0.692451940692649,0.856927426535706,NA,NA
"TD","TD",90,99.72,69.70086997635,NA,NA,143.4017399527,151.1739480156,0.987134294584394,0.600823707412928,0.977235500300326,0.604038018110574,NA,NA
"TD","TD",91,81.67,181.726773004386,NA,NA,367.453546008772,375.225754071672,0.401124990079552,0.436571269761771,0.0100841188720336,0.244831500220949,NA,NA
"TD","TD",92,98.61,188.019154800238,NA,NA,380.038309600475,387.810517663376,0.565618214197457,0.0649159974418581,0.718355737744267,0.0843828421436203,NA,NA
"TD","TD",93,82.22,171.976441024007,NA,NA,347.952882048015,355.725090110915,0.125127220060676,0.546449628192931,0.00515721999321672,0.228416584251218,NA,NA
"TD","TD",94,99.17,55.4084871825508,NA,NA,114.816974365102,122.589182428002,0.791645931312814,0.766796249431272,0.667914751961941,0.65173509370275,NA,NA
"TD","TD",95,100,198.711386061957,NA,NA,401.422772123915,409.194980186815,0.0988319513853639,0.092432988807559,0.0648447571360145,0.093941258979998,NA,NA
"TD","TD",96,99.72,62.2074424859215,NA,NA,128.414884971843,136.187093034743,0.333673485321924,0.79963922020125,0.31638172185897,0.87275913978407,NA,NA
"TD","TD",97,83.89,160.050887014555,NA,NA,324.101774029111,331.873982092011,0.10172016825527,0.620830333791673,0.0167682733581459,0.312738972447989,NA,NA
"TD","TD",98,99.17,195.097086727477,NA,NA,394.194173454955,401.966381517855,0.0187283449340612,0.165121834239408,0.0155132630702202,0.140895877110016,NA,NA
"TD","TD",99,99.17,50.8447894656348,NA,NA,105.68957893127,113.46178699417,0.461979309096932,0.880842309403134,0.453075510356157,0.9466668078811,NA,NA
"TD","TD",100,100,49.9882795568184,NA,NA,103.976559113637,111.748767176537,0.729020358063281,0.83565291385622,0.716329223191095,0.840275188393267,NA,NA
"TD","RSTD",1,99.44,53.1205108295045,NA,NA,112.241021659009,123.899333753359,0.643091264180839,0.83357874206723,0.971118069012377,0.72166224894663,0.758392231686508,NA
"TD","RSTD",2,99.72,24.2874492671398,NA,NA,54.5748985342797,66.2332106286302,0.724670132622123,1.43561604238095,0.965834614719532,0.728838292320834,1.19505035586859,NA
"TD","RSTD",3,99.72,18.0237437057297,NA,NA,42.0474874114594,53.7057995058099,0.950232450617477,2.03779015681686,0.416361874763028,0.99999,1.5081567832793,NA
"TD","RSTD",4,95.28,191.736605918723,NA,NA,389.473211837445,401.131523931796,0.682289758697152,0.0720224548131227,0.246111515151021,0.17682044548195,0.170709634428576,NA
"TD","RSTD",5,98.06,57.8901229051821,NA,NA,121.780245810364,133.438557904715,0.200363578274846,1.00568439900399,0.576502988285836,0.397985437930492,0.781114701147067,NA
"TD","RSTD",6,96.67,157.599118196144,NA,NA,321.198236392289,332.856548486639,0.321220333920792,0.298665664158762,0.278437046787605,0.218750069504962,0.322092314310592,NA
"TD","RSTD",7,97.22,201.848520346377,NA,NA,409.697040692753,421.355352787104,0.571441247593611,0.0502132950350642,0.346471616458991,0.202392733668128,0.0874662438562625,NA
"TD","RSTD",8,89.17,156.791099417736,NA,NA,319.582198835471,331.240510929822,0.973066303646192,0.392999498639256,0.0163222094697169,1e-05,0.414352431316294,NA
"TD","RSTD",9,97.22,244.009197000817,NA,NA,494.018394001634,505.676706095985,0.895209939451888,0.0054737395918251,0.364764891815255,0.0164309928619815,0.00938140997754486,NA
"TD","RSTD",10,95.28,145.951054655009,NA,NA,297.902109310018,309.560421404368,0.0494146177079529,0.507862410508096,0.0174720071739044,0.00663470929316206,0.467096468205656,NA
"TD","RSTD",11,97.5,181.761359902512,NA,NA,369.522719805023,381.181031899374,0.197620301274583,0.18983699940145,0.407924997051931,0.302746596224098,0.150112879874171,NA
"TD","RSTD",12,97.22,138.415378095189,NA,NA,282.830756190378,294.489068284728,0.0560640415642411,0.566026730462909,0.0480173535486127,0.0541120963844777,0.490212021841598,NA
"TD","RSTD",13,97.78,83.3798191947006,NA,NA,172.759638389401,184.417950483752,0.051307131536305,1.23247370731968,0.0678326109078418,0.0889493952092022,1.0139945517967,NA
"TD","RSTD",14,89.44,184.773347073142,NA,NA,375.546694146285,387.205006240635,0.989872474921867,0.208000437050192,0.0267974805618518,1e-05,0.178112294246558,NA
"TD","RSTD",15,99.17,77.068084773787,NA,NA,160.136169547574,171.794481641924,0.711294803768396,0.57632797351107,0.986273174099097,0.763946543152094,0.59362194128388,NA
"TD","RSTD",16,96.67,239.010368586728,NA,NA,484.020737173457,495.679049267807,0.0768930825870484,0.00966986734420061,0.327868924656347,0.0507437839279504,0.0147137674266418,NA
"TD","RSTD",17,100,18.0865773024733,NA,NA,42.1731546049465,53.831466699297,0.797194604296237,2.5054881726885,0.789450728403397,0.78186507046371,9.89452100700942,NA
"TD","RSTD",18,100,28.1160661996491,NA,NA,62.2321323992982,73.8904444936487,0.731893435353413,1.27495420533688,0.972784029576932,0.718975646445865,1.15623682042011,NA
"TD","RSTD",19,94.17,104.932995334855,NA,NA,215.865990669709,227.52430276406,0.809085062006488,0.797056699129653,0.978891260280132,0.661979593270225,2.82745866622806,NA
"TD","RSTD",20,99.44,19.8374898694942,NA,NA,45.6749797389885,57.333291833339,0.511981163173914,2.39124982816227,0.974907593684249,0.615714314482541,1.4282177483663,NA
"TD","RSTD",21,97.5,59.1478641766568,NA,NA,124.295728353314,135.954040447664,0.226354157319292,1.66897989056053,0.405793249133691,0.36500095316612,4.77066231676679,NA
"TD","RSTD",22,100,58.8224717189541,NA,NA,123.644943437908,135.303255532259,0.300222688354552,0.955442077438247,0.30314004521198,0.2998831092292,0.938190172507294,NA
"TD","RSTD",23,99.72,18.0237437057297,NA,NA,42.0474874114594,53.7057995058099,0.984172471100464,1.69604673600736,0.416361874763028,0.99999,1.5081567832793,NA
"TD","RSTD",24,90,175.019258754371,NA,NA,356.038517508742,367.696829603093,0.540354023920372,0.234106497689865,0.15136125499651,0.0897357426459021,0.250895929450242,NA
"TD","RSTD",25,89.17,173.805746339153,NA,NA,353.611492678305,365.269804772656,0.870058757020161,0.327183235902339,0.0156228203788902,1e-05,0.302968771984807,NA
"TD","RSTD",26,89.44,91.8755503124597,NA,NA,189.751100624919,201.40941271927,0.0660558908712119,1.97567781611326,0.0763372184830844,0.104787962608783,0.683419059872424,NA
"TD","RSTD",27,82.22,186.27392543558,NA,NA,378.54785087116,390.20616296551,0.973287776112556,0.260513227898628,0.0273855815378411,1e-05,0.0989965984015373,NA
"TD","RSTD",28,96.11,83.3395623158528,NA,NA,172.679124631706,184.337436726056,0.290595552418381,1.05573849655212,0.585096681157321,0.442955244173487,2.51366078179471,NA
"TD","RSTD",29,88.33,184.656007631684,NA,NA,375.312015263368,386.970327357719,0.988910319516435,0.211397308856249,0.0268409728216623,1.00449688618005e-05,0.163367850547419,NA
"TD","RSTD",30,100,25.5019362727015,NA,NA,57.003872545403,68.6621846397534,0.329378831898794,2.0851063261411,0.455823571421184,0.392615154335312,2.273440484031,NA
"TD","RSTD",31,97.22,96.8542762372306,NA,NA,199.708552474461,211.366864568812,0.11878991080448,0.835414388175023,0.142401607666632,0.128757756120405,0.676135007738516,NA
"TD","RSTD",32,95,158.05924675626,NA,NA,322.118493512521,333.776805606871,0.0508385861758143,0.410096168983728,0.0132434216610472,1e-05,0.326916817197615,NA
"TD","RSTD",33,99.44,52.2459747352474,NA,NA,110.491949470495,122.150261564845,0.684979062527418,0.756628525771442,0.922430191694557,0.718153904894872,0.795357167498879,NA
"TD","RSTD",34,93.61,192.802692825177,NA,NA,391.605385650355,403.263697744705,0.842564480379224,0.0599249633960426,0.330462139246872,0.233037383074117,0.168558203851928,NA
"TD","RSTD",35,98.33,36.5028806387243,NA,NA,79.0057612774487,90.6640733717991,0.27115519088693,2.69503675574873,0.428408817818638,0.35473328827405,2.05954819259517,NA
"TD","RSTD",36,87.22,156.275801344363,NA,NA,318.551602688727,330.209914783077,0.779200294986367,0.457588243763894,0.0264197643584725,1e-05,0.422471875464832,NA
"TD","RSTD",37,99.72,18.0237437057297,NA,NA,42.0474874114594,53.7057995058099,0.982565350597724,3.92570209977795,0.416361874763028,0.99999,1.5081567832793,NA
"TD","RSTD",38,96.39,158.097723812452,NA,NA,322.195447624904,333.853759719255,0.533772448310629,0.225168376229703,0.420712465079645,0.329876023774122,0.237204014850881,NA
"TD","RSTD",39,94.44,67.3636849281662,NA,NA,140.727369856332,152.385681950683,0.128862570039928,1.75030500992181,0.966637822200815,0.530925500658649,0.833302093143964,NA
"TD","RSTD",40,97.22,190.822404647452,NA,NA,387.644809294904,399.303121389254,0.420502026332542,0.0828633031448371,0.389326263114874,0.30182304892741,0.106679781625233,NA
"TD","RSTD",41,99.44,35.8159431017336,NA,NA,77.6318862034673,89.2901982978177,0.860091791022569,1.2001721150753,0.39878916488292,0.743965505782356,5.56032720150648,NA
"TD","RSTD",42,81.94,184.663551105779,NA,NA,375.327102211559,386.985414305909,0.633000507717952,0.316391955215622,0.0270490310124182,1e-05,0.136899811134942,NA
"TD","RSTD",43,98.61,33.0797068425278,NA,NA,72.1594136850555,83.817725779406,0.512010124279186,2.01376353887389,0.97551571899601,0.618615777540622,1.15626568122509,NA
"TD","RSTD",44,99.72,20.8612436795451,NA,NA,47.7224873590902,59.3807994534407,0.4054856733419,3.89528230370438,0.956697733441159,0.542741848817338,2.60734568802092,NA
"TD","RSTD",45,86.39,186.929397519025,NA,NA,379.858795038049,391.5171071324,0.319981756620109,0.264156529679894,0.142475142037295,0.0615694966131646,0.156956902221268,NA
"TD","RSTD",46,100,26.2589745827948,NA,NA,58.5179491655896,70.1762612599401,0.947748523205519,1.36391219958187,0.334065624439583,0.982979660626406,1.15621021730359,NA
"TD","RSTD",47,98.33,44.3450434004708,NA,NA,94.6900868009416,106.348398895292,0.885661983396858,1.4762263855988,0.517108274866558,0.856084540207832,3.87009980175426,NA
"TD","RSTD",48,95,189.681522318231,NA,NA,385.363044636463,397.021356730813,0.119032545015216,0.210982074495405,0.216697861265975,0.168575066331511,0.155118532752388,NA
"TD","RSTD",49,95.83,83.8809847567477,NA,NA,173.761969513495,185.420281607846,0.931592519162223,0.648705839645118,0.99993160840775,0.91505013249051,2.44606749348472,NA
"TD","RSTD",50,100,18.0865773024733,NA,NA,42.1731546049465,53.831466699297,0.753800751408562,2.89878896835935,0.789450728403397,0.78186507046371,9.89452100700942,NA
"TD","RSTD",51,93.61,162.774015547188,NA,NA,331.548031094375,343.206343188726,0.080542077543214,0.38312963815406,0.0279981492356017,0.0141462012813811,0.36175311502749,NA
"TD","RSTD",52,94.17,140.219933016187,NA,NA,286.439866032375,298.098178126725,0.0462017410900444,0.577519766520709,0.0287348107750405,0.019628180859016,0.426001130912528,NA
"TD","RSTD",53,98.61,59.1428545640904,NA,NA,124.285709128181,135.944021222531,0.407168375095353,0.8810732345608,0.96114621403717,0.545663444329474,0.750826763729215,NA
"TD","RSTD",54,96.11,80.7845133093441,NA,NA,167.569026618688,179.227338713039,0.960197768406942,0.629818245768547,0.98578025092905,0.910518365506792,4.36639885717766,NA
"TD","RSTD",55,94.17,190.9315685357,NA,NA,387.8631370714,399.52144916575,0.745619997614995,0.0838289222957155,0.327461320175804,0.309038746311394,0.168281074693367,NA
"TD","RSTD",56,98.33,169.271552943039,NA,NA,344.543105886078,356.201417980429,0.387793875532225,0.184212701395154,0.415697910000368,0.327037409540606,0.203511584094418,NA
"TD","RSTD",57,81.94,184.663551105779,NA,NA,375.327102211559,386.985414305909,0.640330957481638,0.323464683257043,0.0270490310124182,1e-05,0.136899811134942,NA
"TD","RSTD",58,98.06,167.977527232795,NA,NA,341.95505446559,353.613366559941,0.46626549679786,0.183777129743248,0.448319470148336,0.370203212232675,0.208312823885111,NA
"TD","RSTD",59,100,28.1160661996491,NA,NA,62.2321323992982,73.8904444936487,0.781977394130081,1.17335850927503,0.972784029576932,0.718975646445865,1.15623682042011,NA
"TD","RSTD",60,97.5,188.311635055539,NA,NA,382.623270111078,394.281582205428,0.185236022341996,0.162097267924749,0.341194080745292,0.279056313323456,0.120443380134557,NA
"TD","RSTD",61,93.61,175.823844220583,NA,NA,357.647688441166,369.306000535516,0.703108243644238,0.190494351089001,0.394570442562138,0.33303590013182,0.193137017157198,NA
"TD","RSTD",62,99.44,24.9572201952292,NA,NA,55.9144403904584,67.5727524848088,0.540940156206489,1.71158919288757,0.888287119650709,0.681669755779919,1.18556053058785,NA
"TD","RSTD",63,99.17,32.307114682652,NA,NA,70.6142293653039,82.2725414596544,0.265401779906824,1.94766673623564,0.39092990461319,0.328011764218504,1.30618520305105,NA
"TD","RSTD",64,89.17,186.213629805506,NA,NA,378.427259611011,390.085571705362,0.897607917198911,0.209870352875441,0.0268136170337458,1.00132951552087e-05,0.16868186800043,NA
"TD","RSTD",65,97.5,201.248045425977,NA,NA,408.496090851954,420.154402946305,0.398145136190578,0.0485801249742508,0.499107919572576,0.26501086786037,0.0658474098648537,NA
"TD","RSTD",66,89.17,149.598847820449,NA,NA,305.197695640899,316.856007735249,0.470244030002505,0.370898498687893,0.703887632281537,0.431727268890253,0.274135227618699,NA
"TD","RSTD",67,96.94,59.013805035813,NA,NA,124.027610071626,135.685922165976,0.824348853668198,1.18002879429133,0.980413114491584,0.662915370599296,2.93795001357797,NA
"TD","RSTD",68,95.28,142.988930538883,NA,NA,291.977861077766,303.636173172117,0.503097830805928,0.322839245665818,0.404305406160592,0.296284754504132,0.293485619143432,NA
"TD","RSTD",69,98.61,46.2356773999666,NA,NA,98.4713547999331,110.129666894284,0.361050225095823,1.17336245528878,0.945957864928705,0.534390243220537,0.991859143138758,NA
"TD","RSTD",70,89.72,187.90535286066,NA,NA,381.81070572132,393.469017815671,0.964988884748891,0.189227518625557,0.018243486369317,1e-05,0.198492786713423,NA
"TD","RSTD",71,100,18.0865773024733,NA,NA,42.1731546049465,53.831466699297,0.789667062694207,2.04544003671947,0.789450728403397,0.78186507046371,9.89452100700942,NA
"TD","RSTD",72,99.44,20.1849758199967,NA,NA,46.3699516399933,58.0282637343438,0.628910263301805,2.95466302318459,0.957113190421907,0.722740131696304,1.33507157409086,NA
"TD","RSTD",73,93.33,116.516975309331,NA,NA,239.033950618662,250.692262713012,0.415234696352854,0.710676135453296,0.978205721124297,0.612557549824958,1.93456844125205,NA
"TD","RSTD",74,97.22,73.9559088303474,NA,NA,153.911817660695,165.570129755045,0.857857148861513,0.936107955831003,0.968571644589428,0.895434019887484,6.05891292065846,NA
"TD","RSTD",75,92.78,169.383364760232,NA,NA,344.766729520464,356.425041614814,0.629901704145595,0.199268886353821,0.269129800889478,0.191197881861565,0.238359734459196,NA
"TD","RSTD",76,85.83,171.903810144257,NA,NA,349.807620288514,361.465932382864,0.359289909945801,0.364497002285354,0.0268665767409358,0.000645266743922506,0.315054224716635,NA
"TD","RSTD",77,99.17,39.8911090928838,NA,NA,85.7822181857676,97.4405302801181,0.446684151422232,1.46860518856885,0.980911638730226,0.608476417256804,1.15654941246005,NA
"TD","RSTD",78,91.94,154.299522293337,NA,NA,314.599044586675,326.257356681025,0.378760501742363,0.432298531290144,0.557485565793396,0.209705234507272,0.400990273970283,NA
"TD","RSTD",79,97.22,68.135573792289,NA,NA,142.271147584578,153.929459678929,0.372670353855938,0.686002678703517,0.961357420168083,0.529032824014359,0.798890170328701,NA
"TD","RSTD",80,89.72,142.743185162584,NA,NA,291.486370325167,303.144682419518,0.428967847023159,0.430095953866839,0.129153851133859,0.0820002834103357,0.454126025850176,NA
"TD","RSTD",81,98.33,209.871821513116,NA,NA,425.743643026232,437.401955120582,0.111280993092805,0.0420480497825296,0.162136419923989,0.059541364227199,0.0480802829607141,NA
"TD","RSTD",82,98.06,53.5487185091893,NA,NA,113.097437018379,124.755749112729,0.142161799827591,1.60663627263189,0.460647599145102,0.370656372889288,1.15620976062582,NA
"TD","RSTD",83,100,18.0865773024733,NA,NA,42.1731546049465,53.831466699297,0.779834397835657,3.55762586234994,0.789450728403397,0.78186507046371,9.89452100700942,NA
"TD","RSTD",84,90.83,163.345790873521,NA,NA,332.691581747043,344.349893841393,0.386252531083301,0.630521601997316,0.976609533507119,0.664354285593257,3.34173298451551,NA
"TD","RSTD",85,96.67,156.824098206122,NA,NA,319.648196412243,331.306508506594,0.23896856745705,0.3059749789536,0.29483346291019,0.3300441823698,0.31276686159122,NA
"TD","RSTD",86,99.17,182.22501631481,NA,NA,370.450032629619,382.10834472397,0.670282299863175,0.116263606119901,0.609169364509916,0.558008562108748,0.119619473807449,NA
"TD","RSTD",87,98.06,63.2123890334844,NA,NA,132.424778066969,144.083090161319,0.560497718863189,0.79223784707011,0.987109993656413,0.66809494820317,0.674895645762839,NA
"TD","RSTD",88,90,189.392200787022,NA,NA,384.784401574044,396.442713668394,0.915246691787615,0.194212660659105,0.0201837635030876,1e-05,0.18538220677949,NA
"TD","RSTD",89,99.17,50.4238546515034,NA,NA,106.847709303007,118.506021397357,0.589335348224267,0.931611171881569,0.97946731631581,0.727034340534051,0.78611305556299,NA
"TD","RSTD",90,99.72,70.4985887172665,NA,NA,146.997177434533,158.655489528883,0.987134294584394,0.600823707412928,0.968163373224066,0.95985667787011,0.604037940053756,NA
"TD","RSTD",91,91.94,154.299522293337,NA,NA,314.599044586675,326.257356681025,0.401124990079552,0.436571269761771,0.557485565793396,0.209705234507272,0.400990273970283,NA
"TD","RSTD",92,97.5,189.86670118281,NA,NA,385.73340236562,397.391714459971,0.565618214197457,0.0649159974418581,0.447605792837621,0.276465433952948,0.0944388121897669,NA
"TD","RSTD",93,83.61,168.472306704353,NA,NA,342.944613408706,354.602925503057,0.125127220060676,0.546449628192931,0.0267769098277692,0.000106865443710577,0.192561423294015,NA
"TD","RSTD",94,94.72,95.7366319415711,NA,NA,197.473263883142,209.131575977493,0.791645931312814,0.766796249431272,0.978983733340741,0.661849624703852,2.80464810291643,NA
"TD","RSTD",95,98.89,197.736511280298,NA,NA,401.473022560597,413.131334654947,0.0988319513853639,0.092432988807559,0.0971964497473893,0.0580124670188313,0.10754061819941,NA
"TD","RSTD",96,99.72,62.0272133166042,NA,NA,130.054426633208,141.712738727559,0.333673485321924,0.79963922020125,0.310569640137481,0.30498433828624,0.920481667880413,NA
"TD","RSTD",97,91.39,125.67594371827,NA,NA,257.351887436539,269.01019953089,0.10172016825527,0.620830333791673,0.162330845950292,0.107147774592372,0.39457596258564,NA
"TD","RSTD",98,98.06,194.949585669999,NA,NA,395.899171339997,407.557483434348,0.0187283449340612,0.165121834239408,0.0196409038595792,0.0163208917186048,0.144774851443684,NA
"TD","RSTD",99,95.28,89.7201838900701,NA,NA,185.44036778014,197.098679874491,0.461979309096932,0.880842309403134,0.980785277989016,0.662015129834182,2.78227831688715,NA
"TD","RSTD",100,99.72,50.7745548376215,NA,NA,107.549109675243,119.207421769594,0.729020358063281,0.83565291385622,0.975641037137847,0.73412659483041,0.776156362386943,NA
"TD","Utility",1,99.72,50.4482769594901,NA,NA,106.89655391898,118.554866013331,0.643091264180839,0.83357874206723,0.823034772218184,0.492769851466791,9.99999,NA
"TD","Utility",2,99.72,24.2719551176682,NA,NA,54.5439102353364,66.2022223296869,0.724670132622123,1.43561604238095,0.690919489726079,0.903730066082452,1.90344200801431,NA
"TD","Utility",3,99.72,18.0237558584856,NA,NA,42.0475117169712,53.7058238113217,0.950232450617477,2.03779015681686,0.99999,0.643318204847269,8.57851818445405,NA
"TD","Utility",4,98.33,184.965656883712,NA,NA,375.931313767423,387.589625861774,0.682289758697152,0.0720224548131227,0.774124136960778,0.443117705837657,0.770462413040362,NA
"TD","Utility",5,98.06,57.7337537963813,NA,NA,121.467507592763,133.125819687113,0.200363578274846,1.00568439900399,0.432462775234709,0.734698921748375,2.96128445273257,NA
"TD","Utility",6,86.39,187.536044043513,NA,NA,381.072088087026,392.730400181376,0.321220333920792,0.298665664158762,0.59264525147562,0.736893986253551,0.258608469237883,NA
"TD","Utility",7,95.56,199.538390076667,NA,NA,405.076780153334,416.735092247685,0.571441247593611,0.0502132950350642,0.809485947449039,0.0980630929633268,1.62028779099704,NA
"TD","Utility",8,95.83,127.332620041919,NA,NA,260.665240083837,272.323552178188,0.973066303646192,0.392999498639256,0.99999,0.593010567026693,2.4278457197775,NA
"TD","Utility",9,98.06,243.774947405686,NA,NA,493.549894811372,505.208206905722,0.895209939451888,0.0054737395918251,0.99999,0.108986471962942,0.225536551477639,NA
"TD","Utility",10,75.56,210.436872986198,NA,NA,426.873745972395,438.532058066746,0.0494146177079529,0.507862410508096,0.693792302171254,0.290101126806456,0.583300047834461,NA
"TD","Utility",11,94.72,186.874379776739,NA,NA,379.748759553479,391.407071647829,0.197620301274583,0.18983699940145,0.428204165257272,0.276328052794923,2.20364029905432,NA
"TD","Utility",12,75.28,205.818383422853,NA,NA,417.636766845705,429.295078940056,0.0560640415642411,0.566026730462909,0.686062046811873,0.309834342137889,0.628140852512751,NA
"TD","Utility",13,87.5,189.965609364052,NA,NA,385.931218728104,397.589530822455,0.051307131536305,1.23247370731968,0.980693935334866,0.70310614075568,2.52926318094893,NA
"TD","Utility",14,98.89,151.842501716301,NA,NA,309.685003432603,321.343315526953,0.989872474921867,0.208000437050192,0.98879099814583,0.582088974713911,1.69953248673898,NA
"TD","Utility",15,96.39,95.6327740094567,NA,NA,197.265548018913,208.923860113264,0.711294803768396,0.57632797351107,0.620695144956247,0.769007877052828,1.65674197614984,NA
"TD","Utility",16,97.5,239.519747024574,NA,NA,485.039494049147,496.697806143498,0.0768930825870484,0.00966986734420061,0.358583827397436,0.114395507399774,0.350912160436506,NA
"TD","Utility",17,100,18.0865775678791,NA,NA,42.1731551357581,53.8314672301086,0.797194604296237,2.5054881726885,0.783603635524103,0.997952347276099,6.93588494645148,NA
"TD","Utility",18,100,28.0761620010721,NA,NA,62.1523240021443,73.8106360964947,0.731893435353413,1.27495420533688,0.715326876156469,0.817579634748325,2.74566626855805,NA
"TD","Utility",19,95.56,87.0133329828827,NA,NA,180.026665965765,191.684978060116,0.809085062006488,0.797056699129653,0.592342776177952,0.702903925732226,3.70236473825118,NA
"TD","Utility",20,99.72,20.0638572684253,NA,NA,46.1277145368507,57.7860266312011,0.511981163173914,2.39124982816227,0.544940724159854,0.863710514908331,3.3711187206315,NA
"TD","Utility",21,95.28,74.4530069334852,NA,NA,154.90601386697,166.564325961321,0.226354157319292,1.66897989056053,0.350970097818294,0.655794608564067,6.1651838791688,NA
"TD","Utility",22,99.72,58.8766947827863,NA,NA,123.753389565573,135.411701659923,0.300222688354552,0.955442077438247,0.441762197667533,0.711170340140063,3.17893008670615,NA
"TD","Utility",23,99.72,18.0237558584856,NA,NA,42.0475117169712,53.7058238113217,0.984172471100464,1.69604673600736,0.99999,0.643318204847269,8.57851818445405,NA
"TD","Utility",24,97.78,151.723016209278,NA,NA,309.446032418557,321.104344512907,0.540354023920372,0.234106497689865,0.691593528125064,0.519718405453506,2.32147391598542,NA
"TD","Utility",25,98.89,137.554692470322,NA,NA,281.109384940644,292.767697034995,0.870058757020161,0.327183235902339,0.859864689290556,0.721430624707278,1.20218923996464,NA
"TD","Utility",26,82.5,162.040098475159,NA,NA,330.080196950318,341.738509044668,0.0660558908712119,1.97567781611326,0.980389287149265,0.390181440158471,8.45256292404673,NA
"TD","Utility",27,99.72,140.574821541369,NA,NA,287.149643082738,298.807955177089,0.973287776112556,0.260513227898628,0.999989991094134,0.492878503804699,3.34650993644127,NA
"TD","Utility",28,98.89,52.7581445675047,NA,NA,111.516289135009,123.17460122936,0.290595552418381,1.05573849655212,0.455733775803001,0.679987116589812,3.8438876002512,NA
"TD","Utility",29,98.33,150.358752271778,NA,NA,306.717504543556,318.375816637906,0.988910319516435,0.211397308856249,0.99999,0.618605280285484,1.53460589668084,NA
"TD","Utility",30,99.44,24.678122380753,NA,NA,55.356244761506,67.0145568558565,0.329378831898794,2.0851063261411,0.464469403706602,0.681380674094149,6.56203046689798,NA
"TD","Utility",31,88.06,148.904681975383,NA,NA,303.809363950767,315.467676045117,0.11878991080448,0.835414388175023,0.762016284052934,0.586620678227371,2.75200916336706,NA
"TD","Utility",32,97.5,156.459749387189,NA,NA,318.919498774378,330.577810868728,0.0508385861758143,0.410096168983728,0.0182392827959534,0.885292652875819,0.731547498968472,NA
"TD","Utility",33,99.72,50.5318910657298,NA,NA,107.06378213146,118.72209422581,0.684979062527418,0.756628525771442,0.79735878097648,0.596970418895463,5.70143327234823,NA
"TD","Utility",34,100,185.694632328151,NA,NA,377.389264656301,389.047576750652,0.842564480379224,0.0599249633960426,0.902746505059542,0.674834458552886,0.30574729683419,NA
"TD","Utility",35,97.5,47.7268138322422,NA,NA,101.453627664484,113.111939758835,0.27115519088693,2.69503675574873,0.467527902301262,0.746639726281197,8.88871411275825,NA
"TD","Utility",36,96.11,116.110262924735,NA,NA,238.220525849471,249.878837943821,0.779200294986367,0.457588243763894,0.855059503293486,0.521654119319617,5.53119353833458,NA
"TD","Utility",37,99.72,18.0237558584856,NA,NA,42.0475117169712,53.7058238113217,0.982565350597724,3.92570209977795,0.99999,0.643318204847269,8.57851818445405,NA
"TD","Utility",38,97.5,153.746403311896,NA,NA,313.492806623792,325.151118718142,0.533772448310629,0.225168376229703,0.6911380247595,0.512632582374265,2.23637328052984,NA
"TD","Utility",39,95.56,63.4966856327933,NA,NA,132.993371265587,144.651683359937,0.128862570039928,1.75030500992181,0.476366983517979,0.609075701782818,7.86741152934324,NA
"TD","Utility",40,95.56,190.996434983617,NA,NA,387.992869967235,399.651182061585,0.420502026332542,0.0828633031448371,0.682822091841989,0.0804210257925575,2.16239678290418,NA
"TD","Utility",41,95.28,58.0633897523102,NA,NA,122.12677950462,133.785091598971,0.860091791022569,1.2001721150753,0.93743875974352,0.641871432654598,4.76716960346086,NA
"TD","Utility",42,99.17,134.265714346847,NA,NA,274.531428693695,286.189740788045,0.633000507717952,0.316391955215622,0.840900724766841,0.61373465967304,2.17542032431577,NA
"TD","Utility",43,99.17,24.9831374526852,NA,NA,55.9662749053703,67.6245869997208,0.512010124279186,2.01376353887389,0.508971553586752,0.756171316876525,5.70265898839604,NA
"TD","Utility",44,99.72,16.9692934445078,NA,NA,39.9385868890156,51.596898983366,0.4054856733419,3.89528230370438,0.504462401188406,0.744516128921264,6.91066950397752,NA
"TD","Utility",45,87.5,186.553715882054,NA,NA,379.107431764109,390.765743858459,0.319981756620109,0.264156529679894,0.613507347552502,0.8351195925701,0.188833648908936,NA
"TD","Utility",46,100,26.3536937279112,NA,NA,58.7073874558225,70.365699550173,0.947748523205519,1.36391219958187,0.986749357884063,0.627955460430337,7.12464375368484,NA
"TD","Utility",47,98.06,37.8960703100605,NA,NA,81.792140620121,93.4504527144715,0.885661983396858,1.4762263855988,0.948601649098982,0.722432008244707,4.07230249317001,NA
"TD","Utility",48,92.22,192.52988226679,NA,NA,391.05976453358,402.71807662793,0.119032545015216,0.210982074495405,0.752265829853724,0.0829896698405623,2.03173021358489,NA
"TD","Utility",49,99.44,63.9917178122131,NA,NA,133.983435624426,145.641747718777,0.931592519162223,0.648705839645118,0.959835491682276,0.732102195871195,2.59223017418288,NA
"TD","Utility",50,100,18.0865775678791,NA,NA,42.1731551357581,53.8314672301086,0.753800751408562,2.89878896835935,0.783603635524103,0.997952347276099,6.93588494645148,NA
"TD","Utility",51,81.39,199.888101115733,NA,NA,405.776202231466,417.434514325817,0.080542077543214,0.38312963815406,0.743281606862348,0.494447352346159,0.360122819924286,NA
"TD","Utility",52,73.89,210.240084834283,NA,NA,426.480169668567,438.138481762917,0.0462017410900444,0.577519766520709,0.676880373944831,0.275103403316066,0.597180458098765,NA
"TD","Utility",53,99.17,51.5987753652314,NA,NA,109.197550730463,120.855862824813,0.407168375095353,0.8810732345608,0.504791711701396,0.67745632880127,4.0813870165546,NA
"TD","Utility",54,99.44,60.7896565154995,NA,NA,127.579313030999,139.23762512535,0.960197768406942,0.629818245768547,0.99999,0.695682670182531,3.04472548776443,NA
"TD","Utility",55,97.22,185.599358130575,NA,NA,377.19871626115,388.8570283555,0.745619997614995,0.0838289222957155,0.817454552140515,0.322821968479609,1.13527966100895,NA
"TD","Utility",56,98.33,169.34597845762,NA,NA,344.691956915239,356.35026900959,0.387793875532225,0.184212701395154,0.383372524245454,0.711707558952652,0.73173710651432,NA
"TD","Utility",57,99.17,134.265714346847,NA,NA,274.531428693695,286.189740788045,0.640330957481638,0.323464683257043,0.840900724766841,0.61373465967304,2.17542032431577,NA
"TD","Utility",58,94.17,175.836188905911,NA,NA,357.672377811822,369.330689906173,0.46626549679786,0.183777129743248,0.46699473560843,0.364812484924154,2.19905114449452,NA
"TD","Utility",59,100,28.0761620010721,NA,NA,62.1523240021443,73.8106360964947,0.781977394130081,1.17335850927503,0.715326876156469,0.817579634748325,2.74566626855805,NA
"TD","Utility",60,93.06,192.443817684966,NA,NA,390.887635369932,402.545947464282,0.185236022341996,0.162097267924749,0.663969375053112,0.0825922575263355,2.11266920813522,NA
"TD","Utility",61,99.72,158.582946995959,NA,NA,323.165893991917,334.824206086268,0.703108243644238,0.190494351089001,0.810280944719726,0.597377673743762,1.31489482445188,NA
"TD","Utility",62,99.44,24.893752392545,NA,NA,55.7875047850899,67.4458168794404,0.540940156206489,1.71158919288757,0.653380615614058,0.849832474294525,2.43177147947411,NA
"TD","Utility",63,98.61,37.9418766810197,NA,NA,81.8837533620394,93.5420654563898,0.265401779906824,1.94766673623564,0.418716372887754,0.706177094422763,8.86460339435323,NA
"TD","Utility",64,97.5,153.986091682916,NA,NA,313.972183365832,325.630495460182,0.897607917198911,0.209870352875441,0.966963687499112,0.570647390916609,1.96779163547283,NA
"TD","Utility",65,95.83,201.241293048658,NA,NA,408.482586097316,420.140898191666,0.398145136190578,0.0485801249742508,0.758378329349203,0.104167947222958,1.4831108401206,NA
"TD","Utility",66,93.06,143.855369042638,NA,NA,293.710738085277,305.369050179627,0.470244030002505,0.370898498687893,0.776761502299276,0.625328784015211,1.87261012740222,NA
"TD","Utility",67,96.94,59.062839260452,NA,NA,124.125678520904,135.783990615254,0.824348853668198,1.18002879429133,0.561908772974286,0.99999,4.26312582499571,NA
"TD","Utility",68,98.89,135.60251002114,NA,NA,277.205020042281,288.863332136631,0.503097830805928,0.322839245665818,0.691494151785868,0.583802826320949,2.39812216401661,NA
"TD","Utility",69,98.89,39.0786225658725,NA,NA,84.157245131745,95.8155572260954,0.361050225095823,1.17336245528878,0.50553037437906,0.638118463994886,6.75717299824422,NA
"TD","Utility",70,98.06,154.850647524711,NA,NA,315.701295049421,327.359607143772,0.964988884748891,0.189227518625557,0.99999,0.607017021101319,1.50080129656612,NA
"TD","Utility",71,100,18.0865775678791,NA,NA,42.1731551357581,53.8314672301086,0.789667062694207,2.04544003671947,0.783603635524103,0.997952347276099,6.93588494645148,NA
"TD","Utility",72,99.44,20.1216967226426,NA,NA,46.2433934452852,57.9017055396356,0.628910263301805,2.95466302318459,0.661077438012075,0.99999,1.37524378517576,NA
"TD","Utility",73,98.89,65.0428481140151,NA,NA,136.08569622803,147.744008322381,0.415234696352854,0.710676135453296,0.47709735547209,0.780591945190633,2.06973183997875,NA
"TD","Utility",74,98.06,62.4723414507123,NA,NA,130.944682901425,142.602994995775,0.857857148861513,0.936107955831003,0.927540510133298,0.749520735085326,2.477802163874,NA
"TD","Utility",75,97.22,160.97098122006,NA,NA,327.941962440121,339.600274534471,0.629901704145595,0.199268886353821,0.675272729025576,0.485169764605051,2.27075697019141,NA
"TD","Utility",76,83.33,186.809886076246,NA,NA,379.619772152492,391.278084246842,0.359289909945801,0.364497002285354,0.651892787561933,0.488943877039356,1.56799336532737,NA
"TD","Utility",77,99.17,33.1473474756707,NA,NA,72.2946949513415,83.9530070456919,0.446684151422232,1.46860518856885,0.527547396533595,0.719983816089777,6.09368731571029,NA
"TD","Utility",78,91.39,158.457760095548,NA,NA,322.915520191095,334.573832285446,0.378760501742363,0.432298531290144,0.805440361621624,0.613157665037771,2.18219038036323,NA
"TD","Utility",79,99.44,60.1402650413694,NA,NA,126.280530082739,137.938842177089,0.372670353855938,0.686002678703517,0.486108855967829,0.66384272131737,3.964533023434,NA
"TD","Utility",80,97.5,117.580454395502,NA,NA,241.160908791005,252.819220885355,0.428967847023159,0.430095953866839,0.763912615109702,0.665619771488968,2.09629265128061,NA
"TD","Utility",81,96.67,211.207365672307,NA,NA,428.414731344613,440.073043438964,0.111280993092805,0.0420480497825296,0.696133694605474,0.284194884131417,0.560756111820318,NA
"TD","Utility",82,97.22,67.9303264133471,NA,NA,141.860652826694,153.518964921045,0.142161799827591,1.60663627263189,0.441302921068614,0.691923250592664,9.92952088438663,NA
"TD","Utility",83,100,18.0865775678791,NA,NA,42.1731551357581,53.8314672301086,0.779834397835657,3.55762586234994,0.783603635524103,0.997952347276099,6.93588494645148,NA
"TD","Utility",84,97.78,72.6526748429821,NA,NA,151.305349685964,162.963661780315,0.386252531083301,0.630521601997316,0.436776353602717,0.792332889068742,1.91780650039835,NA
"TD","Utility",85,98.89,155.418289835921,NA,NA,316.836579671843,328.494891766193,0.23896856745705,0.3059749789536,0.322538889216711,0.840408550877603,0.616270622415133,NA
"TD","Utility",86,96.67,182.63579139381,NA,NA,371.271582787619,382.92989488197,0.670282299863175,0.116263606119901,0.808152163418571,0.459170123824436,0.904849091271494,NA
"TD","Utility",87,100,54.7015859779291,NA,NA,115.403171955858,127.061484050209,0.560497718863189,0.79223784707011,0.58758143009367,0.743694963844275,2.66555553037582,NA
"TD","Utility",88,98.06,157.419832384353,NA,NA,320.839664768707,332.497976863057,0.915246691787615,0.194212660659105,0.972434941288427,0.527715070905278,2.23188297659038,NA
"TD","Utility",89,99.44,47.530514139552,NA,NA,101.061028279104,112.719340373454,0.589335348224267,0.931611171881569,0.802827606500189,0.564539117125501,6.93058344896532,NA
"TD","Utility",90,99.72,69.7543980577336,NA,NA,145.508796115467,157.167108209818,0.987134294584394,0.600823707412928,0.98274121460025,0.719389325589359,2.32987252304046,NA
"TD","Utility",91,91.39,158.457760095548,NA,NA,322.915520191095,334.573832285446,0.401124990079552,0.436571269761771,0.805440361621624,0.613157665037771,2.18219038036323,NA
"TD","Utility",92,98.89,188.110007448809,NA,NA,382.220014897619,393.878326991969,0.565618214197457,0.0649159974418581,0.757996477747475,0.398553556531494,0.81538829186846,NA
"TD","Utility",93,81.11,187.419540031567,NA,NA,380.839080063134,392.497392157485,0.125127220060676,0.546449628192931,0.528540270798278,0.786148753903802,0.307192641296589,NA
"TD","Utility",94,100,52.4883552364966,NA,NA,110.976710472993,122.635022567344,0.791645931312814,0.766796249431272,0.84795213918552,0.679333354934595,3.73091098184118,NA
"TD","Utility",95,95.28,201.32496204853,NA,NA,408.649924097061,420.308236191411,0.0988319513853639,0.092432988807559,0.664508564467569,0.291165185537369,0.693767126636673,NA
"TD","Utility",96,100,61.7248685244912,NA,NA,129.449737048982,141.108049143333,0.333673485321924,0.79963922020125,0.429230065411609,0.739745370379515,2.74581904833589,NA
"TD","Utility",97,97.22,106.782811117935,NA,NA,219.56562223587,231.22393433022,0.10172016825527,0.620830333791673,0.146217268758167,0.956609884613162,0.83529189443085,NA
"TD","Utility",98,93.89,198.819305917667,NA,NA,403.638611835334,415.296923929684,0.0187283449340612,0.165121834239408,1e-05,0.172355998256708,1.49475118849078,NA
"TD","Utility",99,98.89,51.2225077816158,NA,NA,108.445015563232,120.103327657582,0.461979309096932,0.880842309403134,0.498826662466902,0.893762808937202,1.4220454317229,NA
"TD","Utility",100,100,48.9853829106413,NA,NA,103.970765821283,115.629077915633,0.729020358063281,0.83565291385622,0.819814109712736,0.608471171721758,5.48156262093172,NA
"RSTD","TD",1,98.06,53.286647773875,NA,NA,110.57329554775,118.34550361065,0.285107890376821,0.724670132622123,0.994695383112626,1.15621240329498,NA,1.43561604238095
"RSTD","TD",2,74.72,197.308573854706,NA,NA,398.617147709412,406.389355772312,0.950232450617477,0.206436974462122,0.00778884254540753,0.0897781262664273,NA,0.364579517394304
"RSTD","TD",3,90,107.818644114848,NA,NA,219.637288229696,227.409496292597,0.536011227406561,0.200363578274846,0.173896628952667,1.11236965293241,NA,1.00568439900399
"RSTD","TD",4,97.22,181.478514334024,NA,NA,366.957028668048,374.729236730948,0.321220333920792,0.649332832079381,0.616629040159345,0.109505253681266,NA,0.142882495187223
"RSTD","TD",5,85.28,170.705635359386,NA,NA,345.411270718772,353.183478781673,0.525106647517532,0.973066303646192,0.00542247439780194,0.231363369567518,NA,0.392999498639256
"RSTD","TD",6,99.72,18.0237498407763,NA,NA,40.0474996815526,47.8197077444529,0.895209939451888,0.943225271301344,0.99999,1.50816710708431,NA,3.35385648889427
"RSTD","TD",7,84.44,192.529316155407,NA,NA,389.058632310814,396.830840373714,0.753931205254048,0.197620301274583,0.14826177677207,0.358853050110252,NA,0.18983699940145
"RSTD","TD",8,95.83,43.460535218226,NA,NA,90.921070436452,98.6932784993523,0.0560640415642411,0.783013365231454,1e-05,0.747348761024725,NA,3.41441693140154
"RSTD","TD",9,95.56,173.453086225687,NA,NA,350.906172451373,358.678380514273,0.479448032099754,0.989872474921867,0.520084874373997,0.168938518620291,NA,0.208000437050192
"RSTD","TD",10,100,18.0865773024432,NA,NA,40.1731546048864,47.9453626677867,0.711294803768396,0.788163986755535,0.78397048329581,9.99999,NA,2.30973086307261
"RSTD","TD",11,96.94,53.1566593934947,NA,NA,110.313318786989,118.08552684989,0.5048349336721,0.797194604296237,0.994677974040031,1.15620928535752,NA,2.5054881726885
"RSTD","TD",12,95.56,87.448470247689,NA,NA,178.896940495378,186.669148558278,0.731893435353413,0.395451756194234,0.233690202291717,3.06873798651967,NA,0.618170124012977
"RSTD","TD",13,99.44,20.1216845823957,NA,NA,44.2433691647914,52.0155772276917,0.275977379642427,0.511981163173914,0.660809089415421,1.3753456715218,NA,2.39124982816227
"RSTD","TD",14,86.11,120.939821178483,NA,NA,245.879642356965,253.651850419866,0.226354157319292,0.16033569118008,0.208170336985191,0.52828169373931,NA,0.894037933978152
"RSTD","TD",15,99.72,18.0237498407763,NA,NA,40.0474996815526,47.8197077444529,0.315573724219576,0.984172471100464,0.99999,1.50816710708431,NA,1.69604673600736
"RSTD","TD",16,90.56,165.326544214982,NA,NA,334.653088429964,342.425296492865,0.540354023920372,0.854036244563758,0.0230217633341395,0.395560700214023,NA,0.362152148856662
"RSTD","TD",17,91.94,124.215822981887,NA,NA,252.431645963775,260.203854026675,0.66359161795117,0.0660558908712119,0.170541673962187,2.96886385012923,NA,1.97567781611326
"RSTD","TD",18,98.61,57.0775143750222,NA,NA,118.155028750044,125.927236812945,0.973287776112556,0.630256613949314,0.64657453246585,0.765675791997891,NA,0.855529390233469
"RSTD","TD",19,91.67,176.720040267414,NA,NA,357.440080534828,365.212288597728,0.340647828998044,0.988910319516435,0.520581840711087,0.13485861101974,NA,0.211397308856249
"RSTD","TD",20,88.06,120.420456213837,NA,NA,244.840912427674,252.613120490574,0.329378831898794,0.0628540490288287,0.139182273474042,1.54067161221341,NA,2.33967715737489
"RSTD","TD",21,69.17,202.505331008869,NA,NA,409.010662017738,416.782870080638,0.285566801903769,0.0508385861758143,0.0198335491916191,0.0605032750234905,NA,0.410096168983728
"RSTD","TD",22,98.89,66.8592535409562,NA,NA,137.718507081912,145.490715144813,0.684979062527418,0.438995202770457,0.320400930341225,0.816779992909055,NA,0.685128960758448
"RSTD","TD",23,88.61,93.9646666756128,NA,NA,191.929333351226,199.701541414126,0.529962481698021,0.27115519088693,0.115210681931453,1.22403620343116,NA,2.69503675574873
"RSTD","TD",24,93.61,177.590192428149,NA,NA,359.180384856298,366.952592919198,0.779200294986367,0.728794121881947,0.99999,0.204038910884238,NA,0.160821524456017
"RSTD","TD",25,73.33,198.611127420165,NA,NA,401.222254840331,408.994462903231,0.0281218434683979,0.533772448310629,0.131755290501549,0.0549082546807033,NA,0.225168376229703
"RSTD","TD",26,94.44,93.0932956821996,NA,NA,190.186591364399,197.9587994273,0.128862570039928,0.17050133110024,0.367296519170637,1.1562091352805,NA,1.37515528589011
"RSTD","TD",27,96.11,50.7076631343889,NA,NA,105.415326268778,113.187534331678,0.980796684976667,0.860091791022569,0.691199220052888,0.699783864188236,NA,1.2001721150753
"RSTD","TD",28,98.06,218.441583428857,NA,NA,440.883166857715,448.655374920615,0.633000507717952,0.959949327167124,0.760514435285816,0.0319166473107088,NA,0.0240202485583723
"RSTD","TD",29,99.44,20.1216845823957,NA,NA,44.2433691647914,52.0155772276917,0.234798390883952,0.4054856733419,0.660809089415421,1.3753456715218,NA,3.89528230370438
"RSTD","TD",30,98.61,195.768344071184,NA,NA,395.536688142369,403.308896205269,0.319981756620109,0.632078264839947,0.526560754105544,0.0753897961315696,NA,0.0559587455590604
"RSTD","TD",31,99.72,22.2529767035868,NA,NA,48.5059534071737,56.278161470074,0.417691254755482,0.885661983396858,0.99999,1.25380053580257,NA,1.4762263855988
"RSTD","TD",32,95.28,215.0091923436,NA,NA,434.0183846872,441.7905927501,0.119032545015216,0.605491037247702,0.219936129041284,0.0384996107984485,NA,0.0459982767437321
"RSTD","TD",33,100,18.0865773024432,NA,NA,40.1731546048864,47.9453626677867,0.824352919822559,0.753800751408562,0.78397048329581,9.99999,NA,2.89878896835935
"RSTD","TD",34,80.56,106.062982486676,NA,NA,216.125964973351,223.898173036251,0.080542077543214,0.69156481907703,1e-05,0.244257373955023,NA,3.2510444371212
"RSTD","TD",35,95.56,77.3024042951667,NA,NA,158.604808590333,166.377016653234,0.788759883260354,0.407168375095353,0.221794156522649,2.75377422596562,NA,0.8810732345608
"RSTD","TD",36,99.17,89.4641762663116,NA,NA,182.928352532623,190.700560595523,0.960197768406942,0.814909122884274,0.766206666905967,0.549729247285589,NA,0.491239995229989
"RSTD","TD",37,83.89,198.279446233947,NA,NA,400.558892467894,408.331100530794,0.983733647270128,0.387793875532225,0.0097818739860416,0.0859584159050365,NA,0.184212701395154
"RSTD","TD",38,99.17,41.5954297112675,NA,NA,87.1908594225349,94.9630674854352,0.640330957481638,0.661732341628522,0.690606387237738,0.935545138581896,NA,1.1015722423634
"RSTD","TD",39,95.56,87.66414014389,NA,NA,179.32828028778,187.10048835068,0.591888564871624,0.781977394130081,0.61271011129829,1.15620973857448,NA,1.17335850927503
"RSTD","TD",40,85.83,164.739678041683,NA,NA,333.479356083365,341.251564146266,0.185236022341996,0.927017299691215,0.0136136963585421,0.274904143739339,NA,0.406216487288475
"RSTD","TD",41,100,24.543926760205,NA,NA,53.0878535204099,60.8600615833102,0.5952471755445,0.540940156206489,0.519268828669206,1.72316628335033,NA,1.71158919288757
"RSTD","TD",42,96.94,174.264687457152,NA,NA,352.529374914304,360.301582977205,0.265401779906824,0.195171546889469,0.39767785745156,0.185359242250882,NA,0.226954524639678
"RSTD","TD",43,97.22,200.77034419588,NA,NA,405.54068839176,413.31289645466,0.604935176437721,0.398145136190578,0.633309724744961,0.0600605800737807,NA,0.0485801249742508
"RSTD","TD",44,96.39,88.4647908446762,NA,NA,180.929581689352,188.701789752253,0.470244030002505,0.685449249343947,0.725769783312632,0.641557260634545,NA,0.648697707336396
"RSTD","TD",45,84.17,187.614741840091,NA,NA,379.229483680183,387.001691743083,0.371720403432846,0.503097830805928,0.0119744506007249,0.210376592965066,NA,0.322839245665818
"RSTD","TD",46,98.89,170.640028634987,NA,NA,345.280057269973,353.052265332874,0.361050225095823,0.370053818682209,0.428110017996418,0.184145903761203,NA,0.173567070005157
"RSTD","TD",47,100,21.9167112728345,NA,NA,47.8334225456689,55.6056306085692,0.594613759312779,0.789667062694207,0.843144341907261,2.42412767689472,NA,2.04544003671947
"RSTD","TD",48,91.11,96.4984164014084,NA,NA,196.996832802817,204.769040865717,0.628910263301805,0.0369398219045252,0.115076143796847,2.13562343608467,NA,1.35408596597136
"RSTD","TD",49,96.67,56.3955471059,NA,NA,116.7910942118,124.5633022747,0.254382238723338,0.857857148861513,0.920755090045066,0.795358272797853,NA,0.936107955831003
"RSTD","TD",50,99.17,38.1421420050803,NA,NA,80.2842840101607,88.056492073061,0.629901704145595,0.59963444317691,0.688859339999608,0.984886550321491,NA,1.13030682034315
"RSTD","TD",51,96.39,67.3087346636934,NA,NA,138.617469327387,146.389677390287,0.958562755258754,0.446684151422232,0.24188088402363,3.59467730463631,NA,1.46860518856885
"RSTD","TD",52,96.39,76.3826374155328,NA,NA,156.765274831066,164.537482893966,0.378760501742363,0.716149265645072,0.993505304624556,1.15620957894457,NA,1.1838285959837
"RSTD","TD",53,75.28,193.965536695709,NA,NA,391.931073391418,399.703281454318,0.843001339351758,0.428967847023159,0.00754903058594385,0.114876244656796,NA,0.430095953866839
"RSTD","TD",54,95,100.370014155875,NA,NA,204.74002831175,212.51223637465,0.111280993092805,0.926345025887713,0.99999,1.2538005390783,NA,1.52358875974062
"RSTD","TD",55,99.72,18.0237498407763,NA,NA,40.0474996815526,47.8197077444529,0.231767056509852,0.779834397835657,0.99999,1.50816710708431,NA,3.55762586234994
"RSTD","TD",56,99.44,20.9792997554291,NA,NA,45.9585995108583,53.7308075737586,0.386252531083301,0.815260800998658,0.931205517428126,1.45391239143153,NA,1.64474068483968
"RSTD","TD",57,99.44,181.941309501725,NA,NA,367.882619003451,375.654827066351,0.6529874894768,0.670282299863175,0.604529825365033,0.114133497852949,NA,0.116263606119901
"RSTD","TD",58,72.78,187.80245995211,NA,NA,379.60491990422,387.377127967121,0.560497718863189,0.274772666627541,0.0118552005987815,0.208724644797004,NA,0.529099578669097
"RSTD","TD",59,99.44,48.1325317559517,NA,NA,100.265063511903,108.037271574804,0.597106330329552,0.589335348224267,0.692451940692649,0.856927426535706,NA,0.931611171881569
"RSTD","TD",60,100,28.0745923618493,NA,NA,60.1491847236985,67.9213927865988,0.987134294584394,0.800411853706464,0.64327948341022,1.15621216636879,NA,1.29764714087815
"RSTD","TD",61,98.61,189.651690241468,NA,NA,383.303380482937,391.075588545837,0.718285634880885,0.565618214197457,0.50102285545847,0.0803048590923608,NA,0.0649159974418581
"RSTD","TD",62,91.94,157.759417172895,NA,NA,319.518834345791,327.291042408691,0.125127220060676,0.773224814096466,0.954315426238275,0.569632051272677,NA,0.583291862625629
"RSTD","TD",63,92.78,193.30399840607,NA,NA,390.607996812139,398.38020487504,0.499009405029938,0.0988319513853639,0.526344592178587,0.0755344662410802,NA,0.092432988807559
"RSTD","TD",64,99.44,20.1216845823957,NA,NA,44.2433691647914,52.0155772276917,0.333673485321924,0.454882015939802,0.660809089415421,1.3753456715218,NA,2.70696423376415
"RSTD","TD",65,75.28,205.122160976078,NA,NA,414.244321952156,422.016530015057,0.810415166895837,0.0187283449340612,0.041795189866823,0.0554304853300131,NA,0.165121834239408
"RSTD","TD",66,74.44,194.950810564215,NA,NA,393.90162112843,401.673829191331,0.461979309096932,0.296923782210797,0.0123813508800732,0.106383954730861,NA,0.458040716126561
"RSTD","TD",67,97.22,181.478514334024,NA,NA,366.957028668048,374.729236730948,0.285626433324069,0.528872283641249,0.616629040159345,0.109505253681266,NA,0.147296045374405
"RSTD","TD",68,96.67,107.924877818754,NA,NA,219.849755637508,227.621963700409,0.732509626774117,0.600311974063516,0.646992480785925,0.462994008267431,NA,0.449271724574598
"RSTD","TD",69,98.89,66.5082524447379,NA,NA,137.016504889476,144.788712952376,0.977929984452203,0.529096166603267,0.332494596180648,0.818908512200352,NA,0.751786146880371
"RSTD","TD",70,83.61,146.147095959715,NA,NA,296.29419191943,304.06639998233,0.98177181975916,0.159414226887748,0.19053509440638,0.396539678275371,NA,0.477379389107227
"RSTD","TD",71,93.33,186.718318412695,NA,NA,377.43663682539,385.20884488829,0.922829337418079,0.366323065012693,0.447958221472634,0.170931407158779,NA,0.0864430760253218
"RSTD","TD",72,88.89,110.476240533756,NA,NA,224.952481067512,232.724689130413,0.437475311337039,0.144657690776512,0.170390955586204,1.15620924891791,NA,1.51204245735464
"RSTD","TD",73,95.28,48.2080568734901,NA,NA,100.41611374698,108.18832180988,0.0812403932213783,0.858433880610391,1e-05,0.822138184745076,NA,1.57674626609245
"RSTD","TD",74,97.22,195.494549374942,NA,NA,394.989098749883,402.761306812783,0.769064010120928,0.423705151304603,0.745002106140065,0.0669871327171451,NA,0.0550090870819986
"RSTD","TD",75,97.5,224.305538029293,NA,NA,452.611076058585,460.383284121486,0.27233505435288,0.0992442343849689,0.463231128253887,0.0274660589794761,NA,0.0195726837949201
"RSTD","TD",76,95.83,71.6087936840999,NA,NA,147.2175873682,154.9897954311,0.714246998308226,0.356464033480734,0.206798373719281,2.61015438232829,NA,1.33508190601589
"RSTD","TD",77,99.72,18.0237498407763,NA,NA,40.0474996815526,47.8197077444529,0.165105299558491,0.62026000325568,0.99999,1.50816710708431,NA,2.11759630225509
"RSTD","TD",78,85.28,170.557128928223,NA,NA,345.114257856446,352.886465919346,0.948594216490164,0.818483957787976,0.00542588348295504,0.231408755079632,NA,0.400698857048743
"RSTD","TD",79,98.61,206.020175708823,NA,NA,416.040351417646,423.812559480546,0.641159480903298,0.713674181839451,0.786222979161586,0.0469186581087178,NA,0.0414828715044559
"RSTD","TD",80,94.72,80.4460673102131,NA,NA,164.892134620426,172.664342683327,0.602592710871249,0.798923129681498,0.583730912384463,1.15621389713158,NA,1.65777598732141
"RSTD","TD",81,88.33,64.7128612166179,NA,NA,133.425722433236,141.197930496136,0.0268326783552766,0.983408806612715,1e-05,0.387892552306102,NA,1.42827125892359
"RSTD","TD",82,96.11,193.710594190779,NA,NA,391.421188381559,399.193396444459,0.390374890295789,0.210965643869713,0.373662388351365,0.0975808268130702,NA,0.0709301116876304
"RSTD","TD",83,67.5,201.88228325379,NA,NA,407.76456650758,415.536774570481,0.909624356776476,0.0655163209885359,0.017066895046192,0.0590681907154555,NA,0.479556284306279
"RSTD","TD",84,99.17,58.1272465906742,NA,NA,120.254493181348,128.026701244249,0.894585720263422,0.928069569170475,0.943814760023265,0.770444048007593,NA,0.784675157586944
"RSTD","TD",85,93.89,106.633710094399,NA,NA,217.267420188799,225.039628251699,0.16712597804144,0.591124507132918,0.993752826079641,0.604038027429065,NA,0.76918393555553
"RSTD","TD",86,95.56,192.367023007948,NA,NA,388.734046015895,396.506254078795,0.0963515317998827,0.187938303221017,0.169634441095078,0.143806857253107,NA,0.16646143142134
"RSTD","TD",87,96.94,53.1566593934947,NA,NA,110.313318786989,118.08552684989,0.812582350103185,0.879132093861699,0.994677974040031,1.15620928535752,NA,4.4038753097219
"RSTD","TD",88,97.78,182.498012833805,NA,NA,368.996025667609,376.768233730509,0.448961209738627,0.690639521926641,0.614192511054702,0.110396444637105,NA,0.123227803417321
"RSTD","TD",89,97.78,60.1493836597799,NA,NA,124.29876731956,132.07097538246,0.352596259210259,0.519048273330554,0.673077075115585,0.66129481284207,NA,0.771270071114314
"RSTD","TD",90,93.89,94.6776491540244,NA,NA,193.355298308049,201.127506370949,0.7131295024883,0.112127762287855,0.160069807965278,2.68734931887808,NA,3.4174234716404
"RSTD","TD",91,96.11,156.111840825235,NA,NA,316.22368165047,323.995889713371,0.102771484525874,0.0985191510990262,0.107253669337331,0.403095507434898,NA,0.348240172024816
"RSTD","TD",92,87.78,180.831988762196,NA,NA,365.663977524392,373.436185587293,0.14997310237959,0.461772011825815,0.415045356152018,0.1022203036241,NA,0.261333189609714
"RSTD","TD",93,95.56,88.6796594424524,NA,NA,181.359318884905,189.131526947805,0.435881547397003,0.7804279406555,0.996262874452806,0.604038492918002,NA,0.681397345848382
"RSTD","TD",94,100,18.0865773024432,NA,NA,40.1731546048864,47.9453626677867,0.975024477113038,0.799848798895255,0.78397048329581,9.99999,NA,4.33281822849937
"RSTD","TD",95,97.5,101.727704417864,NA,NA,207.455408835729,215.227616898629,0.723246149485931,0.623378630494699,0.542386197350044,0.48233233973598,NA,0.45622572209686
"RSTD","TD",96,80.56,181.099919714209,NA,NA,366.199839428417,373.972047491318,0.323681306792423,0.444453429430723,0.00361889898610524,0.184616898524256,NA,0.446843124460429
"RSTD","TD",97,97.78,179.942656580565,NA,NA,363.885313161129,371.65752122403,0.521510650403798,0.40949847153388,0.458171972824554,0.14473227537687,NA,0.118169202112595
"RSTD","TD",98,95.56,173.753216925575,NA,NA,351.506433851151,359.278641914051,0.418908317107707,0.978637758642435,0.49175769589335,0.176220225907242,NA,0.211078092921525
"RSTD","TD",99,96.67,62.6281415258928,NA,NA,129.256283051786,137.028491114686,0.78953983867541,0.418743934947997,0.245645246561058,3.66875177278636,NA,2.49348991278757
"RSTD","TD",100,98.06,183.58103643662,NA,NA,371.162072873241,378.934280936141,0.956703607924283,0.607802340993658,0.646035196843589,0.100137975171467,NA,0.108669338996542
"RSTD","RSTD",1,99.44,33.290122447212,NA,NA,72.5802448944241,84.2385569887745,0.285107890376821,0.724670132622123,0.345070272778495,0.727339157384137,3.67301136243643,1.43561604238095
"RSTD","RSTD",2,96.39,115.507966177036,NA,NA,237.015932354072,248.674244448423,0.950232450617477,0.206436974462122,0.286982736871818,0.0977002143971555,0.430326900751285,0.364579517394304
"RSTD","RSTD",3,99.44,37.0256557590959,NA,NA,80.0513115181918,91.7096236125423,0.536011227406561,0.200363578274846,0.973936974850496,0.277231326982697,1.01744842839499,1.00568439900399
"RSTD","RSTD",4,96.67,181.701119180653,NA,NA,369.402238361306,381.060550455656,0.321220333920792,0.649332832079381,0.710352849977173,0.632149524974082,0.110514002623705,0.142882495187223
"RSTD","RSTD",5,88.33,162.950932017984,NA,NA,331.901864035968,343.560176130319,0.525106647517532,0.973066303646192,0.0159788516201533,1e-05,0.376292885208823,0.392999498639256
"RSTD","RSTD",6,99.72,18.0237437057297,NA,NA,42.0474874114594,53.7057995058099,0.895209939451888,0.943225271301344,0.416361874763028,0.99999,1.5081567832793,3.35385648889427
"RSTD","RSTD",7,92.78,169.395975970612,NA,NA,344.791951941225,356.450264035575,0.753931205254048,0.197620301274583,0.193634771534907,0.0413417527929923,0.165656836809639,0.18983699940145
"RSTD","RSTD",8,98.89,29.84446735326,NA,NA,65.68893470652,77.3472468008705,0.0560640415642411,0.783013365231454,0.0398953579463349,0.0672724560093,1.73614564904746,3.41441693140154
"RSTD","RSTD",9,93.89,185.70094571608,NA,NA,377.40189143216,389.060203526511,0.479448032099754,0.989872474921867,0.113390942061693,0.0980615719192217,0.26120096407894,0.208000437050192
"RSTD","RSTD",10,100,18.0865773024733,NA,NA,42.1731546049465,53.831466699297,0.711294803768396,0.788163986755535,0.789450728403397,0.78186507046371,9.89452100700942,2.30973086307261
"RSTD","RSTD",11,99.72,25.0696571133153,NA,NA,56.1393142266306,67.797626320981,0.5048349336721,0.797194604296237,0.32322424789988,0.69802390174599,3.58378939057805,2.5054881726885
"RSTD","RSTD",12,95.56,95.3318985810856,NA,NA,196.663797162171,208.322109256522,0.731893435353413,0.395451756194234,0.36818794557227,0.333027725161191,5.19035487472094,0.618170124012977
"RSTD","RSTD",13,99.44,20.1849758199967,NA,NA,46.3699516399933,58.0282637343438,0.275977379642427,0.511981163173914,0.957113190421907,0.722740131696304,1.33507157409086,2.39124982816227
"RSTD","RSTD",14,77.5,152.507696475967,NA,NA,311.015392951934,322.673705046285,0.226354157319292,0.16033569118008,0.240542485506198,0.0437606020304244,0.135132997464504,0.894037933978152
"RSTD","RSTD",15,99.72,18.0237437057297,NA,NA,42.0474874114594,53.7057995058099,0.315573724219576,0.984172471100464,0.416361874763028,0.99999,1.5081567832793,1.69604673600736
"RSTD","RSTD",16,88.06,165.722415656878,NA,NA,337.444831313756,349.103143408106,0.540354023920372,0.854036244563758,0.0252312391628763,0.00888971057244669,0.35863720264175,0.362152148856662
"RSTD","RSTD",17,100,8.89633760675081,NA,NA,23.7926752135016,35.4509873078521,0.66359161795117,0.0660558908712119,0.916385280339343,1e-05,5.75663898172367,1.97567781611326
"RSTD","RSTD",18,99.44,50.956854893431,NA,NA,107.913709786862,119.572021881212,0.973287776112556,0.630256613949314,0.993471902749172,0.666530914345343,0.781836669268435,0.855529390233469
"RSTD","RSTD",19,92.78,178.423225996241,NA,NA,362.846451992482,374.504764086832,0.340647828998044,0.988910319516435,0.207964451209027,0.224112089166575,0.202674999661617,0.211397308856249
"RSTD","RSTD",20,100,14.0210671185046,NA,NA,34.0421342370093,45.7004463313597,0.329378831898794,0.0628540490288287,0.694630858826163,0.0781069208158451,2.57755812065591,2.33967715737489
"RSTD","RSTD",21,93.33,85.1123396191099,NA,NA,176.22467923822,187.88299133257,0.285566801903769,0.0508385861758143,0.695308309072453,0.0361913376578072,0.213309594196626,0.410096168983728
"RSTD","RSTD",22,95.56,92.5701696243511,NA,NA,191.140339248702,202.798651343053,0.684979062527418,0.438995202770457,0.587271998711524,0.44363660229685,2.52594492121699,0.685128960758448
"RSTD","RSTD",23,100,19.6105938189961,NA,NA,45.2211876379923,56.8794997323428,0.529962481698021,0.27115519088693,0.689531520545449,0.304479973651401,2.31737131277589,2.69503675574873
"RSTD","RSTD",24,89.72,194.699665185801,NA,NA,395.399330371602,407.057642465953,0.779200294986367,0.728794121881947,0.0291228925240874,0.000987076178796912,0.106163538756841,0.160821524456017
"RSTD","RSTD",25,99.44,110.548406984456,NA,NA,227.096813968912,238.755126063262,0.0281218434683979,0.533772448310629,0.0422283396355472,0.470110114091893,0.236652241936686,0.225168376229703
"RSTD","RSTD",26,91.39,148.622485994694,NA,NA,303.244971989387,314.903284083738,0.128862570039928,0.17050133110024,0.982617485464701,0.656309986973883,2.08438952826631,1.37515528589011
"RSTD","RSTD",27,96.11,75.8709013518748,NA,NA,157.74180270375,169.4001147981,0.980796684976667,0.860091791022569,0.964085465412018,0.692207525785181,4.80701201758569,1.2001721150753
"RSTD","RSTD",28,97.78,219.350398977147,NA,NA,444.700797954294,456.359110048645,0.633000507717952,0.959949327167124,0.636538134934541,0.405362379201274,0.0330535534036117,0.0240202485583723
"RSTD","RSTD",29,99.44,20.1849758199967,NA,NA,46.3699516399933,58.0282637343438,0.234798390883952,0.4054856733419,0.957113190421907,0.722740131696304,1.33507157409086,3.89528230370438
"RSTD","RSTD",30,96.39,196.572657637847,NA,NA,399.145315275694,410.803627370044,0.319981756620109,0.632078264839947,0.498526598118928,0.311882500891248,0.0787033793748326,0.0559587455590604
"RSTD","RSTD",31,99.72,22.2542213652027,NA,NA,50.5084427304053,62.1667548247558,0.417691254755482,0.885661983396858,0.306725507127793,0.99999,1.25066862364206,1.4762263855988
"RSTD","RSTD",32,97.78,212.227714568029,NA,NA,430.455429136058,442.113741230409,0.119032545015216,0.605491037247702,0.204873356177155,0.565883617357288,0.0404651093125757,0.0459982767437321
"RSTD","RSTD",33,100,18.0865773024733,NA,NA,42.1731546049465,53.831466699297,0.824352919822559,0.753800751408562,0.789450728403397,0.78186507046371,9.89452100700942,2.89878896835935
"RSTD","RSTD",34,95,47.5559853335227,NA,NA,101.111970667045,112.770282761396,0.080542077543214,0.69156481907703,0.0184178958560416,0.0503157509473587,0.886907167368897,3.2510444371212
"RSTD","RSTD",35,96.39,80.9450652837078,NA,NA,167.890130567416,179.548442661766,0.788759883260354,0.407168375095353,0.397579012594466,0.339800401495133,4.80968677693909,0.8810732345608
"RSTD","RSTD",36,90.28,167.092407865042,NA,NA,340.184815730085,351.843127824435,0.960197768406942,0.814909122884274,0.978158655316343,0.652242456462801,1.8308915104779,0.491239995229989
"RSTD","RSTD",37,97.22,148.152716251444,NA,NA,302.305432502888,313.963744597239,0.983733647270128,0.387793875532225,0.995484215181421,0.328209403584495,0.236513633145951,0.184212701395154
"RSTD","RSTD",38,98.89,42.8374488229569,NA,NA,91.6748976459137,103.333209740264,0.640330957481638,0.661732341628522,0.904576127723002,0.727875640798632,0.907957207304577,1.1015722423634
"RSTD","RSTD",39,95.28,86.1531119736992,NA,NA,178.306223947398,189.964536041749,0.591888564871624,0.781977394130081,0.983034062598094,0.656861575270603,2.12709653618618,1.17335850927503
"RSTD","RSTD",40,89.44,159.077827095296,NA,NA,324.155654190591,335.813966284942,0.185236022341996,0.927017299691215,0.01956623058816,0.0264852336415512,0.34438360859211,0.406216487288475
"RSTD","RSTD",41,99.72,23.4826467571124,NA,NA,52.9652935142248,64.6236056085752,0.5952471755445,0.540940156206489,0.97716709156895,0.607203908780032,1.24905775545788,1.71158919288757
"RSTD","RSTD",42,95.56,173.623204685863,NA,NA,353.246409371726,364.904721466077,0.265401779906824,0.195171546889469,0.379082618527889,0.352646209754559,0.237389961629031,0.226954524639678
"RSTD","RSTD",43,98.06,201.103402071447,NA,NA,408.206804142894,419.865116237245,0.604935176437721,0.398145136190578,0.477371724065357,0.279176798382995,0.0721062458019906,0.0485801249742508
"RSTD","RSTD",44,95.56,101.611989978349,NA,NA,209.223979956697,220.882292051048,0.470244030002505,0.685449249343947,0.979320826101758,0.890589349704493,4.28045795223329,0.648697707336396
"RSTD","RSTD",45,84.44,184.879275726308,NA,NA,375.758551452617,387.416863546967,0.371720403432846,0.503097830805928,0.0193334612097476,0.00370483222094253,0.238095683020247,0.322839245665818
"RSTD","RSTD",46,98.33,170.233302203221,NA,NA,346.466604406443,358.124916500793,0.361050225095823,0.370053818682209,0.470467500496182,0.380248341422258,0.1887461460362,0.173567070005157
"RSTD","RSTD",47,96.67,54.4902589150628,NA,NA,114.980517830126,126.638829924476,0.594613759312779,0.789667062694207,0.983333706721881,0.696576457060658,1.16289150817528,2.04544003671947
"RSTD","RSTD",48,100,13.4047216445121,NA,NA,32.8094432890242,44.4677553833747,0.628910263301805,0.0369398219045252,0.657180368323087,0.0265703207729725,1.40035407169099,1.35408596597136
"RSTD","RSTD",49,99.44,43.3048505140268,NA,NA,92.6097010280536,104.268013122404,0.254382238723338,0.857857148861513,0.316771660179592,0.99999,0.844711125423963,0.936107955831003
"RSTD","RSTD",50,98.61,40.6488001430416,NA,NA,87.2976002860833,98.9559123804337,0.629901704145595,0.59963444317691,0.962491376163569,0.730320338181262,0.879509630536445,1.13030682034315
"RSTD","RSTD",51,99.72,26.2632459332526,NA,NA,58.5264918665051,70.1848039608556,0.958562755258754,0.446684151422232,0.447284456914272,0.32354299935295,9.50209178971614,1.46860518856885
"RSTD","RSTD",52,99.17,41.7582892526688,NA,NA,89.5165785053377,101.174890599688,0.378760501742363,0.716149265645072,0.978217214361817,0.891594572704728,4.79841516465309,1.1838285959837
"RSTD","RSTD",53,78.06,175.433610067441,NA,NA,356.867220134881,368.525532229232,0.843001339351758,0.428967847023159,0.223956523145713,0.0230259197511429,0.0779612906835232,0.430095953866839
"RSTD","RSTD",54,95,99.6386513809014,NA,NA,205.277302761803,216.935614856153,0.111280993092805,0.926345025887713,0.26404164127274,0.998784733084646,1.16119951188498,1.52358875974062
"RSTD","RSTD",55,99.72,18.0237437057297,NA,NA,42.0474874114594,53.7057995058099,0.231767056509852,0.779834397835657,0.416361874763028,0.99999,1.5081567832793,3.55762586234994
"RSTD","RSTD",56,99.44,20.9500277566427,NA,NA,47.9000555132854,59.5583676076358,0.386252531083301,0.815260800998658,0.99999,0.93611738862872,1.41514177919235,1.64474068483968
"RSTD","RSTD",57,99.17,182.22501631481,NA,NA,370.450032629619,382.10834472397,0.6529874894768,0.670282299863175,0.609169364509916,0.558008562108748,0.119619473807449,0.116263606119901
"RSTD","RSTD",58,79.17,162.812521042332,NA,NA,331.625042084665,343.283354179015,0.560497718863189,0.274772666627541,0.0946094607344642,6.54158305670103e-05,0.188637136288679,0.529099578669097
"RSTD","RSTD",59,99.17,50.4238546515034,NA,NA,106.847709303007,118.506021397357,0.597106330329552,0.589335348224267,0.97946731631581,0.727034340534051,0.78611305556299,0.931611171881569
"RSTD","RSTD",60,100,28.1160661996491,NA,NA,62.2321323992982,73.8904444936487,0.987134294584394,0.800411853706464,0.972784029576932,0.718975646445865,1.15623682042011,1.29764714087815
"RSTD","RSTD",61,97.5,189.828648445697,NA,NA,385.657296891394,397.315608985745,0.718285634880885,0.565618214197457,0.449037412710732,0.264949690254505,0.0929698924125385,0.0649159974418581
"RSTD","RSTD",62,95.83,96.3545837370954,NA,NA,198.709167474191,210.367479568541,0.125127220060676,0.773224814096466,0.105060709181486,0.278236712582693,0.586824533447214,0.583291862625629
"RSTD","RSTD",63,96.94,179.971568452571,NA,NA,365.943136905141,377.601448999492,0.499009405029938,0.0988319513853639,0.570276149855777,0.171748420199328,0.119103669259142,0.092432988807559
"RSTD","RSTD",64,99.44,20.1849758199967,NA,NA,46.3699516399933,58.0282637343438,0.333673485321924,0.454882015939802,0.957113190421907,0.722740131696304,1.33507157409086,2.70696423376415
"RSTD","RSTD",65,97.5,96.9235718783129,NA,NA,199.847143756626,211.505455850976,0.810415166895837,0.0187283449340612,0.899982704680805,0.0320273174815967,0.237033718669576,0.165121834239408
"RSTD","RSTD",66,81.67,162.232962600123,NA,NA,330.465925200247,342.124237294597,0.461979309096932,0.296923782210797,0.194088231087611,0.0308213462192336,0.166625372666331,0.458040716126561
"RSTD","RSTD",67,96.67,181.701119180653,NA,NA,369.402238361306,381.060550455656,0.285626433324069,0.528872283641249,0.710352849977173,0.632149524974082,0.110514002623705,0.147296045374405
"RSTD","RSTD",68,99.72,101.973098535192,NA,NA,209.946197070383,221.604509164734,0.732509626774117,0.600311974063516,0.97308418047665,0.651605883563466,0.433049744622182,0.449271724574598
"RSTD","RSTD",69,94.72,101.615363306226,NA,NA,209.230726612451,220.889038706802,0.977929984452203,0.529096166603267,0.951588221791783,0.605763994026967,0.699262484840943,0.751786146880371
"RSTD","RSTD",70,79.44,132.331105155519,NA,NA,270.662210311038,282.320522405388,0.98177181975916,0.159414226887748,0.306962277558785,0.0227524466129108,0.123908606813196,0.477379389107227
"RSTD","RSTD",71,95,184.472418758743,NA,NA,374.944837517486,386.603149611837,0.922829337418079,0.366323065012693,0.405381300719956,0.190684569199822,0.153620669361685,0.0864430760253218
"RSTD","RSTD",72,98.61,36.3803208765464,NA,NA,78.7606417530929,90.4189538474434,0.437475311337039,0.144657690776512,0.620716105861817,0.00858182057583668,1.40035556447472,1.51204245735464
"RSTD","RSTD",73,95.56,44.5437635113925,NA,NA,95.087527022785,106.745839117135,0.0812403932213783,0.858433880610391,0.0183922749139818,0.0611035693242191,0.969536847079547,1.57674626609245
"RSTD","RSTD",74,94.44,198.613423081989,NA,NA,403.226846163977,414.885158258328,0.769064010120928,0.423705151304603,0.178885054533776,0.0783286614109724,0.156882618207347,0.0550090870819986
"RSTD","RSTD",75,98.61,224.369493579968,NA,NA,454.738987159936,466.397299254286,0.27233505435288,0.0992442343849689,0.190278525376554,0.044988082146182,0.028866266474955,0.0195726837949201
"RSTD","RSTD",76,98.06,49.3429012933622,NA,NA,104.685802586724,116.344114681075,0.714246998308226,0.356464033480734,0.422124450406851,0.314211042098907,9.99470232773147,1.33508190601589
"RSTD","RSTD",77,99.72,18.0237437057297,NA,NA,42.0474874114594,53.7057995058099,0.165105299558491,0.62026000325568,0.416361874763028,0.99999,1.5081567832793,2.11759630225509
"RSTD","RSTD",78,88.06,158.487118062913,NA,NA,322.974236125825,334.632548220176,0.948594216490164,0.818483957787976,0.0178479345071473,1e-05,0.411289758596745,0.400698857048743
"RSTD","RSTD",79,97.22,206.607955655088,NA,NA,419.215911310176,430.874223404526,0.641159480903298,0.713674181839451,0.997465641156557,0.519005388563303,0.0472318659299685,0.0414828715044559
"RSTD","RSTD",80,95.56,85.0613090492786,NA,NA,176.122618098557,187.780930192908,0.602592710871249,0.798923129681498,0.964665110109337,0.689336631245342,6.01223712383927,1.65777598732141
"RSTD","RSTD",81,99.72,22.4717979907276,NA,NA,50.9435959814552,62.6019080758057,0.0268326783552766,0.983408806612715,0.000573976157634036,0.000903758913144102,1.34256119247657,1.42827125892359
"RSTD","RSTD",82,97.78,188.3706793932,NA,NA,382.741358786401,394.399670880751,0.390374890295789,0.210965643869713,0.456176879435317,0.219996756104591,0.113185249662952,0.0709301116876304
"RSTD","RSTD",83,99.17,58.1915572031222,NA,NA,122.383114406244,134.041426500595,0.909624356776476,0.0655163209885359,0.238923594627199,0.0296649355153459,0.529831136870332,0.479556284306279
"RSTD","RSTD",84,96.39,74.8194156215831,NA,NA,155.638831243166,167.297143337517,0.894585720263422,0.928069569170475,0.980338171871571,0.90508019357144,5.20967163571251,0.784675157586944
"RSTD","RSTD",85,92.5,139.136734207276,NA,NA,284.273468414551,295.931780508902,0.16712597804144,0.591124507132918,0.981657224830461,0.905864180652845,4.76741504876141,0.76918393555553
"RSTD","RSTD",86,97.22,192.465436919057,NA,NA,390.930873838113,402.589185932464,0.0963515317998827,0.187938303221017,0.118924057137497,0.166776139525561,0.127151915202804,0.16646143142134
"RSTD","RSTD",87,99.72,25.0696571133153,NA,NA,56.1393142266306,67.797626320981,0.812582350103185,0.879132093861699,0.32322424789988,0.69802390174599,3.58378939057805,4.4038753097219
"RSTD","RSTD",88,98.61,182.806984053058,NA,NA,371.613968106117,383.272280200467,0.448961209738627,0.690639521926641,0.489946794585466,0.575589936224338,0.11357846169896,0.123227803417321
"RSTD","RSTD",89,92.78,127.902163770361,NA,NA,261.804327540722,273.462639635073,0.352596259210259,0.519048273330554,0.978732372806007,0.66197065827341,2.83115161212121,0.771270071114314
"RSTD","RSTD",90,100,9.20896539996553,NA,NA,24.4179307999311,36.0762428942815,0.7131295024883,0.112127762287855,0.355833383896455,0.0857865644247371,9.99999,3.4174234716404
"RSTD","RSTD",91,96.11,157.433490326137,NA,NA,320.866980652275,332.525292746625,0.102771484525874,0.0985191510990262,0.0575194575499579,0.0362352849781239,0.414308629201064,0.348240172024816
"RSTD","RSTD",92,95.28,163.232838878243,NA,NA,332.465677756486,344.123989850836,0.14997310237959,0.461772011825815,0.240602632282216,0.564984996047971,0.219495739716455,0.261333189609714
"RSTD","RSTD",93,93.89,122.257020219221,NA,NA,250.514040438442,262.172352532792,0.435881547397003,0.7804279406555,0.981356326030887,0.899787155767309,5.18249056559489,0.681397345848382
"RSTD","RSTD",94,100,18.0865773024733,NA,NA,42.1731546049465,53.831466699297,0.975024477113038,0.799848798895255,0.789450728403397,0.78186507046371,9.89452100700942,4.33281822849937
"RSTD","RSTD",95,88.33,206.546913998706,NA,NA,419.093827997412,430.752140091763,0.723246149485931,0.623378630494699,0.668753821988184,0.537219269158348,2.12565116489106,0.45622572209686
"RSTD","RSTD",96,85,160.811070801924,NA,NA,327.622141603849,339.280453698199,0.323681306792423,0.444453429430723,0.0629684250920575,0.0303567450257487,0.329987753566814,0.446843124460429
"RSTD","RSTD",97,98.06,178.402835160729,NA,NA,362.805670321457,374.463982415807,0.521510650403798,0.40949847153388,0.469820019169439,0.31474429090139,0.149943985922235,0.118169202112595
"RSTD","RSTD",98,96.67,172.296216500309,NA,NA,350.592433000619,362.250745094969,0.418908317107707,0.978637758642435,0.333003840039773,0.41925282675454,0.214490751371074,0.211078092921525
"RSTD","RSTD",99,100,21.6681253846352,NA,NA,49.3362507692704,60.9945628636209,0.78953983867541,0.418743934947997,0.447284463938605,0.323543006921502,9.50209184687949,2.49348991278757
"RSTD","RSTD",100,94.44,191.077524534271,NA,NA,388.155049068542,399.813361162892,0.956703607924283,0.607802340993658,0.220848557509685,0.165661373846671,0.17149699851575,0.108669338996542
"RSTD","Utility",1,96.39,50.2652112038386,NA,NA,106.530422407677,118.188734502028,0.285107890376821,0.724670132622123,0.961498588939848,0.610515889536223,6.02265996828001,1.43561604238095
"RSTD","Utility",2,75.83,196.671329699809,NA,NA,399.342659399618,411.000971493968,0.950232450617477,0.206436974462122,0.844654672696795,0.0838924146088247,1.85912400488987,0.364579517394304
"RSTD","Utility",3,85.56,129.394921802534,NA,NA,264.789843605069,276.448155699419,0.536011227406561,0.200363578274846,0.52900594158306,0.703091501610172,1.50363987996639,1.00568439900399
"RSTD","Utility",4,95.83,184.06880614612,NA,NA,374.137612292241,385.795924386591,0.321220333920792,0.649332832079381,0.70479326117037,0.239375880871358,2.25524587978208,0.142882495187223
"RSTD","Utility",5,98.33,119.955588725322,NA,NA,245.911177450645,257.569489544995,0.525106647517532,0.973066303646192,0.917657817952312,0.621105316596848,2.5678189227736,0.392999498639256
"RSTD","Utility",6,99.72,18.0237558584856,NA,NA,42.0475117169712,53.7058238113217,0.895209939451888,0.943225271301344,0.99999,0.643318204847269,8.57851818445405,3.35385648889427
"RSTD","Utility",7,86.67,189.002602429158,NA,NA,384.005204858315,395.663516952666,0.753931205254048,0.197620301274583,0.439771392508559,0.28446488662319,2.19384336317684,0.18983699940145
"RSTD","Utility",8,89.72,188.106011757351,NA,NA,382.212023514701,393.870335609052,0.0560640415642411,0.783013365231454,0.990941774455739,0.99999,8.65040260568576,3.41441693140154
"RSTD","Utility",9,91.11,177.016024056128,NA,NA,360.032048112256,371.690360206606,0.479448032099754,0.989872474921867,0.912034081235776,0.340607025967535,2.34960185051556,0.208000437050192
"RSTD","Utility",10,100,18.0865775678791,NA,NA,42.1731551357581,53.8314672301086,0.711294803768396,0.788163986755535,0.783603635524103,0.997952347276099,6.93588494645148,2.30973086307261
"RSTD","Utility",11,95.56,47.5968492443225,NA,NA,101.193698488645,112.852010582995,0.5048349336721,0.797194604296237,0.961906516670341,0.639218753963927,4.76770159186263,2.5054881726885
"RSTD","Utility",12,97.78,81.3211911166317,NA,NA,168.642382233263,180.300694327614,0.731893435353413,0.395451756194234,0.361851484735689,0.620275323052793,4.4975096116909,0.618170124012977
"RSTD","Utility",13,99.44,20.1216967226426,NA,NA,46.2433934452852,57.9017055396356,0.275977379642427,0.511981163173914,0.661077438012075,0.99999,1.37524378517576,2.39124982816227
"RSTD","Utility",14,81.11,158.08730212529,NA,NA,322.174604250581,333.832916344931,0.226354157319292,0.16033569118008,0.613431274076792,0.636536868472526,1.72074973682262,0.894037933978152
"RSTD","Utility",15,99.72,18.0237558584856,NA,NA,42.0475117169712,53.7058238113217,0.315573724219576,0.984172471100464,0.99999,0.643318204847269,8.57851818445405,1.69604673600736
"RSTD","Utility",16,97.5,126.68913108544,NA,NA,259.37826217088,271.036574265231,0.540354023920372,0.854036244563758,0.962689065980456,0.559918085731695,3.64282805664767,0.362152148856662
"RSTD","Utility",17,64.17,200.421002564277,NA,NA,406.842005128555,418.500317222905,0.66359161795117,0.0660558908712119,0.76865673376496,0.267210107970041,0.781997717693811,1.97567781611326
"RSTD","Utility",18,98.33,58.3031188384114,NA,NA,122.606237676823,134.264549771173,0.973287776112556,0.630256613949314,0.735873784570778,0.742914268021864,2.47714252975548,0.855529390233469
"RSTD","Utility",19,88.89,180.902552394462,NA,NA,367.805104788924,379.463416883274,0.340647828998044,0.988910319516435,0.831315879306694,0.192291005630647,2.27162471905906,0.211397308856249
"RSTD","Utility",20,65.28,200.088664884134,NA,NA,406.177329768269,417.835641862619,0.329378831898794,0.0628540490288287,0.766224355770194,0.316708858582365,0.659324513296055,2.33967715737489
"RSTD","Utility",21,70.83,197.069013017253,NA,NA,400.138026034506,411.796338128856,0.285566801903769,0.0508385861758143,0.835057480337447,0.000297194821593226,2.24962049486902,0.410096168983728
"RSTD","Utility",22,98.89,66.7738892479455,NA,NA,139.547778495891,151.206090590242,0.684979062527418,0.438995202770457,0.401895208307712,0.79740994070174,1.95327617064559,0.685128960758448
"RSTD","Utility",23,81.11,157.586154280155,NA,NA,321.17230856031,332.83062065466,0.529962481698021,0.27115519088693,0.53091908065179,0.711739327012701,1.43915001602087,2.69503675574873
"RSTD","Utility",24,100,165.924958422661,NA,NA,337.849916845322,349.508228939673,0.779200294986367,0.728794121881947,0.91866588208906,0.452191119275551,2.48574591363223,0.160821524456017
"RSTD","Utility",25,73.89,188.922901954095,NA,NA,383.845803908189,395.50411600254,0.0281218434683979,0.533772448310629,0.0892696519987781,0.0391153055600347,3.07586766776863,0.225168376229703
"RSTD","Utility",26,92.78,106.734590613442,NA,NA,219.469181226885,231.127493321235,0.128862570039928,0.17050133110024,0.47452003172374,0.782475586318291,2.11930526411849,1.37515528589011
"RSTD","Utility",27,96.11,69.3165331228516,NA,NA,144.633066245703,156.291378340054,0.980796684976667,0.860091791022569,0.580220314738229,0.906420057683229,4.2354697247532,1.2001721150753
"RSTD","Utility",28,97.78,218.889977760073,NA,NA,443.779955520146,455.438267614496,0.633000507717952,0.959949327167124,0.714723285403126,0.31568877352027,0.384946372494974,0.0240202485583723
"RSTD","Utility",29,99.44,20.1216967226426,NA,NA,46.2433934452852,57.9017055396356,0.234798390883952,0.4054856733419,0.661077438012075,0.99999,1.37524378517576,3.89528230370438
"RSTD","Utility",30,95,196.79114049709,NA,NA,399.582280994179,411.24059308853,0.319981756620109,0.632078264839947,0.701331218903899,0.0913196769919305,1.81059304618484,0.0559587455590604
"RSTD","Utility",31,99.72,22.2529863790218,NA,NA,50.5059727580436,62.1642848523941,0.417691254755482,0.885661983396858,0.99999,0.719740303889672,4.82758480368952,1.4762263855988
"RSTD","Utility",32,93.06,214.867763567904,NA,NA,435.735527135808,447.393839230158,0.119032545015216,0.605491037247702,0.696153800651777,0.285276686178655,0.5585879932902,0.0459982767437321
"RSTD","Utility",33,100,18.0865775678791,NA,NA,42.1731551357581,53.8314672301086,0.824352919822559,0.753800751408562,0.783603635524103,0.997952347276099,6.93588494645148,2.89878896835935
"RSTD","Utility",34,90.56,174.320652206947,NA,NA,354.641304413894,366.299616508244,0.080542077543214,0.69156481907703,0.990941766033399,0.99999,8.65040499815738,3.2510444371212
"RSTD","Utility",35,97.5,60.8898891416436,NA,NA,127.779778283287,139.438090377638,0.788759883260354,0.407168375095353,0.316485833210106,0.715645751719494,4.54454865779314,0.8810732345608
"RSTD","Utility",36,92.5,116.360837685197,NA,NA,238.721675370393,250.379987464744,0.960197768406942,0.814909122884274,0.565413559153713,0.756902436756174,1.24452201212853,0.491239995229989
"RSTD","Utility",37,88.61,182.38920221958,NA,NA,370.77840443916,382.43671653351,0.983733647270128,0.387793875532225,0.748481132259639,0.297868659934314,4.01302730078002,0.184212701395154
"RSTD","Utility",38,99.17,41.2513339678431,NA,NA,88.5026679356862,100.160980030037,0.640330957481638,0.661732341628522,0.794657272175824,0.580421907221133,7.05146972538931,1.1015722423634
"RSTD","Utility",39,92.78,79.6665641624819,NA,NA,165.333128324964,176.991440419314,0.591888564871624,0.781977394130081,0.973116814405982,0.659951833842933,3.18456913852131,1.17335850927503
"RSTD","Utility",40,88.06,167.065340429279,NA,NA,340.130680858558,351.788992952909,0.185236022341996,0.927017299691215,1e-05,0.672899819144254,1.21233078064687,0.406216487288475
"RSTD","Utility",41,99.72,23.7776575135018,NA,NA,53.5553150270035,65.213627121354,0.5952471755445,0.540940156206489,0.573375412509042,0.773040372863382,3.93773937160409,1.71158919288757
"RSTD","Utility",42,94.44,179.839268535468,NA,NA,365.678537070935,377.336849165286,0.265401779906824,0.195171546889469,0.377302862502527,0.484493290632642,1.46610232138565,0.226954524639678
"RSTD","Utility",43,95.56,201.513412039541,NA,NA,409.026824079082,420.685136173432,0.604935176437721,0.398145136190578,0.763418821029454,0.110231789022553,1.38232958096272,0.0485801249742508
"RSTD","Utility",44,96.94,80.2981548897688,NA,NA,166.596309779538,178.254621873888,0.470244030002505,0.685449249343947,0.880508312989116,0.629403725519697,4.02436746573172,0.648697707336396
"RSTD","Utility",45,96.94,146.922014001648,NA,NA,299.844028003296,311.502340097646,0.371720403432846,0.503097830805928,0.803176019880996,0.596603301126628,2.04398357973537,0.322839245665818
"RSTD","Utility",46,95.56,176.030399089942,NA,NA,358.060798179884,369.719110274234,0.361050225095823,0.370053818682209,0.460888099971042,0.418833517819422,1.81884325490915,0.173567070005157
"RSTD","Utility",47,97.22,51.0791387626093,NA,NA,108.158277525219,119.816589619569,0.594613759312779,0.789667062694207,0.580590729416354,0.91768289895482,4.54912944785773,2.04544003671947
"RSTD","Utility",48,64.44,200.433353147421,NA,NA,406.866706294843,418.525018389193,0.628910263301805,0.0369398219045252,0.765331818890701,0.295293192906818,0.702781711039666,1.35408596597136
"RSTD","Utility",49,96.67,55.9151385821847,NA,NA,117.830277164369,129.48858925872,0.254382238723338,0.857857148861513,0.942051688936107,0.661301766621989,4.21244941300489,0.936107955831003
"RSTD","Utility",50,98.89,37.9284466392073,NA,NA,81.8568932784147,93.5152053727651,0.629901704145595,0.59963444317691,0.784680048067725,0.60913351231013,6.38141428959465,1.13030682034315
"RSTD","Utility",51,96.39,44.2043318662228,NA,NA,94.4086637324457,106.066975826796,0.958562755258754,0.446684151422232,0.303655758995389,0.705951525839648,4.77219419347593,1.46860518856885
"RSTD","Utility",52,95.56,60.9318598722836,NA,NA,127.863719744567,139.522031838918,0.378760501742363,0.716149265645072,0.933820619573084,0.681381983966203,3.73102199511687,1.1838285959837
"RSTD","Utility",53,98.89,109.002618013886,NA,NA,224.005236027771,235.663548122122,0.843001339351758,0.428967847023159,0.36372747879637,0.746468927114676,1.53200248085016,0.430095953866839
"RSTD","Utility",54,95,100.370022067919,NA,NA,206.740044135838,218.398356230188,0.111280993092805,0.926345025887713,0.99999,0.758940707827168,3.9697283374453,1.52358875974062
"RSTD","Utility",55,99.72,18.0237558584856,NA,NA,42.0475117169712,53.7058238113217,0.231767056509852,0.779834397835657,0.99999,0.643318204847269,8.57851818445405,3.55762586234994
"RSTD","Utility",56,99.44,20.9661037312122,NA,NA,47.9322074624244,59.5905195567749,0.386252531083301,0.815260800998658,0.951046349565406,0.708181426070486,5.98174854851641,1.64474068483968
"RSTD","Utility",57,96.67,182.63579139381,NA,NA,371.271582787619,382.92989488197,0.6529874894768,0.670282299863175,0.808152163418571,0.459170123824436,0.904849091271494,0.116263606119901
"RSTD","Utility",58,85,153.551229658507,NA,NA,313.102459317013,324.760771411364,0.560497718863189,0.274772666627541,0.814378134751994,0.53829196328983,2.80066008598914,0.529099578669097
"RSTD","Utility",59,99.44,47.530514139552,NA,NA,101.061028279104,112.719340373454,0.597106330329552,0.589335348224267,0.802827606500189,0.564539117125501,6.93058344896532,0.931611171881569
"RSTD","Utility",60,100,28.0761620010721,NA,NA,62.1523240021443,73.8106360964947,0.987134294584394,0.800411853706464,0.715326876156469,0.817579634748325,2.74566626855805,1.29764714087815
"RSTD","Utility",61,98.06,188.334942084277,NA,NA,382.669884168553,394.328196262904,0.718285634880885,0.565618214197457,0.747466667010068,0.412290659803036,0.763005702088291,0.0649159974418581
"RSTD","Utility",62,93.06,158.013573942303,NA,NA,322.027147884606,333.685459978957,0.125127220060676,0.773224814096466,0.97227053511232,0.689771920153296,2.63474174778728,0.583291862625629
"RSTD","Utility",63,93.06,190.974974983414,NA,NA,387.949949966829,399.608262061179,0.499009405029938,0.0988319513853639,0.626422641861869,0.0566916996980852,2.89774980172534,0.092432988807559
"RSTD","Utility",64,99.44,20.1216967226426,NA,NA,46.2433934452852,57.9017055396356,0.333673485321924,0.454882015939802,0.661077438012075,0.99999,1.37524378517576,2.70696423376415
"RSTD","Utility",65,77.22,192.075390666991,NA,NA,390.150781333982,401.809093428333,0.810415166895837,0.0187283449340612,0.824499118484137,1e-05,2.69566908303394,0.165121834239408
"RSTD","Utility",66,97.78,105.254694351835,NA,NA,216.509388703669,228.167700798019,0.461979309096932,0.296923782210797,0.330608364348132,0.711621216153303,1.89386863970169,0.458040716126561
"RSTD","Utility",67,95.83,184.06880614612,NA,NA,374.137612292241,385.795924386591,0.285626433324069,0.528872283641249,0.70479326117037,0.239375880871358,2.25524587978208,0.147296045374405
"RSTD","Utility",68,98.06,100.545306489914,NA,NA,207.090612979828,218.748925074178,0.732509626774117,0.600311974063516,0.554624233011294,0.72474074320768,1.72842749192653,0.449271724574598
"RSTD","Utility",69,98.89,66.5272965160693,NA,NA,139.054593032139,150.712905126489,0.977929984452203,0.529096166603267,0.324834898430341,0.99979354582319,0.835472507952533,0.751786146880371
"RSTD","Utility",70,69.44,198.78576273128,NA,NA,403.571525462561,415.229837556911,0.98177181975916,0.159414226887748,0.820686948380854,0.0370134108179441,1.88839652192619,0.477379389107227
"RSTD","Utility",71,96.39,187.221674791423,NA,NA,380.443349582846,392.101661677196,0.922829337418079,0.366323065012693,0.521425062694064,0.260062817944013,1.79647373259594,0.0864430760253218
"RSTD","Utility",72,82.5,132.722534547858,NA,NA,271.445069095716,283.103381190066,0.437475311337039,0.144657690776512,0.506551242814362,0.531826950545124,4.09401139749404,1.51204245735464
"RSTD","Utility",73,69.44,153.373149459963,NA,NA,312.746298919926,324.404611014276,0.0812403932213783,0.858433880610391,1e-05,0.59789844635671,0.722906074431684,1.57674626609245
"RSTD","Utility",74,95.83,195.510529281622,NA,NA,397.021058563244,408.679370657595,0.769064010120928,0.423705151304603,0.79964944754783,0.0879554899867821,1.87545143263556,0.0550090870819986
"RSTD","Utility",75,98.06,224.648915308151,NA,NA,455.297830616301,466.956142710652,0.27233505435288,0.0992442343849689,0.393709178847076,0.152816363092832,0.602216066794091,0.0195726837949201
"RSTD","Utility",76,92.78,83.4150082170025,NA,NA,172.830016434005,184.488328528355,0.714246998308226,0.356464033480734,0.293861573893886,0.671181633661157,3.59848573863738,1.33508190601589
"RSTD","Utility",77,99.72,18.0237558584856,NA,NA,42.0475117169712,53.7058238113217,0.165105299558491,0.62026000325568,0.99999,0.643318204847269,8.57851818445405,2.11759630225509
"RSTD","Utility",78,99.17,120.690138075008,NA,NA,247.380276150015,259.038588244366,0.948594216490164,0.818483957787976,0.958520430921951,0.623767339165094,2.57900031500262,0.400698857048743
"RSTD","Utility",79,97.78,206.531707178818,NA,NA,419.063414357636,430.721726451986,0.641159480903298,0.713674181839451,0.720646735742101,0.329800088721023,0.555816553999567,0.0414828715044559
"RSTD","Utility",80,99.44,26.2236138283624,NA,NA,58.4472276567249,70.1055397510753,0.602592710871249,0.798923129681498,0.886926831402821,0.779685763008781,3.71376213626422,1.65777598732141
"RSTD","Utility",81,87.78,219.843147504062,NA,NA,445.686295008125,457.344607102475,0.0268326783552766,0.983408806612715,0.99999,0.590356369378236,9.42212287927764,1.42827125892359
"RSTD","Utility",82,95.28,193.17082619867,NA,NA,392.34165239734,403.99996449169,0.390374890295789,0.210965643869713,0.65666225311515,0.0851853770524069,2.03810620514189,0.0709301116876304
"RSTD","Utility",83,69.17,198.885677152177,NA,NA,403.771354304354,415.429666398705,0.909624356776476,0.0655163209885359,0.818533060671724,0.0166036364246618,1.98720485748465,0.479556284306279
"RSTD","Utility",84,99.17,58.1098197823692,NA,NA,122.219639564738,133.877951659089,0.894585720263422,0.928069569170475,0.964493942948606,0.641336224649315,4.37022315926298,0.784675157586944
"RSTD","Utility",85,95.83,93.9991691428445,NA,NA,193.998338285689,205.65665038004,0.16712597804144,0.591124507132918,0.943831216169416,0.665853800475734,3.573553728897,0.76918393555553
"RSTD","Utility",86,91.39,197.589205920968,NA,NA,401.178411841936,412.836723936286,0.0963515317998827,0.187938303221017,0.12533198704632,0.203601726724111,1.65452641318532,0.16646143142134
"RSTD","Utility",87,95.56,47.5968492443225,NA,NA,101.193698488645,112.852010582995,0.812582350103185,0.879132093861699,0.961906516670341,0.639218753963927,4.76770159186263,4.4038753097219
"RSTD","Utility",88,96.39,182.368252109485,NA,NA,370.736504218971,382.394816313321,0.448961209738627,0.690639521926641,0.799090764545334,0.648317734802355,0.43225620055835,0.123227803417321
"RSTD","Utility",89,94.72,83.573581728856,NA,NA,173.147163457712,184.805475552062,0.352596259210259,0.519048273330554,0.554224681301472,0.743050716308508,2.47872235446499,0.771270071114314
"RSTD","Utility",90,82.22,105.193079498145,NA,NA,216.386158996289,228.04447109064,0.7131295024883,0.112127762287855,0.0930896851516402,0.630367833480498,3.30610714551277,3.4174234716404
"RSTD","Utility",91,82.22,198.950682904963,NA,NA,403.901365809926,415.559677904276,0.102771484525874,0.0985191510990262,0.781032178451622,0.335425850692277,0.660211111237416,0.348240172024816
"RSTD","Utility",92,84.44,185.652859625205,NA,NA,377.30571925041,388.964031344761,0.14997310237959,0.461772011825815,0.608857110994437,0.168075724207836,1.98624214444719,0.261333189609714
"RSTD","Utility",93,95.83,82.2457203717262,NA,NA,170.491440743452,182.149752837803,0.435881547397003,0.7804279406555,0.976889945821482,0.680060987191659,2.8435932009223,0.681397345848382
"RSTD","Utility",94,100,18.0865775678791,NA,NA,42.1731551357581,53.8314672301086,0.975024477113038,0.799848798895255,0.783603635524103,0.997952347276099,6.93588494645148,4.33281822849937
"RSTD","Utility",95,96.39,117.583201968201,NA,NA,241.166403936401,252.824716030752,0.723246149485931,0.623378630494699,0.614053411851651,0.777328810349507,1.16775720901409,0.45622572209686
"RSTD","Utility",96,91.39,144.992110973081,NA,NA,295.984221946161,307.642534040512,0.323681306792423,0.444453429430723,0.623056552598686,0.6317039655135,1.67158424170072,0.446843124460429
"RSTD","Utility",97,97.22,180.038970473339,NA,NA,366.077940946678,377.736253041028,0.521510650403798,0.40949847153388,0.516811527223682,0.346016378691872,2.11539491861051,0.118169202112595
"RSTD","Utility",98,90.56,177.086329340414,NA,NA,360.172658680828,371.830970775179,0.418908317107707,0.978637758642435,0.881737823389281,0.336454854647519,2.47594199921578,0.211078092921525
"RSTD","Utility",99,96.11,40.1009673600938,NA,NA,86.2019347201877,97.8602468145381,0.78953983867541,0.418743934947997,0.312689347620522,0.698054401230568,4.96680367319749,2.49348991278757
"RSTD","Utility",100,95.83,184.580617789967,NA,NA,375.161235579934,386.819547674284,0.956703607924283,0.607802340993658,0.870720371516004,0.363916176126857,1.16942177200844,0.108669338996542
"Utility","TD",1,76.67,194.924445788414,NA,NA,393.848891576828,401.621099639728,0.285107890376821,0.724670132622123,0.00919532148721777,0.112410384281574,NA,1.43561604238095
"Utility","TD",2,96.67,222.063455025909,NA,NA,448.126910051819,455.899118114719,0.950232450617477,0.206436974462122,0.549539395863441,0.0320104988049677,NA,0.364579517394304
"Utility","TD",3,96.11,197.580136157079,NA,NA,399.160272314157,406.932480377057,0.536011227406561,0.200363578274846,0.396787879730525,0.0899825445299778,NA,1.00568439900399
"Utility","TD",4,98.06,209.105156901166,NA,NA,422.210313802332,429.982521865232,0.321220333920792,0.649332832079381,0.642868054262419,0.0439785192777244,NA,0.142882495187223
"Utility","TD",5,81.94,183.705900635138,NA,NA,371.411801270277,379.184009333177,0.525106647517532,0.973066303646192,0.00986458216245812,0.215238929006363,NA,0.392999498639256
"Utility","TD",6,98.06,37.6370721153929,NA,NA,79.2741442307857,87.046352293686,0.895209939451888,0.943225271301344,0.994932683185669,1.15620915389273,NA,3.35385648889427
"Utility","TD",7,96.11,237.888024886239,NA,NA,479.776049772478,487.548257835379,0.753931205254048,0.197620301274583,0.998063852226496,0.0143628277947048,NA,0.18983699940145
"Utility","TD",8,80.83,163.12639426969,NA,NA,330.25278853938,338.02499660228,0.0560640415642411,0.783013365231454,0.00715531952533753,0.253457321381746,NA,3.41441693140154
"Utility","TD",9,95.28,175.250515466105,NA,NA,354.501030932209,362.273238995109,0.479448032099754,0.989872474921867,0.556335039280112,0.137934564501534,NA,0.208000437050192
"Utility","TD",10,99.72,51.2388144411257,NA,NA,106.477628882251,114.249836945152,0.711294803768396,0.788163986755535,0.692799288696989,0.824539955895627,NA,2.30973086307261
"Utility","TD",11,97.22,65.1969899491898,NA,NA,134.39397989838,142.16618796128,0.5048349336721,0.797194604296237,0.41685816540653,2.22366364712872,NA,2.5054881726885
"Utility","TD",12,97.5,187.6528591627,NA,NA,379.305718325399,387.0779263883,0.731893435353413,0.395451756194234,0.720599153576287,0.0847686655139163,NA,0.618170124012977
"Utility","TD",13,88.61,180.633715631108,NA,NA,365.267431262216,373.039639325116,0.275977379642427,0.511981163173914,0.512746827978895,0.133423568077828,NA,2.39124982816227
"Utility","TD",14,95.56,212.213398540585,NA,NA,428.42679708117,436.19900514407,0.226354157319292,0.16033569118008,0.695347428653231,0.0442904871771853,NA,0.894037933978152
"Utility","TD",15,99.17,30.7114497918133,NA,NA,65.4228995836265,73.1951076465268,0.315573724219576,0.984172471100464,0.314005139482471,1.77021637177522,NA,1.69604673600736
"Utility","TD",16,94.17,171.106222256065,NA,NA,346.212444512131,353.984652575031,0.540354023920372,0.854036244563758,0.57451033227768,0.128188168399407,NA,0.362152148856662
"Utility","TD",17,95.28,189.480167222285,NA,NA,382.960334444569,390.732542507469,0.66359161795117,0.0660558908712119,0.674737629379811,0.0796177166300256,NA,1.97567781611326
"Utility","TD",18,94.17,174.034837731863,NA,NA,352.069675463726,359.841883526627,0.973287776112556,0.630256613949314,0.99999,0.179717053044014,NA,0.855529390233469
"Utility","TD",19,98.61,169.428745561757,NA,NA,342.857491123513,350.629699186414,0.340647828998044,0.988910319516435,0.451310125619994,0.193047668405189,NA,0.211397308856249
"Utility","TD",20,95.56,193.048349247941,NA,NA,390.096698495883,397.868906558783,0.329378831898794,0.0628540490288287,0.602372516667515,0.0640887018747283,NA,2.33967715737489
"Utility","TD",21,98.06,230.256502930879,NA,NA,464.513005861759,472.285213924659,0.285566801903769,0.0508385861758143,0.305733110036926,0.0225473955002605,NA,0.410096168983728
"Utility","TD",22,97.78,186.471779101514,NA,NA,376.943558203027,384.715766265928,0.684979062527418,0.438995202770457,0.689451072540887,0.0900530153423602,NA,0.685128960758448
"Utility","TD",23,95.28,182.737892279218,NA,NA,369.475784558435,377.247992621336,0.529962481698021,0.27115519088693,0.395847380144424,0.16799498346273,NA,2.69503675574873
"Utility","TD",24,97.78,187.541569755157,NA,NA,379.083139510313,386.855347573214,0.779200294986367,0.728794121881947,0.684051240521434,0.0889369196206963,NA,0.160821524456017
"Utility","TD",25,98.33,211.249179011746,NA,NA,426.498358023493,434.270566086393,0.0281218434683979,0.533772448310629,0.0352013191842677,0.0448974678320199,NA,0.225168376229703
"Utility","TD",26,95.83,199.984472659561,NA,NA,403.968945319123,411.741153382023,0.128862570039928,0.17050133110024,0.2534110331592,0.0651317622895463,NA,1.37515528589011
"Utility","TD",27,99.44,60.7896507275354,NA,NA,125.579301455071,133.351509517971,0.980796684976667,0.860091791022569,0.99999,0.700297356590284,NA,1.2001721150753
"Utility","TD",28,98.33,221.005025026756,NA,NA,446.010050053511,453.782258116412,0.633000507717952,0.959949327167124,0.929025004345974,0.0290574340594187,NA,0.0240202485583723
"Utility","TD",29,90.83,173.52546997642,NA,NA,351.050939952841,358.823148015741,0.234798390883952,0.4054856733419,0.298126674211302,0.216850958882808,NA,3.89528230370438
"Utility","TD",30,96.94,228.625345838069,NA,NA,461.250691676137,469.022899739038,0.319981756620109,0.632078264839947,0.389710266467808,0.0270139467511648,NA,0.0559587455590604
"Utility","TD",31,99.72,52.6375617310569,NA,NA,109.275123462114,117.047331525014,0.417691254755482,0.885661983396858,0.361629950630494,0.950832476948884,NA,1.4762263855988
"Utility","TD",32,98.06,235.038489765738,NA,NA,474.076979531475,481.849187594376,0.119032545015216,0.605491037247702,0.0909213615257674,0.01835522457091,NA,0.0459982767437321
"Utility","TD",33,100,46.8313730151473,NA,NA,97.6627460302947,105.434954093195,0.824352919822559,0.753800751408562,0.717010847198543,0.874198371394947,NA,2.89878896835935
"Utility","TD",34,78.89,172.051247375523,NA,NA,348.102494751045,355.874702813945,0.080542077543214,0.69156481907703,0.00426794958593274,0.218340445413158,NA,3.2510444371212
"Utility","TD",35,98.06,187.006373863347,NA,NA,378.012747726694,385.784955789595,0.788759883260354,0.407168375095353,0.713858022100536,0.0858084779984708,NA,0.8810732345608
"Utility","TD",36,89.17,191.2260667432,NA,NA,386.4521334864,394.224341549301,0.960197768406942,0.814909122884274,0.00466843410244776,0.147587842644346,NA,0.491239995229989
"Utility","TD",37,97.5,220.441276993544,NA,NA,444.882553987088,452.654762049988,0.983733647270128,0.387793875532225,0.798766857550144,0.0300348488793761,NA,0.184212701395154
"Utility","TD",38,95.56,159.507375107332,NA,NA,323.014750214665,330.786958277565,0.640330957481638,0.661732341628522,0.747269499154593,0.190107646998512,NA,1.1015722423634
"Utility","TD",39,76.11,191.663348456612,NA,NA,387.326696913224,395.098904976124,0.591888564871624,0.781977394130081,0.00909700813808122,0.150819571735419,NA,1.17335850927503
"Utility","TD",40,84.72,194.217259363832,NA,NA,392.434518727664,400.206726790565,0.185236022341996,0.927017299691215,0.00785383347006494,0.129680786937833,NA,0.406216487288475
"Utility","TD",41,92.22,173.888741249311,NA,NA,351.777482498622,359.549690561522,0.5952471755445,0.540940156206489,0.672959951970727,0.0934579043788504,NA,1.71158919288757
"Utility","TD",42,98.06,230.256502930879,NA,NA,464.513005861759,472.285213924659,0.265401779906824,0.195171546889469,0.305733110036926,0.0225473955002605,NA,0.226954524639678
"Utility","TD",43,98.61,244.330085691542,NA,NA,492.660171383084,500.432379445984,0.604935176437721,0.398145136190578,0.200862741955566,0.00859006952205457,NA,0.0485801249742508
"Utility","TD",44,96.94,177.384775008204,NA,NA,358.769550016408,366.541758079308,0.470244030002505,0.685449249343947,0.504030516815787,0.161331718217353,NA,0.648697707336396
"Utility","TD",45,96.67,201.611765314417,NA,NA,407.223530628835,414.995738691735,0.371720403432846,0.503097830805928,0.522897469788563,0.0631433365174201,NA,0.322839245665818
"Utility","TD",46,96.94,225.996417157813,NA,NA,455.992834315625,463.765042378526,0.361050225095823,0.370053818682209,0.487962432238205,0.02571141723673,NA,0.173567070005157
"Utility","TD",47,100,53.3727916943825,NA,NA,110.745583388765,118.517791451665,0.594613759312779,0.789667062694207,0.49793101911452,0.843026787757732,NA,2.04544003671947
"Utility","TD",48,95.56,208.174024845181,NA,NA,420.348049690363,428.120257753263,0.628910263301805,0.0369398219045252,0.965236344560821,0.0471684802874918,NA,1.35408596597136
"Utility","TD",49,76.94,188.012180624624,NA,NA,380.024361249248,387.796569312149,0.254382238723338,0.857857148861513,0.0125767515964696,0.208867947169018,NA,0.936107955831003
"Utility","TD",50,96.11,167.671242120915,NA,NA,339.34248424183,347.11469230473,0.629901704145595,0.59963444317691,0.565805459093623,0.201046795223106,NA,1.13030682034315
"Utility","TD",51,95.56,176.594457758337,NA,NA,357.188915516674,364.961123579574,0.958562755258754,0.446684151422232,0.758932058983885,0.150153720695254,NA,1.46860518856885
"Utility","TD",52,81.67,196.705887544326,NA,NA,397.411775088652,405.183983151553,0.378760501742363,0.716149265645072,0.0127955008622186,0.10724310402952,NA,1.1838285959837
"Utility","TD",53,96.94,192.606015775398,NA,NA,389.212031550797,396.984239613697,0.843001339351758,0.428967847023159,0.962894252761841,0.0684623488114144,NA,0.430095953866839
"Utility","TD",54,98.33,77.3539564571414,NA,NA,158.707912914283,166.480120977183,0.111280993092805,0.926345025887713,0.158352224871099,0.793706799147014,NA,1.52358875974062
"Utility","TD",55,96.67,48.5984088575371,NA,NA,101.196817715074,108.969025777974,0.231767056509852,0.779834397835657,0.169627592681953,1.95790580043607,NA,3.55762586234994
"Utility","TD",56,99.44,66.2471410152141,NA,NA,136.494282030428,144.266490093329,0.386252531083301,0.815260800998658,0.304334841147212,0.836470876530109,NA,1.64474068483968
"Utility","TD",57,97.5,212.295646472745,NA,NA,428.591292945491,436.363501008391,0.6529874894768,0.670282299863175,0.743674564313583,0.0440186994200538,NA,0.116263606119901
"Utility","TD",58,97.22,210.797817225182,NA,NA,425.595634450363,433.367842513263,0.560497718863189,0.274772666627541,0.609774745791649,0.0416263625323793,NA,0.529099578669097
"Utility","TD",59,95.56,178.21761520581,NA,NA,360.435230411621,368.207438474521,0.597106330329552,0.589335348224267,0.685715295435148,0.0907834191322535,NA,0.931611171881569
"Utility","TD",60,99.17,88.796284156572,NA,NA,181.592568313144,189.364776376044,0.987134294584394,0.800411853706464,0.99999,0.530725036179206,NA,1.29764714087815
"Utility","TD",61,97.22,228.047623145962,NA,NA,460.095246291924,467.867454354824,0.718285634880885,0.565618214197457,0.426192763010151,0.0257757691841372,NA,0.0649159974418581
"Utility","TD",62,95.56,189.833285413188,NA,NA,383.666570826375,391.438778889275,0.125127220060676,0.773224814096466,0.475052307268061,0.0858656073704679,NA,0.583291862625629
"Utility","TD",63,98.61,245.290127170015,NA,NA,494.58025434003,502.35246240293,0.499009405029938,0.0988319513853639,0.330050427855699,0.00690040938115607,NA,0.092432988807559
"Utility","TD",64,92.22,169.280551419006,NA,NA,342.561102838013,350.333310900913,0.333673485321924,0.454882015939802,0.451625967204547,0.189850515907317,NA,2.70696423376415
"Utility","TD",65,97.5,243.968007100839,NA,NA,491.936014201678,499.708222264579,0.810415166895837,0.0187283449340612,0.99999,0.00858533186677244,NA,0.165121834239408
"Utility","TD",66,96.94,211.278405945382,NA,NA,426.556811890765,434.329019953665,0.461979309096932,0.296923782210797,0.681075260647212,0.0424361999716026,NA,0.458040716126561
"Utility","TD",67,98.61,221.46114351875,NA,NA,446.922287037501,454.694495100401,0.285626433324069,0.528872283641249,0.0577931128381419,0.031253236137955,NA,0.147296045374405
"Utility","TD",68,98.89,185.114972802689,NA,NA,374.229945605378,382.002153668279,0.732509626774117,0.600311974063516,0.708334738164143,0.0866952351148659,NA,0.449271724574598
"Utility","TD",69,91.94,189.11475255711,NA,NA,382.229505114221,390.001713177121,0.977929984452203,0.529096166603267,0.360736521411139,0.16799878486147,NA,0.751786146880371
"Utility","TD",70,96.67,222.063455025909,NA,NA,448.126910051819,455.899118114719,0.98177181975916,0.159414226887748,0.549539395863441,0.0320104988049677,NA,0.477379389107227
"Utility","TD",71,95.83,238.992582554643,NA,NA,481.985165109286,489.757373172187,0.922829337418079,0.366323065012693,0.99999,0.0137930207958246,NA,0.0864430760253218
"Utility","TD",72,96.11,191.883205146271,NA,NA,387.766410292542,395.538618355443,0.437475311337039,0.144657690776512,0.530034294365778,0.0744874544813933,NA,1.51204245735464
"Utility","TD",73,97.22,100.747963244201,NA,NA,205.495926488401,213.268134551301,0.0812403932213783,0.858433880610391,0.121909875232627,0.81502229362837,NA,1.57674626609245
"Utility","TD",74,98.33,242.318340538501,NA,NA,488.636681077002,496.408889139902,0.769064010120928,0.423705151304603,0.107390172094584,0.0108830534129515,NA,0.0550090870819986
"Utility","TD",75,98.33,246.622750809916,NA,NA,497.245501619832,505.017709682732,0.27233505435288,0.0992442343849689,0.99999,0.00422118688045407,NA,0.0195726837949201
"Utility","TD",76,97.22,186.479214088927,NA,NA,376.958428177854,384.730636240755,0.714246998308226,0.356464033480734,0.685783352652361,0.0907702294745643,NA,1.33508190601589
"Utility","TD",77,81.39,195.142113167798,NA,NA,394.284226335595,402.056434398496,0.165105299558491,0.62026000325568,0.021379088636948,0.138707093635865,NA,2.11759630225509
"Utility","TD",78,88.33,194.815577068866,NA,NA,393.631154137733,401.403362200633,0.948594216490164,0.818483957787976,0.0057905129958893,0.0992970085657806,NA,0.400698857048743
"Utility","TD",79,97.22,228.047623145962,NA,NA,460.095246291924,467.867454354824,0.641159480903298,0.713674181839451,0.426192763010151,0.0257757691841372,NA,0.0414828715044559
"Utility","TD",80,98.33,65.2412923594677,NA,NA,134.482584718935,142.254792781836,0.602592710871249,0.798923129681498,0.573539431357736,0.699639514536991,NA,1.65777598732141
"Utility","TD",81,97.78,87.7487545739681,NA,NA,179.497509147936,187.269717210836,0.0268326783552766,0.983408806612715,0.0374617691063344,0.896011694510072,NA,1.42827125892359
"Utility","TD",82,98.61,245.290127170015,NA,NA,494.58025434003,502.35246240293,0.390374890295789,0.210965643869713,0.330050427855699,0.00690040938115607,NA,0.0709301116876304
"Utility","TD",83,96.94,223.358886902816,NA,NA,450.717773805632,458.489981868532,0.909624356776476,0.0655163209885359,0.883712759768018,0.0269372041309604,NA,0.479556284306279
"Utility","TD",84,98.33,92.2657668798403,NA,NA,188.531533759681,196.303741822581,0.894585720263422,0.928069569170475,0.988107466203059,0.549736846891387,NA,0.784675157586944
"Utility","TD",85,96.94,190.646694716218,NA,NA,385.293389432435,393.065597495336,0.16712597804144,0.591124507132918,0.47683263874438,0.0854506804185129,NA,0.76918393555553
"Utility","TD",86,97.22,240.285198848333,NA,NA,484.570397696667,492.342605759567,0.0963515317998827,0.187938303221017,0.444608283449346,0.013042902991003,NA,0.16646143142134
"Utility","TD",87,100,18.0865773024432,NA,NA,40.1731546048864,47.9453626677867,0.812582350103185,0.879132093861699,0.78397048329581,9.99999,NA,4.4038753097219
"Utility","TD",88,98.89,208.318924512962,NA,NA,420.637849025924,428.410057088824,0.448961209738627,0.690639521926641,0.565512131699819,0.0426042019558735,NA,0.123227803417321
"Utility","TD",89,95.28,182.737892279218,NA,NA,369.475784558435,377.247992621336,0.352596259210259,0.519048273330554,0.395847380144424,0.16799498346273,NA,0.771270071114314
"Utility","TD",90,95.83,187.853634590759,NA,NA,379.707269181518,387.479477244418,0.7131295024883,0.112127762287855,0.690136227108507,0.0860524343257006,NA,3.4174234716404
"Utility","TD",91,98.06,230.256502930879,NA,NA,464.513005861759,472.285213924659,0.102771484525874,0.0985191510990262,0.305733110036926,0.0225473955002605,NA,0.348240172024816
"Utility","TD",92,97.22,214.492288077269,NA,NA,432.984576154537,440.756784217437,0.14997310237959,0.461772011825815,0.0523116748361318,0.0398981441672658,NA,0.261333189609714
"Utility","TD",93,97.5,152.463514007416,NA,NA,308.927028014832,316.699236077732,0.435881547397003,0.7804279406555,0.463686336451684,0.259295981007453,NA,0.681397345848382
"Utility","TD",94,99.72,18.0237498407763,NA,NA,40.0474996815526,47.8197077444529,0.975024477113038,0.799848798895255,0.99999,1.50816710708431,NA,4.33281822849937
"Utility","TD",95,98.89,185.39495991167,NA,NA,374.789919823339,382.562127886239,0.723246149485931,0.623378630494699,0.569041810897924,0.10038662117532,NA,0.45622572209686
"Utility","TD",96,96.67,193.386395463732,NA,NA,390.772790927464,398.544998990364,0.323681306792423,0.444453429430723,0.540460827238066,0.0731134951256075,NA,0.446843124460429
"Utility","TD",97,97.22,227.800346219055,NA,NA,459.600692438111,467.372900501011,0.521510650403798,0.40949847153388,0.516958468909473,0.0239666293995752,NA,0.118169202112595
"Utility","TD",98,99.17,167.807837173362,NA,NA,339.615674346724,347.387882409625,0.418908317107707,0.978637758642435,0.460936436567196,0.199873592472729,NA,0.211078092921525
"Utility","TD",99,95.83,168.385815221885,NA,NA,340.77163044377,348.54383850667,0.78953983867541,0.418743934947997,0.606158151942928,0.190178933308926,NA,2.49348991278757
"Utility","TD",100,97.78,214.740199261097,NA,NA,433.480398522194,441.252606585094,0.956703607924283,0.607802340993658,0.633296931808419,0.0410921383221363,NA,0.108669338996542
"Utility","RSTD",1,81.39,173.36814561702,NA,NA,352.73629123404,364.394603328391,0.285107890376821,0.724670132622123,0.332480351465271,0.093797400235194,0.143370379165457,1.43561604238095
"Utility","RSTD",2,97.5,222.2514014559,NA,NA,450.502802911801,462.161115006151,0.950232450617477,0.206436974462122,0.473294446096652,0.0878971896082834,0.0300952690805795,0.364579517394304
"Utility","RSTD",3,94.44,194.989326760086,NA,NA,395.978653520172,407.636965614523,0.536011227406561,0.200363578274846,0.673941806897536,0.363023234544079,0.0755799171966227,1.00568439900399
"Utility","RSTD",4,96.67,209.935940161117,NA,NA,425.871880322234,437.530192416584,0.321220333920792,0.649332832079381,0.576989029868573,0.226044039892276,0.0506770156200358,0.142882495187223
"Utility","RSTD",5,85.56,173.268831771948,NA,NA,352.537663543896,364.195975638246,0.525106647517532,0.973066303646192,0.0266275210026992,0.000109117160901336,0.243819320476151,0.392999498639256
"Utility","RSTD",6,98.61,39.7462669904444,NA,NA,85.4925339808888,97.1508460752393,0.895209939451888,0.943225271301344,0.517257589242377,0.856109319929359,3.86944999197144,3.35385648889427
"Utility","RSTD",7,96.67,238.230264491222,NA,NA,482.460528982445,494.118841076795,0.753931205254048,0.197620301274583,0.72651971788435,0.103144617317713,0.0156740183205597,0.18983699940145
"Utility","RSTD",8,78.61,169.882479178265,NA,NA,345.76495835653,357.42327045088,0.0560640415642411,0.783013365231454,0.616613226858754,0.213440082166018,0.16789493832973,3.41441693140154
"Utility","RSTD",9,96.11,172.285982153343,NA,NA,350.571964306686,362.230276401036,0.479448032099754,0.989872474921867,0.248852356815059,0.200015450063594,0.239715356095982,0.208000437050192
"Utility","RSTD",10,99.44,52.2459747352474,NA,NA,110.491949470495,122.150261564845,0.711294803768396,0.788163986755535,0.922430191694557,0.718153904894872,0.795357167498879,2.30973086307261
"Utility","RSTD",11,98.61,54.8613884878841,NA,NA,115.722776975768,127.381089070119,0.5048349336721,0.797194604296237,0.968661742648909,0.552987063563716,0.800493738854416,2.5054881726885
"Utility","RSTD",12,96.11,190.2437938108,NA,NA,386.487587621599,398.14589971595,0.731893435353413,0.395451756194234,0.509525044774072,0.305586433556989,0.0838933364532378,0.618170124012977
"Utility","RSTD",13,93.06,166.294275351614,NA,NA,338.588550703228,350.246862797578,0.275977379642427,0.511981163173914,0.552638295658723,0.253710911446551,0.196248211706171,2.39124982816227
"Utility","RSTD",14,97.22,212.886067684571,NA,NA,431.772135369143,443.430447463493,0.226354157319292,0.16033569118008,0.198703117055395,0.0598957668776873,0.0432896413958926,0.894037933978152
"Utility","RSTD",15,99.44,31.0583076556829,NA,NA,68.1166153113658,79.7749274057163,0.315573724219576,0.984172471100464,0.467753485356273,0.384078756579075,1.35927615079701,1.69604673600736
"Utility","RSTD",16,96.39,163.176166776262,NA,NA,332.352333552523,344.010645646874,0.540354023920372,0.854036244563758,0.350585540842516,0.265825859341082,0.237542260134579,0.362152148856662
"Utility","RSTD",17,93.89,195.60904967339,NA,NA,397.218099346779,408.87641144113,0.66359161795117,0.0660558908712119,0.214563566662318,0.0950087687667966,0.125271698099986,1.97567781611326
"Utility","RSTD",18,91.67,189.208433236552,NA,NA,384.416866473103,396.075178567454,0.973287776112556,0.630256613949314,0.180405968379677,0.122011406389999,0.212909420555569,0.855529390233469
"Utility","RSTD",19,98.89,168.964706594997,NA,NA,343.929413189995,355.587725284345,0.340647828998044,0.988910319516435,0.491271480055486,0.3976983327262,0.1939705062846,0.211397308856249
"Utility","RSTD",20,94.72,195.27844321536,NA,NA,396.556886430721,408.215198525071,0.329378831898794,0.0628540490288287,0.250719969088014,0.0916875766261904,0.104952651957373,2.33967715737489
"Utility","RSTD",21,98.06,229.836729301065,NA,NA,465.67345860213,477.331770696481,0.285566801903769,0.0508385861758143,0.266560982841742,0.0551400096866522,0.0236943271544311,0.410096168983728
"Utility","RSTD",22,98.06,187.193627764985,NA,NA,380.387255529971,392.045567624321,0.684979062527418,0.438995202770457,0.635530044295772,0.613313592029687,0.0860567720679607,0.685128960758448
"Utility","RSTD",23,96.11,181.732115082312,NA,NA,369.464230164623,381.122542258974,0.529962481698021,0.27115519088693,0.561637216886704,0.255489996665681,0.1140260954161,2.69503675574873
"Utility","RSTD",24,96.39,193.102912442177,NA,NA,392.205824884354,403.864136978705,0.779200294986367,0.728794121881947,0.292468272801356,0.174045003129064,0.102042214768317,0.160821524456017
"Utility","RSTD",25,98.89,209.822501920373,NA,NA,425.645003840746,437.303315935096,0.0281218434683979,0.533772448310629,0.142359651136684,0.0460670201347106,0.0489334229108621,0.225168376229703
"Utility","RSTD",26,96.94,198.15416920256,NA,NA,402.308338405121,413.966650499471,0.128862570039928,0.17050133110024,0.175643923801292,0.0549616856561859,0.0827144549054986,1.37515528589011
"Utility","RSTD",27,96.11,80.7845133093441,NA,NA,167.569026618688,179.227338713039,0.980796684976667,0.860091791022569,0.98578025092905,0.910518365506792,4.36639885717766,1.2001721150753
"Utility","RSTD",28,95.56,222.933425982941,NA,NA,451.866851965882,463.525164060232,0.633000507717952,0.959949327167124,0.678813083137118,0.145124811572717,0.0326477629080215,0.0240202485583723
"Utility","RSTD",29,89.72,174.741662159756,NA,NA,355.483324319512,367.141636413863,0.234798390883952,0.4054856733419,0.662605147350098,0.250035089434965,0.12942616445048,3.89528230370438
"Utility","RSTD",30,98.06,228.208189503615,NA,NA,462.41637900723,474.07469110158,0.319981756620109,0.632078264839947,0.152888783019672,0.0367161094437075,0.0254164087147469,0.0559587455590604
"Utility","RSTD",31,97.78,61.4456092100344,NA,NA,128.891218420069,140.549530514419,0.417691254755482,0.885661983396858,0.961056786073398,0.529393369334848,0.776743386682666,1.4762263855988
"Utility","RSTD",32,98.06,234.467000806539,NA,NA,474.934001613077,486.592313707428,0.119032545015216,0.605491037247702,0.159043304254242,0.0376065910767652,0.0192193108289705,0.0459982767437321
"Utility","RSTD",33,99.44,47.9096038494377,NA,NA,101.819207698875,113.477519793226,0.824352919822559,0.753800751408562,0.985148613165973,0.727458107211187,0.813140840474258,2.89878896835935
"Utility","RSTD",34,85.56,144.964489971446,NA,NA,295.928979942893,307.587292037243,0.080542077543214,0.69156481907703,0.0306565350827086,0.019736723300041,0.415625179120809,3.2510444371212
"Utility","RSTD",35,96.11,189.866846557902,NA,NA,385.733693115805,397.392005210155,0.788759883260354,0.407168375095353,0.442515988835982,0.342478901540333,0.104176434100502,0.8810732345608
"Utility","RSTD",36,87.78,186.360052557223,NA,NA,378.720105114447,390.378417208797,0.960197768406942,0.814909122884274,0.0411766501297924,0.0167833960078828,0.299132333335435,0.491239995229989
"Utility","RSTD",37,96.67,223.160528380619,NA,NA,452.321056761238,463.979368855589,0.983733647270128,0.387793875532225,0.286142236854326,0.0668451550090088,0.0301455467174949,0.184212701395154
"Utility","RSTD",38,90.56,175.129185915228,NA,NA,356.258371830456,367.916683924807,0.640330957481638,0.661732341628522,0.180872555111766,0.140732619031539,0.276778751997326,1.1015722423634
"Utility","RSTD",39,98.89,110.297184097878,NA,NA,226.594368195757,238.252680290107,0.591888564871624,0.781977394130081,0.98674463689498,0.591689004229342,0.395470825173091,1.17335850927503
"Utility","RSTD",40,98.06,162.24808575217,NA,NA,330.49617150434,342.154483598691,0.185236022341996,0.927017299691215,0.181318881294383,0.132233741202876,0.327536212816307,0.406216487288475
"Utility","RSTD",41,96.39,158.311052659512,NA,NA,322.622105319025,334.280417413375,0.5952471755445,0.540940156206489,0.524670039079124,0.491172435321534,0.234838274535488,1.71158919288757
"Utility","RSTD",42,98.06,229.836729301065,NA,NA,465.67345860213,477.331770696481,0.265401779906824,0.195171546889469,0.266560982841742,0.0551400096866522,0.0236943271544311,0.226954524639678
"Utility","RSTD",43,97.22,243.510795242129,NA,NA,493.021590484257,504.679902578608,0.604935176437721,0.398145136190578,0.382134180039076,0.0269248319551056,0.0101439842562766,0.0485801249742508
"Utility","RSTD",44,98.06,176.65384506203,NA,NA,359.307690124059,370.96600221841,0.470244030002505,0.685449249343947,0.563044172138764,0.332775675116953,0.138336898779668,0.648697707336396
"Utility","RSTD",45,96.67,202.809498614116,NA,NA,411.618997228232,423.277309322582,0.371720403432846,0.503097830805928,0.356711607544973,0.186276123877203,0.0778789475459552,0.322839245665818
"Utility","RSTD",46,97.5,226.285352556216,NA,NA,458.570705112431,470.229017206782,0.361050225095823,0.370053818682209,0.16502387668378,0.0351460719111844,0.0264889768647827,0.173567070005157
"Utility","RSTD",47,98.06,63.2123890334844,NA,NA,132.424778066969,144.083090161319,0.594613759312779,0.789667062694207,0.987109993656413,0.66809494820317,0.674895645762839,2.04544003671947
"Utility","RSTD",48,95.28,209.210509024787,NA,NA,424.421018049573,436.079330143924,0.628910263301805,0.0369398219045252,0.809416136240739,0.270055003379648,0.0480004974718459,1.35408596597136
"Utility","RSTD",49,80.83,166.68311941358,NA,NA,339.36623882716,351.02455092151,0.254382238723338,0.857857148861513,0.285331157975003,0.109221056321688,0.217052330393843,0.936107955831003
"Utility","RSTD",50,95.56,171.346520538181,NA,NA,348.693041076362,360.351353170713,0.629901704145595,0.59963444317691,0.338238819899259,0.261618216660844,0.168206841712355,1.13030682034315
"Utility","RSTD",51,91.11,189.663829817517,NA,NA,385.327659635034,396.985971729384,0.958562755258754,0.446684151422232,0.305885108915774,0.208180738675116,0.169204737059746,1.46860518856885
"Utility","RSTD",52,88.06,172.020117919793,NA,NA,350.040235839587,361.698547933937,0.378760501742363,0.716149265645072,0.497813739383253,0.212157937728914,0.21407232059862,1.1838285959837
"Utility","RSTD",53,95.83,197.89035047277,NA,NA,401.780700945539,413.43901303989,0.843001339351758,0.428967847023159,0.372606069026577,0.197245377862179,0.0754350450462483,0.430095953866839
"Utility","RSTD",54,92.5,95.425762878856,NA,NA,196.851525757712,208.509837852062,0.111280993092805,0.926345025887713,0.220090938860745,0.223941550124449,0.431650933032224,1.52358875974062
"Utility","RSTD",55,96.67,70.1970945605698,NA,NA,146.39418912114,158.05250121549,0.231767056509852,0.779834397835657,0.333538840299214,0.298778038399766,4.45996484400406,3.55762586234994
"Utility","RSTD",56,99.17,65.5883007697569,NA,NA,137.176601539514,148.834913633864,0.386252531083301,0.815260800998658,0.427357461348996,0.355839340679031,0.780474779549493,1.64474068483968
"Utility","RSTD",57,97.78,212.730494209889,NA,NA,431.460988419779,443.119300514129,0.6529874894768,0.670282299863175,0.700922917819627,0.43772319185502,0.0429877913788557,0.116263606119901
"Utility","RSTD",58,96.11,211.850576023234,NA,NA,429.701152046468,441.359464140819,0.560497718863189,0.274772666627541,0.792110852373677,0.174992030364762,0.0451617223192214,0.529099578669097
"Utility","RSTD",59,96.67,172.640439873045,NA,NA,351.28087974609,362.939191840441,0.597106330329552,0.589335348224267,0.589570404016156,0.410949132599936,0.152024470787814,0.931611171881569
"Utility","RSTD",60,86.39,139.40816756235,NA,NA,284.8163351247,296.47464721905,0.987134294584394,0.800411853706464,0.0377792082618186,0.0337186436555768,0.457610516699223,1.29764714087815
"Utility","RSTD",61,97.78,228.328164992977,NA,NA,462.656329985954,474.314642080305,0.718285634880885,0.565618214197457,0.0951622075932738,0.0125082429512394,0.0257924122984073,0.0649159974418581
"Utility","RSTD",62,95.56,188.040291972518,NA,NA,382.080583945035,393.738896039386,0.125127220060676,0.773224814096466,0.355169345614114,0.355150122732831,0.14484689255249,0.583291862625629
"Utility","RSTD",63,97.78,244.542358426464,NA,NA,495.084716852929,506.743028947279,0.499009405029938,0.0988319513853639,0.341282138279162,0.00892728841518793,0.00863531904509726,0.092432988807559
"Utility","RSTD",64,94.72,164.935240677631,NA,NA,335.870481355262,347.528793449612,0.333673485321924,0.454882015939802,0.836259094029047,0.285590241870235,0.173051427644252,2.70696423376415
"Utility","RSTD",65,97.22,244.009197000817,NA,NA,494.018394001634,505.676706095985,0.810415166895837,0.0187283449340612,0.364764891815255,0.0164309928619815,0.00938140997754486,0.165121834239408
"Utility","RSTD",66,97.22,213.038872334674,NA,NA,432.077744669347,443.736056763698,0.461979309096932,0.296923782210797,0.477482666894399,0.142548843414852,0.0417238599575606,0.458040716126561
"Utility","RSTD",67,98.61,219.992387536251,NA,NA,445.984775072503,457.643087166853,0.285626433324069,0.528872283641249,0.163881352481478,0.0400720763707709,0.0321182507802513,0.147296045374405
"Utility","RSTD",68,94.72,189.295499831267,NA,NA,384.590999662534,396.249311756885,0.732509626774117,0.600311974063516,0.326671623857722,0.263553063081834,0.168186839785638,0.449271724574598
"Utility","RSTD",69,93.61,190.848511551636,NA,NA,387.697023103272,399.355335197622,0.977929984452203,0.529096166603267,0.278175570201353,0.173753369416074,0.126757278550839,0.751786146880371
"Utility","RSTD",70,97.5,222.2514014559,NA,NA,450.502802911801,462.161115006151,0.98177181975916,0.159414226887748,0.473294446096652,0.0878971896082834,0.0300952690805795,0.477379389107227
"Utility","RSTD",71,96.67,239.151300862514,NA,NA,484.302601725027,495.960913819378,0.922829337418079,0.366323065012693,0.617071364761067,0.0790598008264275,0.0148764130149376,0.0864430760253218
"Utility","RSTD",72,94.72,194.3042206398,NA,NA,394.6084412796,406.26675337395,0.437475311337039,0.144657690776512,0.243402882781133,0.0840601878112504,0.0997013364646359,1.51204245735464
"Utility","RSTD",73,91.39,117.383352225308,NA,NA,240.766704450617,252.425016544967,0.0812403932213783,0.858433880610391,0.237561358290974,0.197187807635655,0.387329462576351,1.57674626609245
"Utility","RSTD",74,97.22,241.363650693905,NA,NA,488.727301387811,500.385613482161,0.769064010120928,0.423705151304603,0.232770528323818,0.0130553253827865,0.0125625774325002,0.0550090870819986
"Utility","RSTD",75,98.06,246.370085996666,NA,NA,498.740171993332,510.398484087682,0.27233505435288,0.0992442343849689,0.748360939998619,0.00341646886330885,0.00483009413911681,0.0195726837949201
"Utility","RSTD",76,97.5,187.193627764985,NA,NA,380.387255529971,392.045567624321,0.714246998308226,0.356464033480734,0.635530044295772,0.613313592029687,0.0860567720679607,1.33508190601589
"Utility","RSTD",77,93.06,156.732432636477,NA,NA,319.464865272953,331.123177367304,0.165105299558491,0.62026000325568,0.457623157506,0.28300393939316,0.272036588687482,2.11759630225509
"Utility","RSTD",78,88.06,191.417377635654,NA,NA,388.834755271308,400.493067365659,0.948594216490164,0.818483957787976,0.070355275387012,0.0329586358837336,0.18160841555102,0.400698857048743
"Utility","RSTD",79,97.78,228.328164992977,NA,NA,462.656329985954,474.314642080305,0.641159480903298,0.713674181839451,0.0951622075932738,0.0125082429512394,0.0257924122984073,0.0414828715044559
"Utility","RSTD",80,98.33,68.1303515238752,NA,NA,142.26070304775,153.919015142101,0.602592710871249,0.798923129681498,0.988350713639908,0.67449502423364,0.637227283724668,1.65777598732141
"Utility","RSTD",81,97.22,87.7759336099801,NA,NA,181.55186721996,193.210179314311,0.0268326783552766,0.983408806612715,0.0270666801914385,0.0322857125373735,0.969170354535511,1.42827125892359
"Utility","RSTD",82,97.78,244.542358426464,NA,NA,495.084716852929,506.743028947279,0.390374890295789,0.210965643869713,0.341282138279162,0.00892728841518793,0.00863531904509726,0.0709301116876304
"Utility","RSTD",83,97.5,224.332944178798,NA,NA,454.665888357595,466.324200451946,0.909624356776476,0.0655163209885359,0.544380497395291,0.0939997215550618,0.0280432048134217,0.479556284306279
"Utility","RSTD",84,93.06,136.04436695641,NA,NA,278.08873391282,289.747046007171,0.894585720263422,0.928069569170475,0.981947834726902,0.899778243872762,5.40456200083708,0.784675157586944
"Utility","RSTD",85,95.83,188.607641692359,NA,NA,383.215283384719,394.873595479069,0.16712597804144,0.591124507132918,0.324433956005595,0.155281902868702,0.13339314279792,0.76918393555553
"Utility","RSTD",86,96.39,239.757425259803,NA,NA,485.514850519606,497.173162613956,0.0963515317998827,0.187938303221017,0.43092633234312,0.0494875635634209,0.0139379841762537,0.16646143142134
"Utility","RSTD",87,100,18.0865773024733,NA,NA,42.1731546049465,53.831466699297,0.812582350103185,0.879132093861699,0.789450728403397,0.78186507046371,9.89452100700942,4.4038753097219
"Utility","RSTD",88,97.5,207.958192398219,NA,NA,421.916384796437,433.574696890787,0.448961209738627,0.690639521926641,0.773713595175336,0.418248492656762,0.0468271769403141,0.123227803417321
"Utility","RSTD",89,96.11,181.732115082312,NA,NA,369.464230164623,381.122542258974,0.352596259210259,0.519048273330554,0.561637216886704,0.255489996665681,0.1140260954161,0.771270071114314
"Utility","RSTD",90,96.11,191.707627187445,NA,NA,389.415254374889,401.07356646924,0.7131295024883,0.112127762287855,0.351666447762855,0.185115001558425,0.0860538484317377,3.4174234716404
"Utility","RSTD",91,98.06,229.836729301065,NA,NA,465.67345860213,477.331770696481,0.102771484525874,0.0985191510990262,0.266560982841742,0.0551400096866522,0.0236943271544311,0.348240172024816
"Utility","RSTD",92,98.06,213.499053865543,NA,NA,432.998107731085,444.656419825436,0.14997310237959,0.461772011825815,0.124127508524634,0.0396304924082677,0.041590700804081,0.261333189609714
"Utility","RSTD",93,95.83,157.784991472597,NA,NA,321.569982945194,333.228295039544,0.435881547397003,0.7804279406555,0.526216663397535,0.361193889949635,0.219715834525426,0.681397345848382
"Utility","RSTD",94,99.72,18.0237437057297,NA,NA,42.0474874114594,53.7057995058099,0.975024477113038,0.799848798895255,0.416361874763028,0.99999,1.5081567832793,4.33281822849937
"Utility","RSTD",95,96.11,189.951872149127,NA,NA,385.903744298254,397.562056392604,0.723246149485931,0.623378630494699,0.232854361901031,0.188846343975238,0.169835491152724,0.45622572209686
"Utility","RSTD",96,96.11,194.053666715221,NA,NA,394.107333430442,405.765645524792,0.323681306792423,0.444453429430723,0.338593809631703,0.130271772390101,0.0880916689484174,0.446843124460429
"Utility","RSTD",97,97.78,227.700658959221,NA,NA,461.401317918442,473.059630012792,0.521510650403798,0.40949847153388,0.390368484087657,0.0868603509110489,0.0253655640150754,0.118169202112595
"Utility","RSTD",98,96.67,169.592996069657,NA,NA,345.185992139314,356.844304233665,0.418908317107707,0.978637758642435,0.631660403339507,0.501266404777751,0.189138307839879,0.211078092921525
"Utility","RSTD",99,95.83,172.056654137715,NA,NA,350.11330827543,361.77162036978,0.78953983867541,0.418743934947997,0.653911475714549,0.337116725488708,0.135814927080191,2.49348991278757
"Utility","RSTD",100,97.5,214.262425208055,NA,NA,434.524850416111,446.183162510461,0.956703607924283,0.607802340993658,0.99999,0.676562703439175,0.0348945693443605,0.108669338996542
"Utility","Utility",1,77.22,192.241050334389,NA,NA,390.482100668779,402.140412763129,0.285107890376821,0.724670132622123,0.694475970389181,0.553879322266728,0.374521871012439,1.43561604238095
"Utility","Utility",2,99.44,220.364655151078,NA,NA,446.729310302156,458.387622396507,0.950232450617477,0.206436974462122,0.777388229366419,0.13978423682091,0.660605736681432,0.364579517394304
"Utility","Utility",3,99.17,192.908729026607,NA,NA,391.817458053214,403.475770147564,0.536011227406561,0.200363578274846,0.739802718682675,0.072311899714469,2.42470949248915,1.00568439900399
"Utility","Utility",4,97.78,209.224574145949,NA,NA,424.449148291898,436.107460386248,0.321220333920792,0.649332832079381,0.713741826002152,0.301339027821156,0.589611478853964,0.142882495187223
"Utility","Utility",5,98.89,127.955092668627,NA,NA,261.910185337253,273.568497431604,0.525106647517532,0.973066303646192,0.712295770467569,0.61388628087216,2.31742009185322,0.392999498639256
"Utility","Utility",6,98.06,33.2244391284253,NA,NA,72.4488782568506,84.107190351201,0.895209939451888,0.943225271301344,0.962118698307371,0.679347263438155,5.46290167987049,3.35385648889427
"Utility","Utility",7,97.22,237.675775757659,NA,NA,481.351551515317,493.009863609668,0.753931205254048,0.197620301274583,0.99999,0.138826778799013,0.3428738444506,0.18983699940145
"Utility","Utility",8,85.83,160.233098802681,NA,NA,326.466197605361,338.124509699712,0.0560640415642411,0.783013365231454,0.589686024715345,0.857018588459429,0.704588904266951,3.41441693140154
"Utility","Utility",9,93.33,176.358217886386,NA,NA,358.716435772772,370.374747867122,0.479448032099754,0.989872474921867,0.516788736836445,0.319173517211065,2.37388346709774,0.208000437050192
"Utility","Utility",10,99.72,50.5318910657298,NA,NA,107.06378213146,118.72209422581,0.711294803768396,0.788163986755535,0.79735878097648,0.596970418895463,5.70143327234823,2.30973086307261
"Utility","Utility",11,99.72,47.5255215556987,NA,NA,101.051043111397,112.709355205748,0.5048349336721,0.797194604296237,0.544756245332691,0.682633163883036,4.17782577186745,2.5054881726885
"Utility","Utility",12,99.44,186.311417020972,NA,NA,378.622834041944,390.281146136295,0.731893435353413,0.395451756194234,0.792974770651038,0.424733867888324,0.788149026360969,0.618170124012977
"Utility","Utility",13,94.44,160.849541541678,NA,NA,327.699083083357,339.357395177707,0.275977379642427,0.511981163173914,0.408719088510801,0.311945009869226,5.05017754330144,2.39124982816227
"Utility","Utility",14,98.06,211.715016835235,NA,NA,429.430033670469,441.08834576482,0.226354157319292,0.16033569118008,0.662115462298757,0.283162049598253,0.551513117875962,0.894037933978152
"Utility","Utility",15,99.17,34.8401241490271,NA,NA,75.6802482980543,87.3385603924047,0.315573724219576,0.984172471100464,0.414330978049796,0.812192665503505,7.9660971097599,1.69604673600736
"Utility","Utility",16,96.39,163.711379946402,NA,NA,333.422759892804,345.081071987154,0.540354023920372,0.854036244563758,0.659313611903159,0.372218738229674,3.99132442520422,0.362152148856662
"Utility","Utility",17,99.17,186.348923931784,NA,NA,378.697847863569,390.356159957919,0.66359161795117,0.0660558908712119,0.790578947280102,0.136260977283814,2.21610294553429,1.97567781611326
"Utility","Utility",18,99.44,170.506793732809,NA,NA,347.013587465618,358.671899559969,0.973287776112556,0.630256613949314,0.978954512084461,0.384341434546936,3.1317506438052,0.855529390233469
"Utility","Utility",19,95.83,174.378440061016,NA,NA,354.756880122032,366.415192216382,0.340647828998044,0.988910319516435,0.464412543230952,0.513755019365886,1.3182121445886,0.211397308856249
"Utility","Utility",20,98.89,190.463735822272,NA,NA,386.927471644545,398.585783738895,0.329378831898794,0.0628540490288287,0.663587636996019,0.0766130962821461,2.33537776797713,2.33967715737489
"Utility","Utility",21,98.33,229.818427400622,NA,NA,465.636854801243,477.295166895594,0.285566801903769,0.0508385861758143,0.480149118436556,0.0811533342158209,0.628268492288752,0.410096168983728
"Utility","Utility",22,99.72,185.610200441072,NA,NA,377.220400882145,388.878712976495,0.684979062527418,0.438995202770457,0.738063348775634,0.462920054480717,0.73327120378251,0.685128960758448
"Utility","Utility",23,99.72,180.13701059276,NA,NA,366.27402118552,377.93233327987,0.529962481698021,0.27115519088693,0.461699781581532,0.313852823406842,2.35867081614685,2.69503675574873
"Utility","Utility",24,99.72,186.373043068475,NA,NA,378.74608613695,390.404398231301,0.779200294986367,0.728794121881947,0.809048352623531,0.468653468248819,0.647905500595317,0.160821524456017
"Utility","Utility",25,97.78,211.392299863595,NA,NA,428.78459972719,440.442911821541,0.0281218434683979,0.533772448310629,0.691376824851943,0.274867508914894,0.578281365598503,0.225168376229703
"Utility","Utility",26,97.22,198.014322656788,NA,NA,402.028645313576,413.686957407926,0.128862570039928,0.17050133110024,0.553779362027058,0.0251404347460857,2.12159767635954,1.37515528589011
"Utility","Utility",27,99.44,60.7896565154995,NA,NA,127.579313030999,139.23762512535,0.980796684976667,0.860091791022569,0.99999,0.695682670182531,3.04472548776443,1.2001721150753
"Utility","Utility",28,97.5,221.243580926443,NA,NA,448.487161852885,460.145473947236,0.633000507717952,0.959949327167124,0.768762298617421,0.0418363239525689,0.946031441886631,0.0240202485583723
"Utility","Utility",29,95.28,159.582144687466,NA,NA,325.164289374932,336.822601469283,0.234798390883952,0.4054856733419,0.416407375549653,0.247650237014314,7.30195670355985,3.89528230370438
"Utility","Utility",30,97.5,228.133655512548,NA,NA,462.267311025096,473.925623119447,0.319981756620109,0.632078264839947,0.82412576039976,0.250496910566858,0.356850210657162,0.0559587455590604
"Utility","Utility",31,100,52.475978927429,NA,NA,110.951957854858,122.610269949208,0.417691254755482,0.885661983396858,0.472458133408987,0.697580950505422,3.70901828910662,1.4762263855988
"Utility","Utility",32,98.06,234.395619216318,NA,NA,474.791238432636,486.449550526987,0.119032545015216,0.605491037247702,0.579808612975921,0.0700888981764499,0.539187727521534,0.0459982767437321
"Utility","Utility",33,99.72,45.8595540496701,NA,NA,97.7191080993401,109.377420193691,0.824352919822559,0.753800751408562,0.828200066089082,0.557956380205798,7.40299482251887,2.89878896835935
"Utility","Utility",34,75.56,195.958632693604,NA,NA,397.917265387208,409.575577481559,0.080542077543214,0.69156481907703,0.66640689516787,0.459835972958222,0.499722908850923,3.2510444371212
"Utility","Utility",35,99.72,185.964602090281,NA,NA,377.929204180562,389.587516274913,0.788759883260354,0.407168375095353,0.79739643641436,0.479300939751502,0.663243204289037,0.8810732345608
"Utility","Utility",36,97.5,153.988068295922,NA,NA,313.976136591845,325.634448686195,0.960197768406942,0.814909122884274,0.99999,0.589121214166423,1.68740250294128,0.491239995229989
"Utility","Utility",37,98.61,220.703265097282,NA,NA,447.406530194563,459.064842288914,0.983733647270128,0.387793875532225,0.723996154010902,0.300153498886785,0.38814369879045,0.184212701395154
"Utility","Utility",38,99.44,148.534737660066,NA,NA,303.069475320133,314.727787414483,0.640330957481638,0.661732341628522,0.640291361629967,0.528944221976521,2.2308783626415,1.1015722423634
"Utility","Utility",39,98.61,106.505489175784,NA,NA,219.010978351568,230.669290445918,0.591888564871624,0.781977394130081,0.513697055121172,0.701602715765704,1.82776150135555,1.17335850927503
"Utility","Utility",40,88.89,188.635274529737,NA,NA,383.270549059474,394.928861153825,0.185236022341996,0.927017299691215,0.606338429010937,0.694029139666378,0.553933583862034,0.406216487288475
"Utility","Utility",41,96.67,158.52121348694,NA,NA,323.042426973881,334.700739068231,0.5952471755445,0.540940156206489,0.584594160043939,0.370854432199624,4.32850583512014,1.71158919288757
"Utility","Utility",42,98.33,229.818427400622,NA,NA,465.636854801243,477.295166895594,0.265401779906824,0.195171546889469,0.480149118436556,0.0811533342158209,0.628268492288752,0.226954524639678
"Utility","Utility",43,98.33,243.436008823118,NA,NA,492.872017646236,504.530329740587,0.604935176437721,0.398145136190578,0.99999,0.159279730283478,0.196662998298388,0.0485801249742508
"Utility","Utility",44,98.06,176.414475639245,NA,NA,358.82895127849,370.48726337284,0.470244030002505,0.685449249343947,0.484617385678986,0.484108638641075,1.38344510470783,0.648697707336396
"Utility","Utility",45,96.67,200.888636753297,NA,NA,407.777273506595,419.435585600945,0.371720403432846,0.503097830805928,0.770933076038294,0.105825753470772,1.46240310949246,0.322839245665818
"Utility","Utility",46,98.06,225.689818135144,NA,NA,457.379636270288,469.037948364639,0.361050225095823,0.370053818682209,0.79748898018347,0.131449685319813,0.599658988311364,0.173567070005157
"Utility","Utility",47,100,54.7015859779291,NA,NA,115.403171955858,127.061484050209,0.594613759312779,0.789667062694207,0.58758143009367,0.743694963844275,2.66555553037582,2.04544003671947
"Utility","Utility",48,98.33,207.036733790757,NA,NA,420.073467581513,431.731779675864,0.628910263301805,0.0369398219045252,0.72955298968029,0.263667985190588,0.690392510832367,1.35408596597136
"Utility","Utility",49,97.5,108.204044866202,NA,NA,222.408089732404,234.066401826754,0.254382238723338,0.857857148861513,0.38507249152413,0.801661634632315,1.194816515069,0.936107955831003
"Utility","Utility",50,98.89,159.214100703885,NA,NA,324.42820140777,336.086513502121,0.629901704145595,0.59963444317691,0.696210311569397,0.369567601495097,4.03813308602313,1.13030682034315
"Utility","Utility",51,99.44,174.943091248493,NA,NA,355.886182496985,367.544494591336,0.958562755258754,0.446684151422232,0.991654389044012,0.300429814903044,3.33110511059232,1.46860518856885
"Utility","Utility",52,87.5,187.391474290295,NA,NA,380.782948580591,392.441260674941,0.378760501742363,0.716149265645072,0.71381123970939,0.360757760732443,3.67315161351873,1.1838285959837
"Utility","Utility",53,98.33,192.178159785155,NA,NA,390.35631957031,402.014631664661,0.843001339351758,0.428967847023159,0.920217382802514,0.113252264527366,2.11962789618256,0.430095953866839
"Utility","Utility",54,86.67,134.142310792314,NA,NA,274.284621584628,285.942933678978,0.111280993092805,0.926345025887713,0.814784873984876,0.835649642015752,0.922655232860677,1.52358875974062
"Utility","Utility",55,99.72,39.4836322411317,NA,NA,84.9672644822634,96.6255765766138,0.231767056509852,0.779834397835657,0.277766129269485,0.682699304601426,5.37023401286904,3.55762586234994
"Utility","Utility",56,99.44,65.6419810474224,NA,NA,137.283962094845,148.942274189195,0.386252531083301,0.815260800998658,0.442587155033309,0.705240843230614,3.00724886225041,1.64474068483968
"Utility","Utility",57,96.67,212.45417177391,NA,NA,430.90834354782,442.566655642171,0.6529874894768,0.670282299863175,0.702643748306065,1e-05,1.56675721911678,0.116263606119901
"Utility","Utility",58,98.61,210.067394444039,NA,NA,426.134788888078,437.793100982429,0.560497718863189,0.274772666627541,0.699353270982651,0.258689305662331,0.651283201255871,0.529099578669097
"Utility","Utility",59,98.33,169.19319529626,NA,NA,344.386390592521,356.044702686871,0.597106330329552,0.589335348224267,0.62822535565655,0.287658625205622,4.45859741024646,0.931611171881569
"Utility","Utility",60,99.17,88.9898327416457,NA,NA,183.979665483291,195.637977577642,0.987134294584394,0.800411853706464,0.992274614095474,0.849940683465618,1.08385688666534,1.29764714087815
"Utility","Utility",61,98.06,227.920142913867,NA,NA,461.840285827735,473.498597922085,0.718285634880885,0.565618214197457,0.433203831037376,0.0126864722135442,0.883076794694553,0.0649159974418581
"Utility","Utility",62,95.83,188.45272899954,NA,NA,382.905457999081,394.563770093431,0.125127220060676,0.773224814096466,0.2969598798091,0.32860630032323,1.79469073059194,0.583291862625629
"Utility","Utility",63,98.06,244.400835366276,NA,NA,494.801670732553,506.459982826903,0.499009405029938,0.0988319513853639,0.99999,1e-05,0.304048498459,0.092432988807559
"Utility","Utility",64,97.5,151.888454270692,NA,NA,309.776908541384,321.435220635734,0.333673485321924,0.454882015939802,0.455747997822419,0.366522170167586,4.94221871894006,2.70696423376415
"Utility","Utility",65,98.06,243.774947405686,NA,NA,493.549894811372,505.208206905722,0.810415166895837,0.0187283449340612,0.99999,0.108986471962942,0.225536551477639,0.165121834239408
"Utility","Utility",66,98.33,210.732018967472,NA,NA,427.464037934944,439.122350029295,0.461979309096932,0.296923782210797,0.72534586054733,0.00858416714051547,1.59698525174301,0.458040716126561
"Utility","Utility",67,98.33,220.04793891559,NA,NA,446.09587783118,457.754189925531,0.285626433324069,0.528872283641249,0.346637915838533,0.123381339915403,0.75982523738563,0.147296045374405
"Utility","Utility",68,99.44,184.455798932341,NA,NA,374.911597864681,386.569909959032,0.732509626774117,0.600311974063516,0.768317984080205,0.548619169000717,0.551803451437382,0.449271724574598
"Utility","Utility",69,98.06,179.596810474982,NA,NA,365.193620949964,376.851933044315,0.977929984452203,0.529096166603267,0.99999,0.18799354755497,5.8078733395255,0.751786146880371
"Utility","Utility",70,99.44,220.364655151078,NA,NA,446.729310302156,458.387622396507,0.98177181975916,0.159414226887748,0.777388229366419,0.13978423682091,0.660605736681432,0.477379389107227
"Utility","Utility",71,97.5,239.106268153952,NA,NA,484.212536307904,495.870848402255,0.922829337418079,0.366323065012693,0.803724092168852,8.34403009983892e-05,0.497197073059753,0.0864430760253218
"Utility","Utility",72,99.44,188.340353592061,NA,NA,382.680707184122,394.339019278472,0.437475311337039,0.144657690776512,0.710815210097597,0.0684622549333786,2.61566600337051,1.51204245735464
"Utility","Utility",73,76.67,195.403615071299,NA,NA,396.807230142598,408.465542236948,0.0812403932213783,0.858433880610391,0.68522341969903,0.444107431462123,0.555223298137571,1.57674626609245
"Utility","Utility",74,98.33,240.775905757971,NA,NA,487.551811515942,499.210123610293,0.769064010120928,0.423705151304603,0.997917869506866,0.00980381239881022,0.386734943147431,0.0550090870819986
"Utility","Utility",75,98.33,246.620654619743,NA,NA,499.241309239487,510.899621333837,0.27233505435288,0.0992442343849689,0.99999,0.186612899662801,0.0816057461640404,0.0195726837949201
"Utility","Utility",76,98.89,185.657166616858,NA,NA,377.314333233716,388.972645328067,0.714246998308226,0.356464033480734,0.698149732928958,0.205374115645423,2.20073083757894,1.33508190601589
"Utility","Utility",77,83.61,189.815932125234,NA,NA,385.631864250467,397.290176344818,0.165105299558491,0.62026000325568,0.452236401877515,0.830778462709619,0.185274435341583,2.11759630225509
"Utility","Utility",78,97.78,160.557778163825,NA,NA,327.115556327651,338.773868422001,0.948594216490164,0.818483957787976,0.978659954137747,0.446613673990557,3.27390255908695,0.400698857048743
"Utility","Utility",79,98.06,227.920142913867,NA,NA,461.840285827735,473.498597922085,0.641159480903298,0.713674181839451,0.433203831037376,0.0126864722135442,0.883076794694553,0.0414828715044559
"Utility","Utility",80,99.72,60.1322785794681,NA,NA,126.264557158936,137.922869253287,0.602592710871249,0.798923129681498,0.576224110089006,0.76075328445826,2.31480563446354,1.65777598732141
"Utility","Utility",81,95.28,89.6169153877059,NA,NA,185.233830775412,196.892142869762,0.0268326783552766,0.983408806612715,0.016363247588493,0.99999,0.863756623446646,1.42827125892359
"Utility","Utility",82,98.06,244.400835366276,NA,NA,494.801670732553,506.459982826903,0.390374890295789,0.210965643869713,0.99999,1e-05,0.304048498459,0.0709301116876304
"Utility","Utility",83,97.78,225.038008621839,NA,NA,456.076017243677,467.734329338028,0.909624356776476,0.0655163209885359,0.558328647854186,1e-05,1.42275339355785,0.479556284306279
"Utility","Utility",84,98.33,91.3983087660461,NA,NA,188.796617532092,200.454929626443,0.894585720263422,0.928069569170475,0.979159385263592,0.686523060175359,2.50404893949337,0.784675157586944
"Utility","Utility",85,96.94,188.390032148416,NA,NA,382.780064296831,394.438376391182,0.16712597804144,0.591124507132918,0.433492590392415,0.167244609557482,2.36993005304562,0.76918393555553
"Utility","Utility",86,97.5,240.294247180758,NA,NA,486.588494361516,498.246806455866,0.0963515317998827,0.187938303221017,0.373849277162134,0.0474794569618374,0.422213803308863,0.16646143142134
"Utility","Utility",87,100,18.0865775678791,NA,NA,42.1731551357581,53.8314672301086,0.812582350103185,0.879132093861699,0.783603635524103,0.997952347276099,6.93588494645148,4.4038753097219
"Utility","Utility",88,97.22,208.032647261104,NA,NA,422.065294522208,433.723606616558,0.448961209738627,0.690639521926641,0.717978952773743,0.251275040548238,0.698315255772695,0.123227803417321
"Utility","Utility",89,99.72,180.13701059276,NA,NA,366.27402118552,377.93233327987,0.352596259210259,0.519048273330554,0.461699781581532,0.313852823406842,2.35867081614685,0.771270071114314
"Utility","Utility",90,99.17,185.484539176307,NA,NA,376.969078352613,388.627390446964,0.7131295024883,0.112127762287855,0.693800542715483,0.19926500682974,2.01501494648018,3.4174234716404
"Utility","Utility",91,98.33,229.818427400622,NA,NA,465.636854801243,477.295166895594,0.102771484525874,0.0985191510990262,0.480149118436556,0.0811533342158209,0.628268492288752,0.348240172024816
"Utility","Utility",92,97.22,214.355091527361,NA,NA,434.710183054722,446.368495149072,0.14997310237959,0.461772011825815,0.679637058848307,0.27666475652586,0.570608548473005,0.261333189609714
"Utility","Utility",93,93.06,168.801771051781,NA,NA,343.603542103562,355.261854197913,0.435881547397003,0.7804279406555,0.726626516273362,0.343477327394642,3.88985213612408,0.681397345848382
"Utility","Utility",94,99.72,18.0237558584856,NA,NA,42.0475117169712,53.7058238113217,0.975024477113038,0.799848798895255,0.99999,0.643318204847269,8.57851818445405,4.33281822849937
"Utility","Utility",95,97.5,185.15921047448,NA,NA,376.31842094896,387.97673304331,0.723246149485931,0.623378630494699,0.811143287363079,0.227009267242414,1.86070422692096,0.45622572209686
"Utility","Utility",96,97.22,192.809307590513,NA,NA,391.618615181026,403.276927275377,0.323681306792423,0.444453429430723,0.669361906240873,0.0830750432536859,2.08031165263793,0.446843124460429
"Utility","Utility",97,98.06,227.453364515889,NA,NA,460.906729031777,472.565041126128,0.521510650403798,0.40949847153388,0.871135182881457,0.175887830025228,0.468467994964897,0.118169202112595
"Utility","Utility",98,94.44,175.277887119915,NA,NA,356.55577423983,368.214086334181,0.418908317107707,0.978637758642435,0.482715529963382,0.388885191988356,1.96932092467419,0.211078092921525
"Utility","Utility",99,99.72,165.310989062323,NA,NA,336.621978124646,348.280290218997,0.78953983867541,0.418743934947997,0.784541079410288,0.345395873064497,3.9382155824015,2.49348991278757
"Utility","Utility",100,97.5,214.699760946174,NA,NA,435.399521892347,447.057833986698,0.956703607924283,0.607802340993658,0.69601841005485,0.290954824923032,0.547265022916481,0.108669338996542
