"simulate_model","fit_model","iteration","ACC","LogL","LogPr","LogPo","AIC","BIC","input_param_1","input_param_2","output_param_1","output_param_2","output_param_3","input_param_3"
"TD","TD",1,100,69.6164005661181,NA,NA,143.232801132236,151.005009195137,0.643091264180839,0.83357874206723,0.635660798517301,0.744604265922122,NA,NA
"TD","TD",2,100,21.2573799847263,NA,NA,46.5147599694527,54.286968032353,0.724670132622123,1.43561604238095,0.711880491416935,1.73999768231475,NA,NA
"TD","TD",3,100,26.390535449284,NA,NA,56.781070898568,64.5532789614683,0.950232450617477,2.03779015681686,0.976301807991677,1.25285754512597,NA,NA
"TD","TD",4,100,184.334268242258,NA,NA,372.668536484515,380.440744547416,0.682289758697152,0.0720224548131227,0.648283531232829,0.0866278351211392,NA,NA
"TD","TD",5,100,83.9004163551473,NA,NA,171.800832710295,179.573040773195,0.200363578274846,1.00568439900399,0.229532156032742,0.849070362114368,NA,NA
"TD","TD",6,100,141.505764224641,NA,NA,287.011528449282,294.783736512182,0.321220333920792,0.298665664158762,0.404093891992373,0.293749620580706,NA,NA
"TD","TD",7,100,204.381318111244,NA,NA,412.762636222489,420.534844285389,0.571441247593611,0.0502132950350642,0.412639783703115,0.0547876827057896,NA,NA
"TD","TD",8,100,119.777176685014,NA,NA,243.554353370028,251.326561432928,0.973066303646192,0.392999498639256,0.920006732626497,0.34868092120174,NA,NA
"TD","TD",9,100,248.139457761289,NA,NA,500.278915522577,508.051123585478,0.895209939451888,0.0054737395918251,0.0449007256754754,0.000833631262379209,NA,NA
"TD","TD",10,100,168.972897769162,NA,NA,341.945795538325,349.718003601225,0.0494146177079529,0.507862410508096,0.0597115041917811,0.444883829291389,NA,NA
"TD","TD",11,100,186.696981417843,NA,NA,377.393962835686,385.166170898586,0.197620301274583,0.18983699940145,0.223159713729033,0.155530163499807,NA,NA
"TD","TD",12,100,155.718184544203,NA,NA,315.436369088406,323.208577151306,0.0560640415642411,0.566026730462909,0.0637203270153215,0.549392090842319,NA,NA
"TD","TD",13,100,115.124257465497,NA,NA,234.248514930995,242.020722993895,0.051307131536305,1.23247370731968,0.0509541231954093,1.25166355062707,NA,NA
"TD","TD",14,100,146.494683529601,NA,NA,296.989367059203,304.761575122103,0.989872474921867,0.208000437050192,0.918413285723641,0.193831887818646,NA,NA
"TD","TD",15,100,80.0714878122066,NA,NA,164.142975624413,171.915183687314,0.711294803768396,0.57632797351107,0.654369072595864,0.618364672861196,NA,NA
"TD","TD",16,100,246.600156920127,NA,NA,497.200313840253,504.972521903154,0.0768930825870484,0.00966986734420061,0.404672832374598,0.00595483041943162,NA,NA
"TD","TD",17,100,14.174554297209,NA,NA,32.349108594418,40.1213166573183,0.797194604296237,2.5054881726885,0.789283660467522,9.99999,NA,NA
"TD","TD",18,100,25.605417693945,NA,NA,55.2108353878899,62.9830434507902,0.731893435353413,1.27495420533688,0.727742179317932,1.47419733705045,NA,NA
"TD","TD",19,100,69.8310611513549,NA,NA,143.66212230271,151.43433036561,0.809085062006488,0.797056699129653,0.784847923230209,0.727366351585058,NA,NA
"TD","TD",20,100,22.9802752105983,NA,NA,49.9605504211965,57.7327584840968,0.511981163173914,2.39124982816227,0.498062876311757,2.99621730050173,NA,NA
"TD","TD",21,100,48.7445933032699,NA,NA,101.48918660654,109.26139466944,0.226354157319292,1.66897989056053,0.249572182260413,1.36154627899685,NA,NA
"TD","TD",22,100,71.4612315438601,NA,NA,146.92246308772,154.694671150621,0.300222688354552,0.955442077438247,0.278867778556545,0.948005766707716,NA,NA
"TD","TD",23,100,20.1230206647,NA,NA,44.2460413294,52.0182493923003,0.984172471100464,1.69604673600736,0.900840297037542,9.99999,NA,NA
"TD","TD",24,100,144.584231178488,NA,NA,293.168462356976,300.940670419876,0.540354023920372,0.234106497689865,0.581531946117507,0.241821944762166,NA,NA
"TD","TD",25,100,133.866850100973,NA,NA,271.733700201946,279.505908264846,0.870058757020161,0.327183235902339,0.809543619250707,0.294273909236311,NA,NA
"TD","TD",26,100,89.1941159823974,NA,NA,182.388231964795,190.160440027695,0.0660558908712119,1.97567781611326,0.0684382158882814,2.03214898387873,NA,NA
"TD","TD",27,100,138.211476385103,NA,NA,280.422952770205,288.195160833106,0.973287776112556,0.260513227898628,0.910894198256864,0.238674349242272,NA,NA
"TD","TD",28,100,70.7637689245383,NA,NA,145.527537849077,153.299745911977,0.290595552418381,1.05573849655212,0.283161793357289,0.92785977015925,NA,NA
"TD","TD",29,100,146.037627769406,NA,NA,296.075255538811,303.847463601711,0.988910319516435,0.211397308856249,0.911706173175675,0.199773194232758,NA,NA
"TD","TD",30,100,36.4351663492213,NA,NA,76.8703326984425,84.6425407613428,0.329378831898794,2.0851063261411,0.326875627119877,1.9294054582202,NA,NA
"TD","TD",31,100,119.635277792892,NA,NA,243.270555585784,251.042763648684,0.11878991080448,0.835414388175023,0.127152697961182,0.75427996996697,NA,NA
"TD","TD",32,100,176.94666965699,NA,NA,357.893339313981,365.665547376881,0.0508385861758143,0.410096168983728,0.0619239109931476,0.376679346314418,NA,NA
"TD","TD",33,100,63.5413935892184,NA,NA,131.082787178437,138.854995241337,0.684979062527418,0.756628525771442,0.665651212637308,0.775999906598176,NA,NA
"TD","TD",34,100,186.905680492314,NA,NA,377.811360984628,385.583569047528,0.842564480379224,0.0599249633960426,0.815226702964749,0.0726318439229104,NA,NA
"TD","TD",35,100,28.7587397477938,NA,NA,61.5174794955876,69.2896875584879,0.27115519088693,2.69503675574873,0.289325737998035,2.3801119678745,NA,NA
"TD","TD",36,100,109.478627643004,NA,NA,222.957255286009,230.729463348909,0.779200294986367,0.457588243763894,0.736268501740961,0.435344414624203,NA,NA
"TD","TD",37,100,16.2932783320809,NA,NA,36.5865566641619,44.3587647270622,0.982565350597724,3.92570209977795,0.902031783194005,9.99999,NA,NA
"TD","TD",38,100,145.402602507022,NA,NA,294.805205014043,302.577413076944,0.533772448310629,0.225168376229703,0.577204928046626,0.238198484063121,NA,NA
"TD","TD",39,100,66.6764311793938,NA,NA,137.352862358788,145.125070421688,0.128862570039928,1.75030500992181,0.137044895763601,1.9825270942001,NA,NA
"TD","TD",40,100,194.195507612985,NA,NA,392.39101522597,400.16322328887,0.420502026332542,0.0828633031448371,0.361562948040078,0.0872649858136408,NA,NA
"TD","TD",41,100,40.8999154081275,NA,NA,85.799830816255,93.5720388791553,0.860091791022569,1.2001721150753,0.854060206720299,1.37511964025058,NA,NA
"TD","TD",42,100,133.404584681142,NA,NA,270.809169362284,278.581377425185,0.633000507717952,0.316391955215622,0.614349154126609,0.29842518120867,NA,NA
"TD","TD",43,100,26.8219937993466,NA,NA,57.6439875986932,65.4161956615935,0.512010124279186,2.01376353887389,0.522358375815451,2.08274994161337,NA,NA
"TD","TD",44,100,15.8097764121683,NA,NA,35.6195528243365,43.3917608872368,0.4054856733419,3.89528230370438,0.394511092483656,9.99999,NA,NA
"TD","TD",45,100,149.074093020556,NA,NA,302.148186041111,309.920394104011,0.319981756620109,0.264156529679894,0.403386907216324,0.2641720495454,NA,NA
"TD","TD",46,100,22.7030282292472,NA,NA,49.4060564584945,57.1782645213948,0.947748523205519,1.36391219958187,0.900881234560715,5.91663122334762,NA,NA
"TD","TD",47,100,38.9949148547982,NA,NA,81.9898297095963,89.7620377724967,0.885661983396858,1.4762263855988,0.87564025509551,1.47498162559049,NA,NA
"TD","TD",48,100,190.077097974554,NA,NA,384.154195949107,391.926404012008,0.119032545015216,0.210982074495405,0.21031643966833,0.137282252060727,NA,NA
"TD","TD",49,100,77.5236510511441,NA,NA,159.047302102288,166.819510165188,0.931592519162223,0.648705839645118,0.900032754600015,0.63158207843772,NA,NA
"TD","TD",50,100,18.4867112582385,NA,NA,40.973422516477,48.7456305793773,0.753800751408562,2.89878896835935,0.71270993697737,2.96734746033717,NA,NA
"TD","TD",51,100,175.496739883301,NA,NA,354.993479766602,362.765687829502,0.080542077543214,0.38312963815406,0.0826621519872075,0.367577806826385,NA,NA
"TD","TD",52,100,163.247181320634,NA,NA,330.494362641268,338.266570704168,0.0462017410900444,0.577519766520709,0.0542151535177436,0.548645082245854,NA,NA
"TD","TD",53,100,74.0337476955969,NA,NA,152.067495391194,159.839703454094,0.407168375095353,0.8810732345608,0.388790925328414,0.821207643329047,NA,NA
"TD","TD",54,100,71.6986388544749,NA,NA,147.39727770895,155.16948577185,0.960197768406942,0.629818245768547,0.939142472026814,0.644393458989895,NA,NA
"TD","TD",55,100,170.238121525718,NA,NA,344.476243051435,352.248451114336,0.745619997614995,0.0838289222957155,0.619467016402215,0.131779406040817,NA,NA
"TD","TD",56,100,162.416276610308,NA,NA,328.832553220617,336.604761283517,0.387793875532225,0.184212701395154,0.482226111555847,0.184905486470216,NA,NA
"TD","TD",57,100,133.404584681142,NA,NA,270.809169362284,278.581377425185,0.640330957481638,0.323464683257043,0.614349154126609,0.29842518120867,NA,NA
"TD","TD",58,100,158.042044891456,NA,NA,320.084089782912,327.856297845813,0.46626549679786,0.183777129743248,0.543688687219597,0.194518162698185,NA,NA
"TD","TD",59,100,25.605417693945,NA,NA,55.2108353878899,62.9830434507902,0.781977394130081,1.17335850927503,0.727742179317932,1.47419733705045,NA,NA
"TD","TD",60,100,189.401448462141,NA,NA,382.802896924282,390.575104987182,0.185236022341996,0.162097267924749,0.223946195555962,0.135000845757627,NA,NA
"TD","TD",61,100,155.30154873851,NA,NA,314.603097477021,322.375305539921,0.703108243644238,0.190494351089001,0.642788012076999,0.199984684192046,NA,NA
"TD","TD",62,100,26.8219937993466,NA,NA,57.6439875986932,65.4161956615935,0.540940156206489,1.71158919288757,0.522358375815451,2.08274994161337,NA,NA
"TD","TD",63,100,32.4152624236182,NA,NA,68.8305248472364,76.6027329101367,0.265401779906824,1.94766673623564,0.285863773229311,2.00267800947727,NA,NA
"TD","TD",64,100,151.595704615023,NA,NA,307.191409230047,314.963617292947,0.897607917198911,0.209870352875441,0.796193818160829,0.199891709911485,NA,NA
"TD","TD",65,100,209.082996767617,NA,NA,422.165993535235,429.938201598135,0.398145136190578,0.0485801249742508,0.389452850649849,0.0466226899885522,NA,NA
"TD","TD",66,100,120.294780712891,NA,NA,244.589561425782,252.361769488683,0.470244030002505,0.370898498687893,0.435631348501957,0.38448915757092,NA,NA
"TD","TD",67,100,26.8079963383017,NA,NA,57.6159926766035,65.3882007395038,0.824348853668198,1.18002879429133,0.735881602353601,1.83779990487584,NA,NA
"TD","TD",68,100,129.024137126412,NA,NA,262.048274252823,269.820482315724,0.503097830805928,0.322839245665818,0.492278238376179,0.327423738781261,NA,NA
"TD","TD",69,100,45.4088929619466,NA,NA,94.8177859238933,102.589993986794,0.361050225095823,1.17336245528878,0.349222060652819,1.25533719610543,NA,NA
"TD","TD",70,100,149.768361724235,NA,NA,303.53672344847,311.30893151137,0.964988884748891,0.189227518625557,0.874792396804275,0.175474804726139,NA,NA
"TD","TD",71,100,18.4867112582385,NA,NA,40.973422516477,48.7456305793773,0.789667062694207,2.04544003671947,0.71270993697737,2.96734746033717,NA,NA
"TD","TD",72,100,21.4635787362084,NA,NA,46.9271574724168,54.6993655353171,0.628910263301805,2.95466302318459,0.61279694562391,4.20088770705268,NA,NA
"TD","TD",73,100,81.3203636105014,NA,NA,166.640727221003,174.412935283903,0.415234696352854,0.710676135453296,0.384642839645765,0.735574918492429,NA,NA
"TD","TD",74,100,61.330659801865,NA,NA,126.66131960373,134.43352766663,0.857857148861513,0.936107955831003,0.846341999208163,0.826397913153313,NA,NA
"TD","TD",75,100,149.454933111467,NA,NA,302.909866222934,310.682074285834,0.629901704145595,0.199268886353821,0.587323097094241,0.228138800512354,NA,NA
"TD","TD",76,100,120.621899335165,NA,NA,245.243798670329,253.016006733229,0.359289909945801,0.364497002285354,0.398570529184289,0.383905935805399,NA,NA
"TD","TD",77,100,38.3013148569622,NA,NA,80.6026297139243,88.3748377768246,0.446684151422232,1.46860518856885,0.469020749210804,1.54297584894222,NA,NA
"TD","TD",78,100,121.386844854665,NA,NA,246.773689709329,254.54589777223,0.378760501742363,0.432298531290144,0.40815836469301,0.381015574658498,NA,NA
"TD","TD",79,100,86.3074157391564,NA,NA,176.614831478313,184.387039541213,0.372670353855938,0.686002678703517,0.344620390651781,0.672130110290287,NA,NA
"TD","TD",80,100,120.491823784836,NA,NA,244.983647569673,252.755855632573,0.428967847023159,0.430095953866839,0.437054365767686,0.384781624277571,NA,NA
"TD","TD",81,100,212.195113254679,NA,NA,428.390226509358,436.162434572258,0.111280993092805,0.0420480497825296,0.312907774947776,0.0423254844689896,NA,NA
"TD","TD",82,100,72.1281027564164,NA,NA,148.256205512833,156.028413575733,0.142161799827591,1.60663627263189,0.148346418484878,1.69567120358961,NA,NA
"TD","TD",83,100,14.174554297209,NA,NA,32.349108594418,40.1213166573183,0.779834397835657,3.55762586234994,0.789283660467522,9.99999,NA,NA
"TD","TD",84,100,86.5925483226683,NA,NA,177.185096645337,184.957304708237,0.386252531083301,0.630521601997316,0.348296363755161,0.66755049324206,NA,NA
"TD","TD",85,100,146.719490351164,NA,NA,297.438980702328,305.211188765228,0.23896856745705,0.3059749789536,0.291579937630709,0.32467198953065,NA,NA
"TD","TD",86,100,167.311983627869,NA,NA,338.623967255739,346.396175318639,0.670282299863175,0.116263606119901,0.667132798420092,0.142353776301031,NA,NA
"TD","TD",87,100,68.2942403831692,NA,NA,140.588480766338,148.360688829239,0.560497718863189,0.79223784707011,0.529732641645673,0.775179025328067,NA,NA
"TD","TD",88,100,154.156186714776,NA,NA,312.312373429552,320.084581492452,0.915246691787615,0.194212660659105,0.78085163696087,0.182345800025281,NA,NA
"TD","TD",89,100,55.3099815050522,NA,NA,114.619963010104,122.392171073005,0.589335348224267,0.931611171881569,0.544796011666624,0.940606585479884,NA,NA
"TD","TD",90,100,69.4812651725603,NA,NA,142.962530345121,150.734738408021,0.987134294584394,0.600823707412928,0.975329599749294,0.63737100115205,NA,NA
"TD","TD",91,100,121.386844854665,NA,NA,246.773689709329,254.54589777223,0.401124990079552,0.436571269761771,0.40815836469301,0.381015574658498,NA,NA
"TD","TD",92,100,195.21546111379,NA,NA,394.43092222758,402.20313029048,0.565618214197457,0.0649159974418581,0.442418006326485,0.0764552907212566,NA,NA
"TD","TD",93,100,143.524676066514,NA,NA,291.049352133027,298.821560195928,0.125127220060676,0.546449628192931,0.148729084589816,0.483667192071772,NA,NA
"TD","TD",94,100,62.7235772998052,NA,NA,129.44715459961,137.219362662511,0.791645931312814,0.766796249431272,0.711328716171733,0.772922020035433,NA,NA
"TD","TD",95,100,196.64270467042,NA,NA,397.285409340839,405.05761740374,0.0988319513853639,0.092432988807559,0.258640121998849,0.0801980052512665,NA,NA
"TD","TD",96,100,75.0602061707239,NA,NA,154.120412341448,161.892620404348,0.333673485321924,0.79963922020125,0.29314175704355,0.859191127942424,NA,NA
"TD","TD",97,100,137.595106581758,NA,NA,279.190213163517,286.962421226417,0.10172016825527,0.620830333791673,0.102694926155927,0.637341286952819,NA,NA
"TD","TD",98,100,197.160063992863,NA,NA,398.320127985725,406.092336048625,0.0187283449340612,0.165121834239408,0.226556515004401,0.0817875903209298,NA,NA
"TD","TD",99,100,66.2427721306472,NA,NA,136.485544261294,144.257752324195,0.461979309096932,0.880842309403134,0.453098995557701,0.824691046390388,NA,NA
"TD","TD",100,100,58.4951821552608,NA,NA,120.990364310522,128.762572373422,0.729020358063281,0.83565291385622,0.674107347069988,0.783636123309951,NA,NA
"TD","RSTD",1,100,71.7814057513975,NA,NA,149.562811502795,161.221123597146,0.643091264180839,0.83357874206723,0.800454603564292,0.664438977239047,0.64929326029272,NA
"TD","RSTD",2,100,26.4988960128562,NA,NA,58.9977920257123,70.6561041200628,0.724670132622123,1.43561604238095,0.981996928314542,0.736741898846423,1.99407172505834,NA
"TD","RSTD",3,100,23.4835210687018,NA,NA,52.9670421374036,64.6253542317541,0.950232450617477,2.03779015681686,0.911901976451932,0.899720580380579,7.17728875923479,NA
"TD","RSTD",4,100,183.844168789259,NA,NA,373.688337578517,385.346649672868,0.682289758697152,0.0720224548131227,0.782458069794532,0.589959155542742,0.0766720868766287,NA
"TD","RSTD",5,100,83.6549142214584,NA,NA,173.309828442917,184.968140537267,0.200363578274846,1.00568439900399,0.242863397503232,0.229121473184661,0.799058989251509,NA
"TD","RSTD",6,100,139.977832958199,NA,NA,285.955665916399,297.613978010749,0.321220333920792,0.298665664158762,0.507988709020412,0.386333237442497,0.260289427737225,NA
"TD","RSTD",7,100,204.445103798455,NA,NA,414.890207596911,426.548519691261,0.571441247593611,0.0502132950350642,0.473252016448494,0.381927112214651,0.0519387878756007,NA
"TD","RSTD",8,100,118.114629272192,NA,NA,242.229258544383,253.887570638734,0.973066303646192,0.392999498639256,0.828870600245732,0.958583508781029,0.353198739396158,NA
"TD","RSTD",9,100,248.124341981619,NA,NA,502.248683963237,513.906996057588,0.895209939451888,0.0054737395918251,0.04085748670792,1e-05,0.00103100053564147,NA
"TD","RSTD",10,100,169.034362022109,NA,NA,344.068724044218,355.727036138568,0.0494146177079529,0.507862410508096,0.0585876212189009,0.054604941042258,0.417930439552543,NA
"TD","RSTD",11,100,186.661089855039,NA,NA,379.322179710078,390.980491804428,0.197620301274583,0.18983699940145,0.232451242817448,0.218883607328667,0.150688477301061,NA
"TD","RSTD",12,100,155.929108261433,NA,NA,317.858216522867,329.516528617217,0.0560640415642411,0.566026730462909,0.0687446492071604,0.067382454279139,0.509128913420794,NA
"TD","RSTD",13,100,126.512296525744,NA,NA,259.024593051488,270.682905145839,0.051307131536305,1.23247370731968,0.070961439838745,0.0612968358372545,0.592168492356306,NA
"TD","RSTD",14,100,145.884776636833,NA,NA,297.769553273666,309.427865368017,0.989872474921867,0.208000437050192,0.844613759601006,0.964862877865441,0.197934146374936,NA
"TD","RSTD",15,100,80.0541273572687,NA,NA,166.108254714537,177.766566808888,0.711294803768396,0.57632797351107,0.646104606273055,0.655466585601912,0.623692472594281,NA
"TD","RSTD",16,100,246.614591797698,NA,NA,499.229183595395,510.887495689746,0.0768930825870484,0.00966986734420061,0.314422985171778,0.32598485496818,0.00589561866286419,NA
"TD","RSTD",17,100,18.5142951630224,NA,NA,43.0285903260447,54.6869024203952,0.797194604296237,2.5054881726885,0.971471157907852,0.799728196902682,1.45803737374675,NA
"TD","RSTD",18,100,26.6662771747169,NA,NA,59.3325543494339,70.9908664437843,0.731893435353413,1.27495420533688,0.858648960884462,0.765521882476353,1.04853544928322,NA
"TD","RSTD",19,100,76.0779410487538,NA,NA,158.155882097508,169.814194191858,0.809085062006488,0.797056699129653,0.95560317222729,0.812201269982363,0.627145656733682,NA
"TD","RSTD",20,100,22.3019763839846,NA,NA,50.6039527679691,62.2622648623196,0.511981163173914,2.39124982816227,0.456574802017612,0.49782323158769,8.05310468209525,NA
"TD","RSTD",21,100,48.7293115567385,NA,NA,103.458623113477,115.116935207827,0.226354157319292,1.66897989056053,0.247736241087487,0.250265193076807,1.37900095581658,NA
"TD","RSTD",22,100,70.8680766803803,NA,NA,147.736153360761,159.394465455111,0.300222688354552,0.955442077438247,0.297107732151381,0.273791368426194,0.860609224360225,NA
"TD","RSTD",23,100,19.373590373825,NA,NA,44.7471807476499,56.4054928420004,0.984172471100464,1.69604673600736,0.951547493604618,0.906983227826276,4.08182603383744,NA
"TD","RSTD",24,100,145.253929826688,NA,NA,296.507859653375,308.166171747726,0.540354023920372,0.234106497689865,0.558751878562679,0.546095751327393,0.279662667009737,NA
"TD","RSTD",25,100,132.660784150465,NA,NA,271.321568300929,282.97988039528,0.870058757020161,0.327183235902339,0.69452530115338,0.822621450781264,0.309655404356634,NA
"TD","RSTD",26,100,125.408720356709,NA,NA,256.817440713419,268.475752807769,0.0660558908712119,1.97567781611326,0.109043256634866,0.0719905450679288,0.428432293198984,NA
"TD","RSTD",27,100,139.738123923803,NA,NA,285.476247847606,297.134559941957,0.973287776112556,0.260513227898628,0.996163922063703,0.917614773938936,0.214243940995331,NA
"TD","RSTD",28,100,70.1872344703009,NA,NA,146.374468940602,158.032781034952,0.290595552418381,1.05573849655212,0.296935280730072,0.273432929064098,0.860010164484218,NA
"TD","RSTD",29,100,145.580074140206,NA,NA,297.160148280413,308.818460374763,0.988910319516435,0.211397308856249,0.883626799392111,0.940186334937087,0.216448692949524,NA
"TD","RSTD",30,100,34.2631843010095,NA,NA,74.5263686020189,86.1846806963694,0.329378831898794,2.0851063261411,0.348862173001179,0.312246047729726,1.6077295707234,NA
"TD","RSTD",31,100,124.837129270345,NA,NA,255.674258540689,267.33257063504,0.11878991080448,0.835414388175023,0.185966501165881,0.164490462370226,0.426013495509578,NA
"TD","RSTD",32,100,176.958746057504,NA,NA,359.917492115009,371.575804209359,0.0508385861758143,0.410096168983728,0.0597925685643349,0.059966195620732,0.380140690231594,NA
"TD","RSTD",33,100,63.5169539991453,NA,NA,133.033907998291,144.692220092641,0.684979062527418,0.756628525771442,0.657292509351931,0.667321262272114,0.786531545252983,NA
"TD","RSTD",34,100,184.921363738399,NA,NA,375.842727476798,387.501039571148,0.842564480379224,0.0599249633960426,0.99999,0.669947436022612,0.0672174035924515,NA
"TD","RSTD",35,100,28.6166901229451,NA,NA,63.2333802458903,74.8916923402408,0.27115519088693,2.69503675574873,0.295793953130908,0.288081244818772,2.23390260634001,NA
"TD","RSTD",36,100,109.299684739395,NA,NA,224.59936947879,236.257681573141,0.779200294986367,0.457588243763894,0.697519927910716,0.735132439626131,0.446689949846281,NA
"TD","RSTD",37,100,16.3018991358131,NA,NA,38.6037982716262,50.2621103659767,0.982565350597724,3.92570209977795,0.931127285797724,0.902125385564492,8.26109106084429,NA
"TD","RSTD",38,100,145.310468428412,NA,NA,296.620936856825,308.279248951175,0.533772448310629,0.225168376229703,0.610252517495426,0.571020383284203,0.2310250185624,NA
"TD","RSTD",39,100,66.6812283779477,NA,NA,139.362456755895,151.020768850246,0.128862570039928,1.75030500992181,0.137183720273235,0.137093524927408,1.95053942344513,NA
"TD","RSTD",40,100,194.159896698097,NA,NA,394.319793396194,405.978105490545,0.420502026332542,0.0828633031448371,0.410260743210109,0.324150261826198,0.0794890940155437,NA
"TD","RSTD",41,100,45.308678451271,NA,NA,96.617356902542,108.275668996892,0.860091791022569,1.2001721150753,0.964867544163107,0.887754422861274,3.69364391528061,NA
"TD","RSTD",42,100,133.346815753265,NA,NA,272.69363150653,284.351943600881,0.633000507717952,0.316391955215622,0.590773247844366,0.616813660580606,0.303972172581605,NA
"TD","RSTD",43,100,32.3542109963793,NA,NA,70.7084219927586,82.3667340871091,0.512010124279186,2.01376353887389,0.92416218958307,0.600662834778003,1.20274671160159,NA
"TD","RSTD",44,100,15.811089134384,NA,NA,37.6221782687679,49.2804903631184,0.4054856733419,3.89528230370438,0.353845766448846,0.37811983943995,9.96538465000333,NA
"TD","RSTD",45,100,148.17373399707,NA,NA,302.34746799414,314.005780088491,0.319981756620109,0.264156529679894,0.690009284630843,0.415048514624207,0.181330577139628,NA
"TD","RSTD",46,100,23.1761169605246,NA,NA,52.3522339210493,64.0105460153998,0.947748523205519,1.36391219958187,0.930307402565446,0.916372252923247,2.11344035038627,NA
"TD","RSTD",47,100,41.7085169252272,NA,NA,89.4170338504543,101.075345944805,0.885661983396858,1.4762263855988,0.951665258648292,0.892651631365819,8.04258102749442,NA
"TD","RSTD",48,100,189.998888028574,NA,NA,385.997776057149,397.656088151499,0.119032545015216,0.210982074495405,0.227596091750733,0.205957946686561,0.131101833250345,NA
"TD","RSTD",49,100,76.9833778950203,NA,NA,159.966755790041,171.625067884391,0.931592519162223,0.648705839645118,0.873110853468963,0.908950484021426,0.642464868576407,NA
"TD","RSTD",50,100,21.2832304877608,NA,NA,48.5664609755217,60.2247730698721,0.753800751408562,2.89878896835935,0.972785809754894,0.762087594173342,1.25724987388623,NA
"TD","RSTD",51,100,175.402638347583,NA,NA,356.805276695166,368.463588789517,0.080542077543214,0.38312963815406,0.0798494317337706,0.0841653062268069,0.379787278769729,NA
"TD","RSTD",52,100,163.976614854744,NA,NA,333.953229709488,345.611541803839,0.0462017410900444,0.577519766520709,0.0662066464927313,0.0613659739225743,0.448726669301464,NA
"TD","RSTD",53,100,73.2749346132757,NA,NA,152.549869226551,164.208181320902,0.407168375095353,0.8810732345608,0.417981233018899,0.380731025734242,0.7503262700634,NA
"TD","RSTD",54,100,90.7416592331925,NA,NA,187.483318466385,199.141630560735,0.960197768406942,0.629818245768547,0.893676350743076,0.898398025900248,4.80307571681424,NA
"TD","RSTD",55,100,169.26087276982,NA,NA,344.52174553964,356.180057633991,0.745619997614995,0.0838289222957155,0.944313266356757,0.592535183217427,0.0941528281948964,NA
"TD","RSTD",56,100,161.149794244148,NA,NA,328.299588488296,339.957900582646,0.387793875532225,0.184212701395154,0.632078816055854,0.452790611196945,0.155556710653732,NA
"TD","RSTD",57,100,133.346815753265,NA,NA,272.69363150653,284.351943600881,0.640330957481638,0.323464683257043,0.590773247844366,0.616813660580606,0.303972172581605,NA
"TD","RSTD",58,100,157.002146118115,NA,NA,320.004292236229,331.66260433058,0.46626549679786,0.183777129743248,0.680900611290179,0.514063364484745,0.166918674358197,NA
"TD","RSTD",59,100,26.6662771747169,NA,NA,59.3325543494339,70.9908664437843,0.781977394130081,1.17335850927503,0.858648960884462,0.765521882476353,1.04853544928322,NA
"TD","RSTD",60,100,189.128702619993,NA,NA,384.257405239986,395.915717334337,0.185236022341996,0.162097267924749,0.253482404316324,0.209964271382322,0.124120729070882,NA
"TD","RSTD",61,100,155.158727685924,NA,NA,316.317455371848,327.975767466199,0.703108243644238,0.190494351089001,0.607564272065372,0.65965822587218,0.207272075667443,NA
"TD","RSTD",62,100,32.3542109963793,NA,NA,70.7084219927586,82.3667340871091,0.540940156206489,1.71158919288757,0.92416218958307,0.600662834778003,1.20274671160159,NA
"TD","RSTD",63,100,32.2657513735567,NA,NA,70.5315027471134,82.1898148414639,0.265401779906824,1.94766673623564,0.293024060506768,0.284346245459209,1.87384541638271,NA
"TD","RSTD",64,100,151.6365817465,NA,NA,309.273163493001,320.931475587351,0.897607917198911,0.209870352875441,0.765436719088008,0.795046482515276,0.202745968978957,NA
"TD","RSTD",65,100,208.999422004395,NA,NA,423.998844008791,435.657156103141,0.398145136190578,0.0485801249742508,0.443591760796335,0.342606115706086,0.045928396798004,NA
"TD","RSTD",66,100,118.884898545434,NA,NA,243.769797090867,255.428109185218,0.470244030002505,0.370898498687893,0.529849429313025,0.429890111199586,0.35177414916107,NA
"TD","RSTD",67,100,29.7701225339546,NA,NA,65.5402450679092,77.1985571622596,0.824348853668198,1.18002879429133,0.95899021721543,0.745895155396874,1.20427418374218,NA
"TD","RSTD",68,100,128.091987271073,NA,NA,262.183974542146,273.842286636497,0.503097830805928,0.322839245665818,0.590502989511575,0.48814520524166,0.302649762032907,NA
"TD","RSTD",69,100,44.6770533284156,NA,NA,95.3541066568312,107.012418751182,0.361050225095823,1.17336245528878,0.374138721517513,0.344733150987937,1.13435534938059,NA
"TD","RSTD",70,100,148.959144929573,NA,NA,303.918289859146,315.576601953496,0.964988884748891,0.189227518625557,0.766485430275248,0.929316601314688,0.185598335971243,NA
"TD","RSTD",71,100,21.2832304877608,NA,NA,48.5664609755217,60.2247730698721,0.789667062694207,2.04544003671947,0.972785809754894,0.762087594173342,1.25724987388623,NA
"TD","RSTD",72,100,31.2942160522603,NA,NA,68.5884321045205,80.246744198871,0.628910263301805,2.95466302318459,0.951921551923985,0.678417983375363,9.99999,NA
"TD","RSTD",73,100,80.4053790031357,NA,NA,166.810758006271,178.469070100622,0.415234696352854,0.710676135453296,0.419338649410341,0.376284123854306,0.672691306691193,NA
"TD","RSTD",74,100,61.9480595828019,NA,NA,129.896119165604,141.554431259954,0.857857148861513,0.936107955831003,0.915709094627677,0.857288510625648,0.802885660870683,NA
"TD","RSTD",75,100,149.453099679689,NA,NA,304.906199359378,316.564511453728,0.629901704145595,0.199268886353821,0.591644535265271,0.58629002779695,0.22710488539596,NA
"TD","RSTD",76,100,119.48653753397,NA,NA,244.97307506794,256.63138716229,0.359289909945801,0.364497002285354,0.482232036449678,0.395946544953677,0.34981725171897,NA
"TD","RSTD",77,100,41.360239557904,NA,NA,88.720479115808,100.378791210158,0.446684151422232,1.46860518856885,0.424368371013873,0.403135238013373,7.91229348062451,NA
"TD","RSTD",78,100,120.427324337225,NA,NA,246.854648674449,258.5129607688,0.378760501742363,0.432298531290144,0.482641228510599,0.406168797601264,0.34632458424685,NA
"TD","RSTD",79,100,86.1998898862414,NA,NA,178.399779772483,190.058091866833,0.372670353855938,0.686002678703517,0.357035372147051,0.342784708027854,0.649277195308623,NA
"TD","RSTD",80,100,119.14298456522,NA,NA,244.285969130439,255.94428122479,0.428967847023159,0.430095953866839,0.526667355812859,0.433147415853878,0.347931665817069,NA
"TD","RSTD",81,100,212.525576535441,NA,NA,431.051153070881,442.709465165232,0.111280993092805,0.0420480497825296,0.184950036047387,0.201545697450911,0.0437343450155776,NA
"TD","RSTD",82,100,72.1219079052525,NA,NA,150.243815810505,161.902127904856,0.142161799827591,1.60663627263189,0.148857188214268,0.148123601394686,1.67500996347186,NA
"TD","RSTD",83,100,18.5142951630224,NA,NA,43.0285903260447,54.6869024203952,0.779834397835657,3.55762586234994,0.971471157907852,0.799728196902682,1.45803737374675,NA
"TD","RSTD",84,100,86.4304600445188,NA,NA,178.860920089038,190.519232183388,0.386252531083301,0.630521601997316,0.363291712710264,0.345765981730485,0.641151625407669,NA
"TD","RSTD",85,100,144.068019152334,NA,NA,294.136038304668,305.794350399018,0.23896856745705,0.3059749789536,0.383265351838396,0.267304141603236,0.273414879946006,NA
"TD","RSTD",86,100,166.933177450081,NA,NA,339.866354900161,351.524666994512,0.670282299863175,0.116263606119901,0.77555361293009,0.636384485510535,0.128888114198872,NA
"TD","RSTD",87,100,68.8966141184989,NA,NA,143.793228236998,155.451540331348,0.560497718863189,0.79223784707011,0.495440921996719,0.500155323144026,0.794093167869889,NA
"TD","RSTD",88,100,156.064621098692,NA,NA,318.129242197385,329.787554291735,0.915246691787615,0.194212660659105,0.576622814874164,0.680907515587168,0.196831850600464,NA
"TD","RSTD",89,100,62.0206141763476,NA,NA,130.041228352695,141.699540447046,0.589335348224267,0.931611171881569,0.870508353539008,0.617449249900804,0.710667197861585,NA
"TD","RSTD",90,100,92.7813514084619,NA,NA,191.562702816924,203.221014911274,0.987134294584394,0.600823707412928,0.974839420870003,0.904399414908254,6.96140315282122,NA
"TD","RSTD",91,100,120.427324337225,NA,NA,246.854648674449,258.5129607688,0.401124990079552,0.436571269761771,0.482641228510599,0.406168797601264,0.34632458424685,NA
"TD","RSTD",92,100,195.066833132172,NA,NA,396.133666264345,407.791978358695,0.565618214197457,0.0649159974418581,0.472410049921063,0.396560306913121,0.0753163067688658,NA
"TD","RSTD",93,100,143.747634942613,NA,NA,293.495269885225,305.153581979576,0.125127220060676,0.546449628192931,0.1804109519705,0.173230624431507,0.421658438208129,NA
"TD","RSTD",94,100,62.5665822819359,NA,NA,131.133164563872,142.791476658222,0.791645931312814,0.766796249431272,0.685294329491462,0.713398090089942,0.804670923711447,NA
"TD","RSTD",95,100,196.536167546868,NA,NA,399.072335093737,410.730647188087,0.0988319513853639,0.092432988807559,0.212022785848478,0.26282111920266,0.0844153596104946,NA
"TD","RSTD",96,100,74.7425258365127,NA,NA,155.485051673025,167.143363767376,0.333673485321924,0.79963922020125,0.309741091806165,0.290901979236945,0.799322871317493,NA
"TD","RSTD",97,100,140.210817630137,NA,NA,286.421635260274,298.079947354625,0.10172016825527,0.620830333791673,0.154451851289268,0.137049539889268,0.450549601057867,NA
"TD","RSTD",98,100,197.147535878747,NA,NA,400.295071757494,411.953383851844,0.0187283449340612,0.165121834239408,0.217400326238726,0.233990464899961,0.0848722165401476,NA
"TD","RSTD",99,100,66.1678214764047,NA,NA,138.335642952809,149.99395504716,0.461979309096932,0.880842309403134,0.464645507852561,0.451131656853366,0.798454144598331,NA
"TD","RSTD",100,100,58.3675513672107,NA,NA,122.735102734421,134.393414828772,0.729020358063281,0.83565291385622,0.646023124934105,0.673828145971017,0.808395032639193,NA
"TD","Utility",1,100,68.1262156965185,NA,NA,142.252431393037,153.910743487387,0.643091264180839,0.83357874206723,0.751552139219309,0.512656221396601,7.78633620929629,NA
"TD","Utility",2,100,21.1945620652556,NA,NA,48.3891241305111,60.0474362248616,0.724670132622123,1.43561604238095,0.763659348819925,0.737554134189755,5.76465115889624,NA
"TD","Utility",3,100,26.3954202469349,NA,NA,58.7908404938698,70.4491525882203,0.950232450617477,2.03779015681686,0.981858307780324,0.783419762099465,3.49410735719822,NA
"TD","Utility",4,100,183.926015597785,NA,NA,373.852031195569,385.51034328992,0.682289758697152,0.0720224548131227,0.647131363708666,0.631408521197746,0.340812018749636,NA
"TD","Utility",5,100,82.4673901852013,NA,NA,170.934780370403,182.593092464753,0.200363578274846,1.00568439900399,0.285249746492155,0.812574853717024,1.72722047446518,NA
"TD","Utility",6,100,137.684722070291,NA,NA,281.369444140581,293.027756234932,0.321220333920792,0.298665664158762,0.518702774403354,0.513618573752336,2.50552040441012,NA
"TD","Utility",7,100,204.096814472136,NA,NA,414.193628944273,425.851941038623,0.571441247593611,0.0502132950350642,0.413808388804457,0.620566962268689,0.218844549760248,NA
"TD","Utility",8,100,119.785347457343,NA,NA,245.570694914686,257.229007009037,0.973066303646192,0.392999498639256,0.94926327346543,0.637641529939095,2.03930426458329,NA
"TD","Utility",9,100,248.081294268417,NA,NA,502.162588536835,513.820900631185,0.895209939451888,0.0054737395918251,0.522559687807651,1e-05,0.0515029302044972,NA
"TD","Utility",10,100,168.512968307207,NA,NA,343.025936614414,354.684248708765,0.0494146177079529,0.507862410508096,0.0507236186169795,0.886283741637686,0.738174937182304,NA
"TD","Utility",11,100,186.577151892379,NA,NA,379.154303784758,390.812615879109,0.197620301274583,0.18983699940145,0.241630849114366,0.707396407031016,0.432783445833833,NA
"TD","Utility",12,100,155.959263570134,NA,NA,317.918527140267,329.576839234618,0.0560640415642411,0.566026730462909,0.0477494958794187,0.83879270706542,1.13202169882893,NA
"TD","Utility",13,100,114.899116369385,NA,NA,235.79823273877,247.45654483312,0.051307131536305,1.23247370731968,0.0504789383227691,0.986992572828971,1.23472201035909,NA
"TD","Utility",14,100,146.386051711944,NA,NA,298.772103423888,310.430415518239,0.989872474921867,0.208000437050192,0.961423168061605,0.47150937540065,2.72377339494731,NA
"TD","Utility",15,100,78.2748940835674,NA,NA,162.549788167135,174.208100261485,0.711294803768396,0.57632797351107,0.794023244848167,0.461562186336099,8.51883431878685,NA
"TD","Utility",16,100,246.518139910965,NA,NA,499.03627982193,510.694591916281,0.0768930825870484,0.00966986734420061,0.408055148245618,1e-05,0.230279130614153,NA
"TD","Utility",17,100,14.1747598358549,NA,NA,34.3495196717098,46.0078317660603,0.797194604296237,2.5054881726885,0.846221581629038,0.99999,9.99999,NA
"TD","Utility",18,100,25.402398989024,NA,NA,56.8047979780479,68.4631100723984,0.731893435353413,1.27495420533688,0.813823502691829,0.602879552860872,8.94702262079032,NA
"TD","Utility",19,100,68.7625126171937,NA,NA,143.525025234387,155.183337328738,0.809085062006488,0.797056699129653,0.8884732284519,0.530388157548923,7.10402538908397,NA
"TD","Utility",20,100,22.2439756355791,NA,NA,50.4879512711583,62.1462633655088,0.511981163173914,2.39124982816227,0.595040940095514,0.671401548613564,9.99999,NA
"TD","Utility",21,100,48.2283670024341,NA,NA,102.456734004868,114.115046099219,0.226354157319292,1.66897989056053,0.295332930781598,0.850675984475285,2.28197331126255,NA
"TD","Utility",22,100,70.1465228803748,NA,NA,146.29304576075,157.9513578551,0.300222688354552,0.955442077438247,0.376397244967629,0.719645399495348,2.8684553933488,NA
"TD","Utility",23,100,21.7374208202582,NA,NA,49.4748416405164,61.1331537348669,0.984172471100464,1.69604673600736,0.929868071572793,0.838735988682264,9.66281163727891,NA
"TD","Utility",24,100,142.937780468979,NA,NA,291.875560937957,303.533873032308,0.540354023920372,0.234106497689865,0.724335011020159,0.535366312641401,2.00208888980776,NA
"TD","Utility",25,100,133.684901130707,NA,NA,273.369802261413,285.028114355764,0.870058757020161,0.327183235902339,0.880485072755886,0.630842078225031,1.74421173748219,NA
"TD","Utility",26,100,88.7081919140948,NA,NA,183.41638382819,195.07469592254,0.0660558908712119,1.97567781611326,0.0674518820322699,0.980058661065486,2.0559592377958,NA
"TD","Utility",27,100,138.155606932305,NA,NA,282.31121386461,293.969525958961,0.973287776112556,0.260513227898628,0.962479384884569,0.414899850078688,4.79424944919963,NA
"TD","Utility",28,100,69.701866626188,NA,NA,145.403733252376,157.062045346726,0.290595552418381,1.05573849655212,0.355350098086025,0.781224501702337,2.18702995317541,NA
"TD","Utility",29,100,145.926389509417,NA,NA,297.852779018835,309.511091113185,0.988910319516435,0.211397308856249,0.96209270345498,0.418139674291865,3.86940893347978,NA
"TD","Utility",30,100,36.3902661535544,NA,NA,78.7805323071087,90.4388444014592,0.329378831898794,2.0851063261411,0.352748233740829,0.918719259811064,2.55650748915055,NA
"TD","Utility",31,100,119.162545684636,NA,NA,244.325091369271,255.983403463622,0.11878991080448,0.835414388175023,0.123754178908088,0.940493713514097,0.976159170037386,NA
"TD","Utility",32,100,176.262311885822,NA,NA,358.524623771644,370.182935865994,0.0508385861758143,0.410096168983728,0.0500440833414222,0.860983908805801,0.721322213446796,NA
"TD","Utility",33,100,62.3758632389517,NA,NA,130.751726477903,142.410038572254,0.684979062527418,0.756628525771442,0.779593437818916,0.50574396281076,8.41788281979897,NA
"TD","Utility",34,100,186.166496296676,NA,NA,378.332992593352,389.991304687703,0.842564480379224,0.0599249633960426,0.826701572056979,0.411711410300383,0.638948861343957,NA
"TD","Utility",35,100,28.757774822338,NA,NA,63.5155496446761,75.1738617390265,0.27115519088693,2.69503675574873,0.291695112871238,0.993074683536163,2.43037822629114,NA
"TD","Utility",36,100,108.136200272598,NA,NA,222.272400545197,233.930712639547,0.779200294986367,0.457588243763894,0.880696155768541,0.460331493922396,6.33581911219113,NA
"TD","Utility",37,100,16.2933995901161,NA,NA,38.5867991802321,50.2451112745826,0.982565350597724,3.92570209977795,0.902033272836301,0.99999,9.99999,NA
"TD","Utility",38,100,143.660425099297,NA,NA,293.320850198593,304.979162292944,0.533772448310629,0.225168376229703,0.723068882395526,0.525955770679099,2.04708316145903,NA
"TD","Utility",39,100,64.9858152509345,NA,NA,135.971630501869,147.629942596219,0.128862570039928,1.75030500992181,0.137080724385995,0.946444812361575,2.66371865706594,NA
"TD","Utility",40,100,194.186796697983,NA,NA,394.373593395967,406.031905490317,0.420502026332542,0.0828633031448371,0.348058232770797,0.582134771441512,0.408521497230243,NA
"TD","Utility",41,100,40.3335271155452,NA,NA,86.6670542310904,98.3253663254409,0.860091791022569,1.2001721150753,0.91853695629303,0.570936337907042,9.99999,NA
"TD","Utility",42,100,132.891435882883,NA,NA,271.782871765767,283.441183860117,0.633000507717952,0.316391955215622,0.715753330468884,0.691677563683247,1.21560927664272,NA
"TD","Utility",43,100,26.5453560285845,NA,NA,59.090712057169,70.7490241515194,0.512010124279186,2.01376353887389,0.627460219645885,0.670460698675998,8.15575732762034,NA
"TD","Utility",44,100,15.8097996774622,NA,NA,37.6195993549244,49.2779114492748,0.4054856733419,3.89528230370438,0.394514140882465,0.99999,9.99999,NA
"TD","Utility",45,100,145.856989453699,NA,NA,297.713978907399,309.372291001749,0.319981756620109,0.264156529679894,0.474326140231315,0.561663877082869,1.79001381327255,NA
"TD","Utility",46,100,22.6169156145747,NA,NA,51.2338312291494,62.8921433234998,0.947748523205519,1.36391219958187,0.899604511856872,0.99999,7.0040449554359,NA
"TD","Utility",47,100,38.6873761182667,NA,NA,83.3747522365333,95.0330643308838,0.885661983396858,1.4762263855988,0.927462070955686,0.597809095801587,9.99999,NA
"TD","Utility",48,100,190.204105341459,NA,NA,386.408210682918,398.066522777269,0.119032545015216,0.210982074495405,0.156020000643456,0.824850157987325,0.312634800398345,NA
"TD","Utility",49,100,77.398023997192,NA,NA,160.796047994384,172.454360088735,0.931592519162223,0.648705839645118,0.932951251454639,0.671537711741866,3.08506558170787,NA
"TD","Utility",50,100,18.5051986959644,NA,NA,43.0103973919289,54.6687094862793,0.753800751408562,2.89878896835935,0.78736439954494,0.780614027859276,6.35965662616985,NA
"TD","Utility",51,100,175.166905092416,NA,NA,356.333810184832,367.992122279182,0.080542077543214,0.38312963815406,0.0724885236270201,0.895653321154223,0.59749630828589,NA
"TD","Utility",52,100,162.549508002014,NA,NA,331.099016004027,342.757328098378,0.0462017410900444,0.577519766520709,0.0454847273685427,0.888768807547556,0.91169489672463,NA
"TD","Utility",53,100,72.7014266599261,NA,NA,151.402853319852,163.061165414203,0.407168375095353,0.8810732345608,0.528855955104809,0.617301964582587,4.29371599996001,NA
"TD","Utility",54,100,71.6714363228148,NA,NA,149.34287264563,161.00118473998,0.960197768406942,0.629818245768547,0.958892697048154,0.671611080778035,3.15408600540661,NA
"TD","Utility",55,100,167.870732378745,NA,NA,341.74146475749,353.39977685184,0.745619997614995,0.0838289222957155,0.636839964144187,0.449241858656593,1.16670298189765,NA
"TD","Utility",56,100,160.062406254338,NA,NA,326.124812508677,337.783124603027,0.387793875532225,0.184212701395154,0.523192574096841,0.570924308125521,1.0312682854608,NA
"TD","Utility",57,100,132.891435882883,NA,NA,271.782871765767,283.441183860117,0.640330957481638,0.323464683257043,0.715753330468884,0.691677563683247,1.21560927664272,NA
"TD","Utility",58,100,155.657049396695,NA,NA,317.314098793389,328.97241088774,0.46626549679786,0.183777129743248,0.679207255227526,0.48255391117964,1.85788334436756,NA
"TD","Utility",59,100,25.402398989024,NA,NA,56.8047979780479,68.4631100723984,0.781977394130081,1.17335850927503,0.813823502691829,0.602879552860872,8.94702262079032,NA
"TD","Utility",60,100,189.101112827811,NA,NA,384.202225655622,395.860537749973,0.185236022341996,0.162097267924749,0.21744194996577,0.723890046530629,0.374933989403601,NA
"TD","Utility",61,100,154.164306431241,NA,NA,314.328612862482,325.986924956832,0.703108243644238,0.190494351089001,0.744462350512854,0.591232107082619,1.22421141010424,NA
"TD","Utility",62,100,26.5453560285845,NA,NA,59.090712057169,70.7490241515194,0.540940156206489,1.71158919288757,0.627460219645885,0.670460698675998,8.15575732762034,NA
"TD","Utility",63,100,32.3690128792205,NA,NA,70.738025758441,82.3963378527915,0.265401779906824,1.94766673623564,0.302742665919743,0.949194762974172,2.35159692360701,NA
"TD","Utility",64,100,151.352378204171,NA,NA,308.704756408342,320.363068502692,0.897607917198911,0.209870352875441,0.869276631506467,0.625754675411958,1.17224749473484,NA
"TD","Utility",65,100,208.59137330893,NA,NA,423.18274661786,434.841058712211,0.398145136190578,0.0485801249742508,0.385742117274524,0.252937777138852,0.703120367165279,NA
"TD","Utility",66,100,115.42667345004,NA,NA,236.853346900079,248.51165899443,0.470244030002505,0.370898498687893,0.675464271008323,0.3394972066769,9.99999,NA
"TD","Utility",67,100,26.700049483378,NA,NA,59.400098966756,71.0584110611065,0.824348853668198,1.18002879429133,0.830374310520488,0.605927199404851,9.99999,NA
"TD","Utility",68,100,124.720950481918,NA,NA,255.441900963836,267.100213058187,0.503097830805928,0.322839245665818,0.72329942111752,0.319549696564392,9.99999,NA
"TD","Utility",69,100,44.3779641118372,NA,NA,94.7559282236744,106.414240318025,0.361050225095823,1.17336245528878,0.461342702078178,0.663665430453295,5.0414825590289,NA
"TD","Utility",70,100,149.520755795213,NA,NA,305.041511590426,316.699823684776,0.964988884748891,0.189227518625557,0.940645931804427,0.469584504327471,2.38727465125735,NA
"TD","Utility",71,100,18.5051986959644,NA,NA,43.0103973919289,54.6687094862793,0.789667062694207,2.04544003671947,0.78736439954494,0.780614027859276,6.35965662616985,NA
"TD","Utility",72,100,21.400278850162,NA,NA,48.8005577003239,60.4588697946744,0.628910263301805,2.95466302318459,0.644151986341848,0.868452901080196,8.71146695177,NA
"TD","Utility",73,100,79.317619880784,NA,NA,164.635239761568,176.293551855919,0.415234696352854,0.710676135453296,0.551874477733736,0.548560109634566,5.49191562417977,NA
"TD","Utility",74,100,60.8252690690876,NA,NA,127.650538138175,139.308850232526,0.857857148861513,0.936107955831003,0.923195915661573,0.517880605260305,8.98365586722336,NA
"TD","Utility",75,100,146.733789488761,NA,NA,299.467578977522,311.125891071873,0.629901704145595,0.199268886353821,0.788500017265814,0.390875726991195,3.99875842329134,NA
"TD","Utility",76,100,116.09559047223,NA,NA,238.19118094446,249.849493038811,0.359289909945801,0.364497002285354,0.656037660223566,0.331915622833596,9.99999,NA
"TD","Utility",77,100,35.7111019267743,NA,NA,77.4222038535487,89.0805159478992,0.446684151422232,1.46860518856885,0.608078325737792,0.557613919064175,9.99999,NA
"TD","Utility",78,100,118.381354680043,NA,NA,242.762709360086,254.421021454436,0.378760501742363,0.432298531290144,0.557064470908599,0.556072891347444,2.6729541796126,NA
"TD","Utility",79,100,84.0840098956063,NA,NA,174.168019791213,185.826331885563,0.372670353855938,0.686002678703517,0.467352052634017,0.641254637505585,3.14102304180556,NA
"TD","Utility",80,100,117.367017446497,NA,NA,240.734034892995,252.392346987345,0.428967847023159,0.430095953866839,0.621844842773451,0.475012661810362,4.27908960774814,NA
"TD","Utility",81,100,211.973172481123,NA,NA,429.946344962246,441.604657056597,0.111280993092805,0.0420480497825296,0.31204200848426,0.291239384810698,0.550946910582371,NA
"TD","Utility",82,100,71.6513845586985,NA,NA,149.302769117397,160.961081211748,0.142161799827591,1.60663627263189,0.150960220486558,0.961304870065004,1.98373458188802,NA
"TD","Utility",83,100,14.1747598358549,NA,NA,34.3495196717098,46.0078317660603,0.779834397835657,3.55762586234994,0.846221581629038,0.99999,9.99999,NA
"TD","Utility",84,100,84.2883200963781,NA,NA,174.576640192756,186.234952287107,0.386252531083301,0.630521601997316,0.476009104239057,0.628492369436716,3.32799502143174,NA
"TD","Utility",85,100,142.935874853602,NA,NA,291.871749707204,303.530061801554,0.23896856745705,0.3059749789536,0.3451483828455,0.625614845011426,1.56919891898145,NA
"TD","Utility",86,100,165.245274003591,NA,NA,336.490548007182,348.148860101533,0.670282299863175,0.116263606119901,0.752817158486628,0.439373425452199,1.58843162457972,NA
"TD","Utility",87,100,67.2290920580898,NA,NA,140.45818411618,152.11649621053,0.560497718863189,0.79223784707011,0.673540688618919,0.524679443074085,7.30413722885336,NA
"TD","Utility",88,100,153.661606786478,NA,NA,313.323213572956,324.981525667307,0.915246691787615,0.194212660659105,0.875818404460745,0.533656646929563,1.65597486759514,NA
"TD","Utility",89,100,54.756113879864,NA,NA,115.512227759728,127.170539854078,0.589335348224267,0.931611171881569,0.676327261149276,0.565454675587282,7.25671076741557,NA
"TD","Utility",90,100,69.4761137135045,NA,NA,144.952227427009,156.61053952136,0.987134294584394,0.600823707412928,0.98327951768361,0.665605432211082,3.2300515605612,NA
"TD","Utility",91,100,118.381354680043,NA,NA,242.762709360086,254.421021454436,0.401124990079552,0.436571269761771,0.557064470908599,0.556072891347444,2.6729541796126,NA
"TD","Utility",92,100,194.817243206759,NA,NA,395.634486413518,407.292798507868,0.565618214197457,0.0649159974418581,0.426135845099037,0.484600202733585,0.505282701079311,NA
"TD","Utility",93,100,143.489108430879,NA,NA,292.978216861758,304.636528956109,0.125127220060676,0.546449628192931,0.150967755333875,0.947228567840603,0.603278635896035,NA
"TD","Utility",94,100,61.3144089496235,NA,NA,128.628817899247,140.287129993597,0.791645931312814,0.766796249431272,0.815249649115886,0.569705394514345,5.8943635821788,NA
"TD","Utility",95,100,196.447682880313,NA,NA,398.895365760627,410.553677854977,0.0988319513853639,0.092432988807559,0.256701836639033,0.720551605586736,0.222547888700624,NA
"TD","Utility",96,100,73.3873437416337,NA,NA,152.774687483267,164.432999577618,0.333673485321924,0.79963922020125,0.407991439776757,0.680676341608756,3.13531189569568,NA
"TD","Utility",97,100,137.341457769979,NA,NA,280.682915539959,292.341227634309,0.10172016825527,0.620830333791673,0.097154517792017,0.949307695975898,0.804885902716687,NA
"TD","Utility",98,100,198.389004086665,NA,NA,402.77800817333,414.436320267681,0.0187283449340612,0.165121834239408,0.26116410313754,0.622452204579531,0.285047597784611,NA
"TD","Utility",99,100,64.1701071717305,NA,NA,134.340214343461,145.998526437811,0.461979309096932,0.880842309403134,0.634040928649159,0.466224495616257,9.99999,NA
"TD","Utility",100,100,57.4540368385303,NA,NA,120.908073677061,132.566385771411,0.729020358063281,0.83565291385622,0.787099243400726,0.514317144482414,8.1706129548053,NA
"RSTD","TD",1,100,60.2174881081621,NA,NA,124.434976216324,132.207184279225,0.285107890376821,0.724670132622123,0.909414611459699,0.732450290144764,NA,1.43561604238095
"RSTD","TD",2,100,168.414534742984,NA,NA,340.829069485968,348.601277548869,0.950232450617477,0.206436974462122,0.237374770785242,0.271752168895264,NA,0.364579517394304
"RSTD","TD",3,100,102.139932640104,NA,NA,208.279865280209,216.052073343109,0.536011227406561,0.200363578274846,0.113462111382643,1.46356163538546,NA,1.00568439900399
"RSTD","TD",4,100,184.348569444056,NA,NA,372.697138888112,380.469346951012,0.321220333920792,0.649332832079381,0.456500834230919,0.114935222414903,NA,0.142882495187223
"RSTD","TD",5,100,128.536306715694,NA,NA,261.072613431388,268.844821494288,0.525106647517532,0.973066303646192,0.916710404370452,0.295182494386971,NA,0.392999498639256
"RSTD","TD",6,100,19.0442194994122,NA,NA,42.0884389988243,49.8606470617246,0.895209939451888,0.943225271301344,0.899110149172713,7.35881602975006,NA,3.35385648889427
"RSTD","TD",7,100,179.911748227273,NA,NA,363.823496454546,371.595704517446,0.753931205254048,0.197620301274583,0.434273711232674,0.144782021516471,NA,0.18983699940145
"RSTD","TD",8,100,226.006217328916,NA,NA,456.012434657833,463.784642720733,0.0560640415642411,0.783013365231454,0.01,0.01,NA,3.41441693140154
"RSTD","TD",9,100,150.343427687842,NA,NA,304.686855375685,312.459063438585,0.479448032099754,0.989872474921867,0.864669406484265,0.171182924266716,NA,0.208000437050192
"RSTD","TD",10,100,21.1804886597393,NA,NA,46.3609773194786,54.1331853823789,0.711294803768396,0.788163986755535,0.706660698474334,1.80340012605448,NA,2.30973086307261
"RSTD","TD",11,100,39.2784054459619,NA,NA,82.5568108919237,90.329018954824,0.5048349336721,0.797194604296237,0.84072758952089,1.04137269110119,NA,2.5054881726885
"RSTD","TD",12,100,100.750919776925,NA,NA,205.50183955385,213.27404761675,0.731893435353413,0.395451756194234,0.511999226654625,0.617543908755252,NA,0.618170124012977
"RSTD","TD",13,100,43.5004195055695,NA,NA,91.0008390111391,98.7730470740394,0.275977379642427,0.511981163173914,0.60703293663293,6.0547166291712,NA,2.39124982816227
"RSTD","TD",14,100,92.9215617447257,NA,NA,189.843123489451,197.615331552352,0.226354157319292,0.16033569118008,0.172365481076309,1.19498231296985,NA,0.894037933978152
"RSTD","TD",15,100,49.8887237911232,NA,NA,103.777447582246,111.549655645147,0.315573724219576,0.984172471100464,0.938353443821056,0.79778994864628,NA,1.69604673600736
"RSTD","TD",16,100,136.179629056228,NA,NA,276.359258112455,284.131466175356,0.540354023920372,0.854036244563758,0.824843608717537,0.278977535970743,NA,0.362152148856662
"RSTD","TD",17,100,191.743950730521,NA,NA,387.487901461042,395.260109523943,0.66359161795117,0.0660558908712119,0.0577217150590424,0.22481009581754,NA,1.97567781611326
"RSTD","TD",18,100,121.225334265648,NA,NA,246.450668531297,254.222876594197,0.973287776112556,0.630256613949314,0.784024163997622,0.422012819102182,NA,0.855529390233469
"RSTD","TD",19,100,165.439327974602,NA,NA,334.878655949204,342.650864012104,0.340647828998044,0.988910319516435,0.720191189356709,0.121260895506845,NA,0.211397308856249
"RSTD","TD",20,100,192.028923296077,NA,NA,388.057846592155,395.830054655055,0.329378831898794,0.0628540490288287,0.0563080995318717,0.218496550832958,NA,2.33967715737489
"RSTD","TD",21,100,192.517119638068,NA,NA,389.034239276136,396.806447339036,0.285566801903769,0.0508385861758143,0.571510471882743,0.0772953021696733,NA,0.410096168983728
"RSTD","TD",22,100,93.2903375311874,NA,NA,190.580675062375,198.352883125275,0.684979062527418,0.438995202770457,0.481499290556831,0.774641589675001,NA,0.685128960758448
"RSTD","TD",23,100,72.4314640831402,NA,NA,148.86292816628,156.635136229181,0.529962481698021,0.27115519088693,0.101040593020841,2.40016228615189,NA,2.69503675574873
"RSTD","TD",24,100,158.25450349727,NA,NA,320.509006994541,328.281215057441,0.779200294986367,0.728794121881947,0.647517081014764,0.185131642564781,NA,0.160821524456017
"RSTD","TD",25,100,195.204988764782,NA,NA,394.409977529563,402.182185592464,0.0281218434683979,0.533772448310629,0.0858024770263768,0.132720283535378,NA,0.225168376229703
"RSTD","TD",26,100,94.4072948599732,NA,NA,192.814589719946,200.586797782847,0.128862570039928,0.17050133110024,0.164399009971471,0.834128676947712,NA,1.37515528589011
"RSTD","TD",27,100,116.886385087812,NA,NA,237.772770175623,245.544978238524,0.980796684976667,0.860091791022569,0.0459586247696739,0.771454146184765,NA,1.2001721150753
"RSTD","TD",28,100,228.596109425202,NA,NA,461.192218850403,468.964426913303,0.633000507717952,0.959949327167124,0.477854825694872,0.0244420000019828,NA,0.0240202485583723
"RSTD","TD",29,100,41.7035565860965,NA,NA,87.407113172193,95.1793212350933,0.234798390883952,0.4054856733419,0.541070572522175,0.97693829931262,NA,3.89528230370438
"RSTD","TD",30,100,205.92533680114,NA,NA,415.850673602279,423.62288166518,0.319981756620109,0.632078264839947,0.378955120061196,0.0522121058875192,NA,0.0559587455590604
"RSTD","TD",31,100,45.1073923795496,NA,NA,94.2147847590993,101.986992822,0.417691254755482,0.885661983396858,0.924773186554085,0.872843744805045,NA,1.4762263855988
"RSTD","TD",32,100,211.611107547553,NA,NA,427.222215095106,434.994423158006,0.119032545015216,0.605491037247702,0.318701242007265,0.0431746409704585,NA,0.0459982767437321
"RSTD","TD",33,100,18.4867112582385,NA,NA,40.973422516477,48.7456305793773,0.824352919822559,0.753800751408562,0.71270993697737,2.96734746033717,NA,2.89878896835935
"RSTD","TD",34,100,178.569602331187,NA,NA,361.139204662373,368.911412725274,0.080542077543214,0.69156481907703,0.0485234490642812,0.428971973334734,NA,3.2510444371212
"RSTD","TD",35,100,100.238892751359,NA,NA,204.477785502718,212.249993565619,0.788759883260354,0.407168375095353,0.49565772928249,0.67841240643238,NA,0.8810732345608
"RSTD","TD",36,100,102.861082822392,NA,NA,209.722165644785,217.494373707685,0.960197768406942,0.814909122884274,0.786672867210854,0.49751554326712,NA,0.491239995229989
"RSTD","TD",37,100,162.660164374437,NA,NA,329.320328748875,337.092536811775,0.983733647270128,0.387793875532225,0.519766980742681,0.196679790389388,NA,0.184212701395154
"RSTD","TD",38,100,34.9837566482331,NA,NA,73.9675132964661,81.7397213593665,0.640330957481638,0.661732341628522,0.654091294419491,1.13526428230736,NA,1.1015722423634
"RSTD","TD",39,100,38.9283423142759,NA,NA,81.8566846285518,89.6288926914522,0.591888564871624,0.781977394130081,0.756602027631512,0.9700862504329,NA,1.17335850927503
"RSTD","TD",40,100,173.57008390518,NA,NA,351.140167810361,358.912375873261,0.185236022341996,0.927017299691215,0.624925306153086,0.109400785202831,NA,0.406216487288475
"RSTD","TD",41,100,27.3848101543924,NA,NA,58.7696203087849,66.5418283716852,0.5952471755445,0.540940156206489,0.548257943648311,3.45878341652204,NA,1.71158919288757
"RSTD","TD",42,100,165.31970297009,NA,NA,334.639405940179,342.411614003079,0.265401779906824,0.195171546889469,0.385291751902824,0.205322660195813,NA,0.226954524639678
"RSTD","TD",43,100,206.648213066412,NA,NA,417.296426132825,425.068634195725,0.604935176437721,0.398145136190578,0.435096336957793,0.0507086695372336,NA,0.0485801249742508
"RSTD","TD",44,100,92.8528046963743,NA,NA,189.705609392749,197.477817455649,0.470244030002505,0.685449249343947,0.696737292632054,0.51024899543186,NA,0.648697707336396
"RSTD","TD",45,100,136.181717393679,NA,NA,276.363434787357,284.135642850258,0.371720403432846,0.503097830805928,0.541421500901634,0.281153104053641,NA,0.322839245665818
"RSTD","TD",46,100,169.249873595014,NA,NA,342.499747190028,350.271955252928,0.361050225095823,0.370053818682209,0.48500012384205,0.154871356383847,NA,0.173567070005157
"RSTD","TD",47,100,25.6278563047525,NA,NA,55.255712609505,63.0279206724053,0.594613759312779,0.789667062694207,0.669543628176133,1.38216522895598,NA,2.04544003671947
"RSTD","TD",48,100,192.028923296077,NA,NA,388.057846592155,395.830054655055,0.628910263301805,0.0369398219045252,0.0563080995318717,0.218496550832958,NA,1.35408596597136
"RSTD","TD",49,100,114.744324467638,NA,NA,233.488648935276,241.260856998177,0.254382238723338,0.857857148861513,0.900930804379651,0.346027549647596,NA,0.936107955831003
"RSTD","TD",50,100,34.6360631248581,NA,NA,73.2721262497163,81.0443343126166,0.629901704145595,0.59963444317691,0.56204466912907,1.50635281058796,NA,1.13030682034315
"RSTD","TD",51,100,80.1762349105954,NA,NA,164.352469821191,172.124677884091,0.958562755258754,0.446684151422232,0.0897783077465828,2.38220478324788,NA,1.46860518856885
"RSTD","TD",52,100,62.2062591041851,NA,NA,128.41251820837,136.184726271271,0.378760501742363,0.716149265645072,0.841425897581385,0.767352139596392,NA,1.1838285959837
"RSTD","TD",53,100,118.933547451491,NA,NA,241.867094902982,249.639302965882,0.843001339351758,0.428967847023159,0.479779840375604,0.43563392190961,NA,0.430095953866839
"RSTD","TD",54,100,186.964286994271,NA,NA,377.928573988543,385.700782051443,0.111280993092805,0.926345025887713,0.51384888077917,0.0806118555035308,NA,1.52358875974062
"RSTD","TD",55,100,52.8085308898568,NA,NA,109.617061779714,117.389269842614,0.231767056509852,0.779834397835657,0.940966265009515,0.76541494784175,NA,3.55762586234994
"RSTD","TD",56,100,46.310395035628,NA,NA,96.6207900712559,104.392998134156,0.386252531083301,0.815260800998658,0.917346581764044,0.871133689367452,NA,1.64474068483968
"RSTD","TD",57,100,168.245737235283,NA,NA,340.491474470566,348.263682533467,0.6529874894768,0.670282299863175,0.672359064072209,0.137874920729305,NA,0.116263606119901
"RSTD","TD",58,100,119.239438598393,NA,NA,242.478877196786,250.251085259686,0.560497718863189,0.274772666627541,0.418936908317176,0.453773584678593,NA,0.529099578669097
"RSTD","TD",59,100,55.3099815050522,NA,NA,114.619963010104,122.392171073005,0.597106330329552,0.589335348224267,0.544796011666624,0.940606585479884,NA,0.931611171881569
"RSTD","TD",60,100,90.4407902507479,NA,NA,184.881580501496,192.653788564396,0.987134294584394,0.800411853706464,0.900196233968687,2.48030154885359,NA,1.29764714087815
"RSTD","TD",61,100,188.771488056039,NA,NA,381.542976112078,389.315184174978,0.718285634880885,0.565618214197457,0.661058576063767,0.0763637550571675,NA,0.0649159974418581
"RSTD","TD",62,100,186.241434140816,NA,NA,376.482868281632,384.255076344533,0.125127220060676,0.773224814096466,0.121650004940096,0.196999520246279,NA,0.583291862625629
"RSTD","TD",63,100,192.477345094842,NA,NA,388.954690189684,396.726898252584,0.499009405029938,0.0988319513853639,0.496302043828455,0.0865058698071207,NA,0.092432988807559
"RSTD","TD",64,100,34.5527596765786,NA,NA,73.1055193531572,80.8777274160575,0.333673485321924,0.454882015939802,0.50761066294046,1.1595214910013,NA,2.70696423376415
"RSTD","TD",65,100,201.755570596903,NA,NA,407.511141193806,415.283349256707,0.810415166895837,0.0187283449340612,0.455011576066818,0.0575251748968673,NA,0.165121834239408
"RSTD","TD",66,100,116.060443704744,NA,NA,236.120887409487,243.893095472388,0.461979309096932,0.296923782210797,0.369868783757236,0.472314653824461,NA,0.458040716126561
"RSTD","TD",67,100,187.442735969345,NA,NA,378.885471938689,386.657680001589,0.285626433324069,0.528872283641249,0.367711961182979,0.115224518577595,NA,0.147296045374405
"RSTD","TD",68,100,106.614128510042,NA,NA,217.228257020084,225.000465082984,0.732509626774117,0.600311974063516,0.56559272253502,0.464662688385729,NA,0.449271724574598
"RSTD","TD",69,100,146.49010569869,NA,NA,296.980211397381,304.752419460281,0.977929984452203,0.529096166603267,0.762111977668069,0.298409790602876,NA,0.751786146880371
"RSTD","TD",70,100,190.614988325468,NA,NA,385.229976650936,393.002184713837,0.98177181975916,0.159414226887748,0.668368805761291,0.0874355933400297,NA,0.477379389107227
"RSTD","TD",71,100,173.328613623909,NA,NA,350.657227247819,358.429435310719,0.922829337418079,0.366323065012693,0.426872765130623,0.165710631574071,NA,0.0864430760253218
"RSTD","TD",72,100,177.695898456618,NA,NA,359.391796913236,367.164004976136,0.437475311337039,0.144657690776512,0.097249616291738,0.502778555030964,NA,1.51204245735464
"RSTD","TD",73,100,182.442971224685,NA,NA,368.88594244937,376.65815051227,0.0812403932213783,0.858433880610391,0.049201614887728,0.391157272546097,NA,1.57674626609245
"RSTD","TD",74,100,201.601563025012,NA,NA,407.203126050023,414.975334112923,0.769064010120928,0.423705151304603,0.540513724927653,0.0587671664189292,NA,0.0550090870819986
"RSTD","TD",75,100,234.150360047026,NA,NA,472.300720094052,480.072928156952,0.27233505435288,0.0992442343849689,0.372180124889119,0.0197265635524708,NA,0.0195726837949201
"RSTD","TD",76,100,127.543556422234,NA,NA,259.087112844469,266.859320907369,0.714246998308226,0.356464033480734,0.619845948276949,0.479712909598409,NA,1.33508190601589
"RSTD","TD",77,100,122.635504762049,NA,NA,249.271009524098,257.043217586998,0.165105299558491,0.62026000325568,0.890128660975393,0.329718873742878,NA,2.11759630225509
"RSTD","TD",78,100,123.362913429143,NA,NA,250.725826858286,258.498034921186,0.948594216490164,0.818483957787976,0.766493137413511,0.371125537619315,NA,0.400698857048743
"RSTD","TD",79,100,208.87765176929,NA,NA,421.755303538579,429.52751160148,0.641159480903298,0.713674181839451,0.411463497352871,0.0468075410789519,NA,0.0414828715044559
"RSTD","TD",80,100,31.800625642627,NA,NA,67.6012512852541,75.3734593481544,0.602592710871249,0.798923129681498,0.764994609377339,1.08134965441122,NA,1.65777598732141
"RSTD","TD",81,100,184.123185204272,NA,NA,372.246370408545,380.018578471445,0.0268326783552766,0.983408806612715,0.0456640016269181,0.380927650260113,NA,1.42827125892359
"RSTD","TD",82,100,199.852046449388,NA,NA,403.704092898775,411.476300961675,0.390374890295789,0.210965643869713,0.346563625618472,0.0691330602207632,NA,0.0709301116876304
"RSTD","TD",83,100,202.317746083068,NA,NA,408.635492166137,416.407700229037,0.909624356776476,0.0655163209885359,0.070295966563794,0.0635057018678658,NA,0.479556284306279
"RSTD","TD",84,100,68.9460493009813,NA,NA,141.892098601963,149.664306664863,0.894585720263422,0.928069569170475,0.91737167939938,0.667464289279581,NA,0.784675157586944
"RSTD","TD",85,100,156.107953396221,NA,NA,316.215906792443,323.988114855343,0.16712597804144,0.591124507132918,0.668820746302174,0.148699142755857,NA,0.76918393555553
"RSTD","TD",86,100,195.904537470188,NA,NA,395.809074940377,403.581283003277,0.0963515317998827,0.187938303221017,0.228298063576083,0.0879915755095639,NA,0.16646143142134
"RSTD","TD",87,100,29.3989521866187,NA,NA,62.7979043732374,70.5701124361377,0.812582350103185,0.879132093861699,0.889269232218608,1.7491757281869,NA,4.4038753097219
"RSTD","TD",88,100,176.06113206682,NA,NA,356.122264133641,363.894472196541,0.448961209738627,0.690639521926641,0.632859749074296,0.10956397278337,NA,0.123227803417321
"RSTD","TD",89,100,82.0987621056127,NA,NA,168.197524211225,175.969732274126,0.352596259210259,0.519048273330554,0.480743377475495,0.581060090016057,NA,0.771270071114314
"RSTD","TD",90,100,191.524119444836,NA,NA,387.048238889672,394.820446952573,0.7131295024883,0.112127762287855,0.0588162075576035,0.229655722030232,NA,3.4174234716404
"RSTD","TD",91,100,168.546176047762,NA,NA,341.092352095525,348.864560158425,0.102771484525874,0.0985191510990262,0.113007091885435,0.354667513965947,NA,0.348240172024816
"RSTD","TD",92,100,186.040186665335,NA,NA,376.08037333067,383.85258139357,0.14997310237959,0.461772011825815,0.24345026850069,0.146067273886148,NA,0.261333189609714
"RSTD","TD",93,100,104.468089442607,NA,NA,212.936178885214,220.708386948114,0.435881547397003,0.7804279406555,0.815598776724275,0.455176314549924,NA,0.681397345848382
"RSTD","TD",94,100,89.3302413429651,NA,NA,182.66048268593,190.432690748831,0.975024477113038,0.799848798895255,0.891123939442078,8.81139158199503,NA,4.33281822849937
"RSTD","TD",95,100,106.861989119555,NA,NA,217.723978239111,225.496186302011,0.723246149485931,0.623378630494699,0.57742323010269,0.461039687659544,NA,0.45622572209686
"RSTD","TD",96,100,122.54964644371,NA,NA,249.09929288742,256.87150095032,0.323681306792423,0.444453429430723,0.415278325190369,0.361423275670712,NA,0.446843124460429
"RSTD","TD",97,100,170.096077636551,NA,NA,344.192155273102,351.964363336002,0.521510650403798,0.40949847153388,0.479551780135616,0.145358934293372,NA,0.118169202112595
"RSTD","TD",98,100,150.529289039882,NA,NA,305.058578079763,312.830786142663,0.418908317107707,0.978637758642435,0.883725683821684,0.172228042849158,NA,0.211078092921525
"RSTD","TD",99,100,65.3749515929871,NA,NA,134.749903185974,142.522111248875,0.78953983867541,0.418743934947997,0.0928790653514662,2.13901493436126,NA,2.49348991278757
"RSTD","TD",100,100,165.006400934909,NA,NA,334.012801869818,341.785009932719,0.956703607924283,0.607802340993658,0.559145017987005,0.1714557399498,NA,0.108669338996542
"RSTD","RSTD",1,100,38.4581167186125,NA,NA,82.916233437225,94.5745455315754,0.285107890376821,0.724670132622123,0.2889486818814,0.756170300830845,1.29017679971911,1.43561604238095
"RSTD","RSTD",2,100,107.470039588445,NA,NA,220.94007917689,232.598391271241,0.950232450617477,0.206436974462122,0.844010072245187,0.212627032693971,0.34715137565335,0.364579517394304
"RSTD","RSTD",3,100,48.247506508625,NA,NA,102.49501301725,114.1533251116,0.536011227406561,0.200363578274846,0.639955218352066,0.222568890353807,0.907596586947388,1.00568439900399
"RSTD","RSTD",4,100,183.121744325388,NA,NA,372.243488650775,383.901800745126,0.321220333920792,0.649332832079381,0.367237549423136,0.529031470692399,0.13596960870097,0.142882495187223
"RSTD","RSTD",5,100,121.025580465505,NA,NA,248.051160931009,259.70947302536,0.525106647517532,0.973066303646192,0.559510081946196,0.99999,0.327662099510885,0.392999498639256
"RSTD","RSTD",6,100,21.5499468296588,NA,NA,49.0998936593175,60.758205753668,0.895209939451888,0.943225271301344,0.94475909933101,0.910403038283052,4.64189687084945,3.35385648889427
"RSTD","RSTD",7,100,139.273904308836,NA,NA,284.547808617671,296.206120712022,0.753931205254048,0.197620301274583,0.856201137563741,0.190726511260219,0.182306506479588,0.18983699940145
"RSTD","RSTD",8,100,22.2292115990988,NA,NA,50.4584231981976,62.116735292548,0.0560640415642411,0.783013365231454,0.01071717779937,0.206539448631779,1.13498917854105,3.41441693140154
"RSTD","RSTD",9,100,145.523970277942,NA,NA,297.047940555885,308.706252650235,0.479448032099754,0.989872474921867,0.552132660675201,0.965392937219578,0.214614665968609,0.208000437050192
"RSTD","RSTD",10,100,25.3508287798491,NA,NA,56.7016575596981,68.3599696540486,0.711294803768396,0.788163986755535,0.974528497412277,0.758369917773076,1.16347393653987,2.30973086307261
"RSTD","RSTD",11,100,29.5490837943704,NA,NA,65.0981675887409,76.7564796830913,0.5048349336721,0.797194604296237,0.525104167549574,0.791846833471082,2.66543088264307,2.5054881726885
"RSTD","RSTD",12,100,76.3722764012971,NA,NA,158.744552802594,170.402864896945,0.731893435353413,0.395451756194234,0.594871776176672,0.356175043010451,0.650464323913705,0.618170124012977
"RSTD","RSTD",13,100,64.5384513105659,NA,NA,135.076902621132,146.735214715482,0.275977379642427,0.511981163173914,0.97515826156681,0.68140842330008,9.99568050477938,2.39124982816227
"RSTD","RSTD",14,100,80.5021066357731,NA,NA,167.004213271546,178.662525365897,0.226354157319292,0.16033569118008,0.235685465867779,0.167520214805961,0.840597228888118,0.894037933978152
"RSTD","RSTD",15,100,22.9779269950834,NA,NA,51.9558539901667,63.6141660845172,0.315573724219576,0.984172471100464,0.284356731428061,0.797689383260128,2.86089885719872,1.69604673600736
"RSTD","RSTD",16,100,131.986338756332,NA,NA,269.972677512663,281.630989607014,0.540354023920372,0.854036244563758,0.54373460899398,0.829502758769668,0.311421568628088,0.362152148856662
"RSTD","RSTD",17,100,17.7217704257797,NA,NA,41.4435408515595,53.1018529459099,0.66359161795117,0.0660558908712119,0.99999,0.0390100205592037,1.2634788769473,1.97567781611326
"RSTD","RSTD",18,100,56.7535847900861,NA,NA,119.507169580172,131.165481674523,0.973287776112556,0.630256613949314,0.963234136052056,0.574674962534118,0.73238653056314,0.855529390233469
"RSTD","RSTD",19,100,153.596140921917,NA,NA,313.192281843833,324.850593938184,0.340647828998044,0.988910319516435,0.365878402943105,0.973347365192761,0.21966816671063,0.211397308856249
"RSTD","RSTD",20,100,18.1401698394758,NA,NA,42.2803396789515,53.938651773302,0.329378831898794,0.0628540490288287,0.767128659350478,0.00259681939915775,1.14304001028151,2.33967715737489
"RSTD","RSTD",21,100,102.549815376348,NA,NA,211.099630752695,222.757942847046,0.285566801903769,0.0508385861758143,0.374373287342579,0.0289267734277672,0.278270966007263,0.410096168983728
"RSTD","RSTD",22,100,69.2809093552218,NA,NA,144.561818710444,156.220130804794,0.684979062527418,0.438995202770457,0.598584927681203,0.384679932266338,0.674670192660928,0.685128960758448
"RSTD","RSTD",23,100,21.4421001322121,NA,NA,48.8842002644242,60.5425123587746,0.529962481698021,0.27115519088693,0.505613613636726,0.267136008938645,5.99609414677779,2.69503675574873
"RSTD","RSTD",24,100,158.20698044434,NA,NA,322.41396088868,334.07227298303,0.779200294986367,0.728794121881947,0.625765529620422,0.65842874455686,0.189278377937279,0.160821524456017
"RSTD","RSTD",25,100,111.030304240918,NA,NA,228.060608481836,239.718920576187,0.0281218434683979,0.533772448310629,0.0203097572108632,0.614400676933591,0.218358382317072,0.225168376229703
"RSTD","RSTD",26,100,90.2068922511928,NA,NA,186.413784502386,198.072096596736,0.128862570039928,0.17050133110024,0.145424048294639,0.177367296808564,1.03820080024258,1.37515528589011
"RSTD","RSTD",27,100,26.6532011443302,NA,NA,59.3064022886603,70.9647143830108,0.980796684976667,0.860091791022569,0.964079896244984,0.737219808471859,1.85955037337697,1.2001721150753
"RSTD","RSTD",28,100,228.595981121183,NA,NA,463.191962242366,474.850274336716,0.633000507717952,0.959949327167124,0.429845490829192,0.524934946892627,0.0244564020921349,0.0240202485583723
"RSTD","RSTD",29,100,56.7039037655823,NA,NA,119.407807531165,131.066119625515,0.234798390883952,0.4054856733419,0.924304108501731,0.67690069857471,0.86808095987521,3.89528230370438
"RSTD","RSTD",30,100,206.047294021044,NA,NA,418.094588042087,429.752900136438,0.319981756620109,0.632078264839947,0.293080163841955,0.319150672166784,0.0546579918364549,0.0559587455590604
"RSTD","RSTD",31,100,28.0045510205587,NA,NA,62.0091020411173,73.6674141354678,0.417691254755482,0.885661983396858,0.42947686245578,0.860427594535057,1.43652506525667,1.4762263855988
"RSTD","RSTD",32,100,208.684587569876,NA,NA,423.369175139752,435.027487234103,0.119032545015216,0.605491037247702,0.0972478094514856,0.516566928026077,0.0453385122336285,0.0459982767437321
"RSTD","RSTD",33,100,21.2832304877608,NA,NA,48.5664609755217,60.2247730698721,0.824352919822559,0.753800751408562,0.972785809754894,0.762087594173342,1.25724987388623,2.89878896835935
"RSTD","RSTD",34,100,22.7277637069712,NA,NA,51.4555274139423,63.1138395082928,0.080542077543214,0.69156481907703,0.0492906938505679,0.197947578809886,2.13466497734136,3.2510444371212
"RSTD","RSTD",35,100,54.3769517559868,NA,NA,114.753903511974,126.412215606324,0.788759883260354,0.407168375095353,0.746842362689447,0.393527460200536,0.771399067343346,0.8810732345608
"RSTD","RSTD",36,100,158.671301686396,NA,NA,323.342603372793,335.000915467143,0.960197768406942,0.814909122884274,0.99960445865552,0.87434892413544,1.92246430122885,0.491239995229989
"RSTD","RSTD",37,100,147.97615828143,NA,NA,301.95231656286,313.61062865721,0.983733647270128,0.387793875532225,0.8510507196925,0.34976862323076,0.180381497187505,0.184212701395154
"RSTD","RSTD",38,100,44.1742093254906,NA,NA,94.3484186509812,106.006730745332,0.640330957481638,0.661732341628522,0.928249533153481,0.680115686746908,7.47213335766398,1.1015722423634
"RSTD","RSTD",39,100,37.5244019215741,NA,NA,81.0488038431481,92.7071159374986,0.591888564871624,0.781977394130081,0.62891091921743,0.737319435766231,1.11293292412192,1.17335850927503
"RSTD","RSTD",40,100,128.490212402495,NA,NA,262.98042480499,274.638736899341,0.185236022341996,0.927017299691215,0.187028712259658,0.89213864610927,0.390743328561836,0.406216487288475
"RSTD","RSTD",41,100,27.7956819271724,NA,NA,61.5913638543448,73.2496759486952,0.5952471755445,0.540940156206489,0.64901041067335,0.559263386892145,1.80789849391743,1.71158919288757
"RSTD","RSTD",42,100,158.301739966712,NA,NA,322.603479933423,334.261792027774,0.265401779906824,0.195171546889469,0.562404939779833,0.283656698323131,0.168069311277618,0.226954524639678
"RSTD","RSTD",43,100,205.235104634639,NA,NA,416.470209269278,428.128521363629,0.604935176437721,0.398145136190578,0.587823354523179,0.300330739498216,0.0482021928636466,0.0485801249742508
"RSTD","RSTD",44,100,84.9276865152978,NA,NA,175.855373030596,187.513685124946,0.470244030002505,0.685449249343947,0.463371719259958,0.661383161987354,0.684013974115258,0.648697707336396
"RSTD","RSTD",45,100,134.799950005878,NA,NA,275.599900011755,287.258212106106,0.371720403432846,0.503097830805928,0.418565807268811,0.537624234723861,0.323568234972637,0.322839245665818
"RSTD","RSTD",46,100,168.954622036044,NA,NA,343.909244072087,355.567556166438,0.361050225095823,0.370053818682209,0.545964266442417,0.460638505229761,0.143084017499886,0.173567070005157
"RSTD","RSTD",47,100,22.1388252872154,NA,NA,50.2776505744307,61.9359626687812,0.594613759312779,0.789667062694207,0.565200637303066,0.663701058368983,2.21597506035944,2.04544003671947
"RSTD","RSTD",48,100,18.1401698394758,NA,NA,42.2803396789515,53.938651773302,0.628910263301805,0.0369398219045252,0.767128659350478,0.00259681939915775,1.14304001028151,1.35408596597136
"RSTD","RSTD",49,100,61.2038413989298,NA,NA,128.40768279786,140.06599489221,0.254382238723338,0.857857148861513,0.256911605454716,0.844235446167619,0.865853582585208,0.936107955831003
"RSTD","RSTD",50,100,36.2768285225851,NA,NA,78.5536570451701,90.2119691395206,0.629901704145595,0.59963444317691,0.67706017415127,0.60226229796221,1.49216444471117,1.13030682034315
"RSTD","RSTD",51,100,21.6661579338301,NA,NA,49.3323158676603,60.9906279620108,0.958562755258754,0.446684151422232,0.834671594943592,0.417244603129561,4.99822441804004,1.46860518856885
"RSTD","RSTD",52,100,52.7432249070798,NA,NA,111.48644981416,123.14476190851,0.378760501742363,0.716149265645072,0.423178002192531,0.725812518702957,1.00440882267714,1.1838285959837
"RSTD","RSTD",53,100,103.436483751234,NA,NA,212.872967502467,224.531279596818,0.843001339351758,0.428967847023159,0.70699506299019,0.405870084067603,0.392057861450209,0.430095953866839
"RSTD","RSTD",54,100,65.5226191578558,NA,NA,137.045238315712,148.703550410062,0.111280993092805,0.926345025887713,0.112175261237543,0.848187191079583,0.974358019749753,1.52358875974062
"RSTD","RSTD",55,100,18.4689733019704,NA,NA,42.9379466039408,54.5962586982913,0.231767056509852,0.779834397835657,0.222837598001306,0.745995590585998,4.28193916815483,3.55762586234994
"RSTD","RSTD",56,100,28.3860180576738,NA,NA,62.7720361153476,74.4303482096981,0.386252531083301,0.815260800998658,0.3954310657584,0.827772558891217,1.69290650103858,1.64474068483968
"RSTD","RSTD",57,100,168.160772695634,NA,NA,342.321545391267,353.979857485618,0.6529874894768,0.670282299863175,0.819518250808162,0.621848570158959,0.112748646665988,0.116263606119901
"RSTD","RSTD",58,100,96.399310774629,NA,NA,198.798621549258,210.456933643608,0.560497718863189,0.274772666627541,0.52790285191704,0.281241160311801,0.537734127292692,0.529099578669097
"RSTD","RSTD",59,100,62.0206141763476,NA,NA,130.041228352695,141.699540447046,0.597106330329552,0.589335348224267,0.870508353539008,0.617449249900804,0.710667197861585,0.931611171881569
"RSTD","RSTD",60,100,17.4481231630911,NA,NA,40.8962463261821,52.5545584205326,0.987134294584394,0.800411853706464,0.966656290379216,0.711177112329944,3.1477713755939,1.29764714087815
"RSTD","RSTD",61,100,187.268667045852,NA,NA,380.537334091704,392.195646186055,0.718285634880885,0.565618214197457,0.92171428523555,0.544899987684273,0.0645785756351947,0.0649159974418581
"RSTD","RSTD",62,100,100.709980940948,NA,NA,207.419961881897,219.078273976247,0.125127220060676,0.773224814096466,0.112356884370679,0.671919872649475,0.650050220180064,0.583291862625629
"RSTD","RSTD",63,100,172.140257734614,NA,NA,350.280515469228,361.938827563579,0.499009405029938,0.0988319513853639,0.619458672594453,0.0839010235272041,0.0884876176205985,0.092432988807559
"RSTD","RSTD",64,100,43.1764441323537,NA,NA,92.3528882647074,104.011200359058,0.333673485321924,0.454882015939802,0.784940222411149,0.598225696173132,0.962890338650636,2.70696423376415
"RSTD","RSTD",65,100,105.899540331737,NA,NA,217.799080663474,229.457392757824,0.810415166895837,0.0187283449340612,0.99999,0.00121996719870182,0.151027118627378,0.165121834239408
"RSTD","RSTD",66,100,107.789290503949,NA,NA,221.578581007899,233.236893102249,0.461979309096932,0.296923782210797,0.49771729917414,0.322240574726982,0.413462082022759,0.458040716126561
"RSTD","RSTD",67,100,188.145641334467,NA,NA,382.291282668935,393.949594763285,0.285626433324069,0.528872283641249,0.245218556283793,0.261367108108972,0.124973868820218,0.147296045374405
"RSTD","RSTD",68,100,109.775098268926,NA,NA,225.550196537852,237.208508632202,0.732509626774117,0.600311974063516,0.979704077023426,0.597499968267427,0.359318495884579,0.449271724574598
"RSTD","RSTD",69,100,62.9350739616964,NA,NA,131.870147923393,143.528460017743,0.977929984452203,0.529096166603267,0.960062072957392,0.499702113779865,0.645115464020347,0.751786146880371
"RSTD","RSTD",70,100,75.7272555339767,NA,NA,157.454511067953,169.112823162304,0.98177181975916,0.159414226887748,0.9828687589436,0.133354562005266,0.429501087274269,0.477379389107227
"RSTD","RSTD",71,100,163.445413057848,NA,NA,332.890826115696,344.549138210047,0.922829337418079,0.366323065012693,0.99999,0.346137921337493,0.098122056029922,0.0864430760253218
"RSTD","RSTD",72,100,24.3390140563131,NA,NA,54.6780281126262,66.3363402069767,0.437475311337039,0.144657690776512,0.484938740698712,0.143458870213468,2.03740666964797,1.51204245735464
"RSTD","RSTD",73,100,32.1257335004325,NA,NA,70.251467000865,81.9097790952155,0.0812403932213783,0.858433880610391,0.0581375293400533,0.380449680385993,1.06125754168179,1.57674626609245
"RSTD","RSTD",74,100,196.968026566174,NA,NA,399.936053132347,411.594365226698,0.769064010120928,0.423705151304603,0.762910927543633,0.323432499684557,0.054075569896395,0.0550090870819986
"RSTD","RSTD",75,100,234.097816724684,NA,NA,474.195633449369,485.853945543719,0.27233505435288,0.0992442343849689,0.323137028325687,0.21152085673405,0.0202559206778457,0.0195726837949201
"RSTD","RSTD",76,100,31.8021011579739,NA,NA,69.6042023159477,81.2625144102982,0.714246998308226,0.356464033480734,0.788458376110705,0.367180186263922,1.12922346286114,1.33508190601589
"RSTD","RSTD",77,100,44.2964268234937,NA,NA,94.5928536469875,106.251165741338,0.165105299558491,0.62026000325568,0.174328858913859,0.709053581105291,1.13396332819955,2.11759630225509
"RSTD","RSTD",78,100,123.025579589598,NA,NA,252.051159179196,263.709471273547,0.948594216490164,0.818483957787976,0.816617364127738,0.763649827201495,0.365292708685841,0.400698857048743
"RSTD","RSTD",79,100,208.89262625715,NA,NA,423.785252514299,435.44356460865,0.641159480903298,0.713674181839451,0.392201451100761,0.336006818432397,0.0463166800954137,0.0414828715044559
"RSTD","RSTD",80,100,30.033978535067,NA,NA,66.0679570701341,77.7262691644845,0.602592710871249,0.798923129681498,0.631163791680963,0.749827574757917,1.31215694433831,1.65777598732141
"RSTD","RSTD",81,100,29.2359938598882,NA,NA,64.4719877197765,76.130299814127,0.0268326783552766,0.983408806612715,0.0109707892636166,0.224884799376053,0.955084335145907,1.42827125892359
"RSTD","RSTD",82,100,197.470535120886,NA,NA,400.941070241771,412.599382336122,0.390374890295789,0.210965643869713,0.547585476451063,0.240005315776254,0.0601674565254949,0.0709301116876304
"RSTD","RSTD",83,100,72.5645624251205,NA,NA,151.129124850241,162.787436944591,0.909624356776476,0.0655163209885359,0.877173587187471,0.0683199875971857,0.413378361988181,0.479556284306279
"RSTD","RSTD",84,100,75.8095652481944,NA,NA,157.619130496389,169.277442590739,0.894585720263422,0.928069569170475,0.899751979154064,0.897044579626607,1.04748372260732,0.784675157586944
"RSTD","RSTD",85,100,88.4557946050787,NA,NA,182.911589210157,194.569901304508,0.16712597804144,0.591124507132918,0.169700690386779,0.668276729705617,0.735113436130254,0.76918393555553
"RSTD","RSTD",86,100,190.803415904595,NA,NA,387.606831809189,399.26514390354,0.0963515317998827,0.187938303221017,0.104891001376422,0.273731884099197,0.123074596543946,0.16646143142134
"RSTD","RSTD",87,100,32.4923643333573,NA,NA,70.9847286667147,82.6430407610651,0.812582350103185,0.879132093861699,0.981233981288962,0.899067312059096,1.24905949077799,4.4038753097219
"RSTD","RSTD",88,100,175.958140124436,NA,NA,357.916280248873,369.574592343223,0.448961209738627,0.690639521926641,0.578870751901736,0.669656188668483,0.117292486358422,0.123227803417321
"RSTD","RSTD",89,100,75.8170008431052,NA,NA,157.63400168621,169.292313780561,0.352596259210259,0.519048273330554,0.360897668592929,0.482072468803812,0.782939270479778,0.771270071114314
"RSTD","RSTD",90,100,14.3173066911674,NA,NA,34.6346133823348,46.2929254766853,0.7131295024883,0.112127762287855,0.99999,0.132339885003583,2.34744016096537,3.4174234716404
"RSTD","RSTD",91,100,168.568008071963,NA,NA,343.136016143926,354.794328238276,0.102771484525874,0.0985191510990262,0.129157133024017,0.116544965676025,0.306985820121201,0.348240172024816
"RSTD","RSTD",92,100,164.072154994442,NA,NA,334.144309988884,345.802622083235,0.14997310237959,0.461772011825815,0.15199849935307,0.448225427042944,0.275516830687116,0.261333189609714
"RSTD","RSTD",93,100,90.1340162153825,NA,NA,186.268032430765,197.926344525115,0.435881547397003,0.7804279406555,0.436388926190924,0.752129769948062,0.619996842889796,0.681397345848382
"RSTD","RSTD",94,100,14.1745543317101,NA,NA,34.3491086634202,46.0074207577707,0.975024477113038,0.799848798895255,0.961727125124137,0.821993498898433,7.48970375708757,4.33281822849937
"RSTD","RSTD",95,100,110.666505394797,NA,NA,227.333010789594,238.991322883944,0.723246149485931,0.623378630494699,0.982799686557495,0.617732802216181,0.358930564960767,0.45622572209686
"RSTD","RSTD",96,100,121.769309718691,NA,NA,249.538619437382,261.196931531732,0.323681306792423,0.444453429430723,0.359898420273984,0.421074530634283,0.39974081889187,0.446843124460429
"RSTD","RSTD",97,100,170.018645559767,NA,NA,346.037291119533,357.695603213884,0.521510650403798,0.40949847153388,0.398932802678201,0.338314640925878,0.161338737602613,0.118169202112595
"RSTD","RSTD",98,100,146.855230446575,NA,NA,299.710460893149,311.3687729875,0.418908317107707,0.978637758642435,0.575525545222416,0.970656378231157,0.208707900566024,0.211078092921525
"RSTD","RSTD",99,100,18.6262604842451,NA,NA,43.2525209684901,54.9108330628406,0.78953983867541,0.418743934947997,0.759836728270247,0.40472331533407,6.20685923040091,2.49348991278757
"RSTD","RSTD",100,100,159.889967951489,NA,NA,325.779935902977,337.438247997327,0.956703607924283,0.607802340993658,0.99999,0.502106815817782,0.113268068039447,0.108669338996542
"RSTD","Utility",1,100,60.3400567771124,NA,NA,126.680113554225,138.338425648575,0.285107890376821,0.724670132622123,0.945290587741148,0.62058041582258,4.62446020013313,1.43561604238095
"RSTD","Utility",2,100,168.290387238967,NA,NA,342.580774477933,354.239086572283,0.950232450617477,0.206436974462122,0.242990729794504,0.890244595753273,0.393970730098326,0.364579517394304
"RSTD","Utility",3,100,101.014113263842,NA,NA,208.028226527685,219.686538622035,0.536011227406561,0.200363578274846,0.10620919498529,0.965944145728198,1.54295841011763,1.00568439900399
"RSTD","Utility",4,100,183.982703224355,NA,NA,373.96540644871,385.623718543061,0.321220333920792,0.649332832079381,0.459022785979463,0.729895023133848,0.313999467042991,0.142882495187223
"RSTD","Utility",5,100,128.559244854228,NA,NA,263.118489708457,274.776801802807,0.525106647517532,0.973066303646192,0.955125032851664,0.551138424770243,2.73374579800659,0.392999498639256
"RSTD","Utility",6,100,19.044209204715,NA,NA,44.08841840943,55.7467305037804,0.895209939451888,0.943225271301344,0.899139325044691,0.999663986027494,7.3662812864952,3.35385648889427
"RSTD","Utility",7,100,172.009466537607,NA,NA,350.018933075214,361.677245169565,0.753931205254048,0.197620301274583,0.498677213768032,0.162204581790819,3.84406946649648,0.18983699940145
"RSTD","Utility",8,100,194.196950953964,NA,NA,394.393901907929,406.052214002279,0.0560640415642411,0.783013365231454,1e-05,0.406904518106427,2.01166344141837,3.41441693140154
"RSTD","Utility",9,100,149.971371160857,NA,NA,305.942742321714,317.601054416065,0.479448032099754,0.989872474921867,0.935582881744539,0.453367637781042,2.51210249236901,0.208000437050192
"RSTD","Utility",10,100,21.1498146687954,NA,NA,48.2996293375908,59.9579414319413,0.711294803768396,0.788163986755535,0.759969926532705,0.743862922278238,5.69036111377441,2.30973086307261
"RSTD","Utility",11,100,39.3657652758888,NA,NA,84.7315305517776,96.389842646128,0.5048349336721,0.797194604296237,0.849304663758729,0.949055889589852,1.30798456676717,2.5054881726885
"RSTD","Utility",12,100,97.0048420943715,NA,NA,200.009684188743,211.667996283094,0.731893435353413,0.395451756194234,0.683343428859419,0.42960189253522,9.63361395384115,0.618170124012977
"RSTD","Utility",13,100,41.4602873631453,NA,NA,88.9205747262906,100.578886820641,0.275977379642427,0.511981163173914,0.591483685460618,0.99999,0.984097416159979,2.39124982816227
"RSTD","Utility",14,100,92.5226757004214,NA,NA,191.045351400843,202.703663495193,0.226354157319292,0.16033569118008,0.180416494246571,0.950645118148238,1.40835942923993,0.894037933978152
"RSTD","Utility",15,100,49.9491625810192,NA,NA,105.898325162038,117.556637256389,0.315573724219576,0.984172471100464,0.958719656783855,0.684941370026708,3.6557983089412,1.69604673600736
"RSTD","Utility",16,100,136.192940809352,NA,NA,278.385881618704,290.044193713054,0.540354023920372,0.854036244563758,0.866531695209906,0.781017623261877,0.785431748938423,0.362152148856662
"RSTD","Utility",17,100,174.273426281743,NA,NA,354.546852563486,366.205164657837,0.66359161795117,0.0660558908712119,0.0548952462571085,0.675199714336439,2.21831704443072,1.97567781611326
"RSTD","Utility",18,100,121.804682381608,NA,NA,249.609364763216,261.267676857567,0.973287776112556,0.630256613949314,0.805640038180391,0.941393536513891,0.526501520848932,0.855529390233469
"RSTD","Utility",19,100,165.567475979305,NA,NA,337.13495195861,348.793264052961,0.340647828998044,0.988910319516435,0.699547417196861,0.856610099239259,0.213532326381878,0.211397308856249
"RSTD","Utility",20,100,177.5624729839,NA,NA,361.1249459678,372.783258062151,0.329378831898794,0.0628540490288287,0.0523472099655461,0.663134954729462,1.67432940088521,2.33967715737489
"RSTD","Utility",21,100,183.039620492892,NA,NA,372.079240985785,383.737553080135,0.285566801903769,0.0508385861758143,0.547254424084467,1e-05,5.06085696511861,0.410096168983728
"RSTD","Utility",22,100,86.5940492134623,NA,NA,179.188098426925,190.846410521275,0.684979062527418,0.438995202770457,0.65117303343871,0.454064794351111,9.99999,0.685128960758448
"RSTD","Utility",23,100,155.98387827579,NA,NA,317.967756551581,329.626068645931,0.529962481698021,0.27115519088693,0.892207740813584,0.276105298945884,9.99999,2.69503675574873
"RSTD","Utility",24,100,156.518556192054,NA,NA,319.037112384108,330.695424478459,0.779200294986367,0.728794121881947,0.767726024857549,0.498222330596795,1.73939080573998,0.160821524456017
"RSTD","Utility",25,100,189.454732350802,NA,NA,384.909464701603,396.567776795954,0.0281218434683979,0.533772448310629,0.0555942299088723,0.373773141222777,1.88468936102995,0.225168376229703
"RSTD","Utility",26,100,93.9957995979457,NA,NA,193.991599195891,205.649911290242,0.128862570039928,0.17050133110024,0.161275836282691,0.939682670167906,1.10120831631061,1.37515528589011
"RSTD","Utility",27,100,101.695676522317,NA,NA,209.391353044634,221.049665138984,0.980796684976667,0.860091791022569,0.924092384337226,0.825131779285599,2.30634674388837,1.2001721150753
"RSTD","Utility",28,100,228.331368812621,NA,NA,462.662737625242,474.321049719593,0.633000507717952,0.959949327167124,0.484105302715526,0.0786156410548238,0.698318596668914,0.0240202485583723
"RSTD","Utility",29,100,41.7035909523139,NA,NA,89.4071819046279,101.065493998978,0.234798390883952,0.4054856733419,0.541057794681102,0.99999,0.976947682974612,3.89528230370438
"RSTD","Utility",30,100,205.632603525107,NA,NA,417.265207050213,428.923519144564,0.319981756620109,0.632078264839947,0.377293091799944,0.525544531733429,0.294629842311688,0.0559587455590604
"RSTD","Utility",31,100,45.1930372054444,NA,NA,96.3860744108889,108.044386505239,0.417691254755482,0.885661983396858,0.946440121527861,0.719273125387708,3.34735793708677,1.4762263855988
"RSTD","Utility",32,100,210.506419225525,NA,NA,427.012838451051,438.671150545401,0.119032545015216,0.605491037247702,0.310026607953156,1e-05,1.65893191605075,0.0459982767437321
"RSTD","Utility",33,100,18.5051986959644,NA,NA,43.0103973919289,54.6687094862793,0.824352919822559,0.753800751408562,0.78736439954494,0.780614027859276,6.35965662616985,2.89878896835935
"RSTD","Utility",34,100,178.511018183449,NA,NA,363.022036366899,374.680348461249,0.080542077543214,0.69156481907703,0.050722890288698,0.99999,0.441958037847824,3.2510444371212
"RSTD","Utility",35,100,100.238992204837,NA,NA,206.477984409674,218.136296504024,0.788759883260354,0.407168375095353,0.49566220270325,0.99999,0.678438959211698,0.8810732345608
"RSTD","Utility",36,100,101.927447096424,NA,NA,209.854894192848,221.513206287199,0.960197768406942,0.814909122884274,0.885790342318031,0.554308094150407,4.27447770658458,0.491239995229989
"RSTD","Utility",37,100,160.9303867946,NA,NA,327.8607735892,339.519085683551,0.983733647270128,0.387793875532225,0.602688110102922,0.595859747491882,1.05624941235814,0.184212701395154
"RSTD","Utility",38,100,34.9570184645134,NA,NA,75.9140369290268,87.5723490233773,0.640330957481638,0.661732341628522,0.686331513309091,0.855128339234595,2.19407524002056,1.1015722423634
"RSTD","Utility",39,100,38.963814223457,NA,NA,83.9276284469141,95.5859405412645,0.591888564871624,0.781977394130081,0.76450806450294,0.973327086309336,1.09869387652622,1.17335850927503
"RSTD","Utility",40,100,174.324469171332,NA,NA,354.648938342664,366.307250437014,0.185236022341996,0.927017299691215,0.495051737749756,0.834722029733785,0.233233614726149,0.406216487288475
"RSTD","Utility",41,100,27.2409586976807,NA,NA,60.4819173953614,72.1402294897119,0.5952471755445,0.540940156206489,0.622291268641822,0.760356919638049,9.08579495142488,1.71158919288757
"RSTD","Utility",42,100,162.436442837044,NA,NA,330.872885674088,342.531197768439,0.265401779906824,0.195171546889469,0.416553567241178,0.585067218640108,1.06079731429509,0.226954524639678
"RSTD","Utility",43,100,205.885864516239,NA,NA,417.771729032478,429.430041126828,0.604935176437721,0.398145136190578,0.435578299959631,0.304202116090484,0.633986958873462,0.0485801249742508
"RSTD","Utility",44,100,92.8414122480345,NA,NA,191.682824496069,203.34113659042,0.470244030002505,0.685449249343947,0.721033112238811,0.930792818873528,0.696756702483222,0.648697707336396
"RSTD","Utility",45,100,135.81545029342,NA,NA,277.630900586841,289.289212681191,0.371720403432846,0.503097830805928,0.608224852869746,0.803890368774751,0.65463387867081,0.322839245665818
"RSTD","Utility",46,100,168.237209658709,NA,NA,342.474419317418,354.132731411768,0.361050225095823,0.370053818682209,0.492355773908422,0.681150780839541,0.532089256536459,0.173567070005157
"RSTD","Utility",47,100,25.5068003261589,NA,NA,57.0136006523178,68.6719127466683,0.594613759312779,0.789667062694207,0.748120044982896,0.635617978294378,7.71525325503961,2.04544003671947
"RSTD","Utility",48,100,177.5624729839,NA,NA,361.1249459678,372.783258062151,0.628910263301805,0.0369398219045252,0.0523472099655461,0.663134954729462,1.67432940088521,1.35408596597136
"RSTD","Utility",49,100,114.848221365068,NA,NA,235.696442730135,247.354754824486,0.254382238723338,0.857857148861513,0.927563601716272,0.743680453050289,1.1731404503696,0.936107955831003
"RSTD","Utility",50,100,34.6061142835557,NA,NA,75.2122285671114,86.8705406614619,0.629901704145595,0.59963444317691,0.627281667216022,0.779054476434613,3.99366938499644,1.13030682034315
"RSTD","Utility",51,100,150.212914446958,NA,NA,306.425828893917,318.084140988267,0.958562755258754,0.446684151422232,0.99999,0.479269816098115,3.06708857752829,1.46860518856885
"RSTD","Utility",52,100,62.2287998652,NA,NA,130.4575997304,142.115911824751,0.378760501742363,0.716149265645072,0.851608437847233,0.945094432894186,0.983292566551742,1.1838285959837
"RSTD","Utility",53,100,116.206600858849,NA,NA,238.413201717697,250.071513812048,0.843001339351758,0.428967847023159,0.681601223249407,0.378125418230168,9.99999,0.430095953866839
"RSTD","Utility",54,100,188.194328672006,NA,NA,382.388657344013,394.046969438363,0.111280993092805,0.926345025887713,0.569876938747927,0.827922823485516,0.134362862336376,1.52358875974062
"RSTD","Utility",55,100,52.8409147049896,NA,NA,111.681829409979,123.34014150433,0.231767056509852,0.779834397835657,0.952542269520899,0.809454941200435,1.89020874118052,3.55762586234994
"RSTD","Utility",56,100,46.4011516087681,NA,NA,98.8023032175362,110.460615311887,0.386252531083301,0.815260800998658,0.938302757683777,0.755695243887816,2.78496953014836,1.64474068483968
"RSTD","Utility",57,100,166.219454465989,NA,NA,338.438908931978,350.097221026329,0.6529874894768,0.670282299863175,0.737359938588792,0.460710272694443,1.32960801195577,0.116263606119901
"RSTD","Utility",58,100,118.378532301764,NA,NA,242.757064603529,254.415376697879,0.560497718863189,0.274772666627541,0.554492084052377,0.613094571355593,2.5648454270041,0.529099578669097
"RSTD","Utility",59,100,54.756113879864,NA,NA,115.512227759728,127.170539854078,0.597106330329552,0.589335348224267,0.676327261149276,0.565454675587282,7.25671076741557,0.931611171881569
"RSTD","Utility",60,100,88.3858414655172,NA,NA,182.771682931034,194.429995025385,0.987134294584394,0.800411853706464,0.897199334283289,0.970912087790033,6.11623050992741,1.29764714087815
"RSTD","Utility",61,100,187.891491056027,NA,NA,381.782982112055,393.441294206405,0.718285634880885,0.565618214197457,0.665553891225973,0.399729662593166,0.69742043281752,0.0649159974418581
"RSTD","Utility",62,100,189.470691697416,NA,NA,384.941383394831,396.599695489182,0.125127220060676,0.773224814096466,0.632936668478835,0.559577898022467,0.321596050218946,0.583291862625629
"RSTD","Utility",63,100,181.344335182011,NA,NA,368.688670364022,380.346982458373,0.499009405029938,0.0988319513853639,0.268080232485789,0.0715748268406698,5.58896749879257,0.092432988807559
"RSTD","Utility",64,100,34.5527749547812,NA,NA,75.1055499095623,86.7638620039128,0.333673485321924,0.454882015939802,0.507610855003279,0.99999,1.15959096802361,2.70696423376415
"RSTD","Utility",65,100,185.656621575968,NA,NA,377.313243151936,388.971555246286,0.810415166895837,0.0187283449340612,0.101907571594205,1e-05,7.43050407531003,0.165121834239408
"RSTD","Utility",66,100,110.671202675986,NA,NA,227.342405351971,239.000717446322,0.461979309096932,0.296923782210797,0.612840937115913,0.358334628814541,9.99999,0.458040716126561
"RSTD","Utility",67,100,186.976478793009,NA,NA,379.952957586018,391.611269680368,0.285626433324069,0.528872283641249,0.356527237409176,0.7445268421816,0.308535363420472,0.147296045374405
"RSTD","Utility",68,100,102.956700465217,NA,NA,211.913400930433,223.571713024784,0.732509626774117,0.600311974063516,0.746731185833786,0.381260196074182,9.99999,0.449271724574598
"RSTD","Utility",69,100,147.503420642731,NA,NA,301.006841285463,312.665153379813,0.977929984452203,0.529096166603267,0.805282709865294,0.81304306596867,0.687771795504669,0.751786146880371
"RSTD","Utility",70,100,182.660855808276,NA,NA,371.321711616552,382.980023710902,0.98177181975916,0.159414226887748,0.897230247746615,1e-05,9.99999,0.477379389107227
"RSTD","Utility",71,100,167.686770280056,NA,NA,341.373540560111,353.031852654462,0.922829337418079,0.366323065012693,0.433163426491666,0.353119292142859,2.0783381823324,0.0864430760253218
"RSTD","Utility",72,100,175.515870847786,NA,NA,357.031741695572,368.690053789923,0.437475311337039,0.144657690776512,0.864853546165319,0.197900435496271,9.99999,1.51204245735464
"RSTD","Utility",73,100,193.304228729292,NA,NA,392.608457458585,404.266769552935,0.0812403932213783,0.858433880610391,0.0151599092880854,0.629548139446903,1.16415160374156,1.57674626609245
"RSTD","Utility",74,100,199.845527529547,NA,NA,405.691055059095,417.349367153445,0.769064010120928,0.423705151304603,0.54512063867589,1e-05,2.25574070887341,0.0550090870819986
"RSTD","Utility",75,100,234.016516711418,NA,NA,474.033033422836,485.691345517186,0.27233505435288,0.0992442343849689,0.378923906496007,0.140680357149923,0.448062492056862,0.0195726837949201
"RSTD","Utility",76,100,127.591990917216,NA,NA,261.183981834432,272.842293928782,0.714246998308226,0.356464033480734,0.62853025505127,0.980868775073452,0.516436422672735,1.33508190601589
"RSTD","Utility",77,100,122.694629914177,NA,NA,251.389259828354,263.047571922704,0.165105299558491,0.62026000325568,0.904261469792848,0.887700036928709,0.557414844489856,2.11759630225509
"RSTD","Utility",78,100,122.27504486004,NA,NA,250.55008972008,262.20840181443,0.948594216490164,0.818483957787976,0.900818162793174,0.430587637483191,6.49615509247147,0.400698857048743
"RSTD","Utility",79,100,208.387440030583,NA,NA,422.774880061166,434.433192155516,0.641159480903298,0.713674181839451,0.413752245061964,0.370820588693753,0.463594848115614,0.0414828715044559
"RSTD","Utility",80,100,31.8008821765763,NA,NA,69.6017643531527,81.2600764475031,0.602592710871249,0.798923129681498,0.765796018510578,0.99999,1.0839803683593,1.65777598732141
"RSTD","Utility",81,100,184.123346557504,NA,NA,374.246693115009,385.905005209359,0.0268326783552766,0.983408806612715,0.0456635772859659,0.99999,0.380941745536264,1.42827125892359
"RSTD","Utility",82,100,198.759823212497,NA,NA,403.519646424994,415.177958519345,0.390374890295789,0.210965643869713,0.344578493527077,0.371069999315305,0.688964538594455,0.0709301116876304
"RSTD","Utility",83,100,191.492725059487,NA,NA,388.985450118974,400.643762213324,0.909624356776476,0.0655163209885359,0.909880748339228,1e-05,3.10750265677536,0.479556284306279
"RSTD","Utility",84,100,68.9513739758726,NA,NA,143.902747951745,155.561060046096,0.894585720263422,0.928069569170475,0.935552146302831,0.785263227830636,1.85222193884871,0.784675157586944
"RSTD","Utility",85,100,158.608844323082,NA,NA,323.217688646164,334.876000740514,0.16712597804144,0.591124507132918,0.893711907419854,0.651047031971453,1.06209945234743,0.76918393555553
"RSTD","Utility",86,100,195.086157156258,NA,NA,396.172314312515,407.830626406866,0.0963515317998827,0.187938303221017,0.202458983531231,0.558514285829771,0.481186440509937,0.16646143142134
"RSTD","Utility",87,100,29.2856680878022,NA,NA,64.5713361756045,76.2296482699549,0.812582350103185,0.879132093861699,0.930256411074716,0.642504756880856,9.99999,4.4038753097219
"RSTD","Utility",88,100,175.634853434319,NA,NA,357.269706868638,368.928018962988,0.448961209738627,0.690639521926641,0.635809390387206,0.711904271357385,0.326571228187147,0.123227803417321
"RSTD","Utility",89,100,81.9298661012822,NA,NA,169.859732202564,181.518044296915,0.352596259210259,0.519048273330554,0.534135228182909,0.850811455328989,1.11307937241145,0.771270071114314
"RSTD","Utility",90,100,174.39106482077,NA,NA,354.78212964154,366.440441735891,0.7131295024883,0.112127762287855,0.0514919489913689,0.645851681409425,1.99638246370184,3.4174234716404
"RSTD","Utility",91,100,167.915610424889,NA,NA,341.831220849778,353.489532944128,0.102771484525874,0.0985191510990262,0.0980728012488748,0.847336204695123,0.713996050334949,0.348240172024816
"RSTD","Utility",92,100,186.027863675198,NA,NA,378.055727350396,389.714039444746,0.14997310237959,0.461772011825815,0.244862722575734,0.801685128582533,0.307244020522346,0.261333189609714
"RSTD","Utility",93,100,104.549264296759,NA,NA,215.098528593518,226.756840687868,0.435881547397003,0.7804279406555,0.834134863737875,0.904226760254639,0.703239317504766,0.681397345848382
"RSTD","Utility",94,100,89.2726149562497,NA,NA,184.545229912499,196.20354200685,0.975024477113038,0.799848798895255,0.891389149597687,0.995961367540074,9.46321051204879,4.33281822849937
"RSTD","Utility",95,100,103.297536241348,NA,NA,212.595072482695,224.253384577046,0.723246149485931,0.623378630494699,0.757263365184429,0.380270681299691,9.99999,0.45622572209686
"RSTD","Utility",96,100,121.991976333453,NA,NA,249.983952666906,261.642264761256,0.323681306792423,0.444453429430723,0.475175333353677,0.80266196174385,0.831485743158341,0.446843124460429
"RSTD","Utility",97,100,168.172065956262,NA,NA,342.344131912524,354.002444006875,0.521510650403798,0.40949847153388,0.477270946789454,0.552329479707012,0.819976373529851,0.118169202112595
"RSTD","Utility",98,100,150.208365132006,NA,NA,306.416730264013,318.075042358363,0.418908317107707,0.978637758642435,0.950401302769629,0.403906483596474,3.45383255148041,0.211078092921525
"RSTD","Utility",99,100,125.310239250636,NA,NA,256.620478501271,268.278790595622,0.78953983867541,0.418743934947997,0.886748812722116,0.396407857921255,8.78229183935213,2.49348991278757
"RSTD","Utility",100,100,161.369858070749,NA,NA,328.739716141497,340.398028235848,0.956703607924283,0.607802340993658,0.689149955518945,0.385036397764873,2.25582625666532,0.108669338996542
"Utility","TD",1,100,124.347880822167,NA,NA,252.695761644333,260.467969707234,0.285107890376821,0.724670132622123,0.29801464403501,0.410805909208564,NA,1.43561604238095
"Utility","TD",2,100,233.16989328777,NA,NA,470.33978657554,478.11199463844,0.950232450617477,0.206436974462122,0.529573552298366,0.0204009504747114,NA,0.364579517394304
"Utility","TD",3,100,204.05569966735,NA,NA,412.111399334699,419.8836073976,0.536011227406561,0.200363578274846,0.47068913108122,0.0541315520853941,NA,1.00568439900399
"Utility","TD",4,100,211.084992362798,NA,NA,426.169984725596,433.942192788496,0.321220333920792,0.649332832079381,0.341788645809208,0.0438104189600275,NA,0.142882495187223
"Utility","TD",5,100,120.606693991965,NA,NA,245.213387983931,252.985596046831,0.525106647517532,0.973066303646192,0.45694851098073,0.379766042385535,NA,0.392999498639256
"Utility","TD",6,100,34.5026963808056,NA,NA,73.0053927616112,80.7776008245116,0.895209939451888,0.943225271301344,0.881018486068715,1.69263681505574,NA,3.35385648889427
"Utility","TD",7,100,246.135144435622,NA,NA,496.270288871244,504.042496934144,0.753931205254048,0.197620301274583,0.41779457797346,0.00679997084341066,NA,0.18983699940145
"Utility","TD",8,100,125.22402884308,NA,NA,254.44805768616,262.220265749061,0.0560640415642411,0.783013365231454,0.0746817456130735,0.913161946289858,NA,3.41441693140154
"Utility","TD",9,100,151.218207010131,NA,NA,306.436414020262,314.208622083162,0.479448032099754,0.989872474921867,0.526705007836896,0.224286377136728,NA,0.208000437050192
"Utility","TD",10,100,59.146210078707,NA,NA,122.292420157414,130.064628220314,0.711294803768396,0.788163986755535,0.662096634309304,0.788073563291562,NA,2.30973086307261
"Utility","TD",11,100,63.6956743257463,NA,NA,131.391348651493,139.163556714393,0.5048349336721,0.797194604296237,0.453782500120088,0.924494393622526,NA,2.5054881726885
"Utility","TD",12,100,180.933431951854,NA,NA,365.866863903707,373.639071966607,0.731893435353413,0.395451756194234,0.68138085637899,0.0875822786404504,NA,0.618170124012977
"Utility","TD",13,100,160.23446691344,NA,NA,324.46893382688,332.24114188978,0.275977379642427,0.511981163173914,0.331002822550251,0.255017483526173,NA,2.39124982816227
"Utility","TD",14,100,210.895520459914,NA,NA,425.791040919827,433.563248982727,0.226354157319292,0.16033569118008,0.331143647784366,0.044158621712524,NA,0.894037933978152
"Utility","TD",15,100,43.0746227746883,NA,NA,90.1492455493765,97.9214536122768,0.315573724219576,0.984172471100464,0.294590705795133,1.49572052077903,NA,1.69604673600736
"Utility","TD",16,100,152.918970114352,NA,NA,309.837940228704,317.610148291604,0.540354023920372,0.854036244563758,0.531430558283713,0.216000877764306,NA,0.362152148856662
"Utility","TD",17,100,187.371061884761,NA,NA,378.742123769522,386.514331832422,0.66359161795117,0.0660558908712119,0.664060110346733,0.0744526499029362,NA,1.97567781611326
"Utility","TD",18,100,154.206220752815,NA,NA,312.41244150563,320.18464956853,0.973287776112556,0.630256613949314,0.884603342596435,0.149692578141494,NA,0.855529390233469
"Utility","TD",19,100,162.631995952087,NA,NA,329.263991904175,337.036199967075,0.340647828998044,0.988910319516435,0.468382716083862,0.186059378080792,NA,0.211397308856249
"Utility","TD",20,100,195.529134892195,NA,NA,395.058269784389,402.83047784729,0.329378831898794,0.0628540490288287,0.33030967083643,0.081452617765459,NA,2.33967715737489
"Utility","TD",21,100,244.430258030687,NA,NA,492.860516061375,500.632724124275,0.285566801903769,0.0508385861758143,0.398578954587744,0.0093492649547087,NA,0.410096168983728
"Utility","TD",22,100,176.779169816819,NA,NA,357.558339633638,365.330547696539,0.684979062527418,0.438995202770457,0.676487533577024,0.103360726807295,NA,0.685128960758448
"Utility","TD",23,100,164.549627697171,NA,NA,333.099255394341,340.871463457242,0.529962481698021,0.27115519088693,0.462389282241742,0.176137208664566,NA,2.69503675574873
"Utility","TD",24,100,192.716040059809,NA,NA,389.432080119618,397.204288182518,0.779200294986367,0.728794121881947,0.801429915649673,0.0616295549721731,NA,0.160821524456017
"Utility","TD",25,100,212.789802133382,NA,NA,429.579604266763,437.351812329663,0.0281218434683979,0.533772448310629,0.289805610917943,0.0415055027279788,NA,0.225168376229703
"Utility","TD",26,100,200.168996694456,NA,NA,404.337993388912,412.110201451813,0.128862570039928,0.17050133110024,0.265642154954805,0.0672660789306369,NA,1.37515528589011
"Utility","TD",27,100,70.6572331633791,NA,NA,145.314466326758,153.086674389658,0.980796684976667,0.860091791022569,0.952168823824728,0.64100879790206,NA,1.2001721150753
"Utility","TD",28,100,232.438064514483,NA,NA,468.876129028967,476.648337091867,0.633000507717952,0.959949327167124,0.441618752055298,0.0211154544075266,NA,0.0240202485583723
"Utility","TD",29,100,165.840589296072,NA,NA,335.681178592144,343.453386655045,0.234798390883952,0.4054856733419,0.305187988232776,0.242801665737202,NA,3.89528230370438
"Utility","TD",30,100,242.917178236154,NA,NA,489.834356472307,497.606564535207,0.319981756620109,0.632078264839947,0.367503793120422,0.0111773782661272,NA,0.0559587455590604
"Utility","TD",31,100,69.9840747402159,NA,NA,143.968149480432,151.740357543332,0.417691254755482,0.885661983396858,0.354062008420905,0.953089842510144,NA,1.4762263855988
"Utility","TD",32,100,246.135144435622,NA,NA,496.270288871244,504.042496934144,0.119032545015216,0.605491037247702,0.41779457797346,0.00679997084341066,NA,0.0459982767437321
"Utility","TD",33,100,53.1792312278046,NA,NA,110.358462455609,118.130670518509,0.824352919822559,0.753800751408562,0.738590786622018,0.872661921587679,NA,2.89878896835935
"Utility","TD",34,100,142.907703402684,NA,NA,289.815406805368,297.587614868269,0.080542077543214,0.69156481907703,0.102676670535928,0.605294439115921,NA,3.2510444371212
"Utility","TD",35,100,175.150456746241,NA,NA,354.300913492482,362.073121555382,0.788759883260354,0.407168375095353,0.713535381731049,0.104437834552179,NA,0.8810732345608
"Utility","TD",36,100,147.040836476485,NA,NA,298.08167295297,305.85388101587,0.960197768406942,0.814909122884274,0.882038874533282,0.19204464047056,NA,0.491239995229989
"Utility","TD",37,100,233.116679868624,NA,NA,470.233359737249,478.005567800149,0.983733647270128,0.387793875532225,0.542216437498469,0.0204301859640924,NA,0.184212701395154
"Utility","TD",38,100,143.425071211672,NA,NA,290.850142423344,298.622350486245,0.640330957481638,0.661732341628522,0.519128483608774,0.263916766729787,NA,1.1015722423634
"Utility","TD",39,100,115.723954364634,NA,NA,235.447908729269,243.220116792169,0.591888564871624,0.781977394130081,0.461919463085246,0.412252654766179,NA,1.17335850927503
"Utility","TD",40,100,159.081859087924,NA,NA,322.163718175849,329.935926238749,0.185236022341996,0.927017299691215,0.231605673678011,0.290094669270376,NA,0.406216487288475
"Utility","TD",41,100,146.897068799116,NA,NA,297.794137598233,305.566345661133,0.5952471755445,0.540940156206489,0.450821854051848,0.254221683057829,NA,1.71158919288757
"Utility","TD",42,100,245.058451986979,NA,NA,494.116903973957,501.889112036858,0.265401779906824,0.195171546889469,0.404601722895497,0.0084842475897189,NA,0.226954524639678
"Utility","TD",43,100,248.139457761289,NA,NA,500.278915522577,508.051123585478,0.604935176437721,0.398145136190578,0.0449007256754754,0.000833631262379209,NA,0.0485801249742508
"Utility","TD",44,100,158.284311976262,NA,NA,320.568623952525,328.340832015425,0.470244030002505,0.685449249343947,0.506342227753518,0.195509157232063,NA,0.648697707336396
"Utility","TD",45,100,205.965005689569,NA,NA,415.930011379138,423.702219442038,0.371720403432846,0.503097830805928,0.368652318297473,0.0518912708709019,NA,0.322839245665818
"Utility","TD",46,100,239.087961126716,NA,NA,482.175922253433,489.948130316333,0.361050225095823,0.370053818682209,0.386726770162582,0.01513997083842,NA,0.173567070005157
"Utility","TD",47,100,70.3211080896072,NA,NA,144.642216179214,152.414424242115,0.594613759312779,0.789667062694207,0.507157219743977,0.765043981390673,NA,2.04544003671947
"Utility","TD",48,100,209.373462657674,NA,NA,422.746925315348,430.519133378249,0.628910263301805,0.0369398219045252,0.401721381005236,0.0459240731640023,NA,1.35408596597136
"Utility","TD",49,100,123.77142423079,NA,NA,251.54284846158,259.31505652448,0.254382238723338,0.857857148861513,0.267793606028142,0.480914412813651,NA,0.936107955831003
"Utility","TD",50,100,150.528127616826,NA,NA,305.056255233651,312.828463296552,0.629901704145595,0.59963444317691,0.490408517609354,0.231797745219356,NA,1.13030682034315
"Utility","TD",51,100,164.341954225435,NA,NA,332.683908450871,340.456116513771,0.958562755258754,0.446684151422232,0.737505941660312,0.134172793226597,NA,1.46860518856885
"Utility","TD",52,100,128.199599245678,NA,NA,260.399198491356,268.171406554257,0.378760501742363,0.716149265645072,0.371823945307252,0.348517764258066,NA,1.1838285959837
"Utility","TD",53,100,196.715194326736,NA,NA,397.430388653472,405.202596716372,0.843001339351758,0.428967847023159,0.786784811704839,0.0567355404267214,NA,0.430095953866839
"Utility","TD",54,100,113.791682411592,NA,NA,231.583364823185,239.355572886085,0.111280993092805,0.926345025887713,0.116739196777041,0.969457000415321,NA,1.52358875974062
"Utility","TD",55,100,61.1719835118884,NA,NA,126.343967023777,134.116175086677,0.231767056509852,0.779834397835657,0.175233632057071,1.64778531769591,NA,3.55762586234994
"Utility","TD",56,100,80.9371235189965,NA,NA,165.874247037993,173.646455100893,0.386252531083301,0.815260800998658,0.297455708361992,0.807911781192754,NA,1.64474068483968
"Utility","TD",57,100,217.349480242542,NA,NA,438.698960485083,446.471168547983,0.6529874894768,0.670282299863175,0.416319230124283,0.0357130636279393,NA,0.116263606119901
"Utility","TD",58,100,215.139496680842,NA,NA,434.278993361683,442.051201424583,0.560497718863189,0.274772666627541,0.399060726531547,0.038289525055932,NA,0.529099578669097
"Utility","TD",59,100,159.520578815135,NA,NA,323.04115763027,330.81336569317,0.597106330329552,0.589335348224267,0.534635622401669,0.186178769865622,NA,0.931611171881569
"Utility","TD",60,100,95.2614029727823,NA,NA,194.522805945565,202.295014008465,0.987134294584394,0.800411853706464,0.961122803711812,0.476689764162658,NA,1.29764714087815
"Utility","TD",61,100,243.741774867384,NA,NA,491.483549734767,499.255757797668,0.718285634880885,0.565618214197457,0.385697441231762,0.0101928298141208,NA,0.0649159974418581
"Utility","TD",62,100,183.55292632509,NA,NA,371.105852650181,378.878060713081,0.125127220060676,0.773224814096466,0.17286339022775,0.201006606706123,NA,0.583291862625629
"Utility","TD",63,100,248.171259079225,NA,NA,500.34251815845,508.114726221351,0.499009405029938,0.0988319513853639,0.315466639185304,0.00064536165972264,NA,0.092432988807559
"Utility","TD",64,100,159.162657021162,NA,NA,322.325314042324,330.097522105224,0.333673485321924,0.454882015939802,0.347911393414458,0.253233271516359,NA,2.70696423376415
"Utility","TD",65,100,248.139457761289,NA,NA,500.278915522577,508.051123585478,0.810415166895837,0.0187283449340612,0.0449007256754754,0.000833631262379209,NA,0.165121834239408
"Utility","TD",66,100,218.027497628943,NA,NA,440.054995257886,447.827203320786,0.461979309096932,0.296923782210797,0.39131343727572,0.0350028903158067,NA,0.458040716126561
"Utility","TD",67,100,224.156834048013,NA,NA,452.313668096027,460.085876158927,0.285626433324069,0.528872283641249,0.30992820376629,0.0288415044245253,NA,0.147296045374405
"Utility","TD",68,100,172.925053123214,NA,NA,349.850106246428,357.622314309328,0.732509626774117,0.600311974063516,0.696082663050216,0.116766174823232,NA,0.449271724574598
"Utility","TD",69,100,166.53895407395,NA,NA,337.077908147899,344.8501162108,0.977929984452203,0.529096166603267,0.722563793395736,0.133849377611044,NA,0.751786146880371
"Utility","TD",70,100,228.379928748547,NA,NA,460.759857497094,468.532065559994,0.98177181975916,0.159414226887748,0.519481036210712,0.0245572035935655,NA,0.477379389107227
"Utility","TD",71,100,247.833071147308,NA,NA,499.666142294615,507.438350357516,0.922829337418079,0.366323065012693,0.420240481792386,0.00272890902622235,NA,0.0864430760253218
"Utility","TD",72,100,195.858492716675,NA,NA,395.71698543335,403.489193496251,0.437475311337039,0.144657690776512,0.390916143008768,0.0771420548495833,NA,1.51204245735464
"Utility","TD",73,100,136.961830204318,NA,NA,277.923660408636,285.695868471536,0.0812403932213783,0.858433880610391,0.0915516996014239,0.731058862357336,NA,1.57674626609245
"Utility","TD",74,100,248.139457761289,NA,NA,500.278915522577,508.051123585478,0.769064010120928,0.423705151304603,0.0449007256754754,0.000833631262379209,NA,0.0550090870819986
"Utility","TD",75,100,248.265122015478,NA,NA,500.530244030956,508.302452093856,0.27233505435288,0.0992442343849689,0.046706475935717,0.000460564124816707,NA,0.0195726837949201
"Utility","TD",76,100,174.377453793601,NA,NA,352.754907587202,360.527115650103,0.714246998308226,0.356464033480734,0.691334875536922,0.10989590379821,NA,1.33508190601589
"Utility","TD",77,100,157.830436616024,NA,NA,319.660873232049,327.433081294949,0.165105299558491,0.62026000325568,0.271490267066141,0.289066455832176,NA,2.11759630225509
"Utility","TD",78,100,157.083765082261,NA,NA,318.167530164522,325.939738227422,0.948594216490164,0.818483957787976,0.821137186378961,0.16401425762062,NA,0.400698857048743
"Utility","TD",79,100,242.907019917537,NA,NA,489.814039835075,497.586247897975,0.641159480903298,0.713674181839451,0.383436833932305,0.0111857336557723,NA,0.0414828715044559
"Utility","TD",80,100,75.4956867093685,NA,NA,154.991373418737,162.763581481637,0.602592710871249,0.798923129681498,0.505118872455373,0.705794186485324,NA,1.65777598732141
"Utility","TD",81,100,82.8596508239822,NA,NA,169.719301647964,177.491509710865,0.0268326783552766,0.983408806612715,0.0304830228896546,1.59794427477817,NA,1.42827125892359
"Utility","TD",82,100,248.171259079225,NA,NA,500.34251815845,508.114726221351,0.390374890295789,0.210965643869713,0.315466639185304,0.00064536165972264,NA,0.0709301116876304
"Utility","TD",83,100,241.689084489627,NA,NA,487.378168979253,495.150377042154,0.909624356776476,0.0655163209885359,0.49518933399356,0.0124803531494564,NA,0.479556284306279
"Utility","TD",84,100,93.7721640151038,NA,NA,191.544328030208,199.316536093108,0.894585720263422,0.928069569170475,0.850690739207932,0.538773676667348,NA,0.784675157586944
"Utility","TD",85,100,189.06274084667,NA,NA,382.125481693339,389.89768975624,0.16712597804144,0.591124507132918,0.22338178658375,0.13835919550666,NA,0.76918393555553
"Utility","TD",86,100,247.627135452488,NA,NA,499.254270904977,507.026478967877,0.0963515317998827,0.187938303221017,0.3741926866584,0.00347415936130124,NA,0.16646143142134
"Utility","TD",87,100,14.174554297209,NA,NA,32.349108594418,40.1213166573183,0.812582350103185,0.879132093861699,0.789283660467522,9.99999,NA,4.4038753097219
"Utility","TD",88,100,209.444728118435,NA,NA,422.88945623687,430.66166429977,0.448961209738627,0.690639521926641,0.390485122892301,0.0459580097138171,NA,0.123227803417321
"Utility","TD",89,100,182.996757982864,NA,NA,369.993515965728,377.765724028628,0.352596259210259,0.519048273330554,0.471902910956302,0.111364061845866,NA,0.771270071114314
"Utility","TD",90,100,171.432165507445,NA,NA,346.86433101489,354.636539077791,0.7131295024883,0.112127762287855,0.57690373869666,0.13068294058436,NA,3.4174234716404
"Utility","TD",91,100,244.430258030687,NA,NA,492.860516061375,500.632724124275,0.102771484525874,0.0985191510990262,0.398578954587744,0.0093492649547087,NA,0.348240172024816
"Utility","TD",92,100,219.313251386644,NA,NA,442.626502773288,450.398710836188,0.14997310237959,0.461772011825815,0.330190491724091,0.0337294644135932,NA,0.261333189609714
"Utility","TD",93,100,145.887718806355,NA,NA,295.77543761271,303.54764567561,0.435881547397003,0.7804279406555,0.439575724553496,0.264446499137512,NA,0.681397345848382
"Utility","TD",94,100,20.1230206647,NA,NA,44.2460413294,52.0182493923003,0.975024477113038,0.799848798895255,0.900840297037542,9.99999,NA,4.33281822849937
"Utility","TD",95,100,170.091896949018,NA,NA,344.183793898035,351.956001960936,0.723246149485931,0.623378630494699,0.661364343889891,0.130889768879972,NA,0.45622572209686
"Utility","TD",96,100,205.965005689569,NA,NA,415.930011379138,423.702219442038,0.323681306792423,0.444453429430723,0.368652318297473,0.0518912708709019,NA,0.446843124460429
"Utility","TD",97,100,243.750973871298,NA,NA,491.501947742596,499.274155805496,0.521510650403798,0.40949847153388,0.368524396457437,0.0101849795622083,NA,0.118169202112595
"Utility","TD",98,100,158.665035423859,NA,NA,321.330070847717,329.102278910617,0.418908317107707,0.978637758642435,0.501223897813203,0.196368851335354,NA,0.211078092921525
"Utility","TD",99,100,157.981174631256,NA,NA,319.962349262511,327.734557325412,0.78953983867541,0.418743934947997,0.589676040154303,0.187763657327768,NA,2.49348991278757
"Utility","TD",100,100,222.048707957623,NA,NA,448.097415915245,455.869623978146,0.956703607924283,0.607802340993658,0.50459608370039,0.0303135639016143,NA,0.108669338996542
"Utility","RSTD",1,100,123.548906673004,NA,NA,253.097813346008,264.756125440359,0.285107890376821,0.724670132622123,0.346474945816443,0.287559639437562,0.375630972379541,1.43561604238095
"Utility","RSTD",2,100,232.871721386909,NA,NA,471.743442773818,483.401754868169,0.950232450617477,0.206436974462122,0.546119054806032,0.248298651797312,0.020338206436351,0.364579517394304
"Utility","RSTD",3,100,204.416046465056,NA,NA,414.832092930113,426.490405024463,0.536011227406561,0.200363578274846,0.345401220564792,0.217355264488673,0.0520557990542647,1.00568439900399
"Utility","RSTD",4,100,211.102264922534,NA,NA,428.204529845069,439.862841939419,0.321220333920792,0.649332832079381,0.305468058299762,0.37962462818717,0.0436592438031685,0.142882495187223
"Utility","RSTD",5,100,121.978948240685,NA,NA,249.957896481369,261.61620857572,0.525106647517532,0.973066303646192,0.725595001308402,0.511268765041869,0.275168274454296,0.392999498639256
"Utility","RSTD",6,100,37.8039510687868,NA,NA,81.6079021375736,93.2662142319241,0.895209939451888,0.943225271301344,0.953817976893237,0.892993373135607,9.58428358662592,3.35385648889427
"Utility","RSTD",7,100,246.328838767101,NA,NA,498.657677534203,510.315989628553,0.753931205254048,0.197620301274583,0.069431213076474,1e-05,0.0064763211768445,0.18983699940145
"Utility","RSTD",8,100,147.232185806575,NA,NA,300.464371613149,312.1226837075,0.0560640415642411,0.783013365231454,0.288069656856892,0.154472986557421,0.273104968956447,3.41441693140154
"Utility","RSTD",9,100,151.177692539981,NA,NA,308.355385079963,320.013697174313,0.479448032099754,0.989872474921867,0.544720347772878,0.520280391811304,0.219307797804486,0.208000437050192
"Utility","RSTD",10,100,86.0119113005016,NA,NA,178.023822601003,189.682134695354,0.711294803768396,0.788163986755535,0.970858585821627,0.685363932230562,7.24984342118995,2.30973086307261
"Utility","RSTD",11,100,73.5686603943356,NA,NA,153.137320788671,164.795632883022,0.5048349336721,0.797194604296237,0.421433580894663,0.401386126556427,8.80466928044948,2.5054881726885
"Utility","RSTD",12,100,180.193820283858,NA,NA,366.387640567716,378.045952662066,0.731893435353413,0.395451756194234,0.865578674224147,0.601515610793753,0.076967358140911,0.618170124012977
"Utility","RSTD",13,100,155.913900644495,NA,NA,317.82780128899,329.486113383341,0.275977379642427,0.511981163173914,0.731800105592947,0.297197759364415,0.153534402124499,2.39124982816227
"Utility","RSTD",14,100,210.894950551264,NA,NA,427.789901102528,439.448213196878,0.226354157319292,0.16033569118008,0.325146025691094,0.312589238281196,0.0429452197726799,0.894037933978152
"Utility","RSTD",15,100,42.6451806188082,NA,NA,91.2903612376163,102.948673331967,0.315573724219576,0.984172471100464,0.312243410678128,0.293430355511768,1.33879426972256,1.69604673600736
"Utility","RSTD",16,100,152.838634696127,NA,NA,311.677269392254,323.335581486604,0.540354023920372,0.854036244563758,0.564722924979549,0.523522178649584,0.207761766827758,0.362152148856662
"Utility","RSTD",17,100,186.433445554264,NA,NA,378.866891108528,390.525203202879,0.66359161795117,0.0660558908712119,0.863031204463219,0.547430844948076,0.0662826691525075,1.97567781611326
"Utility","RSTD",18,100,154.95897047772,NA,NA,315.91794095544,327.57625304979,0.973287776112556,0.630256613949314,0.678632206762467,0.798338200650879,0.159523961512647,0.855529390233469
"Utility","RSTD",19,100,161.178986491696,NA,NA,328.357972983393,340.016285077743,0.340647828998044,0.988910319516435,0.621609867987628,0.43471795682492,0.15503941439163,0.211397308856249
"Utility","RSTD",20,100,194.838251097641,NA,NA,395.676502195282,407.334814289632,0.329378831898794,0.0628540490288287,0.438457222815032,0.264298877677142,0.0694415757561176,2.33967715737489
"Utility","RSTD",21,100,244.465754846417,NA,NA,494.931509692834,506.589821787185,0.285566801903769,0.0508385861758143,0.284465000646161,0.234745011378127,0.00970425647696079,0.410096168983728
"Utility","RSTD",22,100,174.382760650001,NA,NA,354.765521300002,366.423833394353,0.684979062527418,0.438995202770457,0.99999,0.566847601729571,0.0822847770733792,0.685128960758448
"Utility","RSTD",23,100,162.876281191247,NA,NA,331.752562382494,343.410874476845,0.529962481698021,0.27115519088693,0.708181206683448,0.425904988914109,0.130764057040423,2.69503675574873
"Utility","RSTD",24,100,191.285025118809,NA,NA,388.570050237618,400.228362331969,0.779200294986367,0.728794121881947,0.99999,0.664874172910089,0.0575628449003884,0.160821524456017
"Utility","RSTD",25,100,212.790188596645,NA,NA,431.58037719329,443.238689287641,0.0281218434683979,0.533772448310629,0.27939523867456,0.287319379578979,0.0412917300007637,0.225168376229703
"Utility","RSTD",26,100,200.079431924299,NA,NA,406.158863848599,417.817175942949,0.128862570039928,0.17050133110024,0.300518918922197,0.242594556028889,0.0653146493142243,1.37515528589011
"Utility","RSTD",27,100,97.1163096773586,NA,NA,200.232619354717,211.890931449068,0.980796684976667,0.860091791022569,0.96131844104594,0.901888150658135,8.89419550643808,1.2001721150753
"Utility","RSTD",28,100,232.504098228331,NA,NA,471.008196456663,482.666508551013,0.633000507717952,0.959949327167124,0.309094470402641,0.427365793613732,0.021651678507556,0.0240202485583723
"Utility","RSTD",29,100,158.675929852906,NA,NA,323.351859705811,335.010171800162,0.234798390883952,0.4054856733419,0.878763184165927,0.260695253863418,0.126680020506214,3.89528230370438
"Utility","RSTD",30,100,242.887655729598,NA,NA,491.775311459196,503.433623553546,0.319981756620109,0.632078264839947,0.45155796479079,0.213417305549944,0.0112908958378397,0.0559587455590604
"Utility","RSTD",31,100,68.740576801537,NA,NA,143.481153603074,155.139465697425,0.417691254755482,0.885661983396858,0.373248997826932,0.336582781089987,0.853114115143682,1.4762263855988
"Utility","RSTD",32,100,246.328838767101,NA,NA,498.657677534203,510.315989628553,0.119032545015216,0.605491037247702,0.069431213076474,1e-05,0.0064763211768445,0.0459982767437321
"Utility","RSTD",33,100,58.0579750064611,NA,NA,122.115950012922,133.774262107273,0.824352919822559,0.753800751408562,0.99828425062929,0.782517178836872,0.735951836080679,2.89878896835935
"Utility","RSTD",34,100,142.813169476765,NA,NA,291.626338953531,303.284651047881,0.080542077543214,0.69156481907703,0.19498761795169,0.120730519143794,0.347298964998996,3.2510444371212
"Utility","RSTD",35,100,172.672769603858,NA,NA,351.345539207715,363.003851302066,0.788759883260354,0.407168375095353,0.996066848963834,0.594437118170405,0.0861093533155692,0.8810732345608
"Utility","RSTD",36,100,146.493039297396,NA,NA,298.986078594791,310.644390689142,0.960197768406942,0.814909122884274,0.715967971466193,0.862501714637983,0.199484574660054,0.491239995229989
"Utility","RSTD",37,100,232.724593156647,NA,NA,471.449186313293,483.107498407644,0.983733647270128,0.387793875532225,0.674326870895456,0.209853475161316,0.0202762491082039,0.184212701395154
"Utility","RSTD",38,100,141.822744225553,NA,NA,289.645488451107,301.303800545457,0.640330957481638,0.661732341628522,0.654229501674253,0.500362158875308,0.233649368201573,1.1015722423634
"Utility","RSTD",39,100,113.916357329632,NA,NA,233.832714659264,245.491026753615,0.591888564871624,0.781977394130081,0.555133463433481,0.448511118927263,0.378839290658546,1.17335850927503
"Utility","RSTD",40,100,155.324379499544,NA,NA,316.648758999089,328.307071093439,0.185236022341996,0.927017299691215,0.352665581515607,0.217467340403432,0.225512881214447,0.406216487288475
"Utility","RSTD",41,100,145.096410595327,NA,NA,296.192821190654,307.851133285005,0.5952471755445,0.540940156206489,0.595488556503654,0.43270095326867,0.215691865460094,1.71158919288757
"Utility","RSTD",42,100,245.047367488272,NA,NA,496.094734976545,507.753047070895,0.265401779906824,0.195171546889469,0.384128246845625,0.341779465696375,0.00849387767132797,0.226954524639678
"Utility","RSTD",43,100,248.124341981619,NA,NA,502.248683963237,513.906996057588,0.604935176437721,0.398145136190578,0.04085748670792,1e-05,0.00103100053564147,0.0485801249742508
"Utility","RSTD",44,100,157.82145289867,NA,NA,321.64290579734,333.30121789169,0.470244030002505,0.685449249343947,0.598923543716554,0.488125650714369,0.175160154823225,0.648697707336396
"Utility","RSTD",45,100,205.767876616994,NA,NA,417.535753233989,429.194065328339,0.371720403432846,0.503097830805928,0.409184334390148,0.315139935270055,0.0509026816476804,0.322839245665818
"Utility","RSTD",46,100,238.696601901366,NA,NA,483.393203802733,495.051515897083,0.361050225095823,0.370053818682209,0.177466217961516,0.805539918591565,0.0157625452575781,0.173567070005157
"Utility","RSTD",47,100,69.5727482312472,NA,NA,145.145496462494,156.803808556845,0.594613759312779,0.789667062694207,0.562006874203876,0.508772440052154,0.694625777263243,2.04544003671947
"Utility","RSTD",48,100,209.568368771611,NA,NA,425.136737543222,436.795049637573,0.628910263301805,0.0369398219045252,0.369905009629019,0.453068167019519,0.0467333975519112,1.35408596597136
"Utility","RSTD",49,100,120.909822043265,NA,NA,247.81964408653,259.477956180881,0.254382238723338,0.857857148861513,0.35416758449258,0.260881459707812,0.398176253615603,0.936107955831003
"Utility","RSTD",50,100,149.928316286758,NA,NA,305.856632573516,317.514944667866,0.629901704145595,0.59963444317691,0.563199011306822,0.467834787452181,0.21120504448178,1.13030682034315
"Utility","RSTD",51,100,165.29121680819,NA,NA,336.58243361638,348.240745710731,0.958562755258754,0.446684151422232,0.754941113993729,0.591796768270684,0.12256660354118,1.46860518856885
"Utility","RSTD",52,100,127.190961773163,NA,NA,260.381923546325,272.040235640676,0.378760501742363,0.716149265645072,0.466622864491183,0.370837057169176,0.307204209601597,1.1838285959837
"Utility","RSTD",53,100,196.691907092797,NA,NA,399.383814185593,411.042126279944,0.843001339351758,0.428967847023159,0.743632845917436,0.732526921517561,0.0583519601695764,0.430095953866839
"Utility","RSTD",54,100,113.953699009252,NA,NA,233.907398018504,245.565710112854,0.111280993092805,0.926345025887713,0.120683269169318,0.113995878196351,0.846757399726769,1.52358875974062
"Utility","RSTD",55,100,60.600988753059,NA,NA,127.201977506118,138.860289600468,0.231767056509852,0.779834397835657,0.182645437586518,0.173494021446225,1.48321401866502,3.55762586234994
"Utility","RSTD",56,100,79.6487637508301,NA,NA,165.29752750166,176.955839596011,0.386252531083301,0.815260800998658,0.317545522932484,0.281336192305073,0.726776733901144,1.64474068483968
"Utility","RSTD",57,100,216.828979968785,NA,NA,439.65795993757,451.316272031921,0.6529874894768,0.670282299863175,0.563563740129315,0.30376268482909,0.0352849423873397,0.116263606119901
"Utility","RSTD",58,100,215.375898939906,NA,NA,436.751797879811,448.410109974162,0.560497718863189,0.274772666627541,0.299983886235884,0.207606852631448,0.0373884935573111,0.529099578669097
"Utility","RSTD",59,100,159.232769756679,NA,NA,324.465539513359,336.123851607709,0.597106330329552,0.589335348224267,0.617277232793263,0.523207659757242,0.169677930684531,0.931611171881569
"Utility","RSTD",60,100,149.682605376108,NA,NA,305.365210752216,317.023522846567,0.987134294584394,0.800411853706464,0.969841415327212,0.904100500337206,5.1166393476465,1.29764714087815
"Utility","RSTD",61,100,244.025721903285,NA,NA,494.051443806571,505.709755900921,0.718285634880885,0.565618214197457,0.0614753550586973,1e-05,0.00986546545354597,0.0649159974418581
"Utility","RSTD",62,100,182.762450730803,NA,NA,371.524901461607,383.183213555957,0.125127220060676,0.773224814096466,0.230936825676816,0.166634044706261,0.162000231090872,0.583291862625629
"Utility","RSTD",63,100,248.191876739612,NA,NA,502.383753479225,514.042065573575,0.499009405029938,0.0988319513853639,0.028521715648404,0.0315059386509334,0.000579811816079329,0.092432988807559
"Utility","RSTD",64,100,156.563088874358,NA,NA,319.126177748716,330.784489843067,0.333673485321924,0.454882015939802,0.871124963883737,0.341525945606681,0.139848094499915,2.70696423376415
"Utility","RSTD",65,100,248.124341981619,NA,NA,502.248683963237,513.906996057588,0.810415166895837,0.0187283449340612,0.04085748670792,1e-05,0.00103100053564147,0.165121834239408
"Utility","RSTD",66,100,217.71209376724,NA,NA,441.424187534479,453.08249962883,0.461979309096932,0.296923782210797,0.467487205003572,0.285162639219539,0.034750344123269,0.458040716126561
"Utility","RSTD",67,100,224.203216044935,NA,NA,454.40643208987,466.06474418422,0.285626433324069,0.528872283641249,0.238963046336181,0.377354867828519,0.0287192658027121,0.147296045374405
"Utility","RSTD",68,100,170.119319456866,NA,NA,346.238638913732,357.896951008082,0.732509626774117,0.600311974063516,0.99999,0.595617927070487,0.0929370875549247,0.449271724574598
"Utility","RSTD",69,100,166.174627735811,NA,NA,338.349255471621,350.007567565972,0.977929984452203,0.529096166603267,0.997910619395558,0.709874984949873,0.102555649016759,0.751786146880371
"Utility","RSTD",70,100,228.185620607517,NA,NA,462.371241215033,474.029553309384,0.98177181975916,0.159414226887748,0.553962197050198,0.313880177480685,0.0248195857644028,0.477379389107227
"Utility","RSTD",71,100,247.758594806533,NA,NA,501.517189613066,513.175501707416,0.922829337418079,0.366323065012693,0.133237625835987,1e-05,0.00321561056682694,0.0864430760253218
"Utility","RSTD",72,100,194.91580143243,NA,NA,395.83160286486,407.48991495921,0.437475311337039,0.144657690776512,0.515876761162466,0.328618753456529,0.0689344767713081,1.51204245735464
"Utility","RSTD",73,100,154.652161412201,NA,NA,315.304322824403,326.962634918753,0.0812403932213783,0.858433880610391,0.288106413999968,0.226208288441967,0.246386912233199,1.57674626609245
"Utility","RSTD",74,100,248.124341981619,NA,NA,502.248683963237,513.906996057588,0.769064010120928,0.423705151304603,0.04085748670792,1e-05,0.00103100053564147,0.0550090870819986
"Utility","RSTD",75,100,248.262175550164,NA,NA,502.524351100328,514.182663194679,0.27233505435288,0.0992442343849689,0.0565520436060921,0.0286414274448544,0.000475293876939653,0.0195726837949201
"Utility","RSTD",76,100,171.634424859626,NA,NA,349.268849719253,360.927161813603,0.714246998308226,0.356464033480734,0.99999,0.577232105841013,0.0878397611786931,1.33508190601589
"Utility","RSTD",77,100,155.06905632283,NA,NA,316.138112645659,327.79642474001,0.165105299558491,0.62026000325568,0.426779677673189,0.233198080526161,0.222109072571647,2.11759630225509
"Utility","RSTD",78,100,156.934231882572,NA,NA,319.868463765144,331.526775859494,0.948594216490164,0.818483957787976,0.779183301782152,0.845602001678981,0.167863235759338,0.400698857048743
"Utility","RSTD",79,100,242.887146685374,NA,NA,491.774293370747,503.432605465098,0.641159480903298,0.713674181839451,0.366022597457643,0.258644999845735,0.0112977076781891,0.0414828715044559
"Utility","RSTD",80,100,75.0500134338256,NA,NA,156.100026867651,167.758338962002,0.602592710871249,0.798923129681498,0.537516446266698,0.500610415745777,0.671440657893225,1.65777598732141
"Utility","RSTD",81,100,97.1791919516785,NA,NA,200.358383903357,212.016695997707,0.0268326783552766,0.983408806612715,0.0162442432144438,0.00669112438961834,0.74609212648265,1.42827125892359
"Utility","RSTD",82,100,248.191876739612,NA,NA,502.383753479225,514.042065573575,0.390374890295789,0.210965643869713,0.028521715648404,0.0315059386509334,0.000579811816079329,0.0709301116876304
"Utility","RSTD",83,100,241.314297222464,NA,NA,488.628594444929,500.286906539279,0.909624356776476,0.0655163209885359,0.597910138945024,0.181320633314862,0.0136961238264655,0.479556284306279
"Utility","RSTD",84,100,93.5912129215983,NA,NA,193.182425843197,204.840737937547,0.894585720263422,0.928069569170475,0.822694626046002,0.851886352336985,0.541772020500827,0.784675157586944
"Utility","RSTD",85,100,187.905798774151,NA,NA,381.811597548301,393.469909642652,0.16712597804144,0.591124507132918,0.358180225113026,0.193362290962328,0.100179934917671,0.76918393555553
"Utility","RSTD",86,100,247.591558049628,NA,NA,501.183116099257,512.841428193607,0.0963515317998827,0.187938303221017,0.1347313545599,1e-05,0.00358715545822355,0.16646143142134
"Utility","RSTD",87,100,18.5142951630224,NA,NA,43.0285903260447,54.6869024203952,0.812582350103185,0.879132093861699,0.971471157907852,0.799728196902682,1.45803737374675,4.4038753097219
"Utility","RSTD",88,100,209.397539386827,NA,NA,424.795078773654,436.453390868004,0.448961209738627,0.690639521926641,0.431656111784899,0.390839463337239,0.0449953776616336,0.123227803417321
"Utility","RSTD",89,100,181.584827704862,NA,NA,369.169655409725,380.827967504075,0.352596259210259,0.519048273330554,0.525395771439328,0.342215229345287,0.104152503627869,0.771270071114314
"Utility","RSTD",90,100,172.323150255132,NA,NA,350.646300510264,362.304612604614,0.7131295024883,0.112127762287855,0.477972671111836,0.458336801199643,0.170071997180463,3.4174234716404
"Utility","RSTD",91,100,244.465754846417,NA,NA,494.931509692834,506.589821787185,0.102771484525874,0.0985191510990262,0.284465000646161,0.234745011378127,0.00970425647696079,0.348240172024816
"Utility","RSTD",92,100,219.259952343972,NA,NA,444.519904687944,456.178216782294,0.14997310237959,0.461772011825815,0.363962120580316,0.315918210302037,0.0335268045573453,0.261333189609714
"Utility","RSTD",93,100,142.776422706746,NA,NA,291.552845413492,303.211157507843,0.435881547397003,0.7804279406555,0.631177056511394,0.408977384087922,0.219973723627738,0.681397345848382
"Utility","RSTD",94,100,19.373590373825,NA,NA,44.7471807476499,56.4054928420004,0.975024477113038,0.799848798895255,0.951547493604618,0.906983227826276,4.08182603383744,4.33281822849937
"Utility","RSTD",95,100,169.415170593168,NA,NA,344.830341186335,356.488653280686,0.723246149485931,0.623378630494699,0.799504321807899,0.597173366653301,0.115721232962214,0.45622572209686
"Utility","RSTD",96,100,205.767876616994,NA,NA,417.535753233989,429.194065328339,0.323681306792423,0.444453429430723,0.409184334390148,0.315139935270055,0.0509026816476804,0.446843124460429
"Utility","RSTD",97,100,244.064292570749,NA,NA,494.128585141497,505.786897235848,0.521510650403798,0.40949847153388,0.0613876079431257,1e-05,0.00981619703920615,0.118169202112595
"Utility","RSTD",98,100,157.304091392669,NA,NA,320.608182785339,332.266494879689,0.418908317107707,0.978637758642435,0.678460638046722,0.477402397526978,0.161096149316111,0.211078092921525
"Utility","RSTD",99,100,157.940294128689,NA,NA,321.880588257378,333.538900351729,0.78953983867541,0.418743934947997,0.71843857715736,0.609367668795881,0.164419785637545,2.49348991278757
"Utility","RSTD",100,100,221.804378012077,NA,NA,449.608756024154,461.267068118505,0.956703607924283,0.607802340993658,0.647048665953279,0.40669228473222,0.0298383093235486,0.108669338996542
"Utility","Utility",1,100,118.452384684518,NA,NA,242.904769369037,254.563081463387,0.285107890376821,0.724670132622123,0.398219935312111,0.526730671825081,3.31979333290242,1.43561604238095
"Utility","Utility",2,100,232.709729623357,NA,NA,471.419459246715,483.077771341065,0.950232450617477,0.206436974462122,0.54172177996802,0.174266593704043,0.409177148318856,0.364579517394304
"Utility","Utility",3,100,201.527790580374,NA,NA,409.055581160749,420.713893255099,0.536011227406561,0.200363578274846,0.438089893398872,0.113253394503418,1.42343927916969,1.00568439900399
"Utility","Utility",4,100,210.146681303665,NA,NA,426.293362607329,437.95167470168,0.321220333920792,0.649332832079381,0.340255219222575,0.0013565076283405,1.65581749427743,0.142882495187223
"Utility","Utility",5,100,116.539066266025,NA,NA,239.078132532051,250.736444626401,0.525106647517532,0.973066303646192,0.693531298225834,0.340095712718358,9.99999,0.392999498639256
"Utility","Utility",6,100,34.2792749637888,NA,NA,74.5585499275776,86.2168620219281,0.895209939451888,0.943225271301344,0.926430520227347,0.634145315474301,9.99999,3.35385648889427
"Utility","Utility",7,100,246.045058177946,NA,NA,498.090116355891,509.748428450242,0.753931205254048,0.197620301274583,0.421794254459933,1e-05,0.261986792710641,0.18983699940145
"Utility","Utility",8,100,104.650608730426,NA,NA,215.301217460853,226.959529555203,0.0560640415642411,0.783013365231454,0.0513744295954423,0.70717707074564,4.59283886287253,3.41441693140154
"Utility","Utility",9,100,148.298029562443,NA,NA,302.596059124886,314.254371219236,0.479448032099754,0.989872474921867,0.651759649260023,0.506645496856565,1.88065706290664,0.208000437050192
"Utility","Utility",10,100,58.3144053015791,NA,NA,122.628810603158,134.287122697509,0.711294803768396,0.788163986755535,0.770187807705666,0.540654189851567,7.17012795457043,2.30973086307261
"Utility","Utility",11,100,58.4256509920717,NA,NA,122.851301984143,134.509614078494,0.5048349336721,0.797194604296237,0.61844216912911,0.484009496539863,9.99999,2.5054881726885
"Utility","Utility",12,100,177.259048581717,NA,NA,360.518097163435,372.176409257785,0.731893435353413,0.395451756194234,0.705997935291663,1e-05,3.56207066002312,0.618170124012977
"Utility","Utility",13,100,143.081377269402,NA,NA,292.162754538803,303.821066633154,0.275977379642427,0.511981163173914,0.37645616437727,0.294761959587119,5.78935015358103,2.39124982816227
"Utility","Utility",14,100,209.496579137069,NA,NA,424.993158274138,436.651470368489,0.226354157319292,0.16033569118008,0.328227763133389,1e-05,1.70336675516493,0.894037933978152
"Utility","Utility",15,100,42.7861901424085,NA,NA,91.5723802848171,103.230692379168,0.315573724219576,0.984172471100464,0.352421195652764,0.822671159541342,2.8517914236423,1.69604673600736
"Utility","Utility",16,100,149.481981175421,NA,NA,304.963962350841,316.622274445192,0.540354023920372,0.854036244563758,0.666970191696202,0.461828994206652,2.22346161385237,0.362152148856662
"Utility","Utility",17,100,183.486564932948,NA,NA,372.973129865896,384.631441960246,0.66359161795117,0.0660558908712119,0.656674811922047,1e-05,3.0794503051852,1.97567781611326
"Utility","Utility",18,100,153.440533086766,NA,NA,312.881066173532,324.539378267883,0.973287776112556,0.630256613949314,0.941423685881255,0.439637002673466,2.16941345163608,0.855529390233469
"Utility","Utility",19,100,160.116432046471,NA,NA,326.232864092942,337.891176187293,0.340647828998044,0.988910319516435,0.507358026446431,0.563672535202302,1.05630998397948,0.211397308856249
"Utility","Utility",20,100,191.507431392974,NA,NA,389.014862785949,400.673174880299,0.329378831898794,0.0628540490288287,0.322464755446187,1e-05,3.24510424118225,2.33967715737489
"Utility","Utility",21,100,244.213370663205,NA,NA,494.426741326411,506.085053420761,0.285566801903769,0.0508385861758143,0.40244222045342,1e-05,0.362775956223209,0.410096168983728
"Utility","Utility",22,100,171.417828365735,NA,NA,348.835656731469,360.49396882582,0.684979062527418,0.438995202770457,0.701112736004518,0.0444368891349538,4.1001793083922,0.685128960758448
"Utility","Utility",23,100,152.3062868252,NA,NA,310.6125736504,322.27088574475,0.529962481698021,0.27115519088693,0.583825035390585,0.103312559328794,6.46583934463345,2.69503675574873
"Utility","Utility",24,100,191.368240702376,NA,NA,388.736481404752,400.394793499102,0.779200294986367,0.728794121881947,0.816214693117186,0.126693844971828,1.51738586942062,0.160821524456017
"Utility","Utility",25,100,212.118555012796,NA,NA,430.237110025592,441.895422119943,0.0281218434683979,0.533772448310629,0.288739844381627,0.00238800621152779,1.5602058046964,0.225168376229703
"Utility","Utility",26,100,196.485761011228,NA,NA,398.971522022456,410.629834116807,0.128862570039928,0.17050133110024,0.241201099091088,1e-05,2.86226776490538,1.37515528589011
"Utility","Utility",27,100,70.6503292173882,NA,NA,147.300658434776,158.958970529127,0.980796684976667,0.860091791022569,0.959807610667812,0.832491496857134,1.4143697978078,1.2001721150753
"Utility","Utility",28,100,232.441982607376,NA,NA,470.883965214752,482.542277309102,0.633000507717952,0.959949327167124,0.446842840846807,0.406026383613087,0.182676395663542,0.0240202485583723
"Utility","Utility",29,100,143.189710143142,NA,NA,292.379420286284,304.037732380635,0.234798390883952,0.4054856733419,0.309443870191305,0.272946236110977,6.78378281979269,3.89528230370438
"Utility","Utility",30,100,242.749090049964,NA,NA,491.498180099927,503.156492194278,0.319981756620109,0.632078264839947,0.370065596104456,1e-05,0.428553206846387,0.0559587455590604
"Utility","Utility",31,100,65.8645962436098,NA,NA,137.72919248722,149.38750458157,0.417691254755482,0.885661983396858,0.534056959894006,0.46862844562902,9.99999,1.4762263855988
"Utility","Utility",32,100,246.045058177946,NA,NA,498.090116355891,509.748428450242,0.119032545015216,0.605491037247702,0.421794254459933,1e-05,0.261986792710641,0.0459982767437321
"Utility","Utility",33,100,51.2373129383728,NA,NA,108.474625876746,120.132937971096,0.824352919822559,0.753800751408562,0.851989359395526,0.492893328448209,9.99999,2.89878896835935
"Utility","Utility",34,100,117.540707918351,NA,NA,241.081415836702,252.739727931052,0.080542077543214,0.69156481907703,0.0731967811140339,0.62656030644493,4.56150440699081,3.2510444371212
"Utility","Utility",35,100,168.926204721252,NA,NA,343.852409442504,355.510721536854,0.788759883260354,0.407168375095353,0.765939848846746,0.0112434260878412,5.20109067353483,0.8810732345608
"Utility","Utility",36,100,146.883035854506,NA,NA,299.766071709012,311.424383803362,0.960197768406942,0.814909122884274,0.939685598771131,0.504007985607036,2.21405582528753,0.491239995229989
"Utility","Utility",37,100,232.67226245019,NA,NA,471.34452490038,483.00283699473,0.983733647270128,0.387793875532225,0.548395374398639,1e-05,0.782917577193354,0.184212701395154
"Utility","Utility",38,100,136.901000303536,NA,NA,279.802000607071,291.460312701422,0.640330957481638,0.661732341628522,0.760480944741641,0.264489078306682,9.99999,1.1015722423634
"Utility","Utility",39,100,111.01821442683,NA,NA,228.036428853661,239.694740948011,0.591888564871624,0.781977394130081,0.681408558842514,0.356333132089323,9.99999,1.17335850927503
"Utility","Utility",40,100,155.50788892192,NA,NA,317.01577784384,328.67408993819,0.185236022341996,0.927017299691215,0.222130383759725,0.679876515057236,1.09078050311785,0.406216487288475
"Utility","Utility",41,100,138.651513407125,NA,NA,283.30302681425,294.961338908601,0.5952471755445,0.540940156206489,0.712491292367656,0.239046983694746,9.45499914504633,1.71158919288757
"Utility","Utility",42,100,244.889686489236,NA,NA,495.779372978473,507.437685072823,0.265401779906824,0.195171546889469,0.408523246339363,1e-05,0.328549769056329,0.226954524639678
"Utility","Utility",43,100,248.081294268417,NA,NA,502.162588536835,513.820900631185,0.604935176437721,0.398145136190578,0.522559687807651,1e-05,0.0515029302044972,0.0485801249742508
"Utility","Utility",44,100,152.393371356058,NA,NA,310.786742712115,322.445054806466,0.470244030002505,0.685449249343947,0.623665409034619,0.358292763685325,2.93943903887437,0.648697707336396
"Utility","Utility",45,100,204.562619418359,NA,NA,415.125238836718,426.783550931069,0.371720403432846,0.503097830805928,0.369283077148206,0.217253125866974,0.927638350077057,0.322839245665818
"Utility","Utility",46,100,238.773659696988,NA,NA,483.547319393975,495.205631488326,0.361050225095823,0.370053818682209,0.389430711812044,1e-05,0.581961505480277,0.173567070005157
"Utility","Utility",47,100,67.9615488961017,NA,NA,141.923097792203,153.581409886554,0.594613759312779,0.789667062694207,0.66515447168753,0.487668134737684,8.77541067805902,2.04544003671947
"Utility","Utility",48,100,207.600497851077,NA,NA,421.200995702154,432.859307796504,0.628910263301805,0.0369398219045252,0.410057193613772,0.0166449128328224,1.64070319696212,1.35408596597136
"Utility","Utility",49,100,116.073839357171,NA,NA,238.147678714342,249.805990808692,0.254382238723338,0.857857148861513,0.370138591037616,0.516817903798806,4.06557318016285,0.936107955831003
"Utility","Utility",50,100,145.610291502161,NA,NA,297.220583004323,308.878895098673,0.629901704145595,0.59963444317691,0.649094701021694,0.40393407963543,3.09380784569819,1.13030682034315
"Utility","Utility",51,100,161.084763792315,NA,NA,328.169527584631,339.827839678981,0.958562755258754,0.446684151422232,0.855995802580659,0.288828945743898,3.04694706343557,1.46860518856885
"Utility","Utility",52,100,119.949954685746,NA,NA,245.899909371493,257.558221465843,0.378760501742363,0.716149265645072,0.605327360712,0.302994313590978,9.99999,1.1838285959837
"Utility","Utility",53,100,194.846386439688,NA,NA,395.692772879376,407.351084973727,0.843001339351758,0.428967847023159,0.798683883446016,1e-05,2.22927627504988,0.430095953866839
"Utility","Utility",54,100,109.868838994757,NA,NA,225.737677989514,237.395990083864,0.111280993092805,0.926345025887713,0.109337649115781,0.863856360303327,1.88635905769433,1.52358875974062
"Utility","Utility",55,100,56.892164351047,NA,NA,119.784328702094,131.442640796444,0.231767056509852,0.779834397835657,0.297377601965238,0.558791513277756,8.68300637232109,3.55762586234994
"Utility","Utility",56,100,75.8575608097009,NA,NA,157.715121619402,169.373433713752,0.386252531083301,0.815260800998658,0.488309751151535,0.436318378609888,9.99999,1.64474068483968
"Utility","Utility",57,100,216.590492643719,NA,NA,439.180985287438,450.839297381788,0.6529874894768,0.670282299863175,0.415390853846732,1e-05,1.36126472961579,0.116263606119901
"Utility","Utility",58,100,213.942923258704,NA,NA,433.885846517408,445.544158611758,0.560497718863189,0.274772666627541,0.3837300170401,0.196066657563002,0.736422995300734,0.529099578669097
"Utility","Utility",59,100,153.468928644799,NA,NA,312.937857289598,324.596169383949,0.597106330329552,0.589335348224267,0.698972678394922,0.298434249648239,3.92363864761414,0.931611171881569
"Utility","Utility",60,100,95.2573882346827,NA,NA,196.514776469365,208.173088563716,0.987134294584394,0.800411853706464,0.971643951536473,0.72519482078583,1.7849988473022,1.29764714087815
"Utility","Utility",61,100,243.580911286727,NA,NA,493.161822573453,504.820134667804,0.718285634880885,0.565618214197457,0.389024492043812,1e-05,0.391593742461111,0.0649159974418581
"Utility","Utility",62,100,179.83359864882,NA,NA,365.66719729764,377.32550939199,0.125127220060676,0.773224814096466,0.133980229124746,0.622228320818282,1.04118044713919,0.583291862625629
"Utility","Utility",63,100,248.150387533466,NA,NA,502.300775066932,513.959087161282,0.499009405029938,0.0988319513853639,0.457681772625003,1e-05,0.0226199148046961,0.092432988807559
"Utility","Utility",64,100,143.815542056788,NA,NA,293.631084113577,305.289396207927,0.333673485321924,0.454882015939802,0.406899320251532,0.300441328632554,5.59285748794223,2.70696423376415
"Utility","Utility",65,100,248.081294268417,NA,NA,502.162588536835,513.820900631185,0.810415166895837,0.0187283449340612,0.522559687807651,1e-05,0.0515029302044972,0.165121834239408
"Utility","Utility",66,100,216.949046455782,NA,NA,439.898092911564,451.556405005914,0.461979309096932,0.296923782210797,0.388862078908511,1e-05,1.3498740932146,0.458040716126561
"Utility","Utility",67,100,223.6379102357,NA,NA,453.275820471401,464.934132565751,0.285626433324069,0.528872283641249,0.307982778059248,1e-05,1.10067848974688,0.147296045374405
"Utility","Utility",68,100,168.961638728888,NA,NA,343.923277457777,355.581589552127,0.732509626774117,0.600311974063516,0.746308257328269,0.246745546545516,2.45801356051779,0.449271724574598
"Utility","Utility",69,100,162.683860650695,NA,NA,331.367721301389,343.02603339574,0.977929984452203,0.529096166603267,0.840593707486199,0.259480015416134,3.3349559459982,0.751786146880371
"Utility","Utility",70,100,227.87371985477,NA,NA,461.74743970954,473.40575180389,0.98177181975916,0.159414226887748,0.532115750253379,0.233111609647155,0.40030758832565,0.477379389107227
"Utility","Utility",71,100,247.777880479662,NA,NA,501.555760959324,513.214073053674,0.922829337418079,0.366323065012693,0.491231100122134,1e-05,0.110349903372511,0.0864430760253218
"Utility","Utility",72,100,191.841626346588,NA,NA,389.683252693176,401.341564787527,0.437475311337039,0.144657690776512,0.378302056065905,1e-05,3.18012554840157,1.51204245735464
"Utility","Utility",73,100,129.92765320474,NA,NA,265.855306409481,277.513618503831,0.0812403932213783,0.858433880610391,0.0742499849603778,0.795119143916337,2.04511183899913,1.57674626609245
"Utility","Utility",74,100,248.081294268417,NA,NA,502.162588536835,513.820900631185,0.769064010120928,0.423705151304603,0.522559687807651,1e-05,0.0515029302044972,0.0550090870819986
"Utility","Utility",75,100,248.170156529137,NA,NA,502.340313058273,513.998625152624,0.27233505435288,0.0992442343849689,0.0238213073008682,0.0162183414582997,0.00085890472623415,0.0195726837949201
"Utility","Utility",76,100,168.22869390473,NA,NA,342.45738780946,354.115699903811,0.714246998308226,0.356464033480734,0.749992526662314,0.0543565582876918,4.70699534094445,1.33508190601589
"Utility","Utility",77,100,142.175588759486,NA,NA,290.351177518973,302.009489613323,0.165105299558491,0.62026000325568,0.215888543116875,0.471202200355927,3.68700156824416,2.11759630225509
"Utility","Utility",78,100,156.501523585526,NA,NA,319.003047171053,330.661359265403,0.948594216490164,0.818483957787976,0.897182637696547,0.515914151062333,1.60394178617772,0.400698857048743
"Utility","Utility",79,100,242.781565582265,NA,NA,491.56313116453,503.22144325888,0.641159480903298,0.713674181839451,0.387131594949796,1e-05,0.426998588613971,0.0414828715044559
"Utility","Utility",80,100,73.5614411246394,NA,NA,153.122882249279,164.781194343629,0.602592710871249,0.798923129681498,0.667528843765735,0.484183712870892,8.29423266885173,1.65777598732141
"Utility","Utility",81,100,82.7288477720867,NA,NA,171.457695544173,183.116007638524,0.0268326783552766,0.983408806612715,0.0296137852189728,0.988108205500321,1.69205895394461,1.42827125892359
"Utility","Utility",82,100,248.150387533466,NA,NA,502.300775066932,513.959087161282,0.390374890295789,0.210965643869713,0.457681772625003,1e-05,0.0226199148046961,0.0709301116876304
"Utility","Utility",83,100,241.355219425532,NA,NA,488.710438851064,500.368750945414,0.909624356776476,0.0655163209885359,0.467619827399828,0.0199649951457216,0.445969735225615,0.479556284306279
"Utility","Utility",84,100,93.7901948787392,NA,NA,193.580389757478,205.238701851829,0.894585720263422,0.928069569170475,0.909647282575013,0.625432991699432,3.32592604292901,0.784675157586944
"Utility","Utility",85,100,182.921850322688,NA,NA,371.843700645376,383.502012739726,0.16712597804144,0.591124507132918,0.197763361874299,0.297272766200684,2.18786526391944,0.76918393555553
"Utility","Utility",86,100,247.573309429893,NA,NA,501.146618859785,512.804930954136,0.0963515317998827,0.187938303221017,0.37510808316341,1e-05,0.137304957612964,0.16646143142134
"Utility","Utility",87,100,14.1747598358549,NA,NA,34.3495196717098,46.0078317660603,0.812582350103185,0.879132093861699,0.846221581629038,0.99999,9.99999,4.4038753097219
"Utility","Utility",88,100,208.666231092243,NA,NA,423.332462184485,434.990774278836,0.448961209738627,0.690639521926641,0.389644937269145,0.126449595540605,1.10024241561877,0.123227803417321
"Utility","Utility",89,100,179.463945341703,NA,NA,364.927890683405,376.586202777756,0.352596259210259,0.519048273330554,0.458214006757141,0.269872151981114,1.78757185676635,0.771270071114314
"Utility","Utility",90,100,162.46837641514,NA,NA,330.93675283028,342.595064924631,0.7131295024883,0.112127762287855,0.692239859772584,0.0169457353767885,6.65293211641346,3.4174234716404
"Utility","Utility",91,100,244.213370663205,NA,NA,494.426741326411,506.085053420761,0.102771484525874,0.0985191510990262,0.40244222045342,1e-05,0.362775956223209,0.348240172024816
"Utility","Utility",92,100,218.658399068891,NA,NA,443.316798137782,454.975110232133,0.14997310237959,0.461772011825815,0.327898477273768,0.0487282328265586,1.06843717554672,0.261333189609714
"Utility","Utility",93,100,138.482015450034,NA,NA,282.964030900068,294.622342994418,0.435881547397003,0.7804279406555,0.659970267983388,0.259744207591991,9.99999,0.681397345848382
"Utility","Utility",94,100,21.7374208202582,NA,NA,49.4748416405164,61.1331537348669,0.975024477113038,0.799848798895255,0.929868071572793,0.838735988682264,9.66281163727891,4.33281822849937
"Utility","Utility",95,100,166.714432332849,NA,NA,339.428864665698,351.087176760048,0.723246149485931,0.623378630494699,0.735961667974521,0.331427783977754,2.11572220126418,0.45622572209686
"Utility","Utility",96,100,204.562619418359,NA,NA,415.125238836718,426.783550931069,0.323681306792423,0.444453429430723,0.369283077148206,0.217253125866974,0.927638350077057,0.446843124460429
"Utility","Utility",97,100,243.55109805474,NA,NA,493.10219610948,504.76050820383,0.521510650403798,0.40949847153388,0.370753323753683,1e-05,0.393114366094439,0.118169202112595
"Utility","Utility",98,100,155.868747845445,NA,NA,317.737495690889,329.39580778524,0.418908317107707,0.978637758642435,0.586694006468567,0.521574592762419,1.43970176347901,0.211078092921525
"Utility","Utility",99,100,152.596495521026,NA,NA,311.192991042052,322.851303136402,0.78953983867541,0.418743934947997,0.848126370169038,0.204096365113899,9.23711173964412,2.49348991278757
"Utility","Utility",100,100,221.710787433588,NA,NA,449.421574867177,461.079886961527,0.956703607924283,0.607802340993658,0.509623517765951,0.146698201387239,0.674968843434533,0.108669338996542
