"simulate_model","fit_model","iteration","ACC","LogL","LogPr","LogPo","AIC","BIC","input_param_1","input_param_2","output_param_1","output_param_2","output_param_3","input_param_3"
"TD","TD",1,100,-99.86,NA,NA,203.72,211.49,0.643091264180839,1.83357874206723,0.829520424963534,1.730692675686,NA,NA
"TD","TD",2,100,-90.81,NA,NA,185.62,193.39,0.724670132622123,2.43561604238095,0.809411575552737,1.31779602379115,NA,NA
"TD","TD",3,100,-105.08,NA,NA,214.16,221.93,0.950232450617477,3.03779015681686,0.883888689338552,3.05876296734906,NA,NA
"TD","TD",4,100,-106.01,NA,NA,216.02,223.79,0.682289758697152,1.07202245481312,0.78216290193088,1,NA,NA
"TD","TD",5,100,-111.26,NA,NA,226.52,234.29,0.200363578274846,2.00568439900399,0.15088183999283,1.07495175811432,NA,NA
"TD","TD",6,100,-123.78,NA,NA,251.56,259.33,0.321220333920792,1.29866566415876,0.150034422895086,1,NA,NA
"TD","TD",7,100,-249.54,NA,NA,503.08,510.85,0.571441247593611,1.05021329503506,0.01,1.01,NA,NA
"TD","TD",8,100,-109.76,NA,NA,223.52,231.29,0.973066303646192,1.39299949863926,0.87085543141396,1.13722484625485,NA,NA
"TD","TD",9,100,-124.48,NA,NA,252.96,260.73,0.895209939451888,1.00547373959183,0.855681466696618,1,NA,NA
"TD","TD",10,100,-136.74,NA,NA,277.48,285.25,0.0494146177079529,1.5078624105081,0.0464200568788358,1.0459176221879,NA,NA
"TD","TD",11,100,-125.75,NA,NA,255.5,263.27,0.197620301274583,1.18983699940145,0.134204095759653,1,NA,NA
"TD","TD",12,100,-123.69,NA,NA,251.38,259.15,0.0560640415642411,1.56602673046291,0.0621845510741805,1.16617570586568,NA,NA
"TD","TD",13,100,-122.22,NA,NA,248.44,256.21,0.051307131536305,2.23247370731968,0.0559294070316838,1.58992114247506,NA,NA
"TD","TD",14,100,-113.5,NA,NA,231,238.77,0.989872474921867,1.20800043705019,0.869046448913009,1.03284460642473,NA,NA
"TD","TD",15,100,-90.8,NA,NA,185.6,193.37,0.711294803768396,1.57632797351107,0.810244457783068,1.34963252310325,NA,NA
"TD","TD",16,100,-135.81,NA,NA,275.62,283.39,0.0768930825870484,1.0096698673442,0.0706025356363932,1.18412209445828,NA,NA
"TD","TD",17,100,-90.81,NA,NA,185.62,193.39,0.797194604296237,3.5054881726885,0.871756072670003,5.99335827060034,NA,NA
"TD","TD",18,100,-90.86,NA,NA,185.72,193.49,0.731893435353413,2.27495420533688,0.804754833433183,1.24491735666846,NA,NA
"TD","TD",19,100,-93.15,NA,NA,190.3,198.07,0.809085062006488,1.79705669912965,0.868097776528836,4.05729666721106,NA,NA
"TD","TD",20,100,-110.54,NA,NA,225.08,232.85,0.511981163173914,3.39124982816227,0.28612715007961,1.0504767316026,NA,NA
"TD","TD",21,100,-112.85,NA,NA,229.7,237.47,0.226354157319292,2.66897989056053,0.17182028797875,1.14211425128873,NA,NA
"TD","TD",22,100,-115.53,NA,NA,235.06,242.83,0.300222688354552,1.95544207743825,0.178632946757261,1.05893323771026,NA,NA
"TD","TD",23,100,-105.14,NA,NA,214.28,222.05,0.984172471100464,2.69604673600736,0.883823460852905,2.95277329136846,NA,NA
"TD","TD",24,100,-249.54,NA,NA,503.08,510.85,0.540354023920372,1.23410649768987,0.01,1.01,NA,NA
"TD","TD",25,100,-110.17,NA,NA,224.34,232.11,0.870058757020161,1.32718323590234,0.835583672945377,1,NA,NA
"TD","TD",26,100,-116.85,NA,NA,237.7,245.47,0.0660558908712119,2.97567781611326,0.0799146342586284,1.30733504821189,NA,NA
"TD","TD",27,100,-112.97,NA,NA,229.94,237.71,0.973287776112556,1.26051322789863,0.885975882441531,5.57816274052378,NA,NA
"TD","TD",28,100,-112.86,NA,NA,229.72,237.49,0.290595552418381,2.05573849655212,0.18294241435485,1.1181485684807,NA,NA
"TD","TD",29,100,-113.31,NA,NA,230.62,238.39,0.988910319516435,1.21139730885625,0.886900276326637,5.4468771832017,NA,NA
"TD","TD",30,100,-112.96,NA,NA,229.92,237.69,0.329378831898794,3.0851063261411,0.178452312671739,1.04001929706783,NA,NA
"TD","TD",31,100,-126.37,NA,NA,256.74,264.51,0.11878991080448,1.83541438817502,0.104085381382232,1.19155592712886,NA,NA
"TD","TD",32,100,-132.95,NA,NA,269.9,277.67,0.0508385861758143,1.41009616898373,0.0429796216958269,1.782546933332,NA,NA
"TD","TD",33,100,-90.8,NA,NA,185.6,193.37,0.684979062527418,1.75662852577144,0.811276132929761,1.35874890154151,NA,NA
"TD","TD",34,100,-113.56,NA,NA,231.12,238.89,0.842564480379224,1.05992496339604,0.854104209193868,1.52027870640165,NA,NA
"TD","TD",35,100,-114.31,NA,NA,232.62,240.39,0.27115519088693,3.69503675574873,0.181802927905407,1.0792192530119,NA,NA
"TD","TD",36,100,-97.78,NA,NA,199.56,207.33,0.779200294986367,1.45758824376389,0.863855955382599,3.20751789637581,NA,NA
"TD","TD",37,100,-104.55,NA,NA,213.1,220.87,0.982565350597724,4.92570209977795,0.885990178583902,4.16288313668997,NA,NA
"TD","TD",38,100,-249.54,NA,NA,503.08,510.85,0.533772448310629,1.2251683762297,0.01,1.01,NA,NA
"TD","TD",39,100,-126.04,NA,NA,256.08,263.85,0.128862570039928,2.75030500992181,0.106642707155406,1.19875511960631,NA,NA
"TD","TD",40,100,-123.85,NA,NA,251.7,259.47,0.420502026332542,1.08286330314484,0.148807313929036,1,NA,NA
"TD","TD",41,100,-93.01,NA,NA,190.02,197.79,0.860091791022569,2.2001721150753,0.872007990476786,4.76187851504862,NA,NA
"TD","TD",42,100,-108.31,NA,NA,220.62,228.39,0.633000507717952,1.31639195521562,0.769732101787126,1.0000125,NA,NA
"TD","TD",43,100,-110.54,NA,NA,225.08,232.85,0.512010124279186,3.01376353887389,0.286968321193549,1.05810322040615,NA,NA
"TD","TD",44,100,-112.52,NA,NA,229.04,236.81,0.4054856733419,4.89528230370438,0.277486607647634,1.01940477188938,NA,NA
"TD","TD",45,100,-123.78,NA,NA,251.56,259.33,0.319981756620109,1.26415652967989,0.151809069547356,1,NA,NA
"TD","TD",46,100,-105.77,NA,NA,215.54,223.31,0.947748523205519,2.36391219958187,0.874539095101203,1.3405475476912,NA,NA
"TD","TD",47,100,-113.13,NA,NA,230.26,238.03,0.885661983396858,2.4762263855988,0.849285322120236,1.00987728562154,NA,NA
"TD","TD",48,100,-133.92,NA,NA,271.84,279.61,0.119032545015216,1.2109820744954,0.113830813289373,1,NA,NA
"TD","TD",49,100,-104.17,NA,NA,212.34,220.11,0.931592519162223,1.64870583964512,0.884319005060149,4.11438167992437,NA,NA
"TD","TD",50,100,-90.89,NA,NA,185.78,193.55,0.753800751408562,3.89878896835935,0.848490357074243,2.52696794427431,NA,NA
"TD","TD",51,100,-125.89,NA,NA,255.78,263.55,0.080542077543214,1.38312963815406,0.0761305037382772,1.30397639078802,NA,NA
"TD","TD",52,100,-134.22,NA,NA,272.44,280.21,0.0462017410900444,1.57751976652071,0.0441589088700502,1.44046536447137,NA,NA
"TD","TD",53,100,-114.46,NA,NA,232.92,240.69,0.407168375095353,1.8810732345608,0.176965865879994,1,NA,NA
"TD","TD",54,100,-104.56,NA,NA,213.12,220.89,0.960197768406942,1.62981824576855,0.886146591155097,4.13026561583957,NA,NA
"TD","TD",55,100,-104.83,NA,NA,213.66,221.43,0.745619997614995,1.08382892229572,0.802205379756316,1,NA,NA
"TD","TD",56,100,-123.38,NA,NA,250.76,258.53,0.387793875532225,1.18421270139515,0.148024136928985,1,NA,NA
"TD","TD",57,100,-108.31,NA,NA,220.62,228.39,0.640330957481638,1.32346468325704,0.762734559314493,1,NA,NA
"TD","TD",58,100,-116.43,NA,NA,236.86,244.63,0.46626549679786,1.18377712974325,0.322309877239831,1,NA,NA
"TD","TD",59,100,-90.85,NA,NA,185.7,193.47,0.781977394130081,2.17335850927503,0.865348601619063,4.2286265588639,NA,NA
"TD","TD",60,100,-294.13,NA,NA,592.26,600.03,0.185236022341996,1.16209726792475,0.01,1.01,NA,NA
"TD","TD",61,100,-98.85,NA,NA,201.7,209.47,0.703108243644238,1.190494351089,0.778148867252009,1.03297529355345,NA,NA
"TD","TD",62,100,-105.31,NA,NA,214.62,222.39,0.540940156206489,2.71158919288757,0.325593370196146,1.0305717796857,NA,NA
"TD","TD",63,100,-114.31,NA,NA,232.62,240.39,0.265401779906824,2.94766673623564,0.18310273506434,1.093350453688,NA,NA
"TD","TD",64,100,-120.63,NA,NA,245.26,253.03,0.897607917198911,1.20987035287544,0.857951137735037,1,NA,NA
"TD","TD",65,100,-123.85,NA,NA,251.7,259.47,0.398145136190578,1.04858012497425,0.14769398518199,1,NA,NA
"TD","TD",66,100,-122.7,NA,NA,249.4,257.17,0.470244030002505,1.37089849868789,0.15203970254909,1,NA,NA
"TD","TD",67,100,-93.45,NA,NA,190.9,198.67,0.824348853668198,2.18002879429133,0.813911327741808,1.13850395761969,NA,NA
"TD","TD",68,100,-108.9,NA,NA,221.8,229.57,0.503097830805928,1.32283924566582,0.328866490251594,1,NA,NA
"TD","TD",69,100,-115.19,NA,NA,234.38,242.15,0.361050225095823,2.17336245528878,0.199721310007712,1.03024957420819,NA,NA
"TD","TD",70,100,-112.84,NA,NA,229.68,237.45,0.964988884748891,1.18922751862556,0.858519637877716,1.02363802441333,NA,NA
"TD","TD",71,100,-90.86,NA,NA,185.72,193.49,0.789667062694207,3.04544003671947,0.86151640082906,3.75281650978745,NA,NA
"TD","TD",72,100,-94.97,NA,NA,193.94,201.71,0.628910263301805,3.95466302318459,0.791201216374184,1.11158078439965,NA,NA
"TD","TD",73,100,-115.38,NA,NA,234.76,242.53,0.415234696352854,1.7106761354533,0.183025208309395,1,NA,NA
"TD","TD",74,100,-93.03,NA,NA,190.06,197.83,0.857857148861513,1.936107955831,0.870486181101732,4.26924517565418,NA,NA
"TD","TD",75,100,-108.31,NA,NA,220.62,228.39,0.629901704145595,1.19926888635382,0.765581209559478,1,NA,NA
"TD","TD",76,100,-121.25,NA,NA,246.5,254.27,0.359289909945801,1.36449700228535,0.163882861683657,1.02063875912159,NA,NA
"TD","TD",77,100,-112.53,NA,NA,229.06,236.83,0.446684151422232,2.46860518856885,0.277816062409233,1,NA,NA
"TD","TD",78,100,-117.78,NA,NA,239.56,247.33,0.378760501742363,1.43229853129014,0.162415168495931,1.04822496567925,NA,NA
"TD","TD",79,100,-117.78,NA,NA,239.56,247.33,0.372670353855938,1.68600267870352,0.163020490864347,1.04432291813843,NA,NA
"TD","TD",80,100,-119.14,NA,NA,242.28,250.05,0.428967847023159,1.43009595386684,0.154745150093434,1,NA,NA
"TD","TD",81,100,-135.22,NA,NA,274.44,282.21,0.111280993092805,1.04204804978253,0.0994945311747224,1,NA,NA
"TD","TD",82,100,-115.34,NA,NA,234.68,242.45,0.142161799827591,2.60663627263189,0.117623899053574,1.23232887096264,NA,NA
"TD","TD",83,100,-90.8,NA,NA,185.6,193.37,0.779834397835657,4.55762586234994,0.815398571104382,1.41347463303098,NA,NA
"TD","TD",84,100,-114.46,NA,NA,232.92,240.69,0.386252531083301,1.63052160199732,0.176754316079904,1,NA,NA
"TD","TD",85,100,-122.38,NA,NA,248.76,256.53,0.23896856745705,1.3059749789536,0.147914115418984,1.0125,NA,NA
"TD","TD",86,100,-106.86,NA,NA,217.72,225.49,0.670282299863175,1.1162636061199,0.799195983407877,1.18875239021268,NA,NA
"TD","TD",87,100,-244.49,NA,NA,492.98,500.75,0.560497718863189,1.79223784707011,0.01,1.01,NA,NA
"TD","TD",88,100,-116.38,NA,NA,236.76,244.53,0.915246691787615,1.1942126606591,0.862969970404495,1,NA,NA
"TD","TD",89,100,-108.74,NA,NA,221.48,229.25,0.589335348224267,1.93161117188157,0.546024352412027,1,NA,NA
"TD","TD",90,100,-104.77,NA,NA,213.54,221.31,0.987134294584394,1.60082370741293,0.885319334484988,3.65145987722388,NA,NA
"TD","TD",91,100,-116.07,NA,NA,236.14,243.91,0.401124990079552,1.43657126976177,0.150904237512213,1,NA,NA
"TD","TD",92,100,-121.77,NA,NA,247.54,255.31,0.565618214197457,1.06491599744186,0.611573836354027,1,NA,NA
"TD","TD",93,100,-127.12,NA,NA,258.24,266.01,0.125127220060676,1.54644962819293,0.1145860136832,1.06934145954078,NA,NA
"TD","TD",94,100,-93.23,NA,NA,190.46,198.23,0.791645931312814,1.76679624943127,0.856034039593107,2.57304102114036,NA,NA
"TD","TD",95,100,-137.34,NA,NA,278.68,286.45,0.0988319513853639,1.09243298880756,0.0867148521219785,1.04821486541173,NA,NA
"TD","TD",96,100,-115.58,NA,NA,235.16,242.93,0.333673485321924,1.79963922020125,0.184939350448504,1.0971822457479,NA,NA
"TD","TD",97,100,-132.63,NA,NA,269.26,277.03,0.10172016825527,1.62083033379167,0.103955536895433,1.01417096288086,NA,NA
"TD","TD",98,100,-140.49,NA,NA,284.98,292.75,0.0187283449340612,1.16512183423941,0.0203905437405842,1.21309752494011,NA,NA
"TD","TD",99,100,-267.91,NA,NA,539.82,547.59,0.461979309096932,1.88084230940313,0.01,1.01,NA,NA
"TD","TD",100,100,-90.85,NA,NA,185.7,193.47,0.729020358063281,1.83565291385622,0.865555674345331,4.22135072571981,NA,NA
"TD","RSTD",1,100,-98.72,NA,NA,203.44,215.1,0.643091264180839,1.83357874206723,0.616477912322871,0.739216320206539,1.09470963850709,NA
"TD","RSTD",2,100,-90.56,NA,NA,187.12,198.78,0.724670132622123,2.43561604238095,0.4050429789983,0.677646001689715,2.05529284650102,NA
"TD","RSTD",3,100,-103.81,NA,NA,213.62,225.28,0.950232450617477,3.03779015681686,0.843300855249697,0.881649640865032,5.06479911925319,NA
"TD","RSTD",4,100,-109.03,NA,NA,224.06,235.72,0.682289758697152,1.07202245481312,0.224972819433525,0.50629164374739,4.82334319400847,NA
"TD","RSTD",5,100,-110.97,NA,NA,227.94,239.6,0.200363578274846,2.00568439900399,0.154578602314464,0.144951235935885,1.01915192429106,NA
"TD","RSTD",6,100,-123.78,NA,NA,253.56,265.22,0.321220333920792,1.29866566415876,0.151866253026209,0.150842991389809,1.00270974259054,NA
"TD","RSTD",7,100,-116.98,NA,NA,239.96,251.62,0.571441247593611,1.05021329503506,0.193103655767534,0.31669320095865,1,NA
"TD","RSTD",8,100,-104.76,NA,NA,215.52,227.18,0.973066303646192,1.39299949863926,0.155909399055653,0.470543076153125,1.04615877873808,NA
"TD","RSTD",9,100,-125.37,NA,NA,256.74,268.4,0.895209939451888,1.00547373959183,0.126233343244857,0.308661441156306,1.156992883355,NA
"TD","RSTD",10,100,-135.75,NA,NA,277.5,289.16,0.0494146177079529,1.5078624105081,0.0384413523499792,0.0330764706834181,1.00063585620942,NA
"TD","RSTD",11,100,-124.25,NA,NA,254.5,266.16,0.197620301274583,1.18983699940145,0.129860449484486,0.115087943013869,1.0159098923178,NA
"TD","RSTD",12,100,-124.78,NA,NA,255.56,267.22,0.0560640415642411,1.56602673046291,0.0618408750223162,0.0564516092993414,1.00376456017518,NA
"TD","RSTD",13,100,-120.66,NA,NA,247.32,258.98,0.051307131536305,2.23247370731968,0.0511719863532929,0.0470693915010794,1.6502076614703,NA
"TD","RSTD",14,100,-108.37,NA,NA,222.74,234.4,0.989872474921867,1.20800043705019,0.154170366418326,0.461480511099371,1,NA
"TD","RSTD",15,100,-90.75,NA,NA,187.5,199.16,0.711294803768396,1.57632797351107,0.701963086007041,0.81835750816746,2.53317729835168,NA
"TD","RSTD",16,100,-134.61,NA,NA,275.22,286.88,0.0768930825870484,1.0096698673442,0.0672670241042626,0.0589342751017643,1.0173697288381,NA
"TD","RSTD",17,100,-90.47,NA,NA,186.94,198.6,0.797194604296237,3.5054881726885,0.263332841314876,0.570724152634381,4.36253787835436,NA
"TD","RSTD",18,100,-90.59,NA,NA,187.18,198.84,0.731893435353413,2.27495420533688,0.497178870223376,0.751656709291047,2.73300732662814,NA
"TD","RSTD",19,100,-93.64,NA,NA,193.28,204.94,0.809085062006488,1.79705669912965,0.302026400758519,0.59864965628618,2.32381876020634,NA
"TD","RSTD",20,100,-107.5,NA,NA,221,232.66,0.511981163173914,3.39124982816227,1,0.477203860509493,1.08514601044368,NA
"TD","RSTD",21,100,-111.17,NA,NA,228.34,240,0.226354157319292,2.66897989056053,0.290279015485037,0.229702146203437,1.0715637582944,NA
"TD","RSTD",22,100,-116.52,NA,NA,239.04,250.7,0.300222688354552,1.95544207743825,0.26367868869709,0.227593679634914,2.09285177966445,NA
"TD","RSTD",23,100,-103.67,NA,NA,213.34,225,0.984172471100464,2.69604673600736,0.466509130748222,0.788661204728019,1.34616547123134,NA
"TD","RSTD",24,100,-111.94,NA,NA,229.88,241.54,0.540354023920372,1.23410649768987,0.182540872191208,0.275097939006586,1,NA
"TD","RSTD",25,100,-107.53,NA,NA,221.06,232.72,0.870058757020161,1.32718323590234,0.16596480560103,0.352273068500191,1.02628981293758,NA
"TD","RSTD",26,100,-114.73,NA,NA,235.46,247.12,0.0660558908712119,2.97567781611326,0.0828327573280659,0.0675099285734268,1.00952643948944,NA
"TD","RSTD",27,100,-111.1,NA,NA,228.2,239.86,0.973287776112556,1.26051322789863,0.400476553012004,0.742656299577827,1.13195851872951,NA
"TD","RSTD",28,100,-111.06,NA,NA,228.12,239.78,0.290595552418381,2.05573849655212,0.33315988687228,0.252389474762414,1.05183747241054,NA
"TD","RSTD",29,100,-111.64,NA,NA,229.28,240.94,0.988910319516435,1.21139730885625,0.530266584193881,0.804647409018694,1.00639556415214,NA
"TD","RSTD",30,100,-111.08,NA,NA,228.16,239.82,0.329378831898794,3.0851063261411,0.339963919728794,0.256305151364086,1.02840160049022,NA
"TD","RSTD",31,100,-118.26,NA,NA,242.52,254.18,0.11878991080448,1.83541438817502,0.10066592564841,0.0780654697659421,1.19458607340423,NA
"TD","RSTD",32,100,-135.75,NA,NA,277.5,289.16,0.0508385861758143,1.41009616898373,0.0384413523499792,0.0330764706834181,1.00063585620942,NA
"TD","RSTD",33,100,-90.68,NA,NA,187.36,199.02,0.684979062527418,1.75662852577144,0.589388497513532,0.771989585494854,2.02055446461668,NA
"TD","RSTD",34,100,-115.2,NA,NA,236.4,248.06,0.842564480379224,1.05992496339604,0.254123058238366,0.581713376473447,3.83479318949762,NA
"TD","RSTD",35,100,-111.85,NA,NA,229.7,241.36,0.27115519088693,3.69503675574873,0.351971123846598,0.256027018509924,1.02606467797404,NA
"TD","RSTD",36,100,-98.49,NA,NA,202.98,214.64,0.779200294986367,1.45758824376389,1,0.881048874063667,3.45330274820186,NA
"TD","RSTD",37,100,-103.72,NA,NA,213.44,225.1,0.982565350597724,4.92570209977795,0.504406892159278,0.803646029012924,1.2640425222153,NA
"TD","RSTD",38,100,-111.94,NA,NA,229.88,241.54,0.533772448310629,1.2251683762297,0.185208021106151,0.279160909413511,1,NA
"TD","RSTD",39,100,-112.37,NA,NA,230.74,242.4,0.128862570039928,2.75030500992181,0.0972907584810978,0.0721143789346655,1.41661068301085,NA
"TD","RSTD",40,100,-123.8,NA,NA,253.6,265.26,0.420502026332542,1.08286330314484,0.149624827538251,0.154774751202975,1,NA
"TD","RSTD",41,100,-92.97,NA,NA,191.94,203.6,0.860091791022569,2.2001721150753,0.808825919087804,0.857667912827262,3.60178923187754,NA
"TD","RSTD",42,100,-111.74,NA,NA,229.48,241.14,0.633000507717952,1.31639195521562,0.159058752225436,0.222629238130884,1.14301821462379,NA
"TD","RSTD",43,100,-107.52,NA,NA,221.04,232.7,0.512010124279186,3.01376353887389,1,0.48010786479572,1.10915227733439,NA
"TD","RSTD",44,100,-108.64,NA,NA,223.28,234.94,0.4054856733419,4.89528230370438,1,0.467212690472731,1,NA
"TD","RSTD",45,100,-124.51,NA,NA,255.02,266.68,0.319981756620109,1.26415652967989,0.161370263643012,0.147809955300815,1,NA
"TD","RSTD",46,100,-101.06,NA,NA,208.12,219.78,0.947748523205519,2.36391219958187,0.151578903922915,0.455544205633166,1.11375539277897,NA
"TD","RSTD",47,100,-112.51,NA,NA,231.02,242.68,0.885661983396858,2.4762263855988,0.580876095629723,0.794037762325128,1.02389341305013,NA
"TD","RSTD",48,100,-130.83,NA,NA,267.66,279.32,0.119032545015216,1.2109820744954,0.0936948558790019,0.075591020735683,1.28516414448488,NA
"TD","RSTD",49,100,-103.38,NA,NA,212.76,224.42,0.931592519162223,1.64870583964512,0.508309557581434,0.792736747300366,1.44430360956864,NA
"TD","RSTD",50,100,-90.58,NA,NA,187.16,198.82,0.753800751408562,3.89878896835935,0.254791609196831,0.528353072787773,2.87145078661954,NA
"TD","RSTD",51,100,-124.05,NA,NA,254.1,265.76,0.080542077543214,1.38312963815406,0.0752243177948587,0.0644989728472679,1.05274741493756,NA
"TD","RSTD",52,100,-135.62,NA,NA,277.24,288.9,0.0462017410900444,1.57751976652071,0.0356515558681119,0.028911305998041,1.00068391987022,NA
"TD","RSTD",53,100,-114.11,NA,NA,234.22,245.88,0.407168375095353,1.8810732345608,0.926358512085177,0.430651549602567,1,NA
"TD","RSTD",54,100,-106.79,NA,NA,219.58,231.24,0.960197768406942,1.62981824576855,0.947251528161301,0.879722739131389,1.10198063970462,NA
"TD","RSTD",55,100,-104.85,NA,NA,215.7,227.36,0.745619997614995,1.08382892229572,0.512386260175148,0.707176550394019,1.02104078197069,NA
"TD","RSTD",56,100,-123.38,NA,NA,252.76,264.42,0.387793875532225,1.18421270139515,0.147197239059142,0.14664905462552,1,NA
"TD","RSTD",57,100,-107.77,NA,NA,221.54,233.2,0.640330957481638,1.32346468325704,0.522569343858027,0.674672399877542,1,NA
"TD","RSTD",58,100,-113.43,NA,NA,232.86,244.52,0.46626549679786,1.18377712974325,0.166957731029731,0.214011888604001,1,NA
"TD","RSTD",59,100,-90.65,NA,NA,187.3,198.96,0.781977394130081,2.17335850927503,0.648667374039158,0.82399769484546,4.76418079738209,NA
"TD","RSTD",60,100,-127.5,NA,NA,261,272.66,0.185236022341996,1.16209726792475,0.126483022057415,0.113216517573449,1,NA
"TD","RSTD",61,100,-99.81,NA,NA,205.62,217.28,0.703108243644238,1.190494351089,0.570132931053525,0.791485667341239,3.54954157872838,NA
"TD","RSTD",62,100,-102.27,NA,NA,210.54,222.2,0.540940156206489,2.71158919288757,0.15640200804513,0.208256154156709,1.22450809000039,NA
"TD","RSTD",63,100,-117.11,NA,NA,240.22,251.88,0.265401779906824,2.94766673623564,0.330185772980808,0.254842840746263,3.78561296724233,NA
"TD","RSTD",64,100,-118.17,NA,NA,242.34,254,0.897607917198911,1.20987035287544,0.162770099033087,0.45230102175325,1,NA
"TD","RSTD",65,100,-123.8,NA,NA,253.6,265.26,0.398145136190578,1.04858012497425,0.150414316038562,0.155023296308823,1,NA
"TD","RSTD",66,100,-120.91,NA,NA,247.82,259.48,0.470244030002505,1.37089849868789,0.163898276632065,0.193401395456045,1.00018239901496,NA
"TD","RSTD",67,100,-93.02,NA,NA,192.04,203.7,0.824348853668198,2.18002879429133,0.681261032297838,0.803269235883983,1.62078335680364,NA
"TD","RSTD",68,100,-106.97,NA,NA,219.94,231.6,0.503097830805928,1.32283924566582,0.149699684727777,0.19089622677764,1.00750546926344,NA
"TD","RSTD",69,100,-113.49,NA,NA,232.98,244.64,0.361050225095823,2.17336245528878,0.479135389465007,0.325836365238186,1,NA
"TD","RSTD",70,100,-111.01,NA,NA,228.02,239.68,0.964988884748891,1.18922751862556,0.409558008560039,0.74440461426381,1.02416347550915,NA
"TD","RSTD",71,100,-90.65,NA,NA,187.3,198.96,0.789667062694207,3.04544003671947,0.656519356459341,0.826483075759732,4.82214033552857,NA
"TD","RSTD",72,100,-94.87,NA,NA,195.74,207.4,0.628910263301805,3.95466302318459,0.457240787695227,0.672490669474958,1.21258665403113,NA
"TD","RSTD",73,100,-113.79,NA,NA,233.58,245.24,0.415234696352854,1.7106761354533,0.959207651371204,0.447512668014253,1,NA
"TD","RSTD",74,100,-92.88,NA,NA,191.76,203.42,0.857857148861513,1.936107955831,0.58715666666165,0.80629052534045,3.71920063504638,NA
"TD","RSTD",75,100,-107.78,NA,NA,221.56,233.22,0.629901704145595,1.19926888635382,0.245242028739249,0.416908557329448,1,NA
"TD","RSTD",76,100,-122.34,NA,NA,250.68,262.34,0.359289909945801,1.36449700228535,0.359500408296299,0.272916770644013,1,NA
"TD","RSTD",77,100,-108.64,NA,NA,223.28,234.94,0.446684151422232,2.46860518856885,1,0.46502415328601,1,NA
"TD","RSTD",78,100,-117.96,NA,NA,241.92,253.58,0.378760501742363,1.43229853129014,0.479029414611881,0.320266974636293,1,NA
"TD","RSTD",79,100,-117.96,NA,NA,241.92,253.58,0.372670353855938,1.68600267870352,0.478734743746373,0.319569954787886,1,NA
"TD","RSTD",80,100,-117.35,NA,NA,240.7,252.36,0.428967847023159,1.43009595386684,0.163282457824771,0.192906311726005,1,NA
"TD","RSTD",81,100,-132.14,NA,NA,270.28,281.94,0.111280993092805,1.04204804978253,0.0965859695860069,0.0807961745771436,1.00606577642472,NA
"TD","RSTD",82,100,-128.68,NA,NA,263.36,275.02,0.142161799827591,2.60663627263189,0.871988696712896,0.252211742596322,1,NA
"TD","RSTD",83,100,-90.59,NA,NA,187.18,198.84,0.779834397835657,4.55762586234994,0.311888705812781,0.590872888698719,2.1088702904856,NA
"TD","RSTD",84,100,-115.99,NA,NA,237.98,249.64,0.386252531083301,1.63052160199732,0.380937622731056,0.300938922664862,1.26125921019589,NA
"TD","RSTD",85,100,-131.21,NA,NA,268.42,280.08,0.23896856745705,1.3059749789536,0.125817003516207,0.134166188704653,3.66013976483926,NA
"TD","RSTD",86,100,-108.87,NA,NA,223.74,235.4,0.670282299863175,1.1162636061199,0.33453018996998,0.616500274880576,2.23810485187839,NA
"TD","RSTD",87,100,-105.77,NA,NA,217.54,229.2,0.560497718863189,1.79223784707011,0.1882763326751,0.288826644585125,1.02834527626987,NA
"TD","RSTD",88,100,-117.56,NA,NA,241.12,252.78,0.915246691787615,1.1942126606591,0.556591920719792,0.820844027549576,5.01074931580742,NA
"TD","RSTD",89,100,-105.17,NA,NA,216.34,228,0.589335348224267,1.93161117188157,0.207526027488347,0.337647175233154,1.01318518845384,NA
"TD","RSTD",90,100,-103.94,NA,NA,213.88,225.54,0.987134294584394,1.60082370741293,0.545046829011881,0.821251619523395,3.27162410274752,NA
"TD","RSTD",91,100,-115.79,NA,NA,237.58,249.24,0.401124990079552,1.43657126976177,0.149815362103865,0.159333827878195,1.02964968825692,NA
"TD","RSTD",92,100,-116.96,NA,NA,239.92,251.58,0.565618214197457,1.06491599744186,0.190230157148591,0.305789410152398,1,NA
"TD","RSTD",93,100,-124.5,NA,NA,255,266.66,0.125127220060676,1.54644962819293,0.10965205208104,0.0934793114082363,1.07314008153884,NA
"TD","RSTD",94,100,-93.02,NA,NA,192.04,203.7,0.791645931312814,1.76679624943127,0.535798657129411,0.778862627816953,2.78423640711795,NA
"TD","RSTD",95,100,-135.5,NA,NA,277,288.66,0.0988319513853639,1.09243298880756,0.0845774200504882,0.0750987984920166,1.02964706540135,NA
"TD","RSTD",96,100,-114.22,NA,NA,234.44,246.1,0.333673485321924,1.79963922020125,0.412313990767156,0.299990469262852,1,NA
"TD","RSTD",97,100,-128.58,NA,NA,263.16,274.82,0.10172016825527,1.62083033379167,0.095150265101353,0.077658363998907,1.10453436990242,NA
"TD","RSTD",98,100,-139.89,NA,NA,285.78,297.44,0.0187283449340612,1.16512183423941,0.012660605540852,0.00799679405905032,1.018146386778,NA
"TD","RSTD",99,100,-114.55,NA,NA,235.1,246.76,0.461979309096932,1.88084230940313,0.167763311383563,0.201101383010225,1,NA
"TD","RSTD",100,100,-90.42,NA,NA,186.84,198.5,0.729020358063281,1.83565291385622,0.365624262165609,0.692580549629602,4.999441356405,NA
"TD","Utility",1,100,-98.79,NA,NA,203.58,215.24,0.643091264180839,1.83357874206723,0.848603001463685,0.749119973169744,3.59171247174713,NA
"TD","Utility",2,100,-90.91,NA,NA,187.82,199.48,0.724670132622123,2.43561604238095,0.852417188171605,0.918668949437891,2.92807834918969,NA
"TD","Utility",3,100,-105.31,NA,NA,216.62,228.28,0.950232450617477,3.03779015681686,0.890758586706315,0.947718832147256,3.62073716155434,NA
"TD","Utility",4,100,-105.88,NA,NA,217.76,229.42,0.682289758697152,1.07202245481312,0.828191549078541,0.805113765987719,2.38552841817932,NA
"TD","Utility",5,100,-111,NA,NA,228,239.66,0.200363578274846,2.00568439900399,0.140162224117951,0.921595714873839,1.51258635690726,NA
"TD","Utility",6,100,-123.77,NA,NA,253.54,265.2,0.321220333920792,1.29866566415876,0.151251611750613,0.986534538045657,1.03206649185571,NA
"TD","Utility",7,100,-119.35,NA,NA,244.7,256.36,0.571441247593611,1.05021329503506,0.718041581952546,0.940689708900251,1,NA
"TD","Utility",8,100,-110.02,NA,NA,226.04,237.7,0.973066303646192,1.39299949863926,0.898271183692568,0.804959146077683,2.93044859750467,NA
"TD","Utility",9,100,-124.09,NA,NA,254.18,265.84,0.895209939451888,1.00547373959183,0.879236867741655,0.812995252563157,2.10245673207813,NA
"TD","Utility",10,100,-130.47,NA,NA,266.94,278.6,0.0494146177079529,1.5078624105081,0.0351737678524858,0.9035791478087,2.89825193070179,NA
"TD","Utility",11,100,-127.65,NA,NA,261.3,272.96,0.197620301274583,1.18983699940145,0.0895930499429358,0.749171765399045,3.73817000695531,NA
"TD","Utility",12,100,-120.57,NA,NA,247.14,258.8,0.0560640415642411,1.56602673046291,0.0533551471395761,0.989809381298706,1.9133675383135,NA
"TD","Utility",13,100,-125.85,NA,NA,257.7,269.36,0.051307131536305,2.23247370731968,0.0403026130987178,0.893601866299468,5.97861657290518,NA
"TD","Utility",14,100,-113.65,NA,NA,233.3,244.96,0.989872474921867,1.20800043705019,0.861361733809622,0.996662641640293,1,NA
"TD","Utility",15,100,-90.85,NA,NA,187.7,199.36,0.711294803768396,1.57632797351107,0.823652611533098,0.912482636603213,1.92253818564173,NA
"TD","Utility",16,100,-134.63,NA,NA,275.26,286.92,0.0768930825870484,1.0096698673442,0.0648673757060015,0.92880348675885,1.48466977644852,NA
"TD","Utility",17,100,-90.83,NA,NA,187.66,199.32,0.797194604296237,3.5054881726885,0.848040777964332,0.841040196117793,2.95063310347407,NA
"TD","Utility",18,100,-90.8,NA,NA,187.6,199.26,0.731893435353413,2.27495420533688,0.809414448370453,1,1.3606966792731,NA
"TD","Utility",19,100,-97.61,NA,NA,201.22,212.88,0.809085062006488,1.79705669912965,0.688788188336495,1,3.65235192049679,NA
"TD","Utility",20,100,-109.1,NA,NA,224.2,235.86,0.511981163173914,3.39124982816227,0.409352049269584,0.646978582394824,6,NA
"TD","Utility",21,100,-111.21,NA,NA,228.42,240.08,0.226354157319292,2.66897989056053,0.221493235029728,0.829736775687234,2.34960870502393,NA
"TD","Utility",22,100,-114.48,NA,NA,234.96,246.62,0.300222688354552,1.95544207743825,0.261393358263454,0.739770212550015,3.51778940150951,NA
"TD","Utility",23,100,-105.84,NA,NA,217.68,229.34,0.984172471100464,2.69604673600736,0.87807654741851,0.958744034123584,1.47083435581361,NA
"TD","Utility",24,100,-118.62,NA,NA,243.24,254.9,0.540354023920372,1.23410649768987,0.600191208682047,0.719920270275706,3.01141667404153,NA
"TD","Utility",25,100,-110.13,NA,NA,226.26,237.92,0.870058757020161,1.32718323590234,0.837122739364209,0.986843576675797,1.01997082979706,NA
"TD","Utility",26,100,-112.35,NA,NA,230.7,242.36,0.0660558908712119,2.97567781611326,0.0584368017084329,0.859588465911156,2.99890114235023,NA
"TD","Utility",27,100,-113.03,NA,NA,232.06,243.72,0.973287776112556,1.26051322789863,0.889829458974604,0.815474277664391,2.54589467426847,NA
"TD","Utility",28,100,-110.99,NA,NA,227.98,239.64,0.290595552418381,2.05573849655212,0.248269279304015,0.788751661782175,2.86975824360868,NA
"TD","Utility",29,100,-113.6,NA,NA,233.2,244.86,0.988910319516435,1.21139730885625,0.880429795816196,0.91296585000156,1.53008578970994,NA
"TD","Utility",30,100,-110.93,NA,NA,227.86,239.52,0.329378831898794,3.0851063261411,0.262546950696771,0.747952330248001,3.48101339054124,NA
"TD","Utility",31,100,-117.73,NA,NA,241.46,253.12,0.11878991080448,1.83541438817502,0.0759950309870963,0.797158542247809,3.74400706983761,NA
"TD","Utility",32,100,-130.69,NA,NA,267.38,279.04,0.0508385861758143,1.41009616898373,0.031891857622023,0.87327075482487,3.52335352871559,NA
"TD","Utility",33,100,-90.92,NA,NA,187.84,199.5,0.684979062527418,1.75662852577144,0.842666344066503,0.803880414814147,3.21434597115635,NA
"TD","Utility",34,100,-111.33,NA,NA,228.66,240.32,0.842564480379224,1.05992496339604,0.83408289290412,0.991705936301376,1.01563844158682,NA
"TD","Utility",35,100,-111.86,NA,NA,229.72,241.38,0.27115519088693,3.69503675574873,0.246482259425287,0.777344274401793,3.0001482041425,NA
"TD","Utility",36,100,-97.34,NA,NA,200.68,212.34,0.779200294986367,1.45758824376389,0.839356680619419,0.901324990720111,1.90477365634215,NA
"TD","Utility",37,100,-105.29,NA,NA,216.58,228.24,0.982565350597724,4.92570209977795,0.888053012525661,0.965986352760665,3.28397705433122,NA
"TD","Utility",38,100,-118.98,NA,NA,243.96,255.62,0.533772448310629,1.2251683762297,0.623877045513295,0.65455195015269,4.17899607817488,NA
"TD","Utility",39,100,-113.02,NA,NA,232.04,243.7,0.128862570039928,2.75030500992181,0.0798783294344403,0.789803596840211,3.63607871321559,NA
"TD","Utility",40,100,-123.74,NA,NA,253.48,265.14,0.420502026332542,1.08286330314484,0.153759281577618,0.979474413483579,1,NA
"TD","Utility",41,100,-93.11,NA,NA,192.22,203.88,0.860091791022569,2.2001721150753,0.836813157475826,0.986271661682386,1.60596330783006,NA
"TD","Utility",42,100,-107.96,NA,NA,221.92,233.58,0.633000507717952,1.31639195521562,0.760492509921706,0.973880436579515,1,NA
"TD","Utility",43,100,-109.1,NA,NA,224.2,235.86,0.512010124279186,3.01376353887389,0.410473189721821,0.643058332388409,6,NA
"TD","Utility",44,100,-110.53,NA,NA,227.06,238.72,0.4054856733419,4.89528230370438,0.36043765296178,0.742433109525414,3.31718738819407,NA
"TD","Utility",45,100,-124.1,NA,NA,254.2,265.86,0.319981756620109,1.26415652967989,0.152291341309736,0.937820785982016,1.26358551983479,NA
"TD","Utility",46,100,-106.03,NA,NA,218.06,229.72,0.947748523205519,2.36391219958187,0.890235797504093,0.856670298474346,2.27537175753119,NA
"TD","Utility",47,100,-114.37,NA,NA,234.74,246.4,0.885661983396858,2.4762263855988,0.884906099041265,0.980376929646487,5.96556142858422,NA
"TD","Utility",48,100,-133.51,NA,NA,273.02,284.68,0.119032545015216,1.2109820744954,0.136530965500457,0.906385643031538,1.32338565968575,NA
"TD","Utility",49,100,-104.16,NA,NA,214.32,225.98,0.931592519162223,1.64870583964512,0.88338297920232,0.998959708392629,5.64309331698494,NA
"TD","Utility",50,100,-90.87,NA,NA,187.74,199.4,0.753800751408562,3.89878896835935,0.876092454153475,0.703478828449784,5.9999013523543,NA
"TD","Utility",51,100,-123.02,NA,NA,252.04,263.7,0.080542077543214,1.38312963815406,0.062089267268003,0.878736955706873,2.36506738771449,NA
"TD","Utility",52,100,-131.19,NA,NA,268.38,280.04,0.0462017410900444,1.57751976652071,0.0277044494804842,0.835281068252994,3.68208612640051,NA
"TD","Utility",53,100,-115.19,NA,NA,236.38,248.04,0.407168375095353,1.8810732345608,0.363872144656205,0.641824916148314,5.46339443726519,NA
"TD","Utility",54,100,-106.07,NA,NA,218.14,229.8,0.960197768406942,1.62981824576855,0.899658789024554,0.828807216885963,3.0328217528122,NA
"TD","Utility",55,100,-106.89,NA,NA,219.78,231.44,0.745619997614995,1.08382892229572,0.870639611542536,0.84696098063801,3.75388506168466,NA
"TD","Utility",56,100,-127.08,NA,NA,260.16,271.82,0.387793875532225,1.18421270139515,0.112107552113703,0.859456718652921,2.2457322197439,NA
"TD","Utility",57,100,-108.4,NA,NA,222.8,234.46,0.640330957481638,1.32346468325704,0.855259959629665,0.633709052834174,5.23022945884562,NA
"TD","Utility",58,100,-116.2,NA,NA,238.4,250.06,0.46626549679786,1.18377712974325,0.323236385462632,0.977048833373369,1,NA
"TD","Utility",59,100,-250.82,NA,NA,507.64,519.3,0.781977394130081,2.17335850927503,0.01,0.01,1.01,NA
"TD","Utility",60,100,-127.48,NA,NA,260.96,272.62,0.185236022341996,1.16209726792475,0.116159227211801,0.888316179980474,1.64637221177982,NA
"TD","Utility",61,100,-100.01,NA,NA,206.02,217.68,0.703108243644238,1.190494351089,0.867101909002956,0.82062380004214,4.37590482560355,NA
"TD","Utility",62,100,-105.88,NA,NA,217.76,229.42,0.540940156206489,2.71158919288757,0.365957571161818,0.902131043873512,1.65316102463554,NA
"TD","Utility",63,100,-111.77,NA,NA,229.54,241.2,0.265401779906824,2.94766673623564,0.257709401519411,0.736234065846022,3.6122616101385,NA
"TD","Utility",64,100,-120.62,NA,NA,247.24,258.9,0.897607917198911,1.20987035287544,0.85942617402339,0.999286427253477,1,NA
"TD","Utility",65,100,-123.75,NA,NA,253.5,265.16,0.398145136190578,1.04858012497425,0.154155819619111,0.988596596590379,1,NA
"TD","Utility",66,100,-122.64,NA,NA,251.28,262.94,0.470244030002505,1.37089849868789,0.15819478059261,0.98435046701033,1,NA
"TD","Utility",67,100,-93.3,NA,NA,192.6,204.26,0.824348853668198,2.18002879429133,0.884589677696208,0.691185605426616,6,NA
"TD","Utility",68,100,-108.9,NA,NA,223.8,235.46,0.503097830805928,1.32283924566582,0.328334059683218,1,1,NA
"TD","Utility",69,100,-113.92,NA,NA,233.84,245.5,0.361050225095823,2.17336245528878,0.304484837683821,0.769800128066026,2.92217292477082,NA
"TD","Utility",70,100,-113.09,NA,NA,232.18,243.84,0.964988884748891,1.18922751862556,0.898622047225129,0.750470780319317,3.36032364546637,NA
"TD","Utility",71,100,-90.83,NA,NA,187.66,199.32,0.789667062694207,3.04544003671947,0.838132321858746,0.884529795942764,2.32815878049224,NA
"TD","Utility",72,100,-95.32,NA,NA,196.64,208.3,0.628910263301805,3.95466302318459,0.829609003521865,0.98463325466011,1.78862605937954,NA
"TD","Utility",73,100,-115.1,NA,NA,236.2,247.86,0.415234696352854,1.7106761354533,0.376859576218744,0.650057977487008,5.17935634027877,NA
"TD","Utility",74,100,-93.18,NA,NA,192.36,204.02,0.857857148861513,1.936107955831,0.869026776254691,0.787643230757637,3.75068299768553,NA
"TD","Utility",75,100,-108.4,NA,NA,222.8,234.46,0.629901704145595,1.19926888635382,0.857915704446106,0.635386163616016,5.16141386741411,NA
"TD","Utility",76,100,-121.22,NA,NA,248.44,260.1,0.359289909945801,1.36449700228535,0.163079113846027,0.932520182041918,1.31040946521667,NA
"TD","Utility",77,100,-110.15,NA,NA,226.3,237.96,0.446684151422232,2.46860518856885,0.398612687765157,0.640238081339535,5.61284284841488,NA
"TD","Utility",78,100,-118.5,NA,NA,243,254.66,0.378760501742363,1.43229853129014,0.294258537208923,0.756002438085214,3.13191523457522,NA
"TD","Utility",79,100,-118,NA,NA,242,253.66,0.372670353855938,1.68600267870352,0.16552014069482,0.931108851961313,1.36230674881734,NA
"TD","Utility",80,100,-122.63,NA,NA,251.26,262.92,0.428967847023159,1.43009595386684,0.370997759612033,0.920013861988881,1.15487220176656,NA
"TD","Utility",81,100,-137.13,NA,NA,280.26,291.92,0.111280993092805,1.04204804978253,0.0528487529110887,0.690869845183971,5.35282528047095,NA
"TD","Utility",82,100,-108.88,NA,NA,223.76,235.42,0.142161799827591,2.60663627263189,0.102873770389885,0.805781240292418,2.89249589201283,NA
"TD","Utility",83,100,-90.91,NA,NA,187.82,199.48,0.779834397835657,4.55762586234994,0.858541662323732,0.85993825019768,3.54542960090427,NA
"TD","Utility",84,100,-115.23,NA,NA,236.46,248.12,0.386252531083301,1.63052160199732,0.337907477595636,0.719214314492344,3.69518669685074,NA
"TD","Utility",85,100,-121.71,NA,NA,249.42,261.08,0.23896856745705,1.3059749789536,0.133078240743629,0.907069003174882,1.55965439894748,NA
"TD","Utility",86,100,-105.86,NA,NA,217.72,229.38,0.670282299863175,1.1162636061199,0.867793047229354,0.619623788670283,5.90802270719671,NA
"TD","Utility",87,100,-111.78,NA,NA,229.56,241.22,0.560497718863189,1.79223784707011,0.548844676993454,0.866165988002418,1.61795485808842,NA
"TD","Utility",88,100,-116.77,NA,NA,239.54,251.2,0.915246691787615,1.1942126606591,0.914666663417553,0.631006596520072,5.90719847361794,NA
"TD","Utility",89,100,-109.05,NA,NA,224.1,235.76,0.589335348224267,1.93161117188157,0.586987914945212,0.890037779262707,1.59909695282746,NA
"TD","Utility",90,100,-106.17,NA,NA,218.34,230,0.987134294584394,1.60082370741293,0.910483747533167,0.718124199702614,4.9541538321921,NA
"TD","Utility",91,100,-127.08,NA,NA,260.16,271.82,0.401124990079552,1.43657126976177,0.379818888186557,0.614034911161964,5.15010622654791,NA
"TD","Utility",92,100,-132.19,NA,NA,270.38,282.04,0.565618214197457,1.06491599744186,0.869155196780874,0.988281716374519,4.89812273938938,NA
"TD","Utility",93,100,-127.75,NA,NA,261.5,273.16,0.125127220060676,1.54644962819293,0.0604703136048737,0.730421889899172,5.50315041769161,NA
"TD","Utility",94,100,-93.32,NA,NA,192.64,204.3,0.791645931312814,1.76679624943127,0.883596580200137,0.817296077078834,5.58522595736165,NA
"TD","Utility",95,100,-136.18,NA,NA,278.36,290.02,0.0988319513853639,1.09243298880756,0.0817126103276926,0.959681221121166,1.31773984402045,NA
"TD","Utility",96,100,-114.62,NA,NA,235.24,246.9,0.333673485321924,1.79963922020125,0.341654249423072,0.628182567540802,5.98953762251718,NA
"TD","Utility",97,100,-130.5,NA,NA,267,278.66,0.10172016825527,1.62083033379167,0.0952053360382524,0.924158936735022,1.4128543531261,NA
"TD","Utility",98,100,-140.18,NA,NA,286.36,298.02,0.0187283449340612,1.16512183423941,0.017341742225817,0.95092699831503,1.38058567234321,NA
"TD","Utility",99,100,-121.51,NA,NA,249.02,260.68,0.461979309096932,1.88084230940313,0.425826153015767,0.714564150464635,3.09846856522145,NA
"TD","Utility",100,100,-90.81,NA,NA,187.62,199.28,0.729020358063281,1.83565291385622,0.813942619078454,1,1.34936294178961,NA
"RSTD","TD",1,100,-104.57,NA,NA,213.14,220.91,0.285107890376821,0.724670132622123,0.882276432252868,3.12199431396957,NA,2.43561604238095
"RSTD","TD",2,100,-189.55,NA,NA,383.1,390.87,0.950232450617477,0.206436974462122,0.109980381415732,1,NA,1.3645795173943
"RSTD","TD",3,100,-403.68,NA,NA,811.36,819.13,0.536011227406561,0.200363578274846,0.01,1.01,NA,2.00568439900399
"RSTD","TD",4,100,-120.75,NA,NA,245.5,253.27,0.321220333920792,0.649332832079381,0.843756843218376,1,NA,1.14288249518722
"RSTD","TD",5,100,-109.76,NA,NA,223.52,231.29,0.525106647517532,0.973066303646192,0.870156394808507,1.1244428707535,NA,1.39299949863926
"RSTD","TD",6,100,-104.18,NA,NA,212.36,220.13,0.895209939451888,0.943225271301344,0.88669235504069,5.23073776093665,NA,4.35385648889427
"RSTD","TD",7,100,-183.83,NA,NA,371.66,379.43,0.753931205254048,0.197620301274583,0.117992467115966,1,NA,1.18983699940145
"RSTD","TD",8,100,-98.89,NA,NA,201.78,209.55,0.0560640415642411,0.783013365231454,0.01,1.01,NA,4.41441693140154
"RSTD","TD",9,100,-113.5,NA,NA,231,238.77,0.479448032099754,0.989872474921867,0.867122446110142,1.01594950050358,NA,1.20800043705019
"RSTD","TD",10,100,-90.87,NA,NA,185.74,193.51,0.711294803768396,0.788163986755535,0.83257435792133,1.84657276051232,NA,3.30973086307261
"RSTD","TD",11,100,-113.14,NA,NA,230.28,238.05,0.5048349336721,0.797194604296237,0.848482753129303,1.01151315391256,NA,3.5054881726885
"RSTD","TD",12,100,-116.37,NA,NA,236.74,244.51,0.731893435353413,0.395451756194234,0.183635354481084,1.03302657819504,NA,1.61817012401298
"RSTD","TD",13,100,-94.96,NA,NA,193.92,201.69,0.275977379642427,0.511981163173914,0.792113003809064,1.11612027936104,NA,3.39124982816227
"RSTD","TD",14,100,-131.8,NA,NA,267.6,275.37,0.226354157319292,0.16033569118008,0.145984031797599,1,NA,1.89403793397815
"RSTD","TD",15,100,-105.05,NA,NA,214.1,221.87,0.315573724219576,0.984172471100464,0.884603392869552,3.10475124058321,NA,2.69604673600736
"RSTD","TD",16,100,-116.38,NA,NA,236.76,244.53,0.540354023920372,0.854036244563758,0.861320033768979,1,NA,1.36215214885666
"RSTD","TD",17,100,-289.05,NA,NA,582.1,589.87,0.66359161795117,0.0660558908712119,0.0684011272781471,1,NA,2.97567781611326
"RSTD","TD",18,100,-111.74,NA,NA,227.48,235.25,0.973287776112556,0.630256613949314,0.193539741398762,1.00000457207844,NA,1.85552939023347
"RSTD","TD",19,100,-113.5,NA,NA,231,238.77,0.340647828998044,0.988910319516435,0.86914533651974,1.02764997204752,NA,1.21139730885625
"RSTD","TD",20,100,-277.9,NA,NA,559.8,567.57,0.329378831898794,0.0628540490288287,0.0697870014835905,1,NA,3.33967715737489
"RSTD","TD",21,100,-286.87,NA,NA,577.74,585.51,0.285566801903769,0.0508385861758143,0.0692598370731789,1,NA,1.41009616898373
"RSTD","TD",22,100,-113.68,NA,NA,231.36,239.13,0.684979062527418,0.438995202770457,0.200210010114448,1,NA,1.68512896075845
"RSTD","TD",23,100,-121.61,NA,NA,247.22,254.99,0.529962481698021,0.27115519088693,0.179839931982549,1,NA,3.69503675574873
"RSTD","TD",24,100,-98.79,NA,NA,201.58,209.35,0.779200294986367,0.728794121881947,0.791706707280714,1.07243403289623,NA,1.16082152445602
"RSTD","TD",25,100,-86.09,NA,NA,176.18,183.95,0.0281218434683979,0.533772448310629,3.1686690857999e-05,1.01700309021539,NA,1.2251683762297
"RSTD","TD",26,100,-115.99,NA,NA,235.98,243.75,0.128862570039928,0.17050133110024,0.125688480561791,1.17293538034505,NA,2.37515528589011
"RSTD","TD",27,100,-93.2,NA,NA,190.4,198.17,0.980796684976667,0.860091791022569,0.862356391108307,3.06092160420148,NA,2.2001721150753
"RSTD","TD",28,100,-116.38,NA,NA,236.76,244.53,0.633000507717952,0.959949327167124,0.860421903163322,1,NA,1.02402024855837
"RSTD","TD",29,100,-99.22,NA,NA,202.44,210.21,0.234798390883952,0.4054856733419,0.64269706534039,1.05823807086247,NA,4.89528230370438
"RSTD","TD",30,100,-127.74,NA,NA,259.48,267.25,0.319981756620109,0.632078264839947,0.618903117339839,4.91657818118311,NA,1.05595874555906
"RSTD","TD",31,100,-105.25,NA,NA,214.5,222.27,0.417691254755482,0.885661983396858,0.883464315815942,2.76165293228416,NA,2.4762263855988
"RSTD","TD",32,100,-146.03,NA,NA,296.06,303.83,0.119032545015216,0.605491037247702,0.01,1.01,NA,1.04599827674373
"RSTD","TD",33,100,-90.8,NA,NA,185.6,193.37,0.824352919822559,0.753800751408562,0.818768712880027,1.46912270144633,NA,3.89878896835935
"RSTD","TD",34,100,-94.71,NA,NA,193.42,201.19,0.080542077543214,0.69156481907703,0.00291664698876515,1.00948153145533,NA,4.2510444371212
"RSTD","TD",35,100,-112.83,NA,NA,229.66,237.43,0.788759883260354,0.407168375095353,0.178604412063208,1.15398382429328,NA,1.8810732345608
"RSTD","TD",36,100,-95.05,NA,NA,194.1,201.87,0.960197768406942,0.814909122884274,0.809906054364776,1.3696630757523,NA,1.49123999522999
"RSTD","TD",37,100,-319.74,NA,NA,643.48,651.25,0.983733647270128,0.387793875532225,0.01,1.01,NA,1.18421270139515
"RSTD","TD",38,100,-90.87,NA,NA,185.74,193.51,0.640330957481638,0.661732341628522,0.856839708403866,3.14966626066872,NA,2.1015722423634
"RSTD","TD",39,100,-93.1,NA,NA,190.2,197.97,0.591888564871624,0.781977394130081,0.872987797700325,5.31169897530672,NA,2.17335850927503
"RSTD","TD",40,100,-109.14,NA,NA,222.28,230.05,0.185236022341996,0.927017299691215,0.885705639007404,4.17953423760649,NA,1.40621648728848
"RSTD","TD",41,100,-110.55,NA,NA,225.1,232.87,0.5952471755445,0.540940156206489,0.290656663272487,1.04909324606128,NA,2.71158919288757
"RSTD","TD",42,100,-125.4,NA,NA,254.8,262.57,0.265401779906824,0.195171546889469,0.130783563401654,1.00025821147123,NA,1.22695452463968
"RSTD","TD",43,100,-297.28,NA,NA,598.56,606.33,0.604935176437721,0.398145136190578,0.01,1.01,NA,1.04858012497425
"RSTD","TD",44,100,-93.1,NA,NA,190.2,197.97,0.470244030002505,0.685449249343947,0.872996614784751,5.12172499894348,NA,1.6486977073364
"RSTD","TD",45,100,-244.36,NA,NA,492.72,500.49,0.371720403432846,0.503097830805928,0.01,1.01,NA,1.32283924566582
"RSTD","TD",46,100,-123.38,NA,NA,250.76,258.53,0.361050225095823,0.370053818682209,0.14728715722498,1,NA,1.17356707000516
"RSTD","TD",47,100,-93.2,NA,NA,190.4,198.17,0.594613759312779,0.789667062694207,0.823679203935308,1.31680209086774,NA,3.04544003671947
"RSTD","TD",48,100,-289.05,NA,NA,582.1,589.87,0.628910263301805,0.0369398219045252,0.0684657632941896,1,NA,2.35408596597136
"RSTD","TD",49,100,-104.16,NA,NA,212.32,220.09,0.254382238723338,0.857857148861513,0.886774937977727,5.28909859680774,NA,1.936107955831
"RSTD","TD",50,100,-108.74,NA,NA,221.48,229.25,0.629901704145595,0.59963444317691,0.550174049434791,1,NA,2.13030682034315
"RSTD","TD",51,100,-111.43,NA,NA,226.86,234.63,0.958562755258754,0.446684151422232,0.191051417423676,1.18498733115058,NA,2.46860518856885
"RSTD","TD",52,100,-113.62,NA,NA,231.24,239.01,0.378760501742363,0.716149265645072,0.844788160440889,1.0007241738001,NA,2.1838285959837
"RSTD","TD",53,100,-117.41,NA,NA,238.82,246.59,0.843001339351758,0.428967847023159,0.189774829395096,1.03051518755065,NA,1.43009595386684
"RSTD","TD",54,100,-126.42,NA,NA,256.84,264.61,0.111280993092805,0.926345025887713,0.900465294651625,2.01932864489316,NA,2.52358875974062
"RSTD","TD",55,100,-105.77,NA,NA,215.54,223.31,0.231767056509852,0.779834397835657,0.872884379191947,1.24825372599949,NA,4.55762586234994
"RSTD","TD",56,100,-105.09,NA,NA,214.18,221.95,0.386252531083301,0.815260800998658,0.86736808712433,1.25791968797028,NA,2.64474068483968
"RSTD","TD",57,100,-109.22,NA,NA,222.44,230.21,0.6529874894768,0.670282299863175,0.866273422865872,4.42645284290662,NA,1.1162636061199
"RSTD","TD",58,100,-126.34,NA,NA,256.68,264.45,0.560497718863189,0.274772666627541,0.176943231461659,1,NA,1.5290995786691
"RSTD","TD",59,100,-108.74,NA,NA,221.48,229.25,0.597106330329552,0.589335348224267,0.551730229252812,1,NA,1.93161117188157
"RSTD","TD",60,100,-90.81,NA,NA,185.62,193.39,0.987134294584394,0.800411853706464,0.87119578445873,5.70873683863802,NA,2.29764714087815
"RSTD","TD",61,100,-122.36,NA,NA,248.72,256.49,0.718285634880885,0.565618214197457,0.334852849509008,1,NA,1.06491599744186
"RSTD","TD",62,100,-124.75,NA,NA,253.5,261.27,0.125127220060676,0.773224814096466,0.913071552278024,1.10735983893187,NA,1.58329186262563
"RSTD","TD",63,100,-228.21,NA,NA,460.42,468.19,0.499009405029938,0.0988319513853639,0.0971919888005189,1,NA,1.09243298880756
"RSTD","TD",64,100,-105.69,NA,NA,215.38,223.15,0.333673485321924,0.454882015939802,0.387525296276364,1,NA,3.70696423376415
"RSTD","TD",65,100,-292.61,NA,NA,589.22,596.99,0.810415166895837,0.0187283449340612,0.0685172597039011,1,NA,1.16512183423941
"RSTD","TD",66,100,-115.13,NA,NA,234.26,242.03,0.461979309096932,0.296923782210797,0.169859449540132,1,NA,1.45804071612656
"RSTD","TD",67,100,-101.13,NA,NA,206.26,214.03,0.285626433324069,0.528872283641249,0.811554200678711,1.09314770038521,NA,1.1472960453744
"RSTD","TD",68,100,-115.24,NA,NA,234.48,242.25,0.732509626774117,0.600311974063516,0.330851629852478,1,NA,1.4492717245746
"RSTD","TD",69,100,-106.41,NA,NA,216.82,224.59,0.977929984452203,0.529096166603267,0.260227828238403,1.1471510076641,NA,1.75178614688037
"RSTD","TD",70,100,-198.05,NA,NA,400.1,407.87,0.98177181975916,0.159414226887748,0.0902729842769765,1,NA,1.47737938910723
"RSTD","TD",71,100,-126.83,NA,NA,257.66,265.43,0.922829337418079,0.366323065012693,0.170663706022396,1,NA,1.08644307602532
"RSTD","TD",72,100,-182.28,NA,NA,368.56,376.33,0.437475311337039,0.144657690776512,0.0979916391689067,1,NA,2.51204245735464
"RSTD","TD",73,100,-100.9,NA,NA,205.8,213.57,0.0812403932213783,0.858433880610391,0.00343056917240071,1.01173687816503,NA,2.57674626609245
"RSTD","TD",74,100,-124.61,NA,NA,253.22,260.99,0.769064010120928,0.423705151304603,0.17515029197117,1.00028778192076,NA,1.055009087082
"RSTD","TD",75,100,-417.75,NA,NA,839.5,847.27,0.27233505435288,0.0992442343849689,0.01,1.01,NA,1.01957268379492
"RSTD","TD",76,100,-113.79,NA,NA,231.58,239.35,0.714246998308226,0.356464033480734,0.175620183595958,1.03126516746306,NA,2.33508190601589
"RSTD","TD",77,100,-104.34,NA,NA,212.68,220.45,0.165105299558491,0.62026000325568,0.886605438916007,4.70084137971453,NA,3.11759630225509
"RSTD","TD",78,100,-97.69,NA,NA,199.38,207.15,0.948594216490164,0.818483957787976,0.873998773027556,5.39161205188421,NA,1.40069885704874
"RSTD","TD",79,100,-106.73,NA,NA,217.46,225.23,0.641159480903298,0.713674181839451,0.840380320034546,1.72724070333924,NA,1.04148287150446
"RSTD","TD",80,100,-93.08,NA,NA,190.16,197.93,0.602592710871249,0.798923129681498,0.874748990676742,5.81465408148245,NA,2.65777598732141
"RSTD","TD",81,100,-98.89,NA,NA,201.78,209.55,0.0268326783552766,0.983408806612715,0.01,1.01,NA,2.42827125892359
"RSTD","TD",82,100,-142.03,NA,NA,288.06,295.83,0.390374890295789,0.210965643869713,0.142261588670924,1,NA,1.07093011168763
"RSTD","TD",83,100,-474.57,NA,NA,953.14,960.91,0.909624356776476,0.0655163209885359,0.01,1.01,NA,1.47955628430628
"RSTD","TD",84,100,-103.96,NA,NA,211.92,219.69,0.894585720263422,0.928069569170475,0.885062854775973,4.80154574739868,NA,1.78467515758694
"RSTD","TD",85,100,-103.96,NA,NA,211.92,219.69,0.16712597804144,0.591124507132918,0.885298994404105,4.81175143489722,NA,1.76918393555553
"RSTD","TD",86,100,-141.95,NA,NA,287.9,295.67,0.0963515317998827,0.187938303221017,0.0354513072221154,1,NA,1.16646143142134
"RSTD","TD",87,100,-113.8,NA,NA,231.6,239.37,0.812582350103185,0.879132093861699,0.855822682127432,1,NA,5.4038753097219
"RSTD","TD",88,100,-106.87,NA,NA,217.74,225.51,0.448961209738627,0.690639521926641,0.849593821364789,2.0796501851149,NA,1.12322780341732
"RSTD","TD",89,100,-98.85,NA,NA,201.7,209.47,0.352596259210259,0.519048273330554,0.783439186528206,1.11897111675404,NA,1.77127007111431
"RSTD","TD",90,100,-224.68,NA,NA,453.36,461.13,0.7131295024883,0.112127762287855,0.0909154360369197,1,NA,4.4174234716404
"RSTD","TD",91,100,-135.79,NA,NA,275.58,283.35,0.102771484525874,0.0985191510990262,0.101267414442614,1.07290303315476,NA,1.34824017202482
"RSTD","TD",92,100,-123.22,NA,NA,250.44,258.21,0.14997310237959,0.461772011825815,0.86179630882778,1,NA,1.26133318960971
"RSTD","TD",93,100,-115.34,NA,NA,234.68,242.45,0.435881547397003,0.7804279406555,0.875059802483131,2.23353954874005,NA,1.68139734584838
"RSTD","TD",94,100,-91.25,NA,NA,186.5,194.27,0.975024477113038,0.799848798895255,0.789425110108745,1.08622479868774,NA,5.33281822849937
"RSTD","TD",95,100,-239.55,NA,NA,483.1,490.87,0.723246149485931,0.623378630494699,0.01,1.01,NA,1.45622572209686
"RSTD","TD",96,100,-112.24,NA,NA,228.48,236.25,0.323681306792423,0.444453429430723,0.546897623816005,1,NA,1.44684312446043
"RSTD","TD",97,100,-291.65,NA,NA,587.3,595.07,0.521510650403798,0.40949847153388,0.01,1.01,NA,1.1181692021126
"RSTD","TD",98,100,-113.5,NA,NA,231,238.77,0.418908317107707,0.978637758642435,0.870163815745126,1.04637647492142,NA,1.21107809292153
"RSTD","TD",99,100,-90.04,NA,NA,184.08,191.85,0.78953983867541,0.418743934947997,0.172366614334515,2.88145169041903,NA,3.49348991278757
"RSTD","TD",100,100,-113,NA,NA,230,237.77,0.956703607924283,0.607802340993658,0.327635056057832,1,NA,1.10866933899654
"RSTD","RSTD",1,100,-103.44,NA,NA,212.88,224.54,0.285107890376821,0.724670132622123,0.250786444566428,0.608751153553754,1.15659588088981,2.43561604238095
"RSTD","RSTD",2,100,-95.18,NA,NA,196.36,208.02,0.950232450617477,0.206436974462122,0.887686160910711,0.164575706199156,1.22777144364046,1.3645795173943
"RSTD","RSTD",3,100,-94.92,NA,NA,195.84,207.5,0.536011227406561,0.200363578274846,1,0.192533929240919,1.29790425801409,2.00568439900399
"RSTD","RSTD",4,100,-120.25,NA,NA,246.5,258.16,0.321220333920792,0.649332832079381,0.532286507838459,0.768127945523355,1,1.14288249518722
"RSTD","RSTD",5,100,-104.76,NA,NA,215.52,227.18,0.525106647517532,0.973066303646192,0.154808422091258,0.462030947548226,1.05034697522604,1.39299949863926
"RSTD","RSTD",6,100,-101.62,NA,NA,209.24,220.9,0.895209939451888,0.943225271301344,0.174463659236708,0.521702114570221,1.03126706889065,4.35385648889427
"RSTD","RSTD",7,100,-96.55,NA,NA,199.1,210.76,0.753931205254048,0.197620301274583,1,0.17901341298654,1.18898636525323,1.18983699940145
"RSTD","RSTD",8,100,-75.31,NA,NA,156.62,168.28,0.0560640415642411,0.783013365231454,0,0.0127116296197703,1.01370013755796,4.41441693140154
"RSTD","RSTD",9,100,-111.49,NA,NA,228.98,240.64,0.479448032099754,0.989872474921867,0.471930663847893,0.787113444728992,1.05025067214563,1.20800043705019
"RSTD","RSTD",10,100,-90.42,NA,NA,186.84,198.5,0.711294803768396,0.788163986755535,0.368350240574469,0.695762880510749,5.12352420842791,3.30973086307261
"RSTD","RSTD",11,100,-112.53,NA,NA,231.06,242.72,0.5048349336721,0.797194604296237,0.656065415356531,0.81372071168156,1.02447335635333,3.5054881726885
"RSTD","RSTD",12,100,-113.46,NA,NA,232.92,244.58,0.731893435353413,0.395451756194234,0.341561866663907,0.246326311623259,1,1.61817012401298
"RSTD","RSTD",13,100,-95.02,NA,NA,196.04,207.7,0.275977379642427,0.511981163173914,0.283511370354469,0.590072207820732,3.63302843710204,3.39124982816227
"RSTD","RSTD",14,100,-104.03,NA,NA,214.06,225.72,0.226354157319292,0.16033569118008,0.496206439879867,0.220570819049429,1.05586956397431,1.89403793397815
"RSTD","RSTD",15,100,-103.81,NA,NA,213.62,225.28,0.315573724219576,0.984172471100464,0.541215652723447,0.81998727741468,2.27852538766259,2.69604673600736
"RSTD","RSTD",16,100,-111.54,NA,NA,229.08,240.74,0.540354023920372,0.854036244563758,0.152994874464434,0.430398231718293,1.02152404103787,1.36215214885666
"RSTD","RSTD",17,100,-70.05,NA,NA,146.1,157.76,0.66359161795117,0.0660558908712119,0.821901415362089,0.0260639635120502,1.67007563356908,2.97567781611326
"RSTD","RSTD",18,100,-108.28,NA,NA,222.56,234.22,0.973287776112556,0.630256613949314,0.173265166086371,0.215722489509823,1.08441525410815,1.85552939023347
"RSTD","RSTD",19,100,-111.44,NA,NA,228.88,240.54,0.340647828998044,0.988910319516435,0.409569200162036,0.757521394156379,1.03464355929347,1.21139730885625
"RSTD","RSTD",20,100,-81.93,NA,NA,169.86,181.52,0.329378831898794,0.0628540490288287,0.14303523227182,0.0297591572543581,1.03898216904587,3.33967715737489
"RSTD","RSTD",21,100,-74.59,NA,NA,155.18,166.84,0.285566801903769,0.0508385861758143,0.697922381351669,0.0225296947810389,5.08805315313412,1.41009616898373
"RSTD","RSTD",22,100,-111.42,NA,NA,228.84,240.5,0.684979062527418,0.438995202770457,0.881601066627372,0.417657437067687,1,1.68512896075845
"RSTD","RSTD",23,100,-108.51,NA,NA,223.02,234.68,0.529962481698021,0.27115519088693,0.333459664209698,0.191681643048277,1,3.69503675574873
"RSTD","RSTD",24,100,-99.63,NA,NA,205.26,216.92,0.779200294986367,0.728794121881947,0.347260472371934,0.663423992800995,3.6387218730999,1.16082152445602
"RSTD","RSTD",25,100,-86.1,NA,NA,178.2,189.86,0.0281218434683979,0.533772448310629,0.000387875477504119,0.00746633128122991,1.01026212463879,1.2251683762297
"RSTD","RSTD",26,100,-115.88,NA,NA,237.76,249.42,0.128862570039928,0.17050133110024,0.119623485878725,0.113885922799256,1.16669201278204,2.37515528589011
"RSTD","RSTD",27,100,-93.17,NA,NA,192.34,204,0.980796684976667,0.860091791022569,0.41850237920452,0.72014437705515,2.95340390535478,2.2001721150753
"RSTD","RSTD",28,100,-111.48,NA,NA,228.96,240.62,0.633000507717952,0.959949327167124,0.153718985142324,0.427230704893543,1,1.02402024855837
"RSTD","RSTD",29,100,-96.45,NA,NA,198.9,210.56,0.234798390883952,0.4054856733419,0.219572072563785,0.383983525477202,1.11182736842022,4.89528230370438
"RSTD","RSTD",30,100,-112.66,NA,NA,231.32,242.98,0.319981756620109,0.632078264839947,0.48283443948209,0.732522711686311,1,1.05595874555906
"RSTD","RSTD",31,100,-111.22,NA,NA,228.44,240.1,0.417691254755482,0.885661983396858,0.208971306073239,0.533691579553392,4.55611300518149,2.4762263855988
"RSTD","RSTD",32,100,-117.53,NA,NA,241.06,252.72,0.119032545015216,0.605491037247702,0.110350457847907,0.454467675515347,1,1.04599827674373
"RSTD","RSTD",33,100,-90.82,NA,NA,187.64,199.3,0.824352919822559,0.753800751408562,0.802896980672894,0.807080052481782,1.29352937648518,3.89878896835935
"RSTD","RSTD",34,100,-94.58,NA,NA,195.16,206.82,0.080542077543214,0.69156481907703,0.00546758442449768,0.0171444256550563,1.0120813772703,4.2510444371212
"RSTD","RSTD",35,100,-106.39,NA,NA,218.78,230.44,0.788759883260354,0.407168375095353,0.38108319392496,0.247345613867926,1.0165448533866,1.8810732345608
"RSTD","RSTD",36,100,-95.14,NA,NA,196.28,207.94,0.960197768406942,0.814909122884274,0.94093064434245,0.823861131800192,1.18728040286448,1.49123999522999
"RSTD","RSTD",37,100,-112.58,NA,NA,231.16,242.82,0.983733647270128,0.387793875532225,0.595792090363422,0.278364480593592,1,1.18421270139515
"RSTD","RSTD",38,100,-90.41,NA,NA,186.82,198.48,0.640330957481638,0.661732341628522,0.331375760254364,0.664260226433936,5.31986655315443,2.1015722423634
"RSTD","RSTD",39,100,-93.24,NA,NA,192.48,204.14,0.591888564871624,0.781977394130081,0.614497180031356,0.762597826554533,1.16474899532176,2.17335850927503
"RSTD","RSTD",40,100,-110.94,NA,NA,227.88,239.54,0.185236022341996,0.927017299691215,0.413164414679345,0.766312350728986,5.33884276435124,1.40621648728848
"RSTD","RSTD",41,100,-110.12,NA,NA,226.24,237.9,0.5952471755445,0.540940156206489,0.316105311772405,0.294010072164485,1.06127606249293,2.71158919288757
"RSTD","RSTD",42,100,-109.8,NA,NA,225.6,237.26,0.265401779906824,0.195171546889469,0.134521577405878,0.0938539687484532,1.06681470459303,1.22695452463968
"RSTD","RSTD",43,100,-123.63,NA,NA,253.26,264.92,0.604935176437721,0.398145136190578,0.287355070054287,0.236652644810598,1,1.04858012497425
"RSTD","RSTD",44,100,-93.03,NA,NA,192.06,203.72,0.470244030002505,0.685449249343947,0.738210235313215,0.841635278321386,3.24523291977851,1.6486977073364
"RSTD","RSTD",45,100,-109.9,NA,NA,225.8,237.46,0.371720403432846,0.503097830805928,0.192828858113401,0.314172699872939,1,1.32283924566582
"RSTD","RSTD",46,100,-123.38,NA,NA,252.76,264.42,0.361050225095823,0.370053818682209,0.14878547634543,0.149412696647314,1,1.17356707000516
"RSTD","RSTD",47,100,-92.99,NA,NA,191.98,203.64,0.594613759312779,0.789667062694207,0.606321154355921,0.819715833423762,5.43308996196527,3.04544003671947
"RSTD","RSTD",48,100,-70,NA,NA,146,157.66,0.628910263301805,0.0369398219045252,0.988855093971646,0.0493894375748863,4.84633164190888,2.35408596597136
"RSTD","RSTD",49,100,-103.75,NA,NA,213.5,225.16,0.254382238723338,0.857857148861513,0.372439497982732,0.740809809661833,1.40774493794615,1.936107955831
"RSTD","RSTD",50,100,-105.16,NA,NA,216.32,227.98,0.629901704145595,0.59963444317691,0.204753982361706,0.335753187627617,1.02642716370999,2.13030682034315
"RSTD","RSTD",51,100,-103.41,NA,NA,212.82,224.48,0.958562755258754,0.446684151422232,0.593776948534387,0.328368895704248,1,2.46860518856885
"RSTD","RSTD",52,100,-113.47,NA,NA,232.94,244.6,0.378760501742363,0.716149265645072,0.623132487874482,0.782859412605085,1,2.1838285959837
"RSTD","RSTD",53,100,-115.57,NA,NA,237.14,248.8,0.843001339351758,0.428967847023159,0.454178384742324,0.305798698667066,1.00640648396324,1.43009595386684
"RSTD","RSTD",54,100,-125.92,NA,NA,257.84,269.5,0.111280993092805,0.926345025887713,1,0.91981668197297,1.2609512389722,2.52358875974062
"RSTD","RSTD",55,100,-103.9,NA,NA,213.8,225.46,0.231767056509852,0.779834397835657,0.447405258243074,0.786874997451911,1.9025427262595,4.55762586234994
"RSTD","RSTD",56,100,-103.6,NA,NA,213.2,224.86,0.386252531083301,0.815260800998658,0.639247829048546,0.843848868988291,5.75239197866257,2.64474068483968
"RSTD","RSTD",57,100,-109.29,NA,NA,224.58,236.24,0.6529874894768,0.670282299863175,0.898129506211584,0.868234589527985,3.99066413795985,1.1162636061199
"RSTD","RSTD",58,100,-112.7,NA,NA,231.4,243.06,0.560497718863189,0.274772666627541,0.649506346683178,0.243624164903909,1,1.5290995786691
"RSTD","RSTD",59,100,-109.62,NA,NA,225.24,236.9,0.597106330329552,0.589335348224267,0.780816013105362,0.625165944369094,1,1.93161117188157
"RSTD","RSTD",60,100,-90.52,NA,NA,187.04,198.7,0.987134294584394,0.800411853706464,0.287273353452417,0.571496806306743,2.58640117241785,2.29764714087815
"RSTD","RSTD",61,100,-116.77,NA,NA,239.54,251.2,0.718285634880885,0.565618214197457,0.173671984809917,0.234350379952353,1,1.06491599744186
"RSTD","RSTD",62,100,-124.86,NA,NA,255.72,267.38,0.125127220060676,0.773224814096466,0.327683265335856,0.767547754430316,1.08530670708052,1.58329186262563
"RSTD","RSTD",63,100,-89.6,NA,NA,185.2,196.86,0.499009405029938,0.0988319513853639,0.436064039806547,0.0784598297187074,1.02082831785495,1.09243298880756
"RSTD","RSTD",64,100,-116.06,NA,NA,238.12,249.78,0.333673485321924,0.454882015939802,1,0.537820403562148,4.75285411712928,3.70696423376415
"RSTD","RSTD",65,100,-74.46,NA,NA,154.92,166.58,0.810415166895837,0.0187283449340612,0.836325230633245,0,1.33843733652922,1.16512183423941
"RSTD","RSTD",66,100,-106.48,NA,NA,218.96,230.62,0.461979309096932,0.296923782210797,0.942288470340732,0.329022551139115,1,1.45804071612656
"RSTD","RSTD",67,100,-101.04,NA,NA,208.08,219.74,0.285626433324069,0.528872283641249,0.550196214782678,0.735153940721334,1.11356647776353,1.1472960453744
"RSTD","RSTD",68,100,-109.59,NA,NA,225.18,236.84,0.732509626774117,0.600311974063516,0.162873650102852,0.221064063027126,1.07142166073891,1.4492717245746
"RSTD","RSTD",69,100,-103.35,NA,NA,212.7,224.36,0.977929984452203,0.529096166603267,0.705072958005096,0.401311909200073,1.12728481422497,1.75178614688037
"RSTD","RSTD",70,100,-85.09,NA,NA,176.18,187.84,0.98177181975916,0.159414226887748,0.16883377690178,0.0621075074881037,1.12261332891664,1.47737938910723
"RSTD","RSTD",71,100,-115.56,NA,NA,237.12,248.78,0.922829337418079,0.366323065012693,0.442342718578863,0.240624378461497,1,1.08644307602532
"RSTD","RSTD",72,100,-84.17,NA,NA,174.34,186,0.437475311337039,0.144657690776512,0.770901858857707,0.147818949742482,3.5989501473374,2.51204245735464
"RSTD","RSTD",73,100,-100.34,NA,NA,206.68,218.34,0.0812403932213783,0.858433880610391,0.00629768916655464,0.0170872285395395,1.00573872725333,2.57674626609245
"RSTD","RSTD",74,100,-123.73,NA,NA,253.46,265.12,0.769064010120928,0.423705151304603,0.486470738479298,0.312966244625705,1,1.055009087082
"RSTD","RSTD",75,100,-103.85,NA,NA,213.7,225.36,0.27233505435288,0.0992442343849689,0.214516455333051,0.0800502631714981,1,1.01957268379492
"RSTD","RSTD",76,100,-106.86,NA,NA,219.72,231.38,0.714246998308226,0.356464033480734,0.369583824876183,0.236951966994816,1,2.33508190601589
"RSTD","RSTD",77,100,-103.85,NA,NA,213.7,225.36,0.165105299558491,0.62026000325568,0.493839874605358,0.802786780652981,2.07505308928478,3.11759630225509
"RSTD","RSTD",78,100,-97.69,NA,NA,201.38,213.04,0.948594216490164,0.818483957787976,0.394881543625875,0.673195561298351,1.73206946158093,1.40069885704874
"RSTD","RSTD",79,100,-104.83,NA,NA,215.66,227.32,0.641159480903298,0.713674181839451,0.523700301407115,0.712597471385627,1.01285764328599,1.04148287150446
"RSTD","RSTD",80,100,-93.38,NA,NA,192.76,204.42,0.602592710871249,0.798923129681498,0.346356799976012,0.628967669096967,1.6358869385463,2.65777598732141
"RSTD","RSTD",81,100,-73.69,NA,NA,153.38,165.04,0.0268326783552766,0.983408806612715,0.0786354130158219,0.981186852320503,3.68194087218486,2.42827125892359
"RSTD","RSTD",82,100,-110.78,NA,NA,227.56,239.22,0.390374890295789,0.210965643869713,0.497626095372563,0.21626411455027,1,1.07093011168763
"RSTD","RSTD",83,100,-70,NA,NA,146,157.66,0.909624356776476,0.0655163209885359,0.889588510740336,0.0305967415965319,3.9903910401245,1.47955628430628
"RSTD","RSTD",84,100,-103.59,NA,NA,213.18,224.84,0.894585720263422,0.928069569170475,0.450395750060904,0.778785441462645,2.44592603518808,1.78467515758694
"RSTD","RSTD",85,100,-103.48,NA,NA,212.96,224.62,0.16712597804144,0.591124507132918,0.606505950146181,0.834689175221695,2.47842561123197,1.76918393555553
"RSTD","RSTD",86,100,-136.57,NA,NA,279.14,290.8,0.0963515317998827,0.187938303221017,0.0777515549670074,0.132246253188431,1,1.16646143142134
"RSTD","RSTD",87,100,-112.65,NA,NA,231.3,242.96,0.812582350103185,0.879132093861699,0.315508731517931,0.658754426382693,1.00876046709716,5.4038753097219
"RSTD","RSTD",88,100,-105.15,NA,NA,216.3,227.96,0.448961209738627,0.690639521926641,0.95731488207106,0.832291375367012,1.02165615194215,1.12322780341732
"RSTD","RSTD",89,100,-99.69,NA,NA,205.38,217.04,0.352596259210259,0.519048273330554,0.438390206074644,0.736282510807738,4.09431139173002,1.77127007111431
"RSTD","RSTD",90,100,-73.31,NA,NA,152.62,164.28,0.7131295024883,0.112127762287855,0.50961886533844,0.0799483724331102,1.64494908397104,4.4174234716404
"RSTD","RSTD",91,100,-125.76,NA,NA,257.52,269.18,0.102771484525874,0.0985191510990262,0.103071837979475,0.0771408298976642,1.01046599821541,1.34824017202482
"RSTD","RSTD",92,100,-121.12,NA,NA,248.24,259.9,0.14997310237959,0.461772011825815,0.244721861752131,0.601011373684523,1.00001309688496,1.26133318960971
"RSTD","RSTD",93,100,-111.25,NA,NA,228.5,240.16,0.435881547397003,0.7804279406555,0.16084350292117,0.44057021264791,1,1.68139734584838
"RSTD","RSTD",94,100,-90.8,NA,NA,187.6,199.26,0.975024477113038,0.799848798895255,0.742988251069299,0.790387180478256,1.25887530211234,5.33281822849937
"RSTD","RSTD",95,100,-117.54,NA,NA,241.08,252.74,0.723246149485931,0.623378630494699,0.289640851555928,0.499083557439438,2.72466033613855,1.45622572209686
"RSTD","RSTD",96,100,-108.27,NA,NA,222.54,234.2,0.323681306792423,0.444453429430723,0.194656606251275,0.311383260716183,1,1.44684312446043
"RSTD","RSTD",97,100,-291.65,NA,NA,589.3,600.96,0.521510650403798,0.40949847153388,0.01,0.01,1.01,1.1181692021126
"RSTD","RSTD",98,100,-116.11,NA,NA,238.22,249.88,0.418908317107707,0.978637758642435,0.406515006368372,0.761434261030537,5.8302242899241,1.21107809292153
"RSTD","RSTD",99,100,-96.09,NA,NA,198.18,209.84,0.78953983867541,0.418743934947997,0.515851977040788,0.293824601738377,5.54061236633632,3.49348991278757
"RSTD","RSTD",100,100,-113.36,NA,NA,232.72,244.38,0.956703607924283,0.607802340993658,0.124205232164263,0.159628955167898,1.01226528937054,1.10866933899654
"RSTD","Utility",1,100,-105.18,NA,NA,216.36,228.02,0.285107890376821,0.724670132622123,0.875735460058504,0.943011279321689,1.5766405420598,2.43561604238095
"RSTD","Utility",2,100,-121.68,NA,NA,249.36,261.02,0.950232450617477,0.206436974462122,0.0833958757146199,0.572335778714267,6,1.3645795173943
"RSTD","Utility",3,100,-114.73,NA,NA,235.46,247.12,0.536011227406561,0.200363578274846,0.0994032485204797,0.586182961164692,6,2.00568439900399
"RSTD","Utility",4,100,-120.6,NA,NA,247.2,258.86,0.321220333920792,0.649332832079381,0.876646697789719,0.778444444527854,2.56083806307749,1.14288249518722
"RSTD","Utility",5,100,-109.77,NA,NA,225.54,237.2,0.525106647517532,0.973066303646192,0.87078115356375,0.991529498014657,1.14621158181474,1.39299949863926
"RSTD","Utility",6,100,-105.86,NA,NA,217.72,229.38,0.895209939451888,0.943225271301344,0.876197051054044,1,1.19663625977095,4.35385648889427
"RSTD","Utility",7,100,-120.9,NA,NA,247.8,259.46,0.753931205254048,0.197620301274583,0.0893679719946351,0.577114930498089,6,1.18983699940145
"RSTD","Utility",8,100,-147.05,NA,NA,300.1,311.76,0.0560640415642411,0.783013365231454,0.939963654286633,0.833288662431937,4.75794052813734,4.41441693140154
"RSTD","Utility",9,100,-113.77,NA,NA,233.54,245.2,0.479448032099754,0.989872474921867,0.898982962029913,0.782361755073206,2.82492592432538,1.20800043705019
"RSTD","Utility",10,100,-90.89,NA,NA,187.78,199.44,0.711294803768396,0.788163986755535,0.871681830177624,0.915751130903168,5.01075432495767,3.30973086307261
"RSTD","Utility",11,100,-113.15,NA,NA,232.3,243.96,0.5048349336721,0.797194604296237,0.847954001245621,0.990521098393645,1.0616447582537,3.5054881726885
"RSTD","Utility",12,100,-113.47,NA,NA,232.94,244.6,0.731893435353413,0.395451756194234,0.254030733091561,0.713262487220802,3.81028082383884,1.61817012401298
"RSTD","Utility",13,100,-94.95,NA,NA,195.9,207.56,0.275977379642427,0.511981163173914,0.820348600945572,0.884561118896323,1.94606726889074,3.39124982816227
"RSTD","Utility",14,100,-106.5,NA,NA,219,230.66,0.226354157319292,0.16033569118008,0.139623354825336,0.663792832414866,5.39123261439374,1.89403793397815
"RSTD","Utility",15,100,-105.77,NA,NA,217.54,229.2,0.315573724219576,0.984172471100464,0.874379643658945,0.997109871071937,1.28997850067585,2.69604673600736
"RSTD","Utility",16,100,-116.87,NA,NA,239.74,251.4,0.540354023920372,0.854036244563758,0.863439592273186,0.949314690189713,1.06303309778424,1.36215214885666
"RSTD","Utility",17,100,-158.6,NA,NA,323.2,334.86,0.66359161795117,0.0660558908712119,0.0550850210965139,0.488371702769103,5.95380329793955,2.97567781611326
"RSTD","Utility",18,100,-111.75,NA,NA,229.5,241.16,0.973287776112556,0.630256613949314,0.185855363626026,1,1,1.85552939023347
"RSTD","Utility",19,100,-113.79,NA,NA,233.58,245.24,0.340647828998044,0.988910319516435,0.902591534787874,0.75876133973592,3.31150780259492,1.21139730885625
"RSTD","Utility",20,100,-155.4,NA,NA,316.8,328.46,0.329378831898794,0.0628540490288287,0.0565667594793263,0.493085482333222,6,3.33967715737489
"RSTD","Utility",21,100,-158.17,NA,NA,322.34,334,0.285566801903769,0.0508385861758143,0.055477893838055,0.486409454379842,6,1.41009616898373
"RSTD","Utility",22,100,-112.51,NA,NA,231.02,242.68,0.684979062527418,0.438995202770457,0.35563621496648,0.643660147974741,5.36909050882054,1.68512896075845
"RSTD","Utility",23,100,-108.83,NA,NA,223.66,235.32,0.529962481698021,0.27115519088693,0.199848887159594,0.601958952708811,5.99024249467277,3.69503675574873
"RSTD","Utility",24,100,-98.79,NA,NA,203.58,215.24,0.779200294986367,0.728794121881947,0.818223130791105,0.869263892372307,1.9848961429751,1.16082152445602
"RSTD","Utility",25,100,-155.82,NA,NA,317.64,329.3,0.0281218434683979,0.533772448310629,0.969372484408261,0.676364785836074,5.88704985974363,1.2251683762297
"RSTD","Utility",26,100,-115.85,NA,NA,237.7,249.36,0.128862570039928,0.17050133110024,0.11622811578413,0.965435491383708,1.42092346209513,2.37515528589011
"RSTD","Utility",27,100,-93.23,NA,NA,192.46,204.12,0.980796684976667,0.860091791022569,0.857848070227695,0.852702552818799,2.86135304242642,2.2001721150753
"RSTD","Utility",28,100,-116.58,NA,NA,239.16,250.82,0.633000507717952,0.959949327167124,0.892561287061597,0.789204241921177,2.61519934551396,1.02402024855837
"RSTD","Utility",29,100,-99.48,NA,NA,204.96,216.62,0.234798390883952,0.4054856733419,0.655070971948982,0.906035339887604,1.755991357876,4.89528230370438
"RSTD","Utility",30,100,-113.51,NA,NA,233.02,244.68,0.319981756620109,0.632078264839947,0.837038246997067,0.978144738456679,1,1.05595874555906
"RSTD","Utility",31,100,-105.29,NA,NA,216.58,228.24,0.417691254755482,0.885661983396858,0.896749591299959,0.895774385899848,4.94612712156973,2.4762263855988
"RSTD","Utility",32,100,-139,NA,NA,284,295.66,0.119032545015216,0.605491037247702,0.929799935848965,0.754880340955291,3.16110270415647,1.04599827674373
"RSTD","Utility",33,100,-90.94,NA,NA,187.88,199.54,0.824352919822559,0.753800751408562,0.862469955442403,0.727105383271168,4.49345724872561,3.89878896835935
"RSTD","Utility",34,100,-94.54,NA,NA,195.08,206.74,0.080542077543214,0.69156481907703,0.0032394927052983,0.889987345577726,1.88464354331577,4.2510444371212
"RSTD","Utility",35,100,-106.35,NA,NA,218.7,230.36,0.788759883260354,0.407168375095353,0.271270907702321,0.655090003550778,5.37926594619726,1.8810732345608
"RSTD","Utility",36,100,-95.05,NA,NA,196.1,207.76,0.960197768406942,0.814909122884274,0.821112312457844,0.959462945366377,1.64681988688859,1.49123999522999
"RSTD","Utility",37,100,-113.49,NA,NA,232.98,244.64,0.983733647270128,0.387793875532225,0.236111355281414,0.606908632478834,5.88136147169687,1.18421270139515
"RSTD","Utility",38,100,-90.9,NA,NA,187.8,199.46,0.640330957481638,0.661732341628522,0.872440730673953,0.748398027466622,5.30680772125691,2.1015722423634
"RSTD","Utility",39,100,-93.2,NA,NA,192.4,204.06,0.591888564871624,0.781977394130081,0.833370563488575,0.972465609659796,1.52616613931334,2.17335850927503
"RSTD","Utility",40,100,-109.91,NA,NA,225.82,237.48,0.185236022341996,0.927017299691215,0.888036099996324,0.877627015283565,2.02497347803945,1.40621648728848
"RSTD","Utility",41,100,-109.1,NA,NA,224.2,235.86,0.5952471755445,0.540940156206489,0.413237920734994,0.644439629309205,5.98845745370375,2.71158919288757
"RSTD","Utility",42,100,-109.77,NA,NA,225.54,237.2,0.265401779906824,0.195171546889469,0.1189231293618,0.659279792167189,5.89092506564695,1.22695452463968
"RSTD","Utility",43,100,-123.49,NA,NA,252.98,264.64,0.604935176437721,0.398145136190578,0.328891648453565,0.606492978530483,5.93105092391853,1.04858012497425
"RSTD","Utility",44,100,-93.25,NA,NA,192.5,204.16,0.470244030002505,0.685449249343947,0.867447904960652,0.932917971519904,3.50518153084731,1.6486977073364
"RSTD","Utility",45,100,-113.57,NA,NA,233.14,244.8,0.371720403432846,0.503097830805928,0.687854775410616,0.962145969485417,1,1.32283924566582
"RSTD","Utility",46,100,-123.78,NA,NA,253.56,265.22,0.361050225095823,0.370053818682209,0.142381782050133,0.940023118822435,1.25859967676316,1.17356707000516
"RSTD","Utility",47,100,-93.2,NA,NA,192.4,204.06,0.594613759312779,0.789667062694207,0.824629246600032,1,1.3137801703971,3.04544003671947
"RSTD","Utility",48,100,-158.34,NA,NA,322.68,334.34,0.628910263301805,0.0369398219045252,0.0555193658267867,0.485032684912916,6,2.35408596597136
"RSTD","Utility",49,100,-106.05,NA,NA,218.1,229.76,0.254382238723338,0.857857148861513,0.898689121327992,0.802497777349623,3.12588561928433,1.936107955831
"RSTD","Utility",50,100,-109.01,NA,NA,224.02,235.68,0.629901704145595,0.59963444317691,0.582560017084528,0.896768362239063,1.52452460094063,2.13030682034315
"RSTD","Utility",51,100,-104.66,NA,NA,215.32,226.98,0.958562755258754,0.446684151422232,0.31363307909365,0.639262759710652,6,2.46860518856885
"RSTD","Utility",52,100,-113.8,NA,NA,233.6,245.26,0.378760501742363,0.716149265645072,0.875836885258511,0.854686683160927,2.06437690228337,2.1838285959837
"RSTD","Utility",53,100,-116.01,NA,NA,238.02,249.68,0.843001339351758,0.428967847023159,0.325598425670214,0.637931107860618,5.56398485217913,1.43009595386684
"RSTD","Utility",54,100,-126.44,NA,NA,258.88,270.54,0.111280993092805,0.926345025887713,0.901980355875767,0.952403426884806,4.17998929086597,2.52358875974062
"RSTD","Utility",55,100,-106.2,NA,NA,218.4,230.06,0.231767056509852,0.779834397835657,0.9130554326802,0.695625997911448,5.36509818843216,4.55762586234994
"RSTD","Utility",56,100,-104.18,NA,NA,214.36,226.02,0.386252531083301,0.815260800998658,0.886822362571847,0.979777472123377,4.59568332142811,2.64474068483968
"RSTD","Utility",57,100,-105.9,NA,NA,217.8,229.46,0.6529874894768,0.670282299863175,0.855177139950135,0.700216431258411,4.10869255012184,1.1162636061199
"RSTD","Utility",58,100,-111.79,NA,NA,229.58,241.24,0.560497718863189,0.274772666627541,0.181714403402068,0.599026501325027,5.96546736735053,1.5290995786691
"RSTD","Utility",59,100,-108.71,NA,NA,223.42,235.08,0.597106330329552,0.589335348224267,0.554926271753871,0.972257513613049,1.05177612284605,1.93161117188157
"RSTD","Utility",60,100,-90.81,NA,NA,187.62,199.28,0.987134294584394,0.800411853706464,0.809086540627697,1,1.31773052206443,2.29764714087815
"RSTD","Utility",61,100,-121.36,NA,NA,248.72,260.38,0.718285634880885,0.565618214197457,0.367269393950502,0.952773685770625,1,1.06491599744186
"RSTD","Utility",62,100,-124.81,NA,NA,255.62,267.28,0.125127220060676,0.773224814096466,0.942557546414968,0.676766510420648,5.06448133670656,1.58329186262563
"RSTD","Utility",63,100,-133.39,NA,NA,272.78,284.44,0.499009405029938,0.0988319513853639,0.0722265234109805,0.533592245071817,6,1.09243298880756
"RSTD","Utility",64,100,-105.69,NA,NA,217.38,229.04,0.333673485321924,0.454882015939802,0.383873681424446,0.999472635375461,1,3.70696423376415
"RSTD","Utility",65,100,-160.06,NA,NA,326.12,337.78,0.810415166895837,0.0187283449340612,0.0553974800128455,0.47961866845122,6,1.16512183423941
"RSTD","Utility",66,100,-107.45,NA,NA,220.9,232.56,0.461979309096932,0.296923782210797,0.243901880786739,0.622420069433206,5.75281545259328,1.45804071612656
"RSTD","Utility",67,100,-101.14,NA,NA,208.28,219.94,0.285626433324069,0.528872283641249,0.833928927246504,0.895046413898253,1.77999539094173,1.1472960453744
"RSTD","Utility",68,100,-115.04,NA,NA,236.08,247.74,0.732509626774117,0.600311974063516,0.345236607369512,0.979491135374222,1,1.4492717245746
"RSTD","Utility",69,100,-104.25,NA,NA,214.5,226.16,0.977929984452203,0.529096166603267,0.365015517400289,0.670066899977051,5.46673987593016,1.75178614688037
"RSTD","Utility",70,100,-115.07,NA,NA,236.14,247.8,0.98177181975916,0.159414226887748,0.0735975358005894,0.582040126813187,6,1.47737938910723
"RSTD","Utility",71,100,-115.88,NA,NA,237.76,249.42,0.922829337418079,0.366323065012693,0.23173085485748,0.601619388836958,6,1.08644307602532
"RSTD","Utility",72,100,-108.56,NA,NA,223.12,234.78,0.437475311337039,0.144657690776512,0.0812765345925202,0.6082498118781,5.41512276166375,2.51204245735464
"RSTD","Utility",73,100,-101.7,NA,NA,209.4,221.06,0.0812403932213783,0.858433880610391,0.00175732106887736,0.9634640342866,1,2.57674626609245
"RSTD","Utility",74,100,-123.27,NA,NA,252.54,264.2,0.769064010120928,0.423705151304603,0.282715234989009,0.729426057610376,3.17846368526483,1.055009087082
"RSTD","Utility",75,100,-121.59,NA,NA,249.18,260.84,0.27233505435288,0.0992442343849689,0.0778767006283258,0.573786404335932,6,1.01957268379492
"RSTD","Utility",76,100,-107.05,NA,NA,220.1,231.76,0.714246998308226,0.356464033480734,0.257118413135615,0.616306303549661,5.78422363612033,2.33508190601589
"RSTD","Utility",77,100,-105.57,NA,NA,217.14,228.8,0.165105299558491,0.62026000325568,0.89253546130349,0.918670715449073,3.61739526624188,3.11759630225509
"RSTD","Utility",78,100,-97.34,NA,NA,200.68,212.34,0.948594216490164,0.818483957787976,0.839829152667897,0.894609549772805,1.93398122243054,1.40069885704874
"RSTD","Utility",79,100,-104.83,NA,NA,215.66,227.32,0.641159480903298,0.713674181839451,0.812255077692461,0.963505441010673,1.18661741732075,1.04148287150446
"RSTD","Utility",80,100,-93.36,NA,NA,192.72,204.38,0.602592710871249,0.798923129681498,0.883533769146963,0.67841604387543,5.87554530491283,2.65777598732141
"RSTD","Utility",81,100,-74.35,NA,NA,154.7,166.36,0.0268326783552766,0.983408806612715,0,0.958903722519591,1.60580047404825,2.42827125892359
"RSTD","Utility",82,100,-112.5,NA,NA,231,242.66,0.390374890295789,0.210965643869713,0.133176485607512,0.614695707488441,6,1.07093011168763
"RSTD","Utility",83,100,-158.34,NA,NA,322.68,334.34,0.909624356776476,0.0655163209885359,0.0556698100919234,0.485315057285047,6,1.47955628430628
"RSTD","Utility",84,100,-105.25,NA,NA,216.5,228.16,0.894585720263422,0.928069569170475,0.897776835044694,0.865559124647645,4.30843829900093,1.78467515758694
"RSTD","Utility",85,100,-105.12,NA,NA,216.24,227.9,0.16712597804144,0.591124507132918,0.870634406561582,0.978920008806403,1.40127952459789,1.76918393555553
"RSTD","Utility",86,100,-159.3,NA,NA,324.6,336.26,0.0963515317998827,0.187938303221017,0.88620056749985,0.768272100646126,2.12694352853229,1.16646143142134
"RSTD","Utility",87,100,-114.01,NA,NA,234.02,245.68,0.812582350103185,0.879132093861699,0.890156460711312,0.782156027143894,2.8735736785128,5.4038753097219
"RSTD","Utility",88,100,-104.81,NA,NA,215.62,227.28,0.448961209738627,0.690639521926641,0.856455119541102,0.757382222329574,3.21429088519112,1.12322780341732
"RSTD","Utility",89,100,-98.78,NA,NA,203.56,215.22,0.352596259210259,0.519048273330554,0.825396155611624,0.846939461063907,2.23205144570839,1.77127007111431
"RSTD","Utility",90,100,-127.62,NA,NA,261.24,272.9,0.7131295024883,0.112127762287855,0.06853874002287,0.543956343122957,6,4.4174234716404
"RSTD","Utility",91,100,-125.1,NA,NA,256.2,267.86,0.102771484525874,0.0985191510990262,0.075765446427312,0.78186201809077,3.44226909739664,1.34824017202482
"RSTD","Utility",92,100,-123.38,NA,NA,252.76,264.42,0.14997310237959,0.461772011825815,0.886695573095542,0.815060209020312,2.32226016775393,1.26133318960971
"RSTD","Utility",93,100,-136.42,NA,NA,278.84,290.5,0.435881547397003,0.7804279406555,0.0615570401657609,1,1,1.68139734584838
"RSTD","Utility",94,100,-90.89,NA,NA,187.78,199.44,0.975024477113038,0.799848798895255,0.850514466771979,0.887245764649549,2.91310475517303,5.33281822849937
"RSTD","Utility",95,100,-111.33,NA,NA,228.66,240.32,0.723246149485931,0.623378630494699,0.83196063304093,0.699264706580114,3.59009163825025,1.45622572209686
"RSTD","Utility",96,100,-111.92,NA,NA,229.84,241.5,0.323681306792423,0.444453429430723,0.559498595726532,0.972992351543427,1,1.44684312446043
"RSTD","Utility",97,100,-122.18,NA,NA,250.36,262.02,0.521510650403798,0.40949847153388,0.324779269541794,0.657357036809817,4.47930033100066,1.1181692021126
"RSTD","Utility",98,100,-113.52,NA,NA,233.04,244.7,0.418908317107707,0.978637758642435,0.870103275491309,0.98325854413679,1.09133788809332,1.21107809292153
"RSTD","Utility",99,100,-90.03,NA,NA,186.06,197.72,0.78953983867541,0.418743934947997,0.174179830748464,1,2.77233402248519,3.49348991278757
"RSTD","Utility",100,100,-114.46,NA,NA,234.92,246.58,0.956703607924283,0.607802340993658,0.462593779768926,0.664073838609323,4.58115156777722,1.10866933899654
"Utility","TD",1,100,-144.36,NA,NA,292.72,300.49,0.285107890376821,0.724670132622123,0.161264820041353,1,NA,2.43561604238095
"Utility","TD",2,100,-273.01,NA,NA,550.02,557.79,0.950232450617477,0.206436974462122,0.065685257470531,1,NA,1.3645795173943
"Utility","TD",3,100,-273.49,NA,NA,550.98,558.75,0.536011227406561,0.200363578274846,0.0597411312619193,1,NA,2.00568439900399
"Utility","TD",4,100,-417.34,NA,NA,838.68,846.45,0.321220333920792,0.649332832079381,0.01,1.01,NA,1.14288249518722
"Utility","TD",5,100,-118.8,NA,NA,241.6,249.37,0.525106647517532,0.973066303646192,0.333198612859719,1,NA,1.39299949863926
"Utility","TD",6,100,-113.79,NA,NA,231.58,239.35,0.895209939451888,0.943225271301344,0.856421019725944,1.01650562071259,NA,4.35385648889427
"Utility","TD",7,100,-413.7,NA,NA,831.4,839.17,0.753931205254048,0.197620301274583,0.01,1.01,NA,1.18983699940145
"Utility","TD",8,100,-149.2,NA,NA,302.4,310.17,0.0560640415642411,0.783013365231454,0.0754210795412228,1,NA,4.41441693140154
"Utility","TD",9,100,-109.02,NA,NA,222.04,229.81,0.479448032099754,0.989872474921867,0.32468812532375,1,NA,1.20800043705019
"Utility","TD",10,100,-102.45,NA,NA,208.9,216.67,0.711294803768396,0.788163986755535,0.783529197608459,1,NA,3.30973086307261
"Utility","TD",11,100,-120.78,NA,NA,245.56,253.33,0.5048349336721,0.797194604296237,0.264427443285929,1,NA,3.5054881726885
"Utility","TD",12,100,-269.58,NA,NA,543.16,550.93,0.731893435353413,0.395451756194234,0.0638231244771661,1,NA,1.61817012401298
"Utility","TD",13,100,-280.17,NA,NA,564.34,572.11,0.275977379642427,0.511981163173914,0.149352697189047,5.80821082659136,NA,3.39124982816227
"Utility","TD",14,100,-279.16,NA,NA,562.32,570.09,0.226354157319292,0.16033569118008,0.054092972499899,1,NA,1.89403793397815
"Utility","TD",15,100,-112.86,NA,NA,229.72,237.49,0.315573724219576,0.984172471100464,0.184234097293881,1.1209059966015,NA,2.69604673600736
"Utility","TD",16,100,-144.36,NA,NA,292.72,300.49,0.540354023920372,0.854036244563758,0.367428002791759,1,NA,1.36215214885666
"Utility","TD",17,100,-281.6,NA,NA,567.2,574.97,0.66359161795117,0.0660558908712119,0.0658046240049168,1,NA,2.97567781611326
"Utility","TD",18,100,-207.39,NA,NA,418.78,426.55,0.973287776112556,0.630256613949314,0.076540549186591,1,NA,1.85552939023347
"Utility","TD",19,100,-123.78,NA,NA,251.56,259.33,0.340647828998044,0.988910319516435,0.14970629541442,1,NA,1.21139730885625
"Utility","TD",20,100,-428.62,NA,NA,861.24,869.01,0.329378831898794,0.0628540490288287,0.01,1.01,NA,3.33967715737489
"Utility","TD",21,100,-304.88,NA,NA,613.76,621.53,0.285566801903769,0.0508385861758143,0.0591229479765891,1,NA,1.41009616898373
"Utility","TD",22,100,-418.81,NA,NA,841.62,849.39,0.684979062527418,0.438995202770457,0.01,1.01,NA,1.68512896075845
"Utility","TD",23,100,-259.86,NA,NA,523.72,531.49,0.529962481698021,0.27115519088693,0.0775202941226037,1,NA,3.69503675574873
"Utility","TD",24,100,-203.85,NA,NA,411.7,419.47,0.779200294986367,0.728794121881947,0.0964467176779952,1,NA,1.16082152445602
"Utility","TD",25,100,-286.47,NA,NA,576.94,584.71,0.0281218434683979,0.533772448310629,0.0532208179799328,1,NA,1.2251683762297
"Utility","TD",26,100,-286.39,NA,NA,576.78,584.55,0.128862570039928,0.17050133110024,0.0597827002142591,1,NA,2.37515528589011
"Utility","TD",27,100,-112.82,NA,NA,229.64,237.41,0.980796684976667,0.860091791022569,0.863680247695812,1.06336811691316,NA,2.2001721150753
"Utility","TD",28,100,-124.45,NA,NA,252.9,260.67,0.633000507717952,0.959949327167124,0.753652660583463,1.00003030840663,NA,1.02402024855837
"Utility","TD",29,100,-456.94,NA,NA,917.88,925.65,0.234798390883952,0.4054856733419,0.01,1.01,NA,4.89528230370438
"Utility","TD",30,100,-456.86,NA,NA,917.72,925.49,0.319981756620109,0.632078264839947,0.01,1.01,NA,1.05595874555906
"Utility","TD",31,100,-114.65,NA,NA,233.3,241.07,0.417691254755482,0.885661983396858,0.168068455265648,1.00941542828516,NA,2.4762263855988
"Utility","TD",32,100,-278.89,NA,NA,561.78,569.55,0.119032545015216,0.605491037247702,0.0633681506141874,1,NA,1.04599827674373
"Utility","TD",33,100,-102.31,NA,NA,208.62,216.39,0.824352919822559,0.753800751408562,0.870863140082452,4.5850141489151,NA,3.89878896835935
"Utility","TD",34,100,-148.29,NA,NA,300.58,308.35,0.080542077543214,0.69156481907703,0.100798536861344,1,NA,4.2510444371212
"Utility","TD",35,100,-268.32,NA,NA,540.64,548.41,0.788759883260354,0.407168375095353,0.067361951400006,1,NA,1.8810732345608
"Utility","TD",36,100,-225.9,NA,NA,455.8,463.57,0.960197768406942,0.814909122884274,0.01,1.01,NA,1.49123999522999
"Utility","TD",37,100,-262.53,NA,NA,529.06,536.83,0.983733647270128,0.387793875532225,0.0639181289484512,1,NA,1.18421270139515
"Utility","TD",38,100,-283.34,NA,NA,570.68,578.45,0.640330957481638,0.661732341628522,0.01,1.01,NA,2.1015722423634
"Utility","TD",39,100,-132.15,NA,NA,268.3,276.07,0.591888564871624,0.781977394130081,0.406838309752336,1,NA,2.17335850927503
"Utility","TD",40,100,-132.17,NA,NA,268.34,276.11,0.185236022341996,0.927017299691215,0.132438048393863,1,NA,1.40621648728848
"Utility","TD",41,100,-207.14,NA,NA,418.28,426.05,0.5952471755445,0.540940156206489,0.120384830879057,1,NA,2.71158919288757
"Utility","TD",42,100,-283.43,NA,NA,570.86,578.63,0.265401779906824,0.195171546889469,0.0520536799235061,1,NA,1.22695452463968
"Utility","TD",43,100,-275.48,NA,NA,554.96,562.73,0.604935176437721,0.398145136190578,0.0657788425172738,1,NA,1.04858012497425
"Utility","TD",44,100,-180.06,NA,NA,364.12,371.89,0.470244030002505,0.685449249343947,0.11186132340083,1,NA,1.6486977073364
"Utility","TD",45,100,-262.6,NA,NA,529.2,536.97,0.371720403432846,0.503097830805928,0.0766641168515386,1,NA,1.32283924566582
"Utility","TD",46,100,-270.03,NA,NA,544.06,551.83,0.361050225095823,0.370053818682209,0.0559966205157979,1,NA,1.17356707000516
"Utility","TD",47,100,-262.88,NA,NA,529.76,537.53,0.594613759312779,0.789667062694207,0.01,1.01,NA,3.04544003671947
"Utility","TD",48,100,-280.54,NA,NA,565.08,572.85,0.628910263301805,0.0369398219045252,0.0565186494965188,1,NA,2.35408596597136
"Utility","TD",49,100,-126.06,NA,NA,256.12,263.89,0.254382238723338,0.857857148861513,0.140372657878994,1,NA,1.936107955831
"Utility","TD",50,100,-210.91,NA,NA,425.82,433.59,0.629901704145595,0.59963444317691,0.105378908998734,1,NA,2.13030682034315
"Utility","TD",51,100,-245.21,NA,NA,494.42,502.19,0.958562755258754,0.446684151422232,0.0700632294414794,1,NA,2.46860518856885
"Utility","TD",52,100,-159.12,NA,NA,322.24,330.01,0.378760501742363,0.716149265645072,0.143610945626378,1,NA,2.1838285959837
"Utility","TD",53,100,-270.1,NA,NA,544.2,551.97,0.843001339351758,0.428967847023159,0.0623240680720259,1,NA,1.43009595386684
"Utility","TD",54,100,-131.53,NA,NA,267.06,274.83,0.111280993092805,0.926345025887713,0.109326602669842,1.05690940648349,NA,2.52358875974062
"Utility","TD",55,100,-114.01,NA,NA,232.02,239.79,0.231767056509852,0.779834397835657,0.172425776511095,1,NA,4.55762586234994
"Utility","TD",56,100,-296.5,NA,NA,597,604.77,0.386252531083301,0.815260800998658,0.01,1.01,NA,2.64474068483968
"Utility","TD",57,100,-229.09,NA,NA,462.18,469.95,0.6529874894768,0.670282299863175,0.0936076633278337,1,NA,1.1162636061199
"Utility","TD",58,100,-275.83,NA,NA,555.66,563.43,0.560497718863189,0.274772666627541,0.0653928671536307,1,NA,1.5290995786691
"Utility","TD",59,100,-230.12,NA,NA,464.24,472.01,0.597106330329552,0.589335348224267,0.124014828811381,1.02587846230794,NA,1.93161117188157
"Utility","TD",60,100,-110.62,NA,NA,225.24,233.01,0.987134294584394,0.800411853706464,0.868596769950428,1.02508903697963,NA,2.29764714087815
"Utility","TD",61,100,-262.75,NA,NA,529.5,537.27,0.718285634880885,0.565618214197457,0.0687880640383994,1,NA,1.06491599744186
"Utility","TD",62,100,-186.88,NA,NA,377.76,385.53,0.125127220060676,0.773224814096466,0.0947307898259344,1,NA,1.58329186262563
"Utility","TD",63,100,-424.84,NA,NA,853.68,861.45,0.499009405029938,0.0988319513853639,0.01,1.01,NA,1.09243298880756
"Utility","TD",64,100,-421.73,NA,NA,847.46,855.23,0.333673485321924,0.454882015939802,0.01,1.01,NA,3.70696423376415
"Utility","TD",65,100,-328.57,NA,NA,661.14,668.91,0.810415166895837,0.0187283449340612,0.0457289096417534,1,NA,1.16512183423941
"Utility","TD",66,100,-413.3,NA,NA,830.6,838.37,0.461979309096932,0.296923782210797,0.01,1.01,NA,1.45804071612656
"Utility","TD",67,100,-269.57,NA,NA,543.14,550.91,0.285626433324069,0.528872283641249,0.0727989568854555,1,NA,1.1472960453744
"Utility","TD",68,100,-376.28,NA,NA,756.56,764.33,0.732509626774117,0.600311974063516,0.01,1.01,NA,1.4492717245746
"Utility","TD",69,100,-373.96,NA,NA,751.92,759.69,0.977929984452203,0.529096166603267,0.01,1.01,NA,1.75178614688037
"Utility","TD",70,100,-272.16,NA,NA,548.32,556.09,0.98177181975916,0.159414226887748,0.0669603693349586,1,NA,1.47737938910723
"Utility","TD",71,100,-418.65,NA,NA,841.3,849.07,0.922829337418079,0.366323065012693,0.01,1.01,NA,1.08644307602532
"Utility","TD",72,100,-274.28,NA,NA,552.56,560.33,0.437475311337039,0.144657690776512,0.0594256090105805,1,NA,2.51204245735464
"Utility","TD",73,100,-144.93,NA,NA,293.86,301.63,0.0812403932213783,0.858433880610391,0.0947228701694175,1.00000802602203,NA,2.57674626609245
"Utility","TD",74,100,-414.21,NA,NA,832.42,840.19,0.769064010120928,0.423705151304603,0.01,1.01,NA,1.055009087082
"Utility","TD",75,100,-292.75,NA,NA,589.5,597.27,0.27233505435288,0.0992442343849689,0.0554445002850343,1,NA,1.01957268379492
"Utility","TD",76,100,-422.4,NA,NA,848.8,856.57,0.714246998308226,0.356464033480734,0.01,1.01,NA,2.33508190601589
"Utility","TD",77,100,-151.55,NA,NA,307.1,314.87,0.165105299558491,0.62026000325568,0.113629525699499,1,NA,3.11759630225509
"Utility","TD",78,100,-148.16,NA,NA,300.32,308.09,0.948594216490164,0.818483957787976,0.872519245858061,1,NA,1.40069885704874
"Utility","TD",79,100,-352.39,NA,NA,708.78,716.55,0.641159480903298,0.713674181839451,0.01,1.01,NA,1.04148287150446
"Utility","TD",80,100,-253.12,NA,NA,510.24,518.01,0.602592710871249,0.798923129681498,0.01,1.01,NA,2.65777598732141
"Utility","TD",81,100,-125.77,NA,NA,255.54,263.31,0.0268326783552766,0.983408806612715,0.0290194159870633,1.36759778359267,NA,2.42827125892359
"Utility","TD",82,100,-287.41,NA,NA,578.82,586.59,0.390374890295789,0.210965643869713,0.0515128004804875,1,NA,1.07093011168763
"Utility","TD",83,100,-287.55,NA,NA,579.1,586.87,0.909624356776476,0.0655163209885359,0.0565921312421854,1,NA,1.47955628430628
"Utility","TD",84,100,-120.26,NA,NA,244.52,252.29,0.894585720263422,0.928069569170475,0.846801339786388,1,NA,1.78467515758694
"Utility","TD",85,100,-251.87,NA,NA,507.74,515.51,0.16712597804144,0.591124507132918,0.0996722116455195,1,NA,1.76918393555553
"Utility","TD",86,100,-299.49,NA,NA,602.98,610.75,0.0963515317998827,0.187938303221017,0.0579348336251531,1,NA,1.16646143142134
"Utility","TD",87,100,-90.8,NA,NA,185.6,193.37,0.812582350103185,0.879132093861699,0.81397181740891,1.39059431741252,NA,5.4038753097219
"Utility","TD",88,100,-230.24,NA,NA,464.48,472.25,0.448961209738627,0.690639521926641,0.103656211465099,1,NA,1.12322780341732
"Utility","TD",89,100,-466.42,NA,NA,936.84,944.61,0.352596259210259,0.519048273330554,0.01,1.01,NA,1.77127007111431
"Utility","TD",90,100,-277.32,NA,NA,558.64,566.41,0.7131295024883,0.112127762287855,0.0671835425697605,1,NA,4.4174234716404
"Utility","TD",91,100,-302.75,NA,NA,609.5,617.27,0.102771484525874,0.0985191510990262,0.0572926469532349,1,NA,1.34824017202482
"Utility","TD",92,100,-273.16,NA,NA,550.32,558.09,0.14997310237959,0.461772011825815,0.056901429124232,1,NA,1.26133318960971
"Utility","TD",93,100,-146.25,NA,NA,296.5,304.27,0.435881547397003,0.7804279406555,0.160249556848717,1,NA,1.68139734584838
"Utility","TD",94,100,-103.99,NA,NA,211.98,219.75,0.975024477113038,0.799848798895255,0.887304964249728,5.93656932367203,NA,5.33281822849937
"Utility","TD",95,100,-357.3,NA,NA,718.6,726.37,0.723246149485931,0.623378630494699,0.01,1.01,NA,1.45622572209686
"Utility","TD",96,100,-267.3,NA,NA,538.6,546.37,0.323681306792423,0.444453429430723,0.0716336844965086,1.00002471973848,NA,1.44684312446043
"Utility","TD",97,100,-271.85,NA,NA,547.7,555.47,0.521510650403798,0.40949847153388,0.0672250376515192,1,NA,1.1181692021126
"Utility","TD",98,100,-289.27,NA,NA,582.54,590.31,0.418908317107707,0.978637758642435,0.01,1.01,NA,1.21107809292153
"Utility","TD",99,100,-276.37,NA,NA,556.74,564.51,0.78953983867541,0.418743934947997,0.0699993137683139,1,NA,3.49348991278757
"Utility","TD",100,100,-381.88,NA,NA,767.76,775.53,0.956703607924283,0.607802340993658,0.01,1.01,NA,1.10866933899654
"Utility","RSTD",1,100,-140.83,NA,NA,287.66,299.32,0.285107890376821,0.724670132622123,0.180123603352963,0.148492192459862,1,2.43561604238095
"Utility","RSTD",2,100,-259.25,NA,NA,524.5,536.16,0.950232450617477,0.206436974462122,0.0747593465916767,0.0557183283984026,1,1.3645795173943
"Utility","RSTD",3,100,-267.68,NA,NA,541.36,553.02,0.536011227406561,0.200363578274846,0.064351018502539,0.0535867741959943,1,2.00568439900399
"Utility","RSTD",4,100,-244.05,NA,NA,494.1,505.76,0.321220333920792,0.649332832079381,0.0887391870994594,0.0753041479415769,1.00017265757989,1.14288249518722
"Utility","RSTD",5,100,-113.35,NA,NA,232.7,244.36,0.525106647517532,0.973066303646192,0.165255146848106,0.232858346262937,1,1.39299949863926
"Utility","RSTD",6,100,-114.32,NA,NA,234.64,246.3,0.895209939451888,0.943225271301344,0.630851311486668,0.839021382728223,5.03624035536659,4.35385648889427
"Utility","RSTD",7,100,-266.1,NA,NA,538.2,549.86,0.753931205254048,0.197620301274583,0.0625342676632802,0.0543408905099576,1,1.18983699940145
"Utility","RSTD",8,100,-160.59,NA,NA,327.18,338.84,0.0560640415642411,0.783013365231454,0.665162449167273,0.165554142429517,1,4.41441693140154
"Utility","RSTD",9,100,-106.48,NA,NA,218.96,230.62,0.479448032099754,0.989872474921867,0.171628886533142,0.222124369505414,1.03423181683312,1.20800043705019
"Utility","RSTD",10,100,-102.59,NA,NA,211.18,222.84,0.711294803768396,0.788163986755535,0.918496642629733,0.810714735393469,1.00416283696114,3.30973086307261
"Utility","RSTD",11,100,-120.66,NA,NA,247.32,258.98,0.5048349336721,0.797194604296237,0.186071843777308,0.202796731072014,1,3.5054881726885
"Utility","RSTD",12,100,-251.6,NA,NA,509.2,520.86,0.731893435353413,0.395451756194234,0.0715089147515237,0.0517746026674739,1,1.61817012401298
"Utility","RSTD",13,100,-198.03,NA,NA,402.06,413.72,0.275977379642427,0.511981163173914,0.183279257931023,0.119508844051261,1,3.39124982816227
"Utility","RSTD",14,100,-270.35,NA,NA,546.7,558.36,0.226354157319292,0.16033569118008,0.0611779030514105,0.0488853790293081,1,1.89403793397815
"Utility","RSTD",15,100,-111.08,NA,NA,228.16,239.82,0.315573724219576,0.984172471100464,0.338915885137454,0.255233565896817,1.02299957328861,2.69604673600736
"Utility","RSTD",16,100,-144.35,NA,NA,294.7,306.36,0.540354023920372,0.854036244563758,0.369872663398362,0.368381603536629,1,1.36215214885666
"Utility","RSTD",17,100,-264.76,NA,NA,535.52,547.18,0.66359161795117,0.0660558908712119,0.0757661142398301,0.0552116813175775,1,2.97567781611326
"Utility","RSTD",18,100,-205.72,NA,NA,417.44,429.1,0.973287776112556,0.630256613949314,0.0833637452184621,0.104340448855792,1,1.85552939023347
"Utility","RSTD",19,100,-123.77,NA,NA,253.54,265.2,0.340647828998044,0.988910319516435,0.15123220256204,0.150042313687624,1,1.21139730885625
"Utility","RSTD",20,100,-428.62,NA,NA,863.24,874.9,0.329378831898794,0.0628540490288287,0.01,0.01,1.01,3.33967715737489
"Utility","RSTD",21,100,-303.33,NA,NA,612.66,624.32,0.285566801903769,0.0508385861758143,0.0614556161924246,0.0553342005882072,1,1.41009616898373
"Utility","RSTD",22,100,-248.57,NA,NA,503.14,514.8,0.684979062527418,0.438995202770457,0.0776150218029973,0.0572511961376041,1,1.68512896075845
"Utility","RSTD",23,100,-241.06,NA,NA,488.12,499.78,0.529962481698021,0.27115519088693,0.0804556949725705,0.059234853718067,1,3.69503675574873
"Utility","RSTD",24,100,-201.67,NA,NA,409.34,421,0.779200294986367,0.728794121881947,0.0980537411465593,0.119505862021691,1,1.16082152445602
"Utility","RSTD",25,100,-281.67,NA,NA,569.34,581,0.0281218434683979,0.533772448310629,0.0584158234950889,0.0484603600506777,1,1.2251683762297
"Utility","RSTD",26,100,-284.03,NA,NA,574.06,585.72,0.128862570039928,0.17050133110024,0.0626707980443334,0.0549888120812582,1,2.37515528589011
"Utility","RSTD",27,100,-108.05,NA,NA,222.1,233.76,0.980796684976667,0.860091791022569,0.145087798372737,0.400468536374025,1,2.2001721150753
"Utility","RSTD",28,100,-119.23,NA,NA,244.46,256.12,0.633000507717952,0.959949327167124,0.179929673955865,0.289640130884979,1,1.02402024855837
"Utility","RSTD",29,100,-210.05,NA,NA,426.1,437.76,0.234798390883952,0.4054856733419,0.135017380049088,0.0980566170666253,1,4.89528230370438
"Utility","RSTD",30,100,-247.5,NA,NA,501,512.66,0.319981756620109,0.632078264839947,0.0951201420501813,0.0676416403010968,1,1.05595874555906
"Utility","RSTD",31,100,-115.85,NA,NA,237.7,249.36,0.417691254755482,0.885661983396858,0.498355551471371,0.334188385918549,1,2.4762263855988
"Utility","RSTD",32,100,-273.11,NA,NA,552.22,563.88,0.119032545015216,0.605491037247702,0.0659443739132618,0.0534010111717969,1,1.04599827674373
"Utility","RSTD",33,100,-101.07,NA,NA,208.14,219.8,0.824352919822559,0.753800751408562,0.694145000433087,0.780826625231162,1.09092182140019,3.89878896835935
"Utility","RSTD",34,100,-121.17,NA,NA,248.34,260,0.080542077543214,0.69156481907703,0.114315182317595,0.0740213512931935,1.00834140740937,4.2510444371212
"Utility","RSTD",35,100,-254.66,NA,NA,515.32,526.98,0.788759883260354,0.407168375095353,0.0722519170438205,0.0527854436444531,1.01388879176881,1.8810732345608
"Utility","RSTD",36,100,-163.85,NA,NA,333.7,345.36,0.960197768406942,0.814909122884274,0.0596325713851056,0.0680704312320091,1.00047849356326,1.49123999522999
"Utility","RSTD",37,100,-252.09,NA,NA,510.18,521.84,0.983733647270128,0.387793875532225,0.0712684831718803,0.055096509838545,1,1.18421270139515
"Utility","RSTD",38,100,-161.77,NA,NA,329.54,341.2,0.640330957481638,0.661732341628522,0.498613158869028,0.64536641916002,1,2.1015722423634
"Utility","RSTD",39,100,-125.07,NA,NA,256.14,267.8,0.591888564871624,0.781977394130081,0.169807565166438,0.244672894628227,1,2.17335850927503
"Utility","RSTD",40,100,-165.96,NA,NA,337.92,349.58,0.185236022341996,0.927017299691215,0.631588557621278,0.395080687473164,1.00565032951552,1.40621648728848
"Utility","RSTD",41,100,-313.28,NA,NA,632.56,644.22,0.5952471755445,0.540940156206489,0.370963223177262,0.368313689868896,5.82074059134865,2.71158919288757
"Utility","RSTD",42,100,-275,NA,NA,556,567.66,0.265401779906824,0.195171546889469,0.0591096011766055,0.0471454870100012,1,1.22695452463968
"Utility","RSTD",43,100,-256.14,NA,NA,518.28,529.94,0.604935176437721,0.398145136190578,0.0744510095248626,0.0528685732957871,1,1.04858012497425
"Utility","RSTD",44,100,-182.46,NA,NA,370.92,382.58,0.470244030002505,0.685449249343947,0.105665656738842,0.108895463062857,1.04070630429159,1.6486977073364
"Utility","RSTD",45,100,-249.07,NA,NA,504.14,515.8,0.371720403432846,0.503097830805928,0.085369924677187,0.0634804314759207,1,1.32283924566582
"Utility","RSTD",46,100,-264.4,NA,NA,534.8,546.46,0.361050225095823,0.370053818682209,0.0635735188280582,0.0529622296559275,1,1.17356707000516
"Utility","RSTD",47,100,-116.77,NA,NA,239.54,251.2,0.594613759312779,0.789667062694207,0.17015600309554,0.231294383072372,1,3.04544003671947
"Utility","RSTD",48,100,-273.14,NA,NA,552.28,563.94,0.628910263301805,0.0369398219045252,0.0623292094655817,0.0504598764494896,1,2.35408596597136
"Utility","RSTD",49,100,-124.02,NA,NA,254.04,265.7,0.254382238723338,0.857857148861513,0.144478036920173,0.1253335081094,1,1.936107955831
"Utility","RSTD",50,100,-309.4,NA,NA,624.8,636.46,0.629901704145595,0.59963444317691,0.510926569804382,0.787803058268114,4.52793233759891,2.13030682034315
"Utility","RSTD",51,100,-237.6,NA,NA,481.2,492.86,0.958562755258754,0.446684151422232,0.0743455927248849,0.0583121960035865,1,2.46860518856885
"Utility","RSTD",52,100,-194.17,NA,NA,394.34,406,0.378760501742363,0.716149265645072,0.933182966930807,0.383257064725107,1,2.1838285959837
"Utility","RSTD",53,100,-249.85,NA,NA,505.7,517.36,0.843001339351758,0.428967847023159,0.0715912099602056,0.0511536971097314,1,1.43009595386684
"Utility","RSTD",54,100,-122.98,NA,NA,251.96,263.62,0.111280993092805,0.926345025887713,0.096832199878146,0.0742148596155604,1.19491193496989,2.52358875974062
"Utility","RSTD",55,100,-106.06,NA,NA,218.12,229.78,0.231767056509852,0.779834397835657,0.507535706372671,0.276911333339853,1,4.55762586234994
"Utility","RSTD",56,100,-125.06,NA,NA,256.12,267.78,0.386252531083301,0.815260800998658,0.157274582364901,0.149378961831279,1,2.64474068483968
"Utility","RSTD",57,100,-228.32,NA,NA,462.64,474.3,0.6529874894768,0.670282299863175,0.103759221084419,0.120165993547378,1.00029363856538,1.1162636061199
"Utility","RSTD",58,100,-258.65,NA,NA,523.3,534.96,0.560497718863189,0.274772666627541,0.0728919247460957,0.0530402848780306,1,1.5290995786691
"Utility","RSTD",59,100,-265.21,NA,NA,536.42,548.08,0.597106330329552,0.589335348224267,0.466302022877157,0.644134829526744,1,1.93161117188157
"Utility","RSTD",60,100,-108.14,NA,NA,222.28,233.94,0.987134294584394,0.800411853706464,0.425586299841307,0.768961528633447,1.00532551161764,2.29764714087815
"Utility","RSTD",61,100,-241.79,NA,NA,489.58,501.24,0.718285634880885,0.565618214197457,0.0754858499583005,0.0532034470221565,1,1.06491599744186
"Utility","RSTD",62,100,-179.72,NA,NA,365.44,377.1,0.125127220060676,0.773224814096466,0.105383045541235,0.0828235379857394,1,1.58329186262563
"Utility","RSTD",63,100,-295.52,NA,NA,597.04,608.7,0.499009405029938,0.0988319513853639,0.0564869908871901,0.0443673938491707,1,1.09243298880756
"Utility","RSTD",64,100,-224.41,NA,NA,454.82,466.48,0.333673485321924,0.454882015939802,0.128224669665401,0.106215504330382,1,3.70696423376415
"Utility","RSTD",65,100,-318.85,NA,NA,643.7,655.36,0.810415166895837,0.0187283449340612,0.0547625976502076,0.0427326923631466,1,1.16512183423941
"Utility","RSTD",66,100,-265.49,NA,NA,536.98,548.64,0.461979309096932,0.296923782210797,0.0629401680618915,0.05127437995698,1,1.45804071612656
"Utility","RSTD",67,100,-259.64,NA,NA,525.28,536.94,0.285626433324069,0.528872283641249,0.0778101054195069,0.0589513908596139,1,1.1472960453744
"Utility","RSTD",68,100,-245.03,NA,NA,496.06,507.72,0.732509626774117,0.600311974063516,0.0905246560539781,0.0966910006746165,1,1.4492717245746
"Utility","RSTD",69,100,-262.29,NA,NA,530.58,542.24,0.977929984452203,0.529096166603267,0.0758270800781,0.0552407883786497,1,1.75178614688037
"Utility","RSTD",70,100,-260.52,NA,NA,527.04,538.7,0.98177181975916,0.159414226887748,0.0752796771364749,0.0571006527348368,1,1.47737938910723
"Utility","RSTD",71,100,-258.03,NA,NA,522.06,533.72,0.922829337418079,0.366323065012693,0.0745079336097635,0.0554113505422306,1,1.08644307602532
"Utility","RSTD",72,100,-268.94,NA,NA,543.88,555.54,0.437475311337039,0.144657690776512,0.0631262554566563,0.0528268528598645,1,2.51204245735464
"Utility","RSTD",73,100,-131.44,NA,NA,268.88,280.54,0.0812403932213783,0.858433880610391,0.0907237683940975,0.0644115425719571,1.0100635619617,2.57674626609245
"Utility","RSTD",74,100,-251.63,NA,NA,509.26,520.92,0.769064010120928,0.423705151304603,0.0722755611568536,0.0525975284453597,1,1.055009087082
"Utility","RSTD",75,100,-425.05,NA,NA,856.1,867.76,0.27233505435288,0.0992442343849689,0.01,0.01,1.01,1.01957268379492
"Utility","RSTD",76,100,-246.87,NA,NA,499.74,511.4,0.714246998308226,0.356464033480734,0.0762135214766534,0.0560927301717106,1,2.33508190601589
"Utility","RSTD",77,100,-141.47,NA,NA,288.94,300.6,0.165105299558491,0.62026000325568,0.0928294573856913,0.068908650899636,1.02625815177289,3.11759630225509
"Utility","RSTD",78,100,-163.67,NA,NA,333.34,345,0.948594216490164,0.818483957787976,0.683654812325322,0.857555902181593,2.92294189423832,1.40069885704874
"Utility","RSTD",79,100,-221.62,NA,NA,449.24,460.9,0.641159480903298,0.713674181839451,0.102910274300407,0.131681522326208,1,1.04148287150446
"Utility","RSTD",80,100,-127.34,NA,NA,260.68,272.34,0.602592710871249,0.798923129681498,0.827712438465487,0.717973182619986,1,2.65777598732141
"Utility","RSTD",81,100,-129.94,NA,NA,265.88,277.54,0.0268326783552766,0.983408806612715,0.0237661981241092,0.0205257100731833,1.0075769601721,2.42827125892359
"Utility","RSTD",82,100,-281.13,NA,NA,568.26,579.92,0.390374890295789,0.210965643869713,0.0569745488638053,0.0462432722965877,1,1.07093011168763
"Utility","RSTD",83,100,-286.46,NA,NA,578.92,590.58,0.909624356776476,0.0655163209885359,0.0596248233304077,0.0547780858082974,1,1.47955628430628
"Utility","RSTD",84,100,-119.81,NA,NA,245.62,257.28,0.894585720263422,0.928069569170475,0.446623754968262,0.737737044153184,1,1.78467515758694
"Utility","RSTD",85,100,-239.42,NA,NA,484.84,496.5,0.16712597804144,0.591124507132918,0.0939575827911758,0.0642971132693564,1,1.76918393555553
"Utility","RSTD",86,100,-297.57,NA,NA,601.14,612.8,0.0963515317998827,0.187938303221017,0.0603037840776524,0.0532063523736343,1,1.16646143142134
"Utility","RSTD",87,100,-90.49,NA,NA,186.98,198.64,0.812582350103185,0.879132093861699,0.254358001677051,0.559707863700236,4.62048789925583,5.4038753097219
"Utility","RSTD",88,100,-229.12,NA,NA,464.24,475.9,0.448961209738627,0.690639521926641,0.10036857271411,0.0898539130432439,1,1.12322780341732
"Utility","RSTD",89,100,-256.33,NA,NA,518.66,530.32,0.352596259210259,0.519048273330554,0.0941150379898454,0.0666059617537468,1,1.77127007111431
"Utility","RSTD",90,100,-262,NA,NA,530,541.66,0.7131295024883,0.112127762287855,0.0737979319177584,0.054763749409462,1.00001719303304,4.4174234716404
"Utility","RSTD",91,100,-300.91,NA,NA,607.82,619.48,0.102771484525874,0.0985191510990262,0.0608051287695947,0.0538149137543368,1,1.34824017202482
"Utility","RSTD",92,100,-270.77,NA,NA,547.54,559.2,0.14997310237959,0.461772011825815,0.0591830086120126,0.0522304905011223,1,1.26133318960971
"Utility","RSTD",93,100,-145.52,NA,NA,297.04,308.7,0.435881547397003,0.7804279406555,0.148228332768211,0.160353172090844,1,1.68139734584838
"Utility","RSTD",94,100,-103.78,NA,NA,213.56,225.22,0.975024477113038,0.799848798895255,0.376170740939524,0.743652867957204,1.45623063540159,5.33281822849937
"Utility","RSTD",95,100,-265.58,NA,NA,537.16,548.82,0.723246149485931,0.623378630494699,0.88789408786215,0.831416784296254,1,1.45622572209686
"Utility","RSTD",96,100,-256.32,NA,NA,518.64,530.3,0.323681306792423,0.444453429430723,0.0788812588140259,0.0603099462491576,1,1.44684312446043
"Utility","RSTD",97,100,-256,NA,NA,518,529.66,0.521510650403798,0.40949847153388,0.0746901978322278,0.0539733213409032,1,1.1181692021126
"Utility","RSTD",98,100,-142.46,NA,NA,290.92,302.58,0.418908317107707,0.978637758642435,0.872539358410907,0.425635816990082,1,1.21107809292153
"Utility","RSTD",99,100,-252.9,NA,NA,511.8,523.46,0.78953983867541,0.418743934947997,0.0743316795375009,0.0499221503189932,1,3.49348991278757
"Utility","RSTD",100,100,-266.15,NA,NA,538.3,549.96,0.956703607924283,0.607802340993658,0.074725917446601,0.0540804889177953,1,1.10866933899654
"Utility","Utility",1,100,-137.99,NA,NA,281.98,293.64,0.285107890376821,0.724670132622123,0.150256026034036,0.782617280671683,2.51994870021145,2.43561604238095
"Utility","Utility",2,100,-196.17,NA,NA,398.34,410,0.950232450617477,0.206436974462122,0.771978494764599,0.240095509835419,1.49105889395694,1.3645795173943
"Utility","Utility",3,100,-198.72,NA,NA,403.44,415.1,0.536011227406561,0.200363578274846,0.75237210626201,0.0186319900601566,2.59686236695361,2.00568439900399
"Utility","Utility",4,100,-176.8,NA,NA,359.6,371.26,0.321220333920792,0.649332832079381,0.154724099752797,0.618038274588017,1.4257944724076,1.14288249518722
"Utility","Utility",5,100,-118.27,NA,NA,242.54,254.2,0.525106647517532,0.973066303646192,0.351819250560602,0.966113057111902,1,1.39299949863926
"Utility","Utility",6,100,-113.8,NA,NA,233.6,245.26,0.895209939451888,0.943225271301344,0.858553322585436,0.993455648718637,1.05498525445474,4.35385648889427
"Utility","Utility",7,100,-201.09,NA,NA,408.18,419.84,0.753931205254048,0.197620301274583,0.988323173241819,0,2.33969190049818,1.18983699940145
"Utility","Utility",8,100,-123.24,NA,NA,252.48,264.14,0.0560640415642411,0.783013365231454,0.0462186380128572,0.673170364933204,5.67396312870597,4.41441693140154
"Utility","Utility",9,100,-109.02,NA,NA,224.04,235.7,0.479448032099754,0.989872474921867,0.325947535100632,1,1,1.20800043705019
"Utility","Utility",10,100,-102.41,NA,NA,210.82,222.48,0.711294803768396,0.788163986755535,0.852957511351358,0.714304536287759,3.92927639574816,3.30973086307261
"Utility","Utility",11,100,-119.44,NA,NA,244.88,256.54,0.5048349336721,0.797194604296237,0.409015928579958,0.636165514743728,5.17928067593151,3.5054881726885
"Utility","Utility",12,100,-192.81,NA,NA,391.62,403.28,0.731893435353413,0.395451756194234,0.667597360369459,0.406720396258262,1.02784724859286,1.61817012401298
"Utility","Utility",13,100,-146.62,NA,NA,299.24,310.9,0.275977379642427,0.511981163173914,0.176866127480625,0.537706230264253,3.31734909072021,3.39124982816227
"Utility","Utility",14,100,-205.4,NA,NA,416.8,428.46,0.226354157319292,0.16033569118008,0.0870256074799655,0.356573845271964,1.00089439663817,1.89403793397815
"Utility","Utility",15,100,-110.93,NA,NA,227.86,239.52,0.315573724219576,0.984172471100464,0.266074386519361,0.738359034521032,3.67376533737761,2.69604673600736
"Utility","Utility",16,100,-140.48,NA,NA,286.96,298.62,0.540354023920372,0.854036244563758,0.486600250104805,0.909591646046974,1,1.36215214885666
"Utility","Utility",17,100,-195.09,NA,NA,396.18,407.84,0.66359161795117,0.0660558908712119,0.730494354850048,0.252870158157287,1.3823748711013,2.97567781611326
"Utility","Utility",18,100,-161.71,NA,NA,329.42,341.08,0.973287776112556,0.630256613949314,0.92476718866589,0.412690022802133,5.73295286832951,1.85552939023347
"Utility","Utility",19,100,-123.77,NA,NA,253.54,265.2,0.340647828998044,0.988910319516435,0.14942685191002,0.98889938277555,1.02948688187122,1.21139730885625
"Utility","Utility",20,100,-203.21,NA,NA,412.42,424.08,0.329378831898794,0.0628540490288287,0.592630760595637,0.0038715272619197,2.30990808734276,3.33967715737489
"Utility","Utility",21,100,-217.99,NA,NA,441.98,453.64,0.285566801903769,0.0508385861758143,0.0230205395235837,0.0994004647715507,1.07481168860974,1.41009616898373
"Utility","Utility",22,100,-190.89,NA,NA,387.78,399.44,0.684979062527418,0.438995202770457,0.598432919132823,0.455603644090249,1,1.68512896075845
"Utility","Utility",23,100,-184.66,NA,NA,375.32,386.98,0.529962481698021,0.27115519088693,0.531965958773356,0.00356978259228723,6,3.69503675574873
"Utility","Utility",24,100,-158.61,NA,NA,323.22,334.88,0.779200294986367,0.728794121881947,0.842700826577987,0.58048694115927,2.29200355165524,1.16082152445602
"Utility","Utility",25,100,-207.54,NA,NA,421.08,432.74,0.0281218434683979,0.533772448310629,0.0180935441974966,0.235146885869618,1.12285537438868,1.2251683762297
"Utility","Utility",26,100,-203.51,NA,NA,413.02,424.68,0.128862570039928,0.17050133110024,0.054983457781525,0.502326396312342,1.04778379973445,2.37515528589011
"Utility","Utility",27,100,-112.88,NA,NA,231.76,243.42,0.980796684976667,0.860091791022569,0.873101637454391,0.933564741738435,1.41976975735608,2.2001721150753
"Utility","Utility",28,100,-120.36,NA,NA,246.72,258.38,0.633000507717952,0.959949327167124,0.743196107915797,0.910555450164827,1.06015592295741,1.02402024855837
"Utility","Utility",29,100,-151.39,NA,NA,308.78,320.44,0.234798390883952,0.4054856733419,0.163120378842349,0.447853840998258,4.5453586940002,4.89528230370438
"Utility","Utility",30,100,-185.68,NA,NA,377.36,389.02,0.319981756620109,0.632078264839947,0.319699990440545,0.518725479094534,1.24037952853713,1.05595874555906
"Utility","Utility",31,100,-114.7,NA,NA,235.4,247.06,0.417691254755482,0.885661983396858,0.164522775179724,0.975656034580427,1.14347812747725,2.4762263855988
"Utility","Utility",32,100,-195.51,NA,NA,397.02,408.68,0.119032545015216,0.605491037247702,0.0492077756429862,0.499684265179393,2.02417246326582,1.04599827674373
"Utility","Utility",33,100,-101.2,NA,NA,208.4,220.06,0.824352919822559,0.753800751408562,0.843671314868923,0.833357045605526,2.34909382735407,3.89878896835935
"Utility","Utility",34,100,-121.36,NA,NA,248.72,260.38,0.080542077543214,0.69156481907703,0.0764288480929442,0.680541821576917,4.86043421351151,4.2510444371212
"Utility","Utility",35,100,-207.86,NA,NA,421.72,433.38,0.788759883260354,0.407168375095353,0.0112321364238642,0.266458431127963,2.1668932492878,1.8810732345608
"Utility","Utility",36,100,-141.62,NA,NA,289.24,300.9,0.960197768406942,0.814909122884274,0.923452619849744,0.702577283283788,2.88990941997371,1.49123999522999
"Utility","Utility",37,100,-195.09,NA,NA,396.18,407.84,0.983733647270128,0.387793875532225,0.764615894014791,0.255612888056207,1.59283871605133,1.18421270139515
"Utility","Utility",38,100,-128.78,NA,NA,263.56,275.22,0.640330957481638,0.661732341628522,0.741805131774869,0.787604457151947,1.16510358799485,2.1015722423634
"Utility","Utility",39,100,-128.97,NA,NA,263.94,275.6,0.591888564871624,0.781977394130081,0.535632873045492,0.861046164553506,1.31971705276766,2.17335850927503
"Utility","Utility",40,100,-130.2,NA,NA,266.4,278.06,0.185236022341996,0.927017299691215,0.117668552939814,0.862242175419233,1.77332363824568,1.40621648728848
"Utility","Utility",41,100,-155.55,NA,NA,317.1,328.76,0.5952471755445,0.540940156206489,0.683939244070805,0.597265694146628,1.74731457520098,2.71158919288757
"Utility","Utility",42,100,-207.78,NA,NA,421.56,433.22,0.265401779906824,0.195171546889469,0.00412689701487981,0.0169479963314803,5.858735538,1.22695452463968
"Utility","Utility",43,100,-193.77,NA,NA,393.54,405.2,0.604935176437721,0.398145136190578,0.650084537160937,0.355300858231787,1.1813371025119,1.04858012497425
"Utility","Utility",44,100,-153.75,NA,NA,313.5,325.16,0.470244030002505,0.685449249343947,0.252230993321586,0.779536297024138,1,1.6486977073364
"Utility","Utility",45,100,-189.64,NA,NA,385.28,396.94,0.371720403432846,0.503097830805928,0.44542179526266,0.18142155553713,3.19967197566903,1.32283924566582
"Utility","Utility",46,100,-200.34,NA,NA,406.68,418.34,0.361050225095823,0.370053818682209,0.926980311688146,0.0838855530774215,1.84816115275971,1.17356707000516
"Utility","Utility",47,100,-123.03,NA,NA,252.06,263.72,0.594613759312779,0.789667062694207,0.441170256244357,0.800352262630316,2.01698562286672,3.04544003671947
"Utility","Utility",48,100,-200.64,NA,NA,407.28,418.94,0.628910263301805,0.0369398219045252,0.883670348780766,0.227807160153401,1.07145168391622,2.35408596597136
"Utility","Utility",49,100,-124.02,NA,NA,254.04,265.7,0.254382238723338,0.857857148861513,0.129137502263868,0.863824457316475,1.7960870154825,1.936107955831
"Utility","Utility",50,100,-161.21,NA,NA,328.42,340.08,0.629901704145595,0.59963444317691,0.818182370036766,0.489107908540515,3.32455278637436,2.13030682034315
"Utility","Utility",51,100,-191.6,NA,NA,389.2,400.86,0.958562755258754,0.446684151422232,0.848134012293242,0.572737732349855,1,2.46860518856885
"Utility","Utility",52,100,-156.43,NA,NA,318.86,330.52,0.378760501742363,0.716149265645072,0.163763244543005,0.917923074596242,1.07895638932668,2.1838285959837
"Utility","Utility",53,100,-194.97,NA,NA,395.94,407.6,0.843001339351758,0.428967847023159,0.844113600812966,0.0811543160178056,5.76958072678187,1.43009595386684
"Utility","Utility",54,100,-125.49,NA,NA,256.98,268.64,0.111280993092805,0.926345025887713,0.058443098328931,0.699723408691457,6,2.52358875974062
"Utility","Utility",55,100,-106.96,NA,NA,219.92,231.58,0.231767056509852,0.779834397835657,0.25944256373608,0.618328036743894,5.95824607324566,4.55762586234994
"Utility","Utility",56,100,-126.64,NA,NA,259.28,270.94,0.386252531083301,0.815260800998658,0.272556150735954,0.74274646220851,2.98679095145813,2.64474068483968
"Utility","Utility",57,100,-168.84,NA,NA,343.68,355.34,0.6529874894768,0.670282299863175,0.804999456839404,0.596201963347816,1.6537211876583,1.1162636061199
"Utility","Utility",58,100,-196.44,NA,NA,398.88,410.54,0.560497718863189,0.274772666627541,0.825904250888542,0.0254121926841634,3.02653992834769,1.5290995786691
"Utility","Utility",59,100,-165.92,NA,NA,337.84,349.5,0.597106330329552,0.589335348224267,0.79557357641877,0.499757010318761,2.79301687362406,1.93161117188157
"Utility","Utility",60,100,-110.61,NA,NA,227.22,238.88,0.987134294584394,0.800411853706464,0.873459015951055,0.958843789035551,1.14886337249669,2.29764714087815
"Utility","Utility",61,100,-214.06,NA,NA,434.12,445.78,0.718285634880885,0.565618214197457,0.01,0.01,1.01,1.06491599744186
"Utility","Utility",62,100,-170.27,NA,NA,346.54,358.2,0.125127220060676,0.773224814096466,0.084518164910307,0.730993265803183,2.54434408621073,1.58329186262563
"Utility","Utility",63,100,-219.76,NA,NA,445.52,457.18,0.499009405029938,0.0988319513853639,0.605067844134328,0.0855157574884065,1,1.09243298880756
"Utility","Utility",64,100,-161.99,NA,NA,329.98,341.64,0.333673485321924,0.454882015939802,0.178050203333793,0.547756648087893,2.57671175262953,3.70696423376415
"Utility","Utility",65,100,-231.59,NA,NA,469.18,480.84,0.810415166895837,0.0187283449340612,1,0,1.03125,1.16512183423941
"Utility","Utility",66,100,-204.17,NA,NA,414.34,426,0.461979309096932,0.296923782210797,0.330585979043942,0.436959831618466,1,1.45804071612656
"Utility","Utility",67,100,-196.25,NA,NA,398.5,410.16,0.285626433324069,0.528872283641249,0.467430431085606,0.399840290346654,1.06859269809604,1.1472960453744
"Utility","Utility",68,100,-173.93,NA,NA,353.86,365.52,0.732509626774117,0.600311974063516,0.803930123861212,0.576309404015884,1.60815691247863,1.4492717245746
"Utility","Utility",69,100,-203.06,NA,NA,412.12,423.78,0.977929984452203,0.529096166603267,0.0133815812437012,0.469582607736216,2.49409721412004,1.75178614688037
"Utility","Utility",70,100,-196.2,NA,NA,398.4,410.06,0.98177181975916,0.159414226887748,0.776808067511995,0.13132027670705,2.19033541704125,1.47737938910723
"Utility","Utility",71,100,-195.39,NA,NA,396.78,408.44,0.922829337418079,0.366323065012693,0.696899722264338,0.331743451473943,1.20215780721921,1.08644307602532
"Utility","Utility",72,100,-200.26,NA,NA,406.52,418.18,0.437475311337039,0.144657690776512,0.881950398850169,0.0308960387814077,2.33964847518782,2.51204245735464
"Utility","Utility",73,100,-131.24,NA,NA,268.48,280.14,0.0812403932213783,0.858433880610391,0.0634780746367012,0.727613276457897,4.16728282284825,2.57674626609245
"Utility","Utility",74,100,-193.24,NA,NA,392.48,404.14,0.769064010120928,0.423705151304603,0.702439570688577,0.181998720434385,2.27196674638847,1.055009087082
"Utility","Utility",75,100,-224.79,NA,NA,455.58,467.24,0.27233505435288,0.0992442343849689,0.0105593535865854,0.00319309632191149,1.37216644066005,1.01957268379492
"Utility","Utility",76,100,-191.87,NA,NA,389.74,401.4,0.714246998308226,0.356464033480734,0.637944008566039,0.331288431665754,1.41082934288459,2.33508190601589
"Utility","Utility",77,100,-121.18,NA,NA,248.36,260.02,0.165105299558491,0.62026000325568,0.0992595411567631,0.629762713892505,3.97704017826785,3.11759630225509
"Utility","Utility",78,100,-141.97,NA,NA,289.94,301.6,0.948594216490164,0.818483957787976,0.900319732053209,0.745114443430254,2.23176154264909,1.40069885704874
"Utility","Utility",79,100,-165.87,NA,NA,337.74,349.4,0.641159480903298,0.713674181839451,0.775268197790443,0.704009109755949,1.04912955988421,1.04148287150446
"Utility","Utility",80,100,-121.8,NA,NA,249.6,261.26,0.602592710871249,0.798923129681498,0.634382889276728,0.657368770173008,3.94107106331735,2.65777598732141
"Utility","Utility",81,100,-122.14,NA,NA,250.28,261.94,0.0268326783552766,0.983408806612715,0.0203492358401482,0.865822463311217,3.94301621885253,2.42827125892359
"Utility","Utility",82,100,-210.18,NA,NA,426.36,438.02,0.390374890295789,0.210965643869713,0.481793413826369,0.0548577483762122,1.51462717693233,1.07093011168763
"Utility","Utility",83,100,-210.66,NA,NA,427.32,438.98,0.909624356776476,0.0655163209885359,1,0,1.66619206342674,1.47955628430628
"Utility","Utility",84,100,-120.14,NA,NA,246.28,257.94,0.894585720263422,0.928069569170475,0.879703196981998,0.775339644366308,2.5888374384044,1.78467515758694
"Utility","Utility",85,100,-181.58,NA,NA,369.16,380.82,0.16712597804144,0.591124507132918,0.135701130267175,0.688279449592577,1.19889271668317,1.76918393555553
"Utility","Utility",86,100,-211.62,NA,NA,429.24,440.9,0.0963515317998827,0.187938303221017,0.0173205218815033,0.00222358967708363,2.02649797181924,1.16646143142134
"Utility","Utility",87,100,-90.82,NA,NA,187.64,199.3,0.812582350103185,0.879132093861699,0.815644903314754,1,1.34925055883955,5.4038753097219
"Utility","Utility",88,100,-171.48,NA,NA,348.96,360.62,0.448961209738627,0.690639521926641,0.20533634362482,0.677454213507636,1.21270142305287,1.12322780341732
"Utility","Utility",89,100,-186.82,NA,NA,379.64,391.3,0.352596259210259,0.519048273330554,0.34447774417896,0.303652847939619,2.42805430003802,1.77127007111431
"Utility","Utility",90,100,-194.22,NA,NA,394.44,406.1,0.7131295024883,0.112127762287855,0.705850422097876,0.00418517963467874,3.80537880566613,4.4174234716404
"Utility","Utility",91,100,-214.98,NA,NA,435.96,447.62,0.102771484525874,0.0985191510990262,0.0225600919768998,0.104924334852366,1.19013833240739,1.34824017202482
"Utility","Utility",92,100,-205.53,NA,NA,417.06,428.72,0.14997310237959,0.461772011825815,0.159555559770853,0.107130797541888,1.90864480551671,1.26133318960971
"Utility","Utility",93,100,-145.78,NA,NA,297.56,309.22,0.435881547397003,0.7804279406555,0.179598417244295,0.965287256996245,1,1.68139734584838
"Utility","Utility",94,100,-106.14,NA,NA,218.28,229.94,0.975024477113038,0.799848798895255,0.907758438649071,0.734439988188266,4.47074103545095,5.33281822849937
"Utility","Utility",95,100,-167.79,NA,NA,341.58,353.24,0.723246149485931,0.623378630494699,0.882737903199771,0.376079092865796,6,1.45622572209686
"Utility","Utility",96,100,-194.21,NA,NA,394.42,406.08,0.323681306792423,0.444453429430723,0.516470135352656,0.194429777189441,2.23005399094417,1.44684312446043
"Utility","Utility",97,100,-193.86,NA,NA,393.72,405.38,0.521510650403798,0.40949847153388,0.633675946627738,0.352734153915645,1.26314692317077,1.1181692021126
"Utility","Utility",98,100,-123.74,NA,NA,253.48,265.14,0.418908317107707,0.978637758642435,0.154747788997491,0.979208978282555,1,1.21107809292153
"Utility","Utility",99,100,-180.33,NA,NA,366.66,378.32,0.78953983867541,0.418743934947997,0.870110565446266,0.346313295109844,4.74787413713582,3.49348991278757
"Utility","Utility",100,100,-193.54,NA,NA,393.08,404.74,0.956703607924283,0.607802340993658,0.939000424732416,0.352857238206413,3.96652756151914,1.10866933899654
