"simulate_model","fit_model","iteration","ACC","LogL","LogPr","LogPo","AIC","BIC","input_param_1","input_param_2","output_param_1","output_param_2","output_param_3","input_param_3"
"TD","TD",1,92.5,-81.68,NA,NA,167.36,175.13,0.643091264180839,1.83357874206723,0.755395025141222,1.00000336100742,NA,NA
"TD","TD",2,93.06,-74.64,NA,NA,153.28,161.05,0.724670132622123,2.43561604238095,0.751239938293687,1.0000010285152,NA,NA
"TD","TD",3,91.94,-79.95,NA,NA,163.9,171.67,0.950232450617477,3.03779015681686,0.905468205724273,1.0000002131312,NA,NA
"TD","TD",4,91.94,-89.33,NA,NA,182.66,190.43,0.682289758697152,1.07202245481312,0.713812806059422,1.00000145395602,NA,NA
"TD","TD",5,88.33,-126.47,NA,NA,256.94,264.71,0.200363578274846,2.00568439900399,0.108899693681553,4.36775881308997,NA,NA
"TD","TD",6,81.39,-139.19,NA,NA,282.38,290.15,0.321220333920792,1.29866566415876,0.074880401137427,1.39378771810003,NA,NA
"TD","TD",7,90.56,-102,NA,NA,208,215.77,0.571441247593611,1.05021329503506,0.679100909597617,1.0000005791226,NA,NA
"TD","TD",8,91.67,-83.51,NA,NA,171.02,178.79,0.973066303646192,1.39299949863926,0.905451359645258,1.00000057573619,NA,NA
"TD","TD",9,90,-102.22,NA,NA,208.44,216.21,0.895209939451888,1.00547373959183,0.864120882972821,1.00000109665607,NA,NA
"TD","TD",10,88.06,-119.3,NA,NA,242.6,250.37,0.0494146177079529,1.5078624105081,0.0528469814003714,4.20980010096821,NA,NA
"TD","TD",11,88.06,-140.36,NA,NA,284.72,292.49,0.197620301274583,1.18983699940145,0.107424398271741,4.3814206600694,NA,NA
"TD","TD",12,86.39,-120.37,NA,NA,244.74,252.51,0.0560640415642411,1.56602673046291,0.0900780887007035,2.0625568769733,NA,NA
"TD","TD",13,85,-112.21,NA,NA,228.42,236.19,0.051307131536305,2.23247370731968,0.11344438545756,1.4196647013808,NA,NA
"TD","TD",14,91.39,-87.08,NA,NA,178.16,185.93,0.989872474921867,1.20800043705019,0.905662955509116,1.00000015357732,NA,NA
"TD","TD",15,93.06,-74.64,NA,NA,153.28,161.05,0.711294803768396,1.57632797351107,0.751239938293687,1.0000010285152,NA,NA
"TD","TD",16,87.22,-116.16,NA,NA,236.32,244.09,0.0768930825870484,1.0096698673442,0.058673367773299,3.12969366853522,NA,NA
"TD","TD",17,93.06,-74.64,NA,NA,153.28,161.05,0.797194604296237,3.5054881726885,0.751239938293687,1.0000010285152,NA,NA
"TD","TD",18,93.06,-74.64,NA,NA,153.28,161.05,0.731893435353413,2.27495420533688,0.751239938293687,1.0000010285152,NA,NA
"TD","TD",19,94.44,-75.98,NA,NA,155.96,163.73,0.809085062006488,1.79705669912965,0.702189500509997,1.70583691887656,NA,NA
"TD","TD",20,93.06,-91.21,NA,NA,186.42,194.19,0.511981163173914,3.39124982816227,0.344390066079062,2.03641402373647,NA,NA
"TD","TD",21,92.22,-93.8,NA,NA,191.6,199.37,0.226354157319292,2.66897989056053,0.210549892979854,2.28566051186196,NA,NA
"TD","TD",22,91.11,-106.16,NA,NA,216.32,224.09,0.300222688354552,1.95544207743825,0.211566437001836,2.39861191989167,NA,NA
"TD","TD",23,91.94,-79.95,NA,NA,163.9,171.67,0.984172471100464,2.69604673600736,0.905468205724273,1.0000002131312,NA,NA
"TD","TD",24,91.94,-111.08,NA,NA,226.16,233.93,0.540354023920372,1.23410649768987,0.586368175629352,9.99999978543468,NA,NA
"TD","TD",25,91.67,-93.75,NA,NA,191.5,199.27,0.870058757020161,1.32718323590234,0.863609979835696,1.00000153806479,NA,NA
"TD","TD",26,91.39,-123.85,NA,NA,251.7,259.47,0.0660558908712119,2.97567781611326,0.127857607646092,6.52694476320301,NA,NA
"TD","TD",27,91.94,-87.07,NA,NA,178.14,185.91,0.973287776112556,1.26051322789863,0.905403600301991,1.00000009167289,NA,NA
"TD","TD",28,91.94,-94.37,NA,NA,192.74,200.51,0.290595552418381,2.05573849655212,0.207364702887417,2.35206160625127,NA,NA
"TD","TD",29,91.39,-87.08,NA,NA,178.16,185.93,0.988910319516435,1.21139730885625,0.905662955509116,1.00000015357732,NA,NA
"TD","TD",30,91.94,-94.37,NA,NA,192.74,200.51,0.329378831898794,3.0851063261411,0.207364702887417,2.35206160625127,NA,NA
"TD","TD",31,85.83,-134.19,NA,NA,272.38,280.15,0.11878991080448,1.83541438817502,0.0837491200034536,2.78212247805158,NA,NA
"TD","TD",32,88.06,-119.3,NA,NA,242.6,250.37,0.0508385861758143,1.41009616898373,0.0528469814003714,4.20980010096821,NA,NA
"TD","TD",33,93.06,-74.64,NA,NA,153.28,161.05,0.684979062527418,1.75662852577144,0.751239938293687,1.0000010285152,NA,NA
"TD","TD",34,91.39,-100.18,NA,NA,204.36,212.13,0.842564480379224,1.05992496339604,0.863292762477004,1.00000232130053,NA,NA
"TD","TD",35,91.94,-93.29,NA,NA,190.58,198.35,0.27115519088693,3.69503675574873,0.207426427490049,2.24230339691174,NA,NA
"TD","TD",36,94.17,-80.59,NA,NA,165.18,172.95,0.779200294986367,1.45758824376389,0.67658148881722,1.80085446716233,NA,NA
"TD","TD",37,91.94,-79.95,NA,NA,163.9,171.67,0.982565350597724,4.92570209977795,0.905468205724273,1.0000002131312,NA,NA
"TD","TD",38,91.94,-111.08,NA,NA,226.16,233.93,0.533772448310629,1.2251683762297,0.586368175629352,9.99999978543468,NA,NA
"TD","TD",39,86.67,-110.94,NA,NA,225.88,233.65,0.128862570039928,2.75030500992181,0.0735384820031297,2.48474793114554,NA,NA
"TD","TD",40,84.44,-150.55,NA,NA,305.1,312.87,0.420502026332542,1.08286330314484,0.09216562791867,2.25130815674845,NA,NA
"TD","TD",41,94.17,-80.65,NA,NA,165.3,173.07,0.860091791022569,2.2001721150753,0.67658148881722,1.80085446716233,NA,NA
"TD","TD",42,91.67,-90.84,NA,NA,185.68,193.45,0.633000507717952,1.31639195521562,0.727683025160189,1.00000203159299,NA,NA
"TD","TD",43,93.06,-91.21,NA,NA,186.42,194.19,0.512010124279186,3.01376353887389,0.344390066079062,2.03641402373647,NA,NA
"TD","TD",44,91.67,-97.27,NA,NA,198.54,206.31,0.4054856733419,4.89528230370438,0.316229035579423,1.99060381694794,NA,NA
"TD","TD",45,81.39,-139.19,NA,NA,282.38,290.15,0.319981756620109,1.26415652967989,0.074880401137427,1.39378771810003,NA,NA
"TD","TD",46,91.94,-79.95,NA,NA,163.9,171.67,0.947748523205519,2.36391219958187,0.905468205724273,1.0000002131312,NA,NA
"TD","TD",47,90.83,-94.38,NA,NA,192.76,200.53,0.885661983396858,2.4762263855988,0.864576503546195,1.00000096113761,NA,NA
"TD","TD",48,88.61,-136.78,NA,NA,277.56,285.33,0.119032545015216,1.2109820744954,0.105251493780013,5.43215961656978,NA,NA
"TD","TD",49,92.5,-79.94,NA,NA,163.88,171.65,0.931592519162223,1.64870583964512,0.905105598644704,1.00000016414126,NA,NA
"TD","TD",50,93.06,-74.64,NA,NA,153.28,161.05,0.753800751408562,3.89878896835935,0.751239938293687,1.0000010285152,NA,NA
"TD","TD",51,87.22,-112.33,NA,NA,228.66,236.43,0.080542077543214,1.38312963815406,0.076864479282169,2.11257028119022,NA,NA
"TD","TD",52,86.11,-118.65,NA,NA,241.3,249.07,0.0462017410900444,1.57751976652071,0.0512249522121815,2.78432603489,NA,NA
"TD","TD",53,91.39,-109.08,NA,NA,222.16,229.93,0.407168375095353,1.8810732345608,0.344877676416751,2.02877384730846,NA,NA
"TD","TD",54,91.94,-79.95,NA,NA,163.9,171.67,0.960197768406942,1.62981824576855,0.905468205724273,1.0000002131312,NA,NA
"TD","TD",55,93.89,-86.63,NA,NA,177.26,185.03,0.745619997614995,1.08382892229572,0.63799717019815,1.64837783780968,NA,NA
"TD","TD",56,76.39,-141.09,NA,NA,286.18,293.95,0.387793875532225,1.18421270139515,0.0715151709529118,1.00000233172764,NA,NA
"TD","TD",57,91.67,-90.84,NA,NA,185.68,193.45,0.640330957481638,1.32346468325704,0.727683025160189,1.00000203159299,NA,NA
"TD","TD",58,86.94,-115.18,NA,NA,234.36,242.13,0.46626549679786,1.18377712974325,0.0755001259968191,2.55222806134335,NA,NA
"TD","TD",59,93.06,-74.64,NA,NA,153.28,161.05,0.781977394130081,2.17335850927503,0.751239938293687,1.0000010285152,NA,NA
"TD","TD",60,89.44,-144.38,NA,NA,292.76,300.53,0.185236022341996,1.16209726792475,0.117813845114252,6.56497913056864,NA,NA
"TD","TD",61,92.5,-82.11,NA,NA,168.22,175.99,0.703108243644238,1.190494351089,0.719532199437395,1.00000104371085,NA,NA
"TD","TD",62,88.33,-97.67,NA,NA,199.34,207.11,0.540940156206489,2.71158919288757,0.074045566241601,2.66010958091421,NA,NA
"TD","TD",63,91.94,-93.29,NA,NA,190.58,198.35,0.265401779906824,2.94766673623564,0.207426427490049,2.24230339691174,NA,NA
"TD","TD",64,90,-99.33,NA,NA,202.66,210.43,0.897607917198911,1.20987035287544,0.864232958788495,1.00000168653866,NA,NA
"TD","TD",65,84.44,-150.55,NA,NA,305.1,312.87,0.398145136190578,1.04858012497425,0.09216562791867,2.25130815674845,NA,NA
"TD","TD",66,85.28,-113.13,NA,NA,230.26,238.03,0.470244030002505,1.37089849868789,0.166002075496799,1.38337242928077,NA,NA
"TD","TD",67,94.44,-75.98,NA,NA,155.96,163.73,0.824348853668198,2.18002879429133,0.702189500509997,1.70583691887656,NA,NA
"TD","TD",68,88.06,-100.03,NA,NA,204.06,211.83,0.503097830805928,1.32283924566582,0.0801190886434066,2.10675686742735,NA,NA
"TD","TD",69,90.28,-120.78,NA,NA,245.56,253.33,0.361050225095823,2.17336245528878,0.316291216414048,2.12081821305894,NA,NA
"TD","TD",70,91.94,-87.07,NA,NA,178.14,185.91,0.964988884748891,1.18922751862556,0.905403600301991,1.00000009167289,NA,NA
"TD","TD",71,93.06,-74.64,NA,NA,153.28,161.05,0.789667062694207,3.04544003671947,0.751239938293687,1.0000010285152,NA,NA
"TD","TD",72,92.78,-78.33,NA,NA,160.66,168.43,0.628910263301805,3.95466302318459,0.730392808530514,1.00000022186216,NA,NA
"TD","TD",73,91.67,-101.08,NA,NA,206.16,213.93,0.415234696352854,1.7106761354533,0.305517595283014,1.97908496444375,NA,NA
"TD","TD",74,94.17,-80.65,NA,NA,165.3,173.07,0.857857148861513,1.936107955831,0.67658148881722,1.80085446716233,NA,NA
"TD","TD",75,91.67,-90.84,NA,NA,185.68,193.45,0.629901704145595,1.19926888635382,0.727683025160189,1.00000203159299,NA,NA
"TD","TD",76,90.28,-124.61,NA,NA,253.22,260.99,0.359289909945801,1.36449700228535,0.237260245302841,2.53430246553964,NA,NA
"TD","TD",77,91.67,-97.27,NA,NA,198.54,206.31,0.446684151422232,2.46860518856885,0.316229035579423,1.99060381694794,NA,NA
"TD","TD",78,88.06,-93.59,NA,NA,191.18,198.95,0.378760501742363,1.43229853129014,0.101691243484333,1.64498526860238,NA,NA
"TD","TD",79,88.06,-93.59,NA,NA,191.18,198.95,0.372670353855938,1.68600267870352,0.101691243484333,1.64498526860238,NA,NA
"TD","TD",80,87.22,-121.21,NA,NA,246.42,254.19,0.428967847023159,1.43009595386684,0.251947999371796,1.66146623051675,NA,NA
"TD","TD",81,88.33,-128.8,NA,NA,261.6,269.37,0.111280993092805,1.04204804978253,0.0905885550405896,2.94528364119221,NA,NA
"TD","TD",82,91.94,-98.86,NA,NA,201.72,209.49,0.142161799827591,2.60663627263189,0.227068091699199,3.15042964735006,NA,NA
"TD","TD",83,93.06,-74.64,NA,NA,153.28,161.05,0.779834397835657,4.55762586234994,0.751239938293687,1.0000010285152,NA,NA
"TD","TD",84,91.39,-109.08,NA,NA,222.16,229.93,0.386252531083301,1.63052160199732,0.344877676416751,2.02877384730846,NA,NA
"TD","TD",85,87.78,-144.45,NA,NA,292.9,300.67,0.23896856745705,1.3059749789536,0.103669328295939,4.37496705012493,NA,NA
"TD","TD",86,91.94,-89.33,NA,NA,182.66,190.43,0.670282299863175,1.1162636061199,0.713812806059422,1.00000145395602,NA,NA
"TD","TD",87,90.56,-100.31,NA,NA,204.62,212.39,0.560497718863189,1.79223784707011,0.690838573285936,1.00000636416937,NA,NA
"TD","TD",88,91.67,-90.63,NA,NA,185.26,193.03,0.915246691787615,1.1942126606591,0.905277755422394,1.0000001623197,NA,NA
"TD","TD",89,91.11,-92.28,NA,NA,188.56,196.33,0.589335348224267,1.93161117188157,0.681266144914357,1.00000160202978,NA,NA
"TD","TD",90,91.94,-79.95,NA,NA,163.9,171.67,0.987134294584394,1.60082370741293,0.905468205724273,1.0000002131312,NA,NA
"TD","TD",91,83.89,-133.27,NA,NA,270.54,278.31,0.401124990079552,1.43657126976177,0.070551125395765,2.38776370595198,NA,NA
"TD","TD",92,90.56,-102,NA,NA,208,215.77,0.565618214197457,1.06491599744186,0.679100909597617,1.0000005791226,NA,NA
"TD","TD",93,89.44,-125.23,NA,NA,254.46,262.23,0.125127220060676,1.54644962819293,0.107285953974633,4.44507092061714,NA,NA
"TD","TD",94,94.44,-75.98,NA,NA,155.96,163.73,0.791645931312814,1.76679624943127,0.702189500509997,1.70583691887656,NA,NA
"TD","TD",95,76.94,-142.93,NA,NA,289.86,297.63,0.0988319513853639,1.09243298880756,0.0542428341129151,1.00000228053229,NA,NA
"TD","TD",96,88.89,-100.55,NA,NA,205.1,212.87,0.333673485321924,1.79963922020125,0.214103913105714,1.44385820512423,NA,NA
"TD","TD",97,85.28,-130.67,NA,NA,265.34,273.11,0.10172016825527,1.62083033379167,0.0709822633793448,2.28943216285788,NA,NA
"TD","TD",98,82.78,-109.72,NA,NA,223.44,231.21,0.0187283449340612,1.16512183423941,0.0309126765606144,1.00000084382928,NA,NA
"TD","TD",99,89.44,-122.12,NA,NA,248.24,256.01,0.461979309096932,1.88084230940313,0.291644834748189,1.70737904330232,NA,NA
"TD","TD",100,93.06,-74.64,NA,NA,153.28,161.05,0.729020358063281,1.83565291385622,0.751239938293687,1.0000010285152,NA,NA
"TD","RSTD",1,93.33,-78.39,NA,NA,162.78,174.44,0.643091264180839,1.83357874206723,0.999999943685122,0.769185924378106,1.0000304018995,NA
"TD","RSTD",2,93.89,-71.28,NA,NA,148.56,160.22,0.724670132622123,2.43561604238095,0.999999939245888,0.775682844625031,1.00002181626174,NA
"TD","RSTD",3,94.44,-74.54,NA,NA,155.08,166.74,0.950232450617477,3.03779015681686,0.883677407428742,0.89266825081147,9.99999887465019,NA
"TD","RSTD",4,92.78,-85.53,NA,NA,177.06,188.72,0.682289758697152,1.07202245481312,0.999999909545478,0.773286995012115,1.00001799705424,NA
"TD","RSTD",5,88.89,-132.75,NA,NA,271.5,283.16,0.200363578274846,2.00568439900399,0.495961061753826,0.196121212590561,1.00002126989051,NA
"TD","RSTD",6,89.72,-147.03,NA,NA,300.06,311.72,0.321220333920792,1.29866566415876,0.939576376520682,0.360625786434683,4.71418677329339,NA
"TD","RSTD",7,91.11,-98.14,NA,NA,202.28,213.94,0.571441247593611,1.05021329503506,0.894242900172871,0.709518808768779,1.00000037800896,NA
"TD","RSTD",8,93.61,-79.19,NA,NA,164.38,176.04,0.973066303646192,1.39299949863926,0.307585680557343,0.725439234499721,2.83524507878101,NA
"TD","RSTD",9,90.28,-103.55,NA,NA,213.1,224.76,0.895209939451888,1.00547373959183,0.615729924240038,0.839025900359879,1.00000194775078,NA
"TD","RSTD",10,84.44,-119.27,NA,NA,244.54,256.2,0.0494146177079529,1.5078624105081,0.0361899299717784,0.0278445466160573,2.56168474534828,NA
"TD","RSTD",11,88.06,-150.19,NA,NA,306.38,318.04,0.197620301274583,1.18983699940145,0.951073436451303,0.292372008900715,1.00108677448828,NA
"TD","RSTD",12,82.78,-163.77,NA,NA,333.54,345.2,0.0560640415642411,1.56602673046291,0.271584096888396,0.130511965332262,1.00102761837893,NA
"TD","RSTD",13,78.06,-161.7,NA,NA,329.4,341.06,0.051307131536305,2.23247370731968,0.178625948122622,0.110968784363173,1.00000533822531,NA
"TD","RSTD",14,93.33,-84.31,NA,NA,174.62,186.28,0.989872474921867,1.20800043705019,0.300737151959172,0.694656107765379,2.85620198693865,NA
"TD","RSTD",15,93.89,-71.28,NA,NA,148.56,160.22,0.711294803768396,1.57632797351107,0.999999939245888,0.775682844625031,1.00002181626174,NA
"TD","RSTD",16,85.28,-185.78,NA,NA,377.56,389.22,0.0768930825870484,1.0096698673442,0.75508196982041,0.461600977855854,1.00001336155843,NA
"TD","RSTD",17,93.89,-71.28,NA,NA,148.56,160.22,0.797194604296237,3.5054881726885,0.999999939245888,0.775682844625031,1.00002181626174,NA
"TD","RSTD",18,93.89,-71.28,NA,NA,148.56,160.22,0.731893435353413,2.27495420533688,0.999999939245888,0.775682844625031,1.00002181626174,NA
"TD","RSTD",19,94.44,-76.63,NA,NA,159.26,170.92,0.809085062006488,1.79705669912965,0.999999597551312,0.700361811098236,5.25993367369415,NA
"TD","RSTD",20,91.67,-88.85,NA,NA,183.7,195.36,0.511981163173914,3.39124982816227,0.821782024799409,0.48740454758938,1.00000993900129,NA
"TD","RSTD",21,93.06,-101.47,NA,NA,208.94,220.6,0.226354157319292,2.66897989056053,0.283042031766838,0.347469819815177,8.58341450815622,NA
"TD","RSTD",22,90.56,-106.13,NA,NA,218.26,229.92,0.300222688354552,1.95544207743825,0.999999957997073,0.546981266627433,1.00000713951632,NA
"TD","RSTD",23,94.44,-74.54,NA,NA,155.08,166.74,0.984172471100464,2.69604673600736,0.883677407428742,0.89266825081147,9.99999887465019,NA
"TD","RSTD",24,90.83,-104.88,NA,NA,215.76,227.42,0.540354023920372,1.23410649768987,0.999999881547293,0.759154683924784,1.00000463433442,NA
"TD","RSTD",25,91.67,-94.14,NA,NA,194.28,205.94,0.870058757020161,1.32718323590234,0.758350214927757,0.850422988210901,1.00000199324759,NA
"TD","RSTD",26,90.56,-95.94,NA,NA,197.88,209.54,0.0660558908712119,2.97567781611326,0.207831173880988,0.138151481081712,1.38193808335174,NA
"TD","RSTD",27,93.89,-84.3,NA,NA,174.6,186.26,0.973287776112556,1.26051322789863,0.324282718242043,0.719812370110527,2.72014812697085,NA
"TD","RSTD",28,92.78,-106.09,NA,NA,218.18,229.84,0.290595552418381,2.05573849655212,0.300970599282622,0.356565823820724,9.3380520182552,NA
"TD","RSTD",29,93.33,-84.31,NA,NA,174.62,186.28,0.988910319516435,1.21139730885625,0.300737151959172,0.694656107765379,2.85620198693865,NA
"TD","RSTD",30,92.78,-106.09,NA,NA,218.18,229.84,0.329378831898794,3.0851063261411,0.300970599282622,0.356565823820724,9.3380520182552,NA
"TD","RSTD",31,87.78,-157.08,NA,NA,320.16,331.82,0.11878991080448,1.83541438817502,0.876398637831969,0.370040950805676,1.00001513411587,NA
"TD","RSTD",32,84.44,-119.27,NA,NA,244.54,256.2,0.0508385861758143,1.41009616898373,0.0361899299717784,0.0278445466160573,2.56168474534828,NA
"TD","RSTD",33,93.89,-71.28,NA,NA,148.56,160.22,0.684979062527418,1.75662852577144,0.999999939245888,0.775682844625031,1.00002181626174,NA
"TD","RSTD",34,90.83,-104.11,NA,NA,214.22,225.88,0.842564480379224,1.05992496339604,0.557877908701593,0.802680396139558,1.00000992100338,NA
"TD","RSTD",35,92.22,-109.05,NA,NA,224.1,235.76,0.27115519088693,3.69503675574873,0.691208200101075,0.474491021481136,7.48525850082207,NA
"TD","RSTD",36,94.17,-81.42,NA,NA,168.84,180.5,0.779200294986367,1.45758824376389,0.855823544997409,0.697207683870817,2.97977757742606,NA
"TD","RSTD",37,94.44,-74.54,NA,NA,155.08,166.74,0.982565350597724,4.92570209977795,0.883677407428742,0.89266825081147,9.99999887465019,NA
"TD","RSTD",38,90.83,-104.88,NA,NA,215.76,227.42,0.533772448310629,1.2251683762297,0.999999881547293,0.759154683924784,1.00000463433442,NA
"TD","RSTD",39,88.89,-115.02,NA,NA,236.04,247.7,0.128862570039928,2.75030500992181,0.629935187344913,0.353336574937413,1.00002727353663,NA
"TD","RSTD",40,89.72,-145.95,NA,NA,297.9,309.56,0.420502026332542,1.08286330314484,0.955595113898976,0.370634652440446,3.92588032132242,NA
"TD","RSTD",41,94.44,-78.06,NA,NA,162.12,173.78,0.860091791022569,2.2001721150753,0.999999979061264,0.693497344205529,4.73697653845812,NA
"TD","RSTD",42,92.5,-87.06,NA,NA,180.12,191.78,0.633000507717952,1.31639195521562,0.999998991595202,0.755324777507901,1.00002015176633,NA
"TD","RSTD",43,91.67,-88.85,NA,NA,183.7,195.36,0.512010124279186,3.01376353887389,0.821782024799409,0.48740454758938,1.00000993900129,NA
"TD","RSTD",44,90.83,-97.44,NA,NA,200.88,212.54,0.4054856733419,4.89528230370438,0.999999961734013,0.542468266204476,1.00000653085971,NA
"TD","RSTD",45,89.72,-147.03,NA,NA,300.06,311.72,0.319981756620109,1.26415652967989,0.939576376520682,0.360625786434683,4.71418677329339,NA
"TD","RSTD",46,94.44,-74.54,NA,NA,155.08,166.74,0.947748523205519,2.36391219958187,0.883677407428742,0.89266825081147,9.99999887465019,NA
"TD","RSTD",47,93.06,-96.36,NA,NA,198.72,210.38,0.885661983396858,2.4762263855988,0.251005469322045,0.621124824272114,1.51500595024231,NA
"TD","RSTD",48,84.72,-172.65,NA,NA,351.3,362.96,0.119032545015216,1.2109820744954,0.708495006703318,0.386087387512106,1.00001076363107,NA
"TD","RSTD",49,94.17,-75.72,NA,NA,157.44,169.1,0.931592519162223,1.64870583964512,0.33366415813921,0.708269838145818,4.63467407703172,NA
"TD","RSTD",50,93.89,-71.28,NA,NA,148.56,160.22,0.753800751408562,3.89878896835935,0.999999939245888,0.775682844625031,1.00002181626174,NA
"TD","RSTD",51,83.89,-188,NA,NA,382,393.66,0.080542077543214,1.38312963815406,0.992554400612592,0.333975822966349,1.10607487214469,NA
"TD","RSTD",52,83.89,-102.58,NA,NA,211.16,222.82,0.0462017410900444,1.57751976652071,0.0409404895514333,0.0315309248797482,1.52808878257789,NA
"TD","RSTD",53,89.44,-99.91,NA,NA,205.82,217.48,0.407168375095353,1.8810732345608,0.876312982054943,0.418769004799556,1.0000044180054,NA
"TD","RSTD",54,94.44,-74.54,NA,NA,155.08,166.74,0.960197768406942,1.62981824576855,0.883677407428742,0.89266825081147,9.99999887465019,NA
"TD","RSTD",55,93.61,-89.86,NA,NA,185.72,197.38,0.745619997614995,1.08382892229572,0.924285347381742,0.722951109823412,1.87409699362673,NA
"TD","RSTD",56,90,-146.04,NA,NA,298.08,309.74,0.387793875532225,1.18421270139515,0.770673915982482,0.351221526878054,4.42205968541543,NA
"TD","RSTD",57,92.5,-87.06,NA,NA,180.12,191.78,0.640330957481638,1.32346468325704,0.999998991595202,0.755324777507901,1.00002015176633,NA
"TD","RSTD",58,90.83,-99.63,NA,NA,205.26,216.92,0.46626549679786,1.18377712974325,0.999916801906153,0.431441510298058,1.0000155841864,NA
"TD","RSTD",59,93.89,-71.28,NA,NA,148.56,160.22,0.781977394130081,2.17335850927503,0.999999939245888,0.775682844625031,1.00002181626174,NA
"TD","RSTD",60,88.06,-153.67,NA,NA,313.34,325,0.185236022341996,1.16209726792475,0.999994365718283,0.291856807828831,1.00002326657022,NA
"TD","RSTD",61,93.33,-78.4,NA,NA,162.8,174.46,0.703108243644238,1.190494351089,0.999999923600864,0.77066259805594,1.00002149422966,NA
"TD","RSTD",62,92.22,-87.34,NA,NA,180.68,192.34,0.540940156206489,2.71158919288757,0.999704445594228,0.4384248972858,1.00002894448728,NA
"TD","RSTD",63,92.22,-109.05,NA,NA,224.1,235.76,0.265401779906824,2.94766673623564,0.691208200101075,0.474491021481136,7.48525850082207,NA
"TD","RSTD",64,92.78,-100.89,NA,NA,207.78,219.44,0.897607917198911,1.20987035287544,0.420660720908949,0.7880759999069,1.59532903326816,NA
"TD","RSTD",65,89.72,-145.95,NA,NA,297.9,309.56,0.398145136190578,1.04858012497425,0.955595113898976,0.370634652440446,3.92588032132242,NA
"TD","RSTD",66,87.22,-129.88,NA,NA,265.76,277.42,0.470244030002505,1.37089849868789,0.59047667945071,0.436600257465733,1.0000050374263,NA
"TD","RSTD",67,94.44,-76.63,NA,NA,159.26,170.92,0.824348853668198,2.18002879429133,0.999999597551312,0.700361811098236,5.25993367369415,NA
"TD","RSTD",68,91.94,-90.89,NA,NA,187.78,199.44,0.503097830805928,1.32283924566582,0.999706972058427,0.439084224008298,1.00003477188255,NA
"TD","RSTD",69,88.89,-117.67,NA,NA,241.34,253,0.361050225095823,2.17336245528878,0.863365184130818,0.502390843867931,1.00000187701473,NA
"TD","RSTD",70,93.89,-84.3,NA,NA,174.6,186.26,0.964988884748891,1.18922751862556,0.324282718242043,0.719812370110527,2.72014812697085,NA
"TD","RSTD",71,93.89,-71.28,NA,NA,148.56,160.22,0.789667062694207,3.04544003671947,0.999999939245888,0.775682844625031,1.00002181626174,NA
"TD","RSTD",72,93.61,-74.83,NA,NA,155.66,167.32,0.628910263301805,3.95466302318459,0.999999943117055,0.771016576941882,1.00003424115911,NA
"TD","RSTD",73,89.44,-98.32,NA,NA,202.64,214.3,0.415234696352854,1.7106761354533,0.766314082421757,0.395776592599044,1.00000204876403,NA
"TD","RSTD",74,94.44,-78.06,NA,NA,162.12,173.78,0.857857148861513,1.936107955831,0.999999979061264,0.693497344205529,4.73697653845812,NA
"TD","RSTD",75,92.5,-87.06,NA,NA,180.12,191.78,0.629901704145595,1.19926888635382,0.999998991595202,0.755324777507901,1.00002015176633,NA
"TD","RSTD",76,85.56,-115.57,NA,NA,237.14,248.8,0.359289909945801,1.36449700228535,0.389035881252343,0.293298206833681,1.000013846131,NA
"TD","RSTD",77,90.83,-97.44,NA,NA,200.88,212.54,0.446684151422232,2.46860518856885,0.999999961734013,0.542468266204476,1.00000653085971,NA
"TD","RSTD",78,87.78,-122.47,NA,NA,250.94,262.6,0.378760501742363,1.43229853129014,0.861781818032962,0.406682290557499,1.00000267835543,NA
"TD","RSTD",79,87.78,-122.47,NA,NA,250.94,262.6,0.372670353855938,1.68600267870352,0.861781818032962,0.406682290557499,1.00000267835543,NA
"TD","RSTD",80,87.78,-128.06,NA,NA,262.12,273.78,0.428967847023159,1.43009595386684,0.873340014426461,0.553198892551718,1.00000039802901,NA
"TD","RSTD",81,83.89,-172.89,NA,NA,351.78,363.44,0.111280993092805,1.04204804978253,0.593368444898033,0.35290368190593,1.00000067409583,NA
"TD","RSTD",82,92.22,-103.54,NA,NA,213.08,224.74,0.142161799827591,2.60663627263189,0.636871503661615,0.345339437080452,2.03563372997022,NA
"TD","RSTD",83,93.89,-71.28,NA,NA,148.56,160.22,0.779834397835657,4.55762586234994,0.999999939245888,0.775682844625031,1.00002181626174,NA
"TD","RSTD",84,89.44,-99.91,NA,NA,205.82,217.48,0.386252531083301,1.63052160199732,0.876312982054943,0.418769004799556,1.0000044180054,NA
"TD","RSTD",85,89.17,-142.11,NA,NA,290.22,301.88,0.23896856745705,1.3059749789536,0.854963048397273,0.285816646475325,1.00082428330684,NA
"TD","RSTD",86,92.78,-85.53,NA,NA,177.06,188.72,0.670282299863175,1.1162636061199,0.999999909545478,0.773286995012115,1.00001799705424,NA
"TD","RSTD",87,91.94,-94.15,NA,NA,194.3,205.96,0.560497718863189,1.79223784707011,0.687631575516342,0.636965742669035,1.21940999335673,NA
"TD","RSTD",88,91.11,-91.3,NA,NA,188.6,200.26,0.915246691787615,1.1942126606591,0.912975967700155,0.891482687796139,1.00000053990389,NA
"TD","RSTD",89,91.94,-88,NA,NA,182,193.66,0.589335348224267,1.93161117188157,0.99999259244783,0.7273371022053,1.00000707351055,NA
"TD","RSTD",90,94.44,-74.54,NA,NA,155.08,166.74,0.987134294584394,1.60082370741293,0.883677407428742,0.89266825081147,9.99999887465019,NA
"TD","RSTD",91,87.22,-141.85,NA,NA,289.7,301.36,0.401124990079552,1.43657126976177,0.968411597857359,0.561103683841105,1.00000423620609,NA
"TD","RSTD",92,91.11,-98.14,NA,NA,202.28,213.94,0.565618214197457,1.06491599744186,0.894242900172871,0.709518808768779,1.00000037800896,NA
"TD","RSTD",93,85.83,-166.62,NA,NA,339.24,350.9,0.125127220060676,1.54644962819293,0.999999425621343,0.589146725997633,1.00000825201526,NA
"TD","RSTD",94,94.44,-76.63,NA,NA,159.26,170.92,0.791645931312814,1.76679624943127,0.999999597551312,0.700361811098236,5.25993367369415,NA
"TD","RSTD",95,84.44,-185.93,NA,NA,377.86,389.52,0.0988319513853639,1.09243298880756,0.744332656189375,0.346052811377714,1.00002566786715,NA
"TD","RSTD",96,88.61,-120.81,NA,NA,247.62,259.28,0.333673485321924,1.79963922020125,0.850463731141738,0.508357847855996,1.00000055901788,NA
"TD","RSTD",97,85,-176.52,NA,NA,359.04,370.7,0.10172016825527,1.62083033379167,0.865097942533669,0.545778298894722,1.00001011901847,NA
"TD","RSTD",98,83.06,-105.86,NA,NA,217.72,229.38,0.0187283449340612,1.16512183423941,0.019031958552601,0.0151323082164381,1.00000633780426,NA
"TD","RSTD",99,88.61,-126.1,NA,NA,258.2,269.86,0.461979309096932,1.88084230940313,0.999991537086629,0.587267114776422,1.00008624185386,NA
"TD","RSTD",100,93.89,-71.28,NA,NA,148.56,160.22,0.729020358063281,1.83565291385622,0.999999939245888,0.775682844625031,1.00002181626174,NA
"TD","Utility",1,91.11,-81.59,NA,NA,169.18,180.84,0.643091264180839,1.83357874206723,0.850298924201828,0.518538172422534,9.27401241387111,NA
"TD","Utility",2,92.5,-75.09,NA,NA,156.18,167.84,0.724670132622123,2.43561604238095,0.796866035172328,0.946669494881017,1.22051774551917,NA
"TD","Utility",3,90.28,-79.35,NA,NA,164.7,176.36,0.950232450617477,3.03779015681686,0.953158813390185,0.51187999855791,9.99999782521834,NA
"TD","Utility",4,90.83,-86.88,NA,NA,179.76,191.42,0.682289758697152,1.07202245481312,0.889055720636901,0.524652605174518,8.52750541456472,NA
"TD","Utility",5,90.28,-118.05,NA,NA,242.1,253.76,0.200363578274846,2.00568439900399,0.14285127589522,0.999993030824265,2.22548825929597,NA
"TD","Utility",6,85,-126.91,NA,NA,259.82,271.48,0.321220333920792,1.29866566415876,0.0666492987671062,0.706559207387342,8.07796413190187,NA
"TD","Utility",7,89.17,-101.57,NA,NA,209.14,220.8,0.571441247593611,1.05021329503506,0.814675055431698,0.562212527968019,7.6272410880307,NA
"TD","Utility",8,90,-82.4,NA,NA,170.8,182.46,0.973066303646192,1.39299949863926,0.952194832109212,0.523496204323065,8.96563778671716,NA
"TD","Utility",9,88.61,-100.67,NA,NA,207.34,219,0.895209939451888,1.00547373959183,0.951876249712711,0.536407126291823,8.04319815816561,NA
"TD","Utility",10,68.33,-175.27,NA,NA,356.54,368.2,0.0494146177079529,1.5078624105081,1.09841069734234e-07,0.44148276119315,4.56745588343285,NA
"TD","Utility",11,87.5,-120.92,NA,NA,247.84,259.5,0.197620301274583,1.18983699940145,0.134132865155511,0.944251133762067,2.31275049116139,NA
"TD","Utility",12,80,-109.21,NA,NA,224.42,236.08,0.0560640415642411,1.56602673046291,0.0259755351856353,0.542428857043244,9.98260059303327,NA
"TD","Utility",13,82.5,-140.85,NA,NA,287.7,299.36,0.051307131536305,2.23247370731968,0.0909107193405307,0.761853298318124,4.32717345625677,NA
"TD","Utility",14,89.72,-85.59,NA,NA,177.18,188.84,0.989872474921867,1.20800043705019,0.910752559338103,0.967983179132314,1.00002119329238,NA
"TD","Utility",15,92.5,-75.09,NA,NA,156.18,167.84,0.711294803768396,1.57632797351107,0.796866035172328,0.946669494881017,1.22051774551917,NA
"TD","Utility",16,81.39,-126.08,NA,NA,258.16,269.82,0.0768930825870484,1.0096698673442,0.0522869199799415,0.930715265913567,1.50090384898275,NA
"TD","Utility",17,92.5,-75.09,NA,NA,156.18,167.84,0.797194604296237,3.5054881726885,0.796866035172328,0.946669494881017,1.22051774551917,NA
"TD","Utility",18,92.5,-75.09,NA,NA,156.18,167.84,0.731893435353413,2.27495420533688,0.796866035172328,0.946669494881017,1.22051774551917,NA
"TD","Utility",19,94.44,-75.22,NA,NA,156.44,168.1,0.809085062006488,1.79705669912965,0.731018098736106,0.818251678941975,3.51422060934347,NA
"TD","Utility",20,93.06,-87.97,NA,NA,181.94,193.6,0.511981163173914,3.39124982816227,0.414413196562052,0.762681969748915,4.45705295114233,NA
"TD","Utility",21,92.78,-96.18,NA,NA,198.36,210.02,0.226354157319292,2.66897989056053,0.290536599412674,0.97482130367995,2.30851049775613,NA
"TD","Utility",22,89.17,-92.57,NA,NA,191.14,202.8,0.300222688354552,1.95544207743825,0.142224055568924,0.877173365828611,2.82678291038814,NA
"TD","Utility",23,90.28,-79.35,NA,NA,164.7,176.36,0.984172471100464,2.69604673600736,0.953158813390185,0.51187999855791,9.99999782521834,NA
"TD","Utility",24,88.61,-108.06,NA,NA,222.12,233.78,0.540354023920372,1.23410649768987,0.840608431272343,0.571104638878536,7.21155635225815,NA
"TD","Utility",25,89.72,-94.52,NA,NA,195.04,206.7,0.870058757020161,1.32718323590234,0.936720932792604,0.507095191759855,9.41288156748195,NA
"TD","Utility",26,90.28,-101.63,NA,NA,209.26,220.92,0.0660558908712119,2.97567781611326,0.149467680627504,0.697932849095734,5.93149528745808,NA
"TD","Utility",27,90,-85.78,NA,NA,177.56,189.22,0.973287776112556,1.26051322789863,0.95204291446945,0.506525158290752,9.32667115683736,NA
"TD","Utility",28,92.5,-101.55,NA,NA,209.1,220.76,0.290595552418381,2.05573849655212,0.252054542614874,0.999999846521581,2.30443462884644,NA
"TD","Utility",29,89.72,-85.59,NA,NA,177.18,188.84,0.988910319516435,1.21139730885625,0.910752559338103,0.967983179132314,1.00002119329238,NA
"TD","Utility",30,92.5,-101.55,NA,NA,209.1,220.76,0.329378831898794,3.0851063261411,0.252054542614874,0.999999846521581,2.30443462884644,NA
"TD","Utility",31,87.22,-102.49,NA,NA,210.98,222.64,0.11878991080448,1.83541438817502,0.0683256997264552,0.691545915403819,6.77788684745205,NA
"TD","Utility",32,68.33,-175.27,NA,NA,356.54,368.2,0.0508385861758143,1.41009616898373,1.09841069734234e-07,0.44148276119315,4.56745588343285,NA
"TD","Utility",33,92.5,-75.09,NA,NA,156.18,167.84,0.684979062527418,1.75662852577144,0.796866035172328,0.946669494881017,1.22051774551917,NA
"TD","Utility",34,90.28,-98.02,NA,NA,202.04,213.7,0.842564480379224,1.05992496339604,0.863724131921171,0.973976928824375,1.0000014378459,NA
"TD","Utility",35,90.28,-96.35,NA,NA,198.7,210.36,0.27115519088693,3.69503675574873,0.172565642045719,0.888268390613502,2.58867846905262,NA
"TD","Utility",36,94.44,-78.33,NA,NA,162.66,174.32,0.779200294986367,1.45758824376389,0.663324328891619,0.860590735643776,4.26100042365336,NA
"TD","Utility",37,90.28,-79.35,NA,NA,164.7,176.36,0.982565350597724,4.92570209977795,0.953158813390185,0.51187999855791,9.99999782521834,NA
"TD","Utility",38,88.61,-108.06,NA,NA,222.12,233.78,0.533772448310629,1.2251683762297,0.840608431272343,0.571104638878536,7.21155635225815,NA
"TD","Utility",39,90.56,-119.6,NA,NA,245.2,256.86,0.128862570039928,2.75030500992181,0.322134967029209,0.778995453259928,6.03123719629249,NA
"TD","Utility",40,85.56,-118.93,NA,NA,243.86,255.52,0.420502026332542,1.08286330314484,0.143892355731875,0.997056412972824,1.78969283969454,NA
"TD","Utility",41,94.17,-80.41,NA,NA,166.82,178.48,0.860091791022569,2.2001721150753,0.757690458590806,0.732674738639164,5.714807387256,NA
"TD","Utility",42,91.67,-90.91,NA,NA,187.82,199.48,0.633000507717952,1.31639195521562,0.71068713569106,0.999999845432292,1.00000329639351,NA
"TD","Utility",43,93.06,-87.97,NA,NA,181.94,193.6,0.512010124279186,3.01376353887389,0.414413196562052,0.762681969748915,4.45705295114233,NA
"TD","Utility",44,91.67,-97.19,NA,NA,200.38,212.04,0.4054856733419,4.89528230370438,0.354551855453007,0.909875301591601,2.59784803289743,NA
"TD","Utility",45,85,-126.91,NA,NA,259.82,271.48,0.319981756620109,1.26415652967989,0.0666492987671062,0.706559207387342,8.07796413190187,NA
"TD","Utility",46,90.28,-79.35,NA,NA,164.7,176.36,0.947748523205519,2.36391219958187,0.953158813390185,0.51187999855791,9.99999782521834,NA
"TD","Utility",47,90.83,-94.41,NA,NA,194.82,206.48,0.885661983396858,2.4762263855988,0.864112472181004,0.999994943804922,1.00002175463882,NA
"TD","Utility",48,89.17,-135.56,NA,NA,277.12,288.78,0.119032545015216,1.2109820744954,0.104643169613611,0.941587253379048,6.83357921113374,NA
"TD","Utility",49,93.89,-78.22,NA,NA,162.44,174.1,0.931592519162223,1.64870583964512,0.910492922380148,0.770738087125268,8.85512508021853,NA
"TD","Utility",50,92.5,-75.09,NA,NA,156.18,167.84,0.753800751408562,3.89878896835935,0.796866035172328,0.946669494881017,1.22051774551917,NA
"TD","Utility",51,85.83,-113.22,NA,NA,232.44,244.1,0.080542077543214,1.38312963815406,0.0563255873022471,0.799882915766788,4.40349578358948,NA
"TD","Utility",52,80.28,-122.29,NA,NA,250.58,262.24,0.0462017410900444,1.57751976652071,0.0496792416567622,0.999998952739515,1.00000893050809,NA
"TD","Utility",53,91.39,-105.79,NA,NA,217.58,229.24,0.407168375095353,1.8810732345608,0.354551855453007,0.909875301591601,2.59784803289743,NA
"TD","Utility",54,90.28,-79.35,NA,NA,164.7,176.36,0.960197768406942,1.62981824576855,0.953158813390185,0.51187999855791,9.99999782521834,NA
"TD","Utility",55,93.61,-88.48,NA,NA,182.96,194.62,0.745619997614995,1.08382892229572,0.816666899285327,0.630929629931342,8.61223819837344,NA
"TD","Utility",56,85.56,-113.07,NA,NA,232.14,243.8,0.387793875532225,1.18421270139515,0.139438256942787,0.965866086930412,1.69123874597632,NA
"TD","Utility",57,91.67,-90.91,NA,NA,187.82,199.48,0.640330957481638,1.32346468325704,0.71068713569106,0.999999845432292,1.00000329639351,NA
"TD","Utility",58,90.28,-111.08,NA,NA,228.16,239.82,0.46626549679786,1.18377712974325,0.324725286873127,0.825884018802995,3.34623372142848,NA
"TD","Utility",59,92.5,-75.09,NA,NA,156.18,167.84,0.781977394130081,2.17335850927503,0.796866035172328,0.946669494881017,1.22051774551917,NA
"TD","Utility",60,87.22,-123.21,NA,NA,252.42,264.08,0.185236022341996,1.16209726792475,0.146056407635815,0.898697140028428,2.60668357994663,NA
"TD","Utility",61,91.39,-81.18,NA,NA,168.36,180.02,0.703108243644238,1.190494351089,0.879481185276788,0.555233205108991,7.74090513282129,NA
"TD","Utility",62,91.94,-102.32,NA,NA,210.64,222.3,0.540940156206489,2.71158919288757,0.425653805667406,0.61990625684419,9.78122555687346,NA
"TD","Utility",63,90.28,-96.35,NA,NA,198.7,210.36,0.265401779906824,2.94766673623564,0.172565642045719,0.888268390613502,2.58867846905262,NA
"TD","Utility",64,88.33,-97.38,NA,NA,200.76,212.42,0.897607917198911,1.20987035287544,0.949820076775672,0.502223131271528,9.4745164721021,NA
"TD","Utility",65,85.56,-118.93,NA,NA,243.86,255.52,0.398145136190578,1.04858012497425,0.143892355731875,0.997056412972824,1.78969283969454,NA
"TD","Utility",66,87.22,-127.21,NA,NA,260.42,272.08,0.470244030002505,1.37089849868789,0.276938029012323,0.96014766704928,1.82025867932327,NA
"TD","Utility",67,94.44,-75.22,NA,NA,156.44,168.1,0.824348853668198,2.18002879429133,0.731018098736106,0.818251678941975,3.51422060934347,NA
"TD","Utility",68,91.39,-108.4,NA,NA,222.8,234.46,0.503097830805928,1.32283924566582,0.345419345729318,0.874453436366708,2.83397681096452,NA
"TD","Utility",69,90.28,-119.23,NA,NA,244.46,256.12,0.361050225095823,2.17336245528878,0.354551855453007,0.909875301591601,2.59784803289743,NA
"TD","Utility",70,90,-85.78,NA,NA,177.56,189.22,0.964988884748891,1.18922751862556,0.95204291446945,0.506525158290752,9.32667115683736,NA
"TD","Utility",71,92.5,-75.09,NA,NA,156.18,167.84,0.789667062694207,3.04544003671947,0.796866035172328,0.946669494881017,1.22051774551917,NA
"TD","Utility",72,91.39,-77.71,NA,NA,161.42,173.08,0.628910263301805,3.95466302318459,0.800865282059894,0.760866687048698,2.73752473776408,NA
"TD","Utility",73,91.67,-101.37,NA,NA,208.74,220.4,0.415234696352854,1.7106761354533,0.354551855453007,0.909875301591601,2.59784803289743,NA
"TD","Utility",74,94.17,-80.41,NA,NA,166.82,178.48,0.857857148861513,1.936107955831,0.757690458590806,0.732674738639164,5.714807387256,NA
"TD","Utility",75,91.67,-90.91,NA,NA,187.82,199.48,0.629901704145595,1.19926888635382,0.71068713569106,0.999999845432292,1.00000329639351,NA
"TD","Utility",76,90.56,-117.51,NA,NA,241.02,252.68,0.359289909945801,1.36449700228535,0.238621295910932,0.97678804956808,2.18666443884336,NA
"TD","Utility",77,91.67,-97.19,NA,NA,200.38,212.04,0.446684151422232,2.46860518856885,0.354551855453007,0.909875301591601,2.59784803289743,NA
"TD","Utility",78,89.72,-131.52,NA,NA,269.04,280.7,0.378760501742363,1.43229853129014,0.354551855453007,0.909875301591601,2.59784803289743,NA
"TD","Utility",79,89.72,-131.52,NA,NA,269.04,280.7,0.372670353855938,1.68600267870352,0.354551855453007,0.909875301591601,2.59784803289743,NA
"TD","Utility",80,89.17,-129.81,NA,NA,265.62,277.28,0.428967847023159,1.43009595386684,0.467994053273856,0.876922413748179,2.47004184442635,NA
"TD","Utility",81,86.11,-122.57,NA,NA,251.14,262.8,0.111280993092805,1.04204804978253,0.0694718122902789,0.748005890319804,5.30500159818575,NA
"TD","Utility",82,91.67,-95.88,NA,NA,197.76,209.42,0.142161799827591,2.60663627263189,0.340777637292596,0.636530007345465,8.101271977759,NA
"TD","Utility",83,92.5,-75.09,NA,NA,156.18,167.84,0.779834397835657,4.55762586234994,0.796866035172328,0.946669494881017,1.22051774551917,NA
"TD","Utility",84,91.39,-105.79,NA,NA,217.58,229.24,0.386252531083301,1.63052160199732,0.354551855453007,0.909875301591601,2.59784803289743,NA
"TD","Utility",85,86.11,-128.36,NA,NA,262.72,274.38,0.23896856745705,1.3059749789536,0.140771135142643,0.95376039896675,1.73580159138724,NA
"TD","Utility",86,90.83,-86.88,NA,NA,179.76,191.42,0.670282299863175,1.1162636061199,0.889055720636901,0.524652605174518,8.52750541456472,NA
"TD","Utility",87,91.39,-96.96,NA,NA,199.92,211.58,0.560497718863189,1.79223784707011,0.641360920851264,0.999998736594706,1.23634469067234,NA
"TD","Utility",88,89.72,-88.7,NA,NA,183.4,195.06,0.915246691787615,1.1942126606591,0.950215376247252,0.532427145059114,8.05983170177151,NA
"TD","Utility",89,91.11,-95.66,NA,NA,197.32,208.98,0.589335348224267,1.93161117188157,0.800721168140374,0.563116778390104,8.67117257636757,NA
"TD","Utility",90,90.28,-79.35,NA,NA,164.7,176.36,0.987134294584394,1.60082370741293,0.953158813390185,0.51187999855791,9.99999782521834,NA
"TD","Utility",91,81.94,-143.57,NA,NA,293.14,304.8,0.401124990079552,1.43657126976177,0.5657203479026,0.728601296920457,2.66642091999321,NA
"TD","Utility",92,89.17,-101.57,NA,NA,209.14,220.8,0.565618214197457,1.06491599744186,0.814675055431698,0.562212527968019,7.6272410880307,NA
"TD","Utility",93,87.5,-130.37,NA,NA,266.74,278.4,0.125127220060676,1.54644962819293,0.127723691614525,0.940205532701186,2.2203173312589,NA
"TD","Utility",94,94.44,-75.22,NA,NA,156.44,168.1,0.791645931312814,1.76679624943127,0.731018098736106,0.818251678941975,3.51422060934347,NA
"TD","Utility",95,83.06,-128.82,NA,NA,263.64,275.3,0.0988319513853639,1.09243298880756,0.0830854799502382,0.950404792833205,1.78500429272735,NA
"TD","Utility",96,89.17,-106.08,NA,NA,218.16,229.82,0.333673485321924,1.79963922020125,0.252485608935649,0.96977263470574,1.77866041260838,NA
"TD","Utility",97,86.11,-127.38,NA,NA,260.76,272.42,0.10172016825527,1.62083033379167,0.134056066316608,0.931744084082306,2.15241292723968,NA
"TD","Utility",98,81.67,-104.77,NA,NA,215.54,227.2,0.0187283449340612,1.16512183423941,0.0287918889166065,0.825092414244335,1.99445155839837,NA
"TD","Utility",99,86.67,-112.93,NA,NA,231.86,243.52,0.461979309096932,1.88084230940313,0.159273318906903,0.935768144622398,1.90208204174052,NA
"TD","Utility",100,92.5,-75.09,NA,NA,156.18,167.84,0.729020358063281,1.83565291385622,0.796866035172328,0.946669494881017,1.22051774551917,NA
"RSTD","TD",1,92.5,-79.94,NA,NA,163.88,171.65,0.285107890376821,0.724670132622123,0.905105598644704,1.00000016414126,NA,2.43561604238095
"RSTD","TD",2,91.67,-112.4,NA,NA,228.8,236.57,0.950232450617477,0.206436974462122,0.141200333937324,7.40758475740344,NA,1.3645795173943
"RSTD","TD",3,90.56,-112.18,NA,NA,228.36,236.13,0.536011227406561,0.200363578274846,0.15612908096956,6.48464637457287,NA,2.00568439900399
"RSTD","TD",4,92.22,-112.35,NA,NA,228.7,236.47,0.321220333920792,0.649332832079381,0.882608083114946,4.52992396623142,NA,1.14288249518722
"RSTD","TD",5,91.67,-83.51,NA,NA,171.02,178.79,0.525106647517532,0.973066303646192,0.905451359645258,1.00000057573619,NA,1.39299949863926
"RSTD","TD",6,91.94,-79.95,NA,NA,163.9,171.67,0.895209939451888,0.943225271301344,0.905468205724273,1.0000002131312,NA,4.35385648889427
"RSTD","TD",7,90.56,-128.56,NA,NA,261.12,268.89,0.753931205254048,0.197620301274583,0.144709188711627,5.96637279100225,NA,1.18983699940145
"RSTD","TD",8,96.67,-36.47,NA,NA,76.94,84.71,0.0560640415642411,0.783013365231454,8.42175890966694e-09,1.20769761569472,NA,4.41441693140154
"RSTD","TD",9,91.39,-87.08,NA,NA,178.16,185.93,0.479448032099754,0.989872474921867,0.905662955509116,1.00000015357732,NA,1.20800043705019
"RSTD","TD",10,93.06,-74.64,NA,NA,153.28,161.05,0.711294803768396,0.788163986755535,0.751239938293687,1.0000010285152,NA,3.30973086307261
"RSTD","TD",11,92.78,-103.77,NA,NA,211.54,219.31,0.5048349336721,0.797194604296237,0.887207481283234,9.80368570073084,NA,3.5054881726885
"RSTD","TD",12,91.39,-100.73,NA,NA,205.46,213.23,0.731893435353413,0.395451756194234,0.212997322348316,2.66008970535799,NA,1.61817012401298
"RSTD","TD",13,92.78,-78.33,NA,NA,160.66,168.43,0.275977379642427,0.511981163173914,0.730392808530514,1.00000022186216,NA,3.39124982816227
"RSTD","TD",14,89.44,-135.22,NA,NA,274.44,282.21,0.226354157319292,0.16033569118008,0.198409257796712,2.34257951984289,NA,1.89403793397815
"RSTD","TD",15,91.94,-79.95,NA,NA,163.9,171.67,0.315573724219576,0.984172471100464,0.905468205724273,1.0000002131312,NA,2.69604673600736
"RSTD","TD",16,91.67,-90.63,NA,NA,185.26,193.03,0.540354023920372,0.854036244563758,0.905277755422394,1.0000001623197,NA,1.36215214885666
"RSTD","TD",17,91.67,-113.65,NA,NA,231.3,239.07,0.66359161795117,0.0660558908712119,0.146226145282012,6.43262085137011,NA,2.97567781611326
"RSTD","TD",18,90.56,-116.32,NA,NA,236.64,244.41,0.973287776112556,0.630256613949314,0.30469331287615,1.65174994977136,NA,1.85552939023347
"RSTD","TD",19,91.39,-87.08,NA,NA,178.16,185.93,0.340647828998044,0.988910319516435,0.905662955509116,1.00000015357732,NA,1.21139730885625
"RSTD","TD",20,92.22,-103.09,NA,NA,210.18,217.95,0.329378831898794,0.0628540490288287,0.143538193265632,6.12232459222023,NA,3.33967715737489
"RSTD","TD",21,91.39,-118.31,NA,NA,240.62,248.39,0.285566801903769,0.0508385861758143,0.145983529443641,6.57906109578626,NA,1.41009616898373
"RSTD","TD",22,91.39,-104.21,NA,NA,212.42,220.19,0.684979062527418,0.438995202770457,0.321013749238648,2.19907517056419,NA,1.68512896075845
"RSTD","TD",23,89.44,-105.62,NA,NA,215.24,223.01,0.529962481698021,0.27115519088693,0.168938159749945,1.57409911659306,NA,3.69503675574873
"RSTD","TD",24,92.5,-82.11,NA,NA,168.22,175.99,0.779200294986367,0.728794121881947,0.719532199437395,1.00000104371085,NA,1.16082152445602
"RSTD","TD",25,95,-47.76,NA,NA,99.52,107.29,0.0281218434683979,0.533772448310629,3.98280795269235e-09,1.00001457088643,NA,1.2251683762297
"RSTD","TD",26,91.11,-97.35,NA,NA,198.7,206.47,0.128862570039928,0.17050133110024,0.100905750668938,6.92875794912722,NA,2.37515528589011
"RSTD","TD",27,94.44,-75.98,NA,NA,155.96,163.73,0.980796684976667,0.860091791022569,0.702189500509997,1.70583691887656,NA,2.2001721150753
"RSTD","TD",28,91.67,-90.63,NA,NA,185.26,193.03,0.633000507717952,0.959949327167124,0.905342662217804,1.00000094275495,NA,1.02402024855837
"RSTD","TD",29,92.22,-83,NA,NA,170,177.77,0.234798390883952,0.4054856733419,0.685493137764741,1.00000032050904,NA,4.89528230370438
"RSTD","TD",30,91.39,-97.26,NA,NA,198.52,206.29,0.319981756620109,0.632078264839947,0.864722680985139,1.00000157396954,NA,1.05595874555906
"RSTD","TD",31,91.94,-79.95,NA,NA,163.9,171.67,0.417691254755482,0.885661983396858,0.905468205724273,1.0000002131312,NA,2.4762263855988
"RSTD","TD",32,85.83,-100.24,NA,NA,204.48,212.25,0.119032545015216,0.605491037247702,0.0294350901099379,1.00000011478497,NA,1.04599827674373
"RSTD","TD",33,93.06,-74.64,NA,NA,153.28,161.05,0.824352919822559,0.753800751408562,0.751239938293687,1.0000010285152,NA,3.89878896835935
"RSTD","TD",34,93.61,-56,NA,NA,116,123.77,0.080542077543214,0.69156481907703,0.00367681337914466,1.06554585188381,NA,4.2510444371212
"RSTD","TD",35,92.5,-85.15,NA,NA,174.3,182.07,0.788759883260354,0.407168375095353,0.210712026820227,2.30033784801171,NA,1.8810732345608
"RSTD","TD",36,92.78,-78.43,NA,NA,160.86,168.63,0.960197768406942,0.814909122884274,0.726641234627408,1.00000189388085,NA,1.49123999522999
"RSTD","TD",37,89.17,-133.08,NA,NA,270.16,277.93,0.983733647270128,0.387793875532225,0.206347666908347,2.29168653980433,NA,1.18421270139515
"RSTD","TD",38,93.06,-74.64,NA,NA,153.28,161.05,0.640330957481638,0.661732341628522,0.751239938293687,1.0000010285152,NA,2.1015722423634
"RSTD","TD",39,94.44,-75.98,NA,NA,155.96,163.73,0.591888564871624,0.781977394130081,0.702189500509997,1.70583691887656,NA,2.17335850927503
"RSTD","TD",40,91.67,-83.51,NA,NA,171.02,178.79,0.185236022341996,0.927017299691215,0.905451359645258,1.00000057573619,NA,1.40621648728848
"RSTD","TD",41,93.06,-91.21,NA,NA,186.42,194.19,0.5952471755445,0.540940156206489,0.344390066079062,2.03641402373647,NA,2.71158919288757
"RSTD","TD",42,90.83,-109.16,NA,NA,222.32,230.09,0.265401779906824,0.195171546889469,0.228360703256817,2.86298960079514,NA,1.22695452463968
"RSTD","TD",43,91.11,-113.83,NA,NA,231.66,239.43,0.604935176437721,0.398145136190578,0.246095300146877,2.32960367816912,NA,1.04858012497425
"RSTD","TD",44,94.44,-75.98,NA,NA,155.96,163.73,0.470244030002505,0.685449249343947,0.702189500509997,1.70583691887656,NA,1.6486977073364
"RSTD","TD",45,91.11,-94.93,NA,NA,193.86,201.63,0.371720403432846,0.503097830805928,0.682487686274885,1.00000070946164,NA,1.32283924566582
"RSTD","TD",46,76.39,-141.09,NA,NA,286.18,293.95,0.361050225095823,0.370053818682209,0.0715151709529118,1.00000233172764,NA,1.17356707000516
"RSTD","TD",47,94.44,-75.98,NA,NA,155.96,163.73,0.594613759312779,0.789667062694207,0.702189500509997,1.70583691887656,NA,3.04544003671947
"RSTD","TD",48,91.67,-113.65,NA,NA,231.3,239.07,0.628910263301805,0.0369398219045252,0.146226145282012,6.43262085137011,NA,2.35408596597136
"RSTD","TD",49,91.94,-79.95,NA,NA,163.9,171.67,0.254382238723338,0.857857148861513,0.905468205724273,1.0000002131312,NA,1.936107955831
"RSTD","TD",50,91.11,-92.28,NA,NA,188.56,196.33,0.629901704145595,0.59963444317691,0.681266144914357,1.00000160202978,NA,2.13030682034315
"RSTD","TD",51,93.06,-82.01,NA,NA,168.02,175.79,0.958562755258754,0.446684151422232,0.253771702518402,3.05142874715478,NA,2.46860518856885
"RSTD","TD",52,92.78,-103.11,NA,NA,210.22,217.99,0.378760501742363,0.716149265645072,0.8855172548446,8.48315981365573,NA,2.1838285959837
"RSTD","TD",53,91.11,-110.71,NA,NA,225.42,233.19,0.843001339351758,0.428967847023159,0.24251578545171,2.30747952893101,NA,1.43009595386684
"RSTD","TD",54,87.22,-90.79,NA,NA,185.58,193.35,0.111280993092805,0.926345025887713,0.0297446163647082,1.00000024980821,NA,2.52358875974062
"RSTD","TD",55,91.94,-79.95,NA,NA,163.9,171.67,0.231767056509852,0.779834397835657,0.905468205724273,1.0000002131312,NA,4.55762586234994
"RSTD","TD",56,92.5,-79.94,NA,NA,163.88,171.65,0.386252531083301,0.815260800998658,0.905105598644704,1.00000016414126,NA,2.64474068483968
"RSTD","TD",57,91.94,-89.33,NA,NA,182.66,190.43,0.6529874894768,0.670282299863175,0.713812806059422,1.00000145395602,NA,1.1162636061199
"RSTD","TD",58,88.61,-100.77,NA,NA,205.54,213.31,0.560497718863189,0.274772666627541,0.152805353787289,1.49080065620179,NA,1.5290995786691
"RSTD","TD",59,91.11,-92.28,NA,NA,188.56,196.33,0.597106330329552,0.589335348224267,0.681266144914357,1.00000160202978,NA,1.93161117188157
"RSTD","TD",60,93.06,-74.64,NA,NA,153.28,161.05,0.987134294584394,0.800411853706464,0.751239938293687,1.0000010285152,NA,2.29764714087815
"RSTD","TD",61,83.61,-123.94,NA,NA,251.88,259.65,0.718285634880885,0.565618214197457,0.0836536013434621,1.48413409837225,NA,1.06491599744186
"RSTD","TD",62,86.67,-95.62,NA,NA,195.24,203.01,0.125127220060676,0.773224814096466,0.0296438742055485,1.00000071434133,NA,1.58329186262563
"RSTD","TD",63,90.28,-137.47,NA,NA,278.94,286.71,0.499009405029938,0.0988319513853639,0.146222065272818,6.61200464615459,NA,1.09243298880756
"RSTD","TD",64,92.5,-105.51,NA,NA,215.02,222.79,0.333673485321924,0.454882015939802,0.320141527104464,2.24648644393136,NA,3.70696423376415
"RSTD","TD",65,91.39,-116.76,NA,NA,237.52,245.29,0.810415166895837,0.0187283449340612,0.143871057360134,6.02347697702884,NA,1.16512183423941
"RSTD","TD",66,90.83,-114.78,NA,NA,233.56,241.33,0.461979309096932,0.296923782210797,0.191957215644173,2.55185006257143,NA,1.45804071612656
"RSTD","TD",67,93.89,-87.32,NA,NA,178.64,186.41,0.285626433324069,0.528872283641249,0.635953479220347,1.91395533543619,NA,1.1472960453744
"RSTD","TD",68,85,-115.33,NA,NA,234.66,242.43,0.732509626774117,0.600311974063516,0.0667450625006015,2.4867106911762,NA,1.4492717245746
"RSTD","TD",69,91.94,-94.82,NA,NA,193.64,201.41,0.977929984452203,0.529096166603267,0.338404900644997,2.06092855123502,NA,1.75178614688037
"RSTD","TD",70,91.67,-108.12,NA,NA,220.24,228.01,0.98177181975916,0.159414226887748,0.144147834535281,5.92386360285851,NA,1.47737938910723
"RSTD","TD",71,89.44,-137.59,NA,NA,279.18,286.95,0.922829337418079,0.366323065012693,0.193931045582373,2.5494858631119,NA,1.08644307602532
"RSTD","TD",72,90.28,-134.94,NA,NA,273.88,281.65,0.437475311337039,0.144657690776512,0.143241538319381,6.36611180931015,NA,2.51204245735464
"RSTD","TD",73,93.06,-62.35,NA,NA,128.7,136.47,0.0812403932213783,0.858433880610391,0.00460135266740928,1.01042160985773,NA,2.57674626609245
"RSTD","TD",74,91.11,-113.83,NA,NA,231.66,239.43,0.769064010120928,0.423705151304603,0.246095300146877,2.32960367816912,NA,1.055009087082
"RSTD","TD",75,88.89,-153.79,NA,NA,311.58,319.35,0.27233505435288,0.0992442343849689,0.143980586433819,6.22400059265875,NA,1.01957268379492
"RSTD","TD",76,91.94,-98.27,NA,NA,200.54,208.31,0.714246998308226,0.356464033480734,0.206116612561881,2.46724824443063,NA,2.33508190601589
"RSTD","TD",77,91.94,-79.95,NA,NA,163.9,171.67,0.165105299558491,0.62026000325568,0.905468205724273,1.0000002131312,NA,3.11759630225509
"RSTD","TD",78,94.17,-80.59,NA,NA,165.18,172.95,0.948594216490164,0.818483957787976,0.67658148881722,1.80085446716233,NA,1.40069885704874
"RSTD","TD",79,93.89,-86.63,NA,NA,177.26,185.03,0.641159480903298,0.713674181839451,0.63799717019815,1.64837783780968,NA,1.04148287150446
"RSTD","TD",80,94.44,-75.98,NA,NA,155.96,163.73,0.602592710871249,0.798923129681498,0.702189500509997,1.70583691887656,NA,2.65777598732141
"RSTD","TD",81,96.67,-36.47,NA,NA,76.94,84.71,0.0268326783552766,0.983408806612715,8.42175890966694e-09,1.20769761569472,NA,2.42827125892359
"RSTD","TD",82,86.94,-146,NA,NA,296,303.77,0.390374890295789,0.210965643869713,0.108111998346605,2.14616634241636,NA,1.07093011168763
"RSTD","TD",83,91.67,-113.65,NA,NA,231.3,239.07,0.909624356776476,0.0655163209885359,0.146226145282012,6.43262085137011,NA,1.47955628430628
"RSTD","TD",84,92.5,-79.94,NA,NA,163.88,171.65,0.894585720263422,0.928069569170475,0.905105598644704,1.00000016414126,NA,1.78467515758694
"RSTD","TD",85,92.5,-79.94,NA,NA,163.88,171.65,0.16712597804144,0.591124507132918,0.905105598644704,1.00000016414126,NA,1.76918393555553
"RSTD","TD",86,83.89,-110.63,NA,NA,225.26,233.03,0.0963515317998827,0.187938303221017,0.035399989246558,1.00000214701213,NA,1.16646143142134
"RSTD","TD",87,90.83,-91.46,NA,NA,186.92,194.69,0.812582350103185,0.879132093861699,0.864859083603865,1.00001424440617,NA,5.4038753097219
"RSTD","TD",88,93.33,-93.9,NA,NA,191.8,199.57,0.448961209738627,0.690639521926641,0.670177254650283,1.72075053460205,NA,1.12322780341732
"RSTD","TD",89,92.5,-81.68,NA,NA,167.36,175.13,0.352596259210259,0.519048273330554,0.755395025141222,1.00000336100742,NA,1.77127007111431
"RSTD","TD",90,92.22,-108.92,NA,NA,221.84,229.61,0.7131295024883,0.112127762287855,0.147224463835361,6.05622572442667,NA,4.4174234716404
"RSTD","TD",91,86.11,-121.75,NA,NA,247.5,255.27,0.102771484525874,0.0985191510990262,0.0991294466148145,1.47877303437206,NA,1.34824017202482
"RSTD","TD",92,90.28,-102.2,NA,NA,208.4,216.17,0.14997310237959,0.461772011825815,0.864811880677037,1.00000096247694,NA,1.26133318960971
"RSTD","TD",93,90.83,-91.46,NA,NA,186.92,194.69,0.435881547397003,0.7804279406555,0.864859083603865,1.00001424440617,NA,1.68139734584838
"RSTD","TD",94,93.06,-74.64,NA,NA,153.28,161.05,0.975024477113038,0.799848798895255,0.751239938293687,1.0000010285152,NA,5.33281822849937
"RSTD","TD",95,91.39,-92.32,NA,NA,188.64,196.41,0.723246149485931,0.623378630494699,0.689472830100614,1.00000104018781,NA,1.45622572209686
"RSTD","TD",96,90.83,-95.88,NA,NA,195.76,203.53,0.323681306792423,0.444453429430723,0.682795211692843,1.00000003572366,NA,1.44684312446043
"RSTD","TD",97,90.28,-121.19,NA,NA,246.38,254.15,0.521510650403798,0.40949847153388,0.247439717637693,2.55639426985359,NA,1.1181692021126
"RSTD","TD",98,91.39,-87.08,NA,NA,178.16,185.93,0.418908317107707,0.978637758642435,0.905662955509116,1.00000015357732,NA,1.21107809292153
"RSTD","TD",99,94.17,-77.04,NA,NA,158.08,165.85,0.78953983867541,0.418743934947997,0.226954234562944,9.9999926911932,NA,3.49348991278757
"RSTD","TD",100,87.5,-108.87,NA,NA,221.74,229.51,0.956703607924283,0.607802340993658,0.0726663143590866,2.45548220685727,NA,1.10866933899654
"RSTD","RSTD",1,94.17,-75.72,NA,NA,157.44,169.1,0.285107890376821,0.724670132622123,0.33366415813921,0.708269838145818,4.63467407703172,2.43561604238095
"RSTD","RSTD",2,95,-62.42,NA,NA,130.84,142.5,0.950232450617477,0.206436974462122,0.999999016549775,0.194896282973989,8.74804439665166,1.3645795173943
"RSTD","RSTD",3,94.44,-65.29,NA,NA,136.58,148.24,0.536011227406561,0.200363578274846,0.400344284305053,0.149077580892911,2.57250485072172,2.00568439900399
"RSTD","RSTD",4,92.22,-108.73,NA,NA,223.46,235.12,0.321220333920792,0.649332832079381,0.548710053260998,0.804951934205163,1.42445962480793,1.14288249518722
"RSTD","RSTD",5,93.61,-79.19,NA,NA,164.38,176.04,0.525106647517532,0.973066303646192,0.307585680557343,0.725439234499721,2.83524507878101,1.39299949863926
"RSTD","RSTD",6,94.44,-74.54,NA,NA,155.08,166.74,0.895209939451888,0.943225271301344,0.883677407428742,0.89266825081147,9.99999887465019,4.35385648889427
"RSTD","RSTD",7,94.72,-66.62,NA,NA,139.24,150.9,0.753931205254048,0.197620301274583,0.70629698491297,0.174080721166595,3.55985571321172,1.18983699940145
"RSTD","RSTD",8,96.94,-36.73,NA,NA,79.46,91.12,0.0560640415642411,0.783013365231454,7.9491771857309e-07,1.85625125087874e-07,1.4797277349914,4.41441693140154
"RSTD","RSTD",9,93.33,-84.31,NA,NA,174.62,186.28,0.479448032099754,0.989872474921867,0.300737151959172,0.694656107765379,2.85620198693865,1.20800043705019
"RSTD","RSTD",10,93.89,-71.28,NA,NA,148.56,160.22,0.711294803768396,0.788163986755535,0.999999939245888,0.775682844625031,1.00002181626174,3.30973086307261
"RSTD","RSTD",11,92.78,-102.76,NA,NA,211.52,223.18,0.5048349336721,0.797194604296237,0.496288936278213,0.786095894157434,1.71363063944048,3.5054881726885
"RSTD","RSTD",12,92.22,-102.06,NA,NA,210.12,221.78,0.731893435353413,0.395451756194234,0.298559765642651,0.278541577307564,1.88790711557298,1.61817012401298
"RSTD","RSTD",13,93.61,-74.83,NA,NA,155.66,167.32,0.275977379642427,0.511981163173914,0.999999943117055,0.771016576941882,1.00003424115911,3.39124982816227
"RSTD","RSTD",14,90.56,-85.29,NA,NA,176.58,188.24,0.226354157319292,0.16033569118008,0.288838735741384,0.15808307952082,1.00001125958134,1.89403793397815
"RSTD","RSTD",15,94.44,-74.54,NA,NA,155.08,166.74,0.315573724219576,0.984172471100464,0.883677407428742,0.89266825081147,9.99999887465019,2.69604673600736
"RSTD","RSTD",16,91.11,-91.3,NA,NA,188.6,200.26,0.540354023920372,0.854036244563758,0.912975967700155,0.891482687796139,1.00000053990389,1.36215214885666
"RSTD","RSTD",17,96.39,-40.2,NA,NA,86.4,98.06,0.66359161795117,0.0660558908712119,0.999999925695996,2.21573827291317e-06,1.00000627904615,2.97567781611326
"RSTD","RSTD",18,89.17,-117.36,NA,NA,240.72,252.38,0.973287776112556,0.630256613949314,0.917590947823167,0.575773716618039,1.00000131278822,1.85552939023347
"RSTD","RSTD",19,93.33,-84.31,NA,NA,174.62,186.28,0.340647828998044,0.988910319516435,0.300737151959172,0.694656107765379,2.85620198693865,1.21139730885625
"RSTD","RSTD",20,94.72,-51.46,NA,NA,108.92,120.58,0.329378831898794,0.0628540490288287,0.920404041728944,0.0595288877213105,1.00000118613217,3.33967715737489
"RSTD","RSTD",21,96.11,-44.83,NA,NA,95.66,107.32,0.285566801903769,0.0508385861758143,0.999999724560846,0.00306610178597713,1.0000047971889,1.41009616898373
"RSTD","RSTD",22,90.56,-100.49,NA,NA,206.98,218.64,0.684979062527418,0.438995202770457,0.99018163048152,0.522607322955469,1.00000333543143,1.68512896075845
"RSTD","RSTD",23,93.06,-97.29,NA,NA,200.58,212.24,0.529962481698021,0.27115519088693,0.733518245390711,0.361632771660741,6.50275505357545,3.69503675574873
"RSTD","RSTD",24,93.33,-78.4,NA,NA,162.8,174.46,0.779200294986367,0.728794121881947,0.999999923600864,0.77066259805594,1.00002149422966,1.16082152445602
"RSTD","RSTD",25,95,-47.82,NA,NA,101.64,113.3,0.0281218434683979,0.533772448310629,2.42803236220877e-07,1.42700476980541e-07,1.042915256268,1.2251683762297
"RSTD","RSTD",26,88.61,-131.44,NA,NA,268.88,280.54,0.128862570039928,0.17050133110024,0.865723360792241,0.814379737456652,1.00000000997346,2.37515528589011
"RSTD","RSTD",27,94.44,-76.63,NA,NA,159.26,170.92,0.980796684976667,0.860091791022569,0.999999597551312,0.700361811098236,5.25993367369415,2.2001721150753
"RSTD","RSTD",28,93.61,-89,NA,NA,184,195.66,0.633000507717952,0.959949327167124,0.310295261158784,0.689483277785471,4.08664085305663,1.02402024855837
"RSTD","RSTD",29,93.06,-79.94,NA,NA,165.88,177.54,0.234798390883952,0.4054856733419,0.999999934038733,0.773097198059517,1.00001077034287,4.89528230370438
"RSTD","RSTD",30,90.83,-100.1,NA,NA,206.2,217.86,0.319981756620109,0.632078264839947,0.829920361215184,0.823213136217691,1.0101195678557,1.05595874555906
"RSTD","RSTD",31,94.44,-74.54,NA,NA,155.08,166.74,0.417691254755482,0.885661983396858,0.883677407428742,0.89266825081147,9.99999887465019,2.4762263855988
"RSTD","RSTD",32,90,-133.4,NA,NA,272.8,284.46,0.119032545015216,0.605491037247702,0.0957411346891558,0.99999999077755,7.33789403148231,1.04599827674373
"RSTD","RSTD",33,93.89,-71.28,NA,NA,148.56,160.22,0.824352919822559,0.753800751408562,0.999999939245888,0.775682844625031,1.00002181626174,3.89878896835935
"RSTD","RSTD",34,94.17,-58.45,NA,NA,122.9,134.56,0.080542077543214,0.69156481907703,5.44621100116611e-08,1.20804686371938e-06,1.00002181475705,4.2510444371212
"RSTD","RSTD",35,89.44,-99.56,NA,NA,205.12,216.78,0.788759883260354,0.407168375095353,0.563544986277302,0.347707875654284,1.00004915018593,1.8810732345608
"RSTD","RSTD",36,93.61,-74.84,NA,NA,155.68,167.34,0.960197768406942,0.814909122884274,0.999999951615722,0.770151576500286,1.00004430495936,1.49123999522999
"RSTD","RSTD",37,90.28,-127.34,NA,NA,260.68,272.34,0.983733647270128,0.387793875532225,0.461423121054623,0.334460815631925,1.53305090058489,1.18421270139515
"RSTD","RSTD",38,93.89,-71.28,NA,NA,148.56,160.22,0.640330957481638,0.661732341628522,0.999999939245888,0.775682844625031,1.00002181626174,2.1015722423634
"RSTD","RSTD",39,94.44,-76.63,NA,NA,159.26,170.92,0.591888564871624,0.781977394130081,0.999999597551312,0.700361811098236,5.25993367369415,2.17335850927503
"RSTD","RSTD",40,93.61,-79.19,NA,NA,164.38,176.04,0.185236022341996,0.927017299691215,0.307585680557343,0.725439234499721,2.83524507878101,1.40621648728848
"RSTD","RSTD",41,91.67,-88.85,NA,NA,183.7,195.36,0.5952471755445,0.540940156206489,0.821782024799409,0.48740454758938,1.00000993900129,2.71158919288757
"RSTD","RSTD",42,88.33,-101.11,NA,NA,208.22,219.88,0.265401779906824,0.195171546889469,0.522008177245891,0.299037600470447,1.00001210162618,1.22695452463968
"RSTD","RSTD",43,86.94,-125.16,NA,NA,256.32,267.98,0.604935176437721,0.398145136190578,0.742513925501996,0.386724106827912,1.0000263693891,1.04858012497425
"RSTD","RSTD",44,94.44,-76.63,NA,NA,159.26,170.92,0.470244030002505,0.685449249343947,0.999999597551312,0.700361811098236,5.25993367369415,1.6486977073364
"RSTD","RSTD",45,91.94,-92.21,NA,NA,190.42,202.08,0.371720403432846,0.503097830805928,0.999999689361129,0.765918854081059,1.00001373384516,1.32283924566582
"RSTD","RSTD",46,90,-146.04,NA,NA,298.08,309.74,0.361050225095823,0.370053818682209,0.770673915982482,0.351221526878054,4.42205968541543,1.17356707000516
"RSTD","RSTD",47,94.44,-76.63,NA,NA,159.26,170.92,0.594613759312779,0.789667062694207,0.999999597551312,0.700361811098236,5.25993367369415,3.04544003671947
"RSTD","RSTD",48,96.39,-40.2,NA,NA,86.4,98.06,0.628910263301805,0.0369398219045252,0.999999925695996,2.21573827291317e-06,1.00000627904615,2.35408596597136
"RSTD","RSTD",49,94.44,-74.54,NA,NA,155.08,166.74,0.254382238723338,0.857857148861513,0.883677407428742,0.89266825081147,9.99999887465019,1.936107955831
"RSTD","RSTD",50,91.94,-88,NA,NA,182,193.66,0.629901704145595,0.59963444317691,0.99999259244783,0.7273371022053,1.00000707351055,2.13030682034315
"RSTD","RSTD",51,89.72,-84.85,NA,NA,175.7,187.36,0.958562755258754,0.446684151422232,0.539584900217386,0.321908753961952,1.0000149523778,2.46860518856885
"RSTD","RSTD",52,92.78,-102.53,NA,NA,211.06,222.72,0.378760501742363,0.716149265645072,0.274223541120861,0.62566678269497,2.19677249372958,2.1838285959837
"RSTD","RSTD",53,86.39,-101.62,NA,NA,209.24,220.9,0.843001339351758,0.428967847023159,0.380058249760159,0.298813925274161,1.00000190512143,1.43009595386684
"RSTD","RSTD",54,91.39,-103.63,NA,NA,213.26,224.92,0.111280993092805,0.926345025887713,0.098583251840761,0.940831999443669,5.97714305675358,2.52358875974062
"RSTD","RSTD",55,94.44,-74.54,NA,NA,155.08,166.74,0.231767056509852,0.779834397835657,0.883677407428742,0.89266825081147,9.99999887465019,4.55762586234994
"RSTD","RSTD",56,94.17,-75.72,NA,NA,157.44,169.1,0.386252531083301,0.815260800998658,0.33366415813921,0.708269838145818,4.63467407703172,2.64474068483968
"RSTD","RSTD",57,92.78,-85.53,NA,NA,177.06,188.72,0.6529874894768,0.670282299863175,0.999999909545478,0.773286995012115,1.00001799705424,1.1162636061199
"RSTD","RSTD",58,92.22,-104.65,NA,NA,215.3,226.96,0.560497718863189,0.274772666627541,0.925586403369834,0.369325388019641,4.90279927969647,1.5290995786691
"RSTD","RSTD",59,91.94,-88,NA,NA,182,193.66,0.597106330329552,0.589335348224267,0.99999259244783,0.7273371022053,1.00000707351055,1.93161117188157
"RSTD","RSTD",60,93.89,-71.28,NA,NA,148.56,160.22,0.987134294584394,0.800411853706464,0.999999939245888,0.775682844625031,1.00002181626174,2.29764714087815
"RSTD","RSTD",61,90.56,-123.94,NA,NA,253.88,265.54,0.718285634880885,0.565618214197457,0.458594993260527,0.575524913129806,1.68111386559787,1.06491599744186
"RSTD","RSTD",62,90.28,-113.69,NA,NA,233.38,245.04,0.125127220060676,0.773224814096466,0.0961622781673558,0.943575200900035,2.63620385182858,1.58329186262563
"RSTD","RSTD",63,93.61,-58.45,NA,NA,122.9,134.56,0.499009405029938,0.0988319513853639,0.99999800575989,0.0890553250095372,1.00000473304303,1.09243298880756
"RSTD","RSTD",64,92.22,-93.62,NA,NA,193.24,204.9,0.333673485321924,0.454882015939802,0.895968630172104,0.453412713722808,1.00000065197821,3.70696423376415
"RSTD","RSTD",65,96.11,-43.77,NA,NA,93.54,105.2,0.810415166895837,0.0187283449340612,0.999998930666973,0.000769056802226885,1.00003230010129,1.16512183423941
"RSTD","RSTD",66,91.67,-109.08,NA,NA,224.16,235.82,0.461979309096932,0.296923782210797,0.256837400867989,0.175098841672678,2.34589393250704,1.45804071612656
"RSTD","RSTD",67,93.61,-90.72,NA,NA,187.44,199.1,0.285626433324069,0.528872283641249,0.663886381199744,0.640218503993592,3.25156974125525,1.1472960453744
"RSTD","RSTD",68,91.39,-109.54,NA,NA,225.08,236.74,0.732509626774117,0.600311974063516,0.479390439722429,0.573161542394991,1.44204717600863,1.4492717245746
"RSTD","RSTD",69,90.83,-93.74,NA,NA,193.48,205.14,0.977929984452203,0.529096166603267,0.88677655489843,0.500166943688735,1.00002744548216,1.75178614688037
"RSTD","RSTD",70,95.56,-57.82,NA,NA,121.64,133.3,0.98177181975916,0.159414226887748,0.396996244304905,0.11931210349812,4.18454400201679,1.47737938910723
"RSTD","RSTD",71,88.06,-127.99,NA,NA,261.98,273.64,0.922829337418079,0.366323065012693,0.613277305390733,0.358990788894237,1.00000047199225,1.08644307602532
"RSTD","RSTD",72,95,-63.17,NA,NA,132.34,144,0.437475311337039,0.144657690776512,0.999998009368563,8.86846413429075e-07,1.00001879582708,2.51204245735464
"RSTD","RSTD",73,93.61,-66.31,NA,NA,138.62,150.28,0.0812403932213783,0.858433880610391,5.31649507279435e-07,0.00878121270309688,1.04290355814639,2.57674626609245
"RSTD","RSTD",74,86.94,-125.16,NA,NA,256.32,267.98,0.769064010120928,0.423705151304603,0.742513925501996,0.386724106827912,1.0000263693891,1.055009087082
"RSTD","RSTD",75,92.5,-81.93,NA,NA,169.86,181.52,0.27233505435288,0.0992442343849689,0.271885247647445,0.103790280561972,3.27580457737105,1.01957268379492
"RSTD","RSTD",76,90.28,-91.82,NA,NA,189.64,201.3,0.714246998308226,0.356464033480734,0.395893505872076,0.27821779295425,1.01951704397965,2.33508190601589
"RSTD","RSTD",77,94.44,-74.54,NA,NA,155.08,166.74,0.165105299558491,0.62026000325568,0.883677407428742,0.89266825081147,9.99999887465019,3.11759630225509
"RSTD","RSTD",78,94.17,-81.42,NA,NA,168.84,180.5,0.948594216490164,0.818483957787976,0.855823544997409,0.697207683870817,2.97977757742606,1.40069885704874
"RSTD","RSTD",79,93.61,-89.86,NA,NA,185.72,197.38,0.641159480903298,0.713674181839451,0.924285347381742,0.722951109823412,1.87409699362673,1.04148287150446
"RSTD","RSTD",80,94.44,-76.63,NA,NA,159.26,170.92,0.602592710871249,0.798923129681498,0.999999597551312,0.700361811098236,5.25993367369415,2.65777598732141
"RSTD","RSTD",81,96.94,-36.73,NA,NA,79.46,91.12,0.0268326783552766,0.983408806612715,7.9491771857309e-07,1.85625125087874e-07,1.4797277349914,2.42827125892359
"RSTD","RSTD",82,88.89,-91.27,NA,NA,188.54,200.2,0.390374890295789,0.210965643869713,0.235744555513313,0.136447600191833,1.00000368501513,1.07093011168763
"RSTD","RSTD",83,96.39,-40.2,NA,NA,86.4,98.06,0.909624356776476,0.0655163209885359,0.999999925695996,2.21573827291317e-06,1.00000627904615,1.47955628430628
"RSTD","RSTD",84,94.17,-75.72,NA,NA,157.44,169.1,0.894585720263422,0.928069569170475,0.33366415813921,0.708269838145818,4.63467407703172,1.78467515758694
"RSTD","RSTD",85,94.17,-75.72,NA,NA,157.44,169.1,0.16712597804144,0.591124507132918,0.33366415813921,0.708269838145818,4.63467407703172,1.76918393555553
"RSTD","RSTD",86,86.67,-164.63,NA,NA,335.26,346.92,0.0963515317998827,0.187938303221017,0.114822960404606,0.357249648473569,2.2033316389878,1.16646143142134
"RSTD","RSTD",87,91.11,-92.67,NA,NA,191.34,203,0.812582350103185,0.879132093861699,0.623483730381822,0.834444337279141,1.00001423394129,5.4038753097219
"RSTD","RSTD",88,93.33,-95.31,NA,NA,196.62,208.28,0.448961209738627,0.690639521926641,0.881970932009948,0.700945635559193,3.29715260222713,1.12322780341732
"RSTD","RSTD",89,93.33,-78.39,NA,NA,162.78,174.44,0.352596259210259,0.519048273330554,0.999999943685122,0.769185924378106,1.0000304018995,1.77127007111431
"RSTD","RSTD",90,96.67,-42.59,NA,NA,91.18,102.84,0.7131295024883,0.112127762287855,0.315963131391222,0.0748974908517305,8.46383229359659,4.4174234716404
"RSTD","RSTD",91,87.5,-157.11,NA,NA,320.22,331.88,0.102771484525874,0.0985191510990262,0.986561969224008,0.372484666388023,1.00000108603025,1.34824017202482
"RSTD","RSTD",92,92.5,-103.18,NA,NA,212.36,224.02,0.14997310237959,0.461772011825815,0.336261875606176,0.717987021097343,2.66856230962141,1.26133318960971
"RSTD","RSTD",93,91.11,-92.67,NA,NA,191.34,203,0.435881547397003,0.7804279406555,0.623483730381822,0.834444337279141,1.00001423394129,1.68139734584838
"RSTD","RSTD",94,93.89,-71.28,NA,NA,148.56,160.22,0.975024477113038,0.799848798895255,0.999999939245888,0.775682844625031,1.00002181626174,5.33281822849937
"RSTD","RSTD",95,91.94,-88.89,NA,NA,183.78,195.44,0.723246149485931,0.623378630494699,0.927541384857273,0.744425129248569,1.00000417711482,1.45622572209686
"RSTD","RSTD",96,91.39,-94.21,NA,NA,194.42,206.08,0.323681306792423,0.444453429430723,0.927473994964948,0.756635578956976,1.00000475384911,1.44684312446043
"RSTD","RSTD",97,85.28,-121.14,NA,NA,248.28,259.94,0.521510650403798,0.40949847153388,0.503274627255939,0.328466995311964,1.00001216666195,1.1181692021126
"RSTD","RSTD",98,93.33,-84.31,NA,NA,174.62,186.28,0.418908317107707,0.978637758642435,0.300737151959172,0.694656107765379,2.85620198693865,1.21107809292153
"RSTD","RSTD",99,92.5,-109.74,NA,NA,225.48,237.14,0.78953983867541,0.418743934947997,0.741351195370433,0.159641836115647,9.99999481714494,3.49348991278757
"RSTD","RSTD",100,91.39,-98.98,NA,NA,203.96,215.62,0.956703607924283,0.607802340993658,0.999988137607905,0.4425400552497,1.00001135768055,1.10866933899654
"RSTD","Utility",1,93.89,-78.22,NA,NA,162.44,174.1,0.285107890376821,0.724670132622123,0.910492922380148,0.770738087125268,8.85512508021853,2.43561604238095
"RSTD","Utility",2,90.83,-85.34,NA,NA,176.68,188.34,0.950232450617477,0.206436974462122,0.153805589510151,0.770379862811825,4.22330925582744,1.3645795173943
"RSTD","Utility",3,91.67,-78.65,NA,NA,163.3,174.96,0.536011227406561,0.200363578274846,0.184970477416681,0.717210531536953,5.64454031075743,2.00568439900399
"RSTD","Utility",4,92.22,-112.53,NA,NA,231.06,242.72,0.321220333920792,0.649332832079381,0.896056571389188,0.905448126273889,7.8093596538614,1.14288249518722
"RSTD","Utility",5,90,-82.4,NA,NA,170.8,182.46,0.525106647517532,0.973066303646192,0.952194832109212,0.523496204323065,8.96563778671716,1.39299949863926
"RSTD","Utility",6,90.28,-79.35,NA,NA,164.7,176.36,0.895209939451888,0.943225271301344,0.953158813390185,0.51187999855791,9.99999782521834,4.35385648889427
"RSTD","Utility",7,89.72,-103.27,NA,NA,212.54,224.2,0.753931205254048,0.197620301274583,0.217840088074982,0.621242941183176,8.97961177751003,1.18983699940145
"RSTD","Utility",8,96.67,-36.47,NA,NA,78.94,90.6,0.0560640415642411,0.783013365231454,2.23392713165257e-07,0.999999779016647,1.21212411659853,4.41441693140154
"RSTD","Utility",9,89.72,-85.59,NA,NA,177.18,188.84,0.479448032099754,0.989872474921867,0.910752559338103,0.967983179132314,1.00002119329238,1.20800043705019
"RSTD","Utility",10,92.5,-75.09,NA,NA,156.18,167.84,0.711294803768396,0.788163986755535,0.796866035172328,0.946669494881017,1.22051774551917,3.30973086307261
"RSTD","Utility",11,92.78,-104.23,NA,NA,214.46,226.12,0.5048349336721,0.797194604296237,0.886758477086809,0.982871954196591,7.87348939712188,3.5054881726885
"RSTD","Utility",12,92.22,-102.68,NA,NA,211.36,223.02,0.731893435353413,0.395451756194234,0.309127616739853,0.834735854830254,3.73542954591869,1.61817012401298
"RSTD","Utility",13,91.39,-77.71,NA,NA,161.42,173.08,0.275977379642427,0.511981163173914,0.800865282059894,0.760866687048698,2.73752473776408,3.39124982816227
"RSTD","Utility",14,92.22,-86.83,NA,NA,179.66,191.32,0.226354157319292,0.16033569118008,0.132036691821961,0.659264190097207,8.95629453723308,1.89403793397815
"RSTD","Utility",15,90.28,-79.35,NA,NA,164.7,176.36,0.315573724219576,0.984172471100464,0.953158813390185,0.51187999855791,9.99999782521834,2.69604673600736
"RSTD","Utility",16,89.72,-88.7,NA,NA,183.4,195.06,0.540354023920372,0.854036244563758,0.950215376247252,0.532427145059114,8.05983170177151,1.36215214885666
"RSTD","Utility",17,89.44,-108.39,NA,NA,222.78,234.44,0.66359161795117,0.0660558908712119,0.172911735932532,0.8002947464579,4.20705753624035,2.97567781611326
"RSTD","Utility",18,87.78,-112.5,NA,NA,231,242.66,0.973287776112556,0.630256613949314,0.127427075689907,0.891267929749355,2.67640165530335,1.85552939023347
"RSTD","Utility",19,89.72,-85.59,NA,NA,177.18,188.84,0.340647828998044,0.988910319516435,0.910752559338103,0.967983179132314,1.00002119329238,1.21139730885625
"RSTD","Utility",20,91.39,-71.33,NA,NA,148.66,160.32,0.329378831898794,0.0628540490288287,0.132646027194668,0.792308069122922,3.83378167847942,3.33967715737489
"RSTD","Utility",21,89.44,-99.55,NA,NA,205.1,216.76,0.285566801903769,0.0508385861758143,0.160639541270108,0.787755218444494,3.91442708004709,1.41009616898373
"RSTD","Utility",22,91.39,-101.38,NA,NA,208.76,220.42,0.684979062527418,0.438995202770457,0.359956466921153,0.895691855981621,2.71854130054984,1.68512896075845
"RSTD","Utility",23,89.72,-99.12,NA,NA,204.24,215.9,0.529962481698021,0.27115519088693,0.135371839216605,0.861633938068504,2.68662196015286,3.69503675574873
"RSTD","Utility",24,91.39,-81.18,NA,NA,168.36,180.02,0.779200294986367,0.728794121881947,0.879481185276788,0.555233205108991,7.74090513282129,1.16082152445602
"RSTD","Utility",25,95,-47.76,NA,NA,101.52,113.18,0.0281218434683979,0.533772448310629,6.66032703107205e-08,0.998297883095381,1.00000431605236,1.2251683762297
"RSTD","Utility",26,89.17,-106.17,NA,NA,218.34,230,0.128862570039928,0.17050133110024,0.123677747732785,0.934098040895819,2.38360627493497,2.37515528589011
"RSTD","Utility",27,94.44,-75.22,NA,NA,156.44,168.1,0.980796684976667,0.860091791022569,0.731018098736106,0.818251678941975,3.51422060934347,2.2001721150753
"RSTD","Utility",28,90,-88.5,NA,NA,183,194.66,0.633000507717952,0.959949327167124,0.952441175008586,0.52165852838906,8.99784373436964,1.02402024855837
"RSTD","Utility",29,92.22,-82.8,NA,NA,171.6,183.26,0.234798390883952,0.4054856733419,0.683413714624955,0.99999935810623,1.00000212498828,4.89528230370438
"RSTD","Utility",30,89.44,-97.75,NA,NA,201.5,213.16,0.319981756620109,0.632078264839947,0.93816047934357,0.542948201792804,7.78914076978804,1.05595874555906
"RSTD","Utility",31,90.28,-79.35,NA,NA,164.7,176.36,0.417691254755482,0.885661983396858,0.953158813390185,0.51187999855791,9.99999782521834,2.4762263855988
"RSTD","Utility",32,87.22,-101.12,NA,NA,208.24,219.9,0.119032545015216,0.605491037247702,0.0232418558971045,0.902659529322687,2.02751979766163,1.04599827674373
"RSTD","Utility",33,92.5,-75.09,NA,NA,156.18,167.84,0.824352919822559,0.753800751408562,0.796866035172328,0.946669494881017,1.22051774551917,3.89878896835935
"RSTD","Utility",34,93.33,-56.22,NA,NA,118.44,130.1,0.080542077543214,0.69156481907703,0.00275537689590269,0.975448219103621,1.11140502753387,4.2510444371212
"RSTD","Utility",35,93.61,-82.56,NA,NA,171.12,182.78,0.788759883260354,0.407168375095353,0.222990711125373,0.992014416178477,3.92475153216347,1.8810732345608
"RSTD","Utility",36,91.67,-78.43,NA,NA,162.86,174.52,0.960197768406942,0.814909122884274,0.828052970772387,0.745054758324905,2.934987404214,1.49123999522999
"RSTD","Utility",37,91.39,-114.13,NA,NA,234.26,245.92,0.983733647270128,0.387793875532225,0.192728031156179,0.684203936706187,9.99999652085115,1.18421270139515
"RSTD","Utility",38,92.5,-75.09,NA,NA,156.18,167.84,0.640330957481638,0.661732341628522,0.796866035172328,0.946669494881017,1.22051774551917,2.1015722423634
"RSTD","Utility",39,94.44,-75.22,NA,NA,156.44,168.1,0.591888564871624,0.781977394130081,0.731018098736106,0.818251678941975,3.51422060934347,2.17335850927503
"RSTD","Utility",40,90,-82.4,NA,NA,170.8,182.46,0.185236022341996,0.927017299691215,0.952194832109212,0.523496204323065,8.96563778671716,1.40621648728848
"RSTD","Utility",41,93.06,-87.97,NA,NA,181.94,193.6,0.5952471755445,0.540940156206489,0.414413196562052,0.762681969748915,4.45705295114233,2.71158919288757
"RSTD","Utility",42,89.17,-103.45,NA,NA,212.9,224.56,0.265401779906824,0.195171546889469,0.189772968630487,0.787068072257135,4.38540515541664,1.22695452463968
"RSTD","Utility",43,88.06,-129.9,NA,NA,265.8,277.46,0.604935176437721,0.398145136190578,0.222041622655597,0.999999905406704,1.69565428399783,1.04858012497425
"RSTD","Utility",44,94.44,-75.22,NA,NA,156.44,168.1,0.470244030002505,0.685449249343947,0.731018098736106,0.818251678941975,3.51422060934347,1.6486977073364
"RSTD","Utility",45,92.78,-93.19,NA,NA,192.38,204.04,0.371720403432846,0.503097830805928,0.680401135359965,0.999999982083206,1.38301809627511,1.32283924566582
"RSTD","Utility",46,85.56,-113.07,NA,NA,232.14,243.8,0.361050225095823,0.370053818682209,0.139438256942787,0.965866086930412,1.69123874597632,1.17356707000516
"RSTD","Utility",47,94.44,-75.22,NA,NA,156.44,168.1,0.594613759312779,0.789667062694207,0.731018098736106,0.818251678941975,3.51422060934347,3.04544003671947
"RSTD","Utility",48,89.44,-108.39,NA,NA,222.78,234.44,0.628910263301805,0.0369398219045252,0.172911735932532,0.8002947464579,4.20705753624035,2.35408596597136
"RSTD","Utility",49,90.28,-79.35,NA,NA,164.7,176.36,0.254382238723338,0.857857148861513,0.953158813390185,0.51187999855791,9.99999782521834,1.936107955831
"RSTD","Utility",50,91.11,-95.66,NA,NA,197.32,208.98,0.629901704145595,0.59963444317691,0.800721168140374,0.563116778390104,8.67117257636757,2.13030682034315
"RSTD","Utility",51,93.06,-84.8,NA,NA,175.6,187.26,0.958562755258754,0.446684151422232,0.298958450982446,0.791862660938218,8.36239550875979,2.46860518856885
"RSTD","Utility",52,91.94,-102.59,NA,NA,211.18,222.84,0.378760501742363,0.716149265645072,0.8680840555391,0.838187261395902,2.98719520456625,2.1838285959837
"RSTD","Utility",53,90.56,-115.84,NA,NA,237.68,249.34,0.843001339351758,0.428967847023159,0.255645748451628,0.917783431176942,2.98769507514951,1.43009595386684
"RSTD","Utility",54,85,-107.11,NA,NA,220.22,231.88,0.111280993092805,0.926345025887713,1.20962444618917e-08,0.874884731554936,1.00003459892765,2.52358875974062
"RSTD","Utility",55,90.28,-79.35,NA,NA,164.7,176.36,0.231767056509852,0.779834397835657,0.953158813390185,0.51187999855791,9.99999782521834,4.55762586234994
"RSTD","Utility",56,93.89,-78.22,NA,NA,162.44,174.1,0.386252531083301,0.815260800998658,0.910492922380148,0.770738087125268,8.85512508021853,2.64474068483968
"RSTD","Utility",57,90.83,-86.88,NA,NA,179.76,191.42,0.6529874894768,0.670282299863175,0.889055720636901,0.524652605174518,8.52750541456472,1.1162636061199
"RSTD","Utility",58,89.17,-105.63,NA,NA,217.26,228.92,0.560497718863189,0.274772666627541,0.127473260286001,0.859933859598012,3.01195823747802,1.5290995786691
"RSTD","Utility",59,91.11,-95.66,NA,NA,197.32,208.98,0.597106330329552,0.589335348224267,0.800721168140374,0.563116778390104,8.67117257636757,1.93161117188157
"RSTD","Utility",60,92.5,-75.09,NA,NA,156.18,167.84,0.987134294584394,0.800411853706464,0.796866035172328,0.946669494881017,1.22051774551917,2.29764714087815
"RSTD","Utility",61,84.44,-121.73,NA,NA,249.46,261.12,0.718285634880885,0.565618214197457,0.593328410710195,0.920725493052833,1.00000238931127,1.06491599744186
"RSTD","Utility",62,86.67,-95.67,NA,NA,197.34,209,0.125127220060676,0.773224814096466,0.0292575750047603,0.999996388109076,1.00000888563605,1.58329186262563
"RSTD","Utility",63,88.06,-124.77,NA,NA,255.54,267.2,0.499009405029938,0.0988319513853639,0.168022135488526,0.793818851776401,3.7883838707857,1.09243298880756
"RSTD","Utility",64,92.78,-101.31,NA,NA,208.62,220.28,0.333673485321924,0.454882015939802,0.417391451531421,0.712342626873233,6.94509782275193,3.70696423376415
"RSTD","Utility",65,89.44,-112.89,NA,NA,231.78,243.44,0.810415166895837,0.0187283449340612,0.236377465064709,0.6205769271404,9.99511716019768,1.16512183423941
"RSTD","Utility",66,90.56,-106.83,NA,NA,219.66,231.32,0.461979309096932,0.296923782210797,0.267166069389217,0.727090361043748,5.45831682468478,1.45804071612656
"RSTD","Utility",67,93.61,-88.86,NA,NA,183.72,195.38,0.285626433324069,0.528872283641249,0.798749101394524,0.608289003474506,9.99998385980433,1.1472960453744
"RSTD","Utility",68,86.11,-118.59,NA,NA,243.18,254.84,0.732509626774117,0.600311974063516,0.570368746070045,0.949068267449273,1.0000000408373,1.4492717245746
"RSTD","Utility",69,91.94,-93.14,NA,NA,192.28,203.94,0.977929984452203,0.529096166603267,0.354551855453007,0.909875301591601,2.59784803289743,1.75178614688037
"RSTD","Utility",70,90.28,-104.14,NA,NA,214.28,225.94,0.98177181975916,0.159414226887748,0.229100090189107,0.604087757724475,9.99998441916273,1.47737938910723
"RSTD","Utility",71,90.56,-127.41,NA,NA,260.82,272.48,0.922829337418079,0.366323065012693,0.379113168302455,0.649197639625414,7.90937370658675,1.08644307602532
"RSTD","Utility",72,88.61,-117.43,NA,NA,240.86,252.52,0.437475311337039,0.144657690776512,0.160989658216468,0.800934195063274,4.09805125139076,2.51204245735464
"RSTD","Utility",73,92.78,-62.49,NA,NA,130.98,142.64,0.0812403932213783,0.858433880610391,0.00333362227129321,0.980299749034372,1.06340944557342,2.57674626609245
"RSTD","Utility",74,88.06,-129.9,NA,NA,265.8,277.46,0.769064010120928,0.423705151304603,0.222041622655597,0.999999905406704,1.69565428399783,1.055009087082
"RSTD","Utility",75,86.67,-145.69,NA,NA,297.38,309.04,0.27233505435288,0.0992442343849689,0.168181179739485,0.805896810223559,3.72897950763424,1.01957268379492
"RSTD","Utility",76,92.22,-84.64,NA,NA,175.28,186.94,0.714246998308226,0.356464033480734,0.248915810544435,0.774368413691328,4.9461409518932,2.33508190601589
"RSTD","Utility",77,90.28,-79.35,NA,NA,164.7,176.36,0.165105299558491,0.62026000325568,0.953158813390185,0.51187999855791,9.99999782521834,3.11759630225509
"RSTD","Utility",78,94.44,-78.33,NA,NA,162.66,174.32,0.948594216490164,0.818483957787976,0.663324328891619,0.860590735643776,4.26100042365336,1.40069885704874
"RSTD","Utility",79,93.61,-88.48,NA,NA,182.96,194.62,0.641159480903298,0.713674181839451,0.816666899285327,0.630929629931342,8.61223819837344,1.04148287150446
"RSTD","Utility",80,94.44,-75.22,NA,NA,156.44,168.1,0.602592710871249,0.798923129681498,0.731018098736106,0.818251678941975,3.51422060934347,2.65777598732141
"RSTD","Utility",81,96.67,-36.47,NA,NA,78.94,90.6,0.0268326783552766,0.983408806612715,2.23392713165257e-07,0.999999779016647,1.21212411659853,2.42827125892359
"RSTD","Utility",82,91.11,-92.97,NA,NA,191.94,203.6,0.390374890295789,0.210965643869713,0.115259393705049,0.615557236568477,9.13936936080613,1.07093011168763
"RSTD","Utility",83,89.44,-108.39,NA,NA,222.78,234.44,0.909624356776476,0.0655163209885359,0.172911735932532,0.8002947464579,4.20705753624035,1.47955628430628
"RSTD","Utility",84,93.89,-78.22,NA,NA,162.44,174.1,0.894585720263422,0.928069569170475,0.910492922380148,0.770738087125268,8.85512508021853,1.78467515758694
"RSTD","Utility",85,93.89,-78.22,NA,NA,162.44,174.1,0.16712597804144,0.591124507132918,0.910492922380148,0.770738087125268,8.85512508021853,1.76918393555553
"RSTD","Utility",86,83.89,-110.63,NA,NA,227.26,238.92,0.0963515317998827,0.187938303221017,0.0355839330367338,0.999999596581806,1.00000192669665,1.16646143142134
"RSTD","Utility",87,90.83,-91.59,NA,NA,189.18,200.84,0.812582350103185,0.879132093861699,0.86366487930193,0.999998054805375,1.00000632681896,5.4038753097219
"RSTD","Utility",88,93.33,-93.69,NA,NA,193.38,205.04,0.448961209738627,0.690639521926641,0.829970807378485,0.613638192863409,9.84340839001266,1.12322780341732
"RSTD","Utility",89,91.11,-81.59,NA,NA,169.18,180.84,0.352596259210259,0.519048273330554,0.850298924201828,0.518538172422534,9.27401241387111,1.77127007111431
"RSTD","Utility",90,91.67,-98.44,NA,NA,202.88,214.54,0.7131295024883,0.112127762287855,0.148764452377487,0.882861943150164,4.36794463679535,4.4174234716404
"RSTD","Utility",91,85.28,-135.88,NA,NA,277.76,289.42,0.102771484525874,0.0985191510990262,0.16641161601612,0.948189234865656,1.88181353140236,1.34824017202482
"RSTD","Utility",92,88.89,-102.81,NA,NA,211.62,223.28,0.14997310237959,0.461772011825815,0.948070479725741,0.500952360669949,9.62792712707049,1.26133318960971
"RSTD","Utility",93,90.83,-91.59,NA,NA,189.18,200.84,0.435881547397003,0.7804279406555,0.86366487930193,0.999998054805375,1.00000632681896,1.68139734584838
"RSTD","Utility",94,92.5,-75.09,NA,NA,156.18,167.84,0.975024477113038,0.799848798895255,0.796866035172328,0.946669494881017,1.22051774551917,5.33281822849937
"RSTD","Utility",95,90.28,-91.48,NA,NA,188.96,200.62,0.723246149485931,0.623378630494699,0.780143879615937,0.749317386740442,2.92862538077155,1.45622572209686
"RSTD","Utility",96,89.72,-96.75,NA,NA,199.5,211.16,0.323681306792423,0.444453429430723,0.806783625506539,0.735791447892283,3.15896406229298,1.44684312446043
"RSTD","Utility",97,87.22,-118.28,NA,NA,242.56,254.22,0.521510650403798,0.40949847153388,0.246851816276742,0.876573609047428,2.46361827149771,1.1181692021126
"RSTD","Utility",98,89.72,-85.59,NA,NA,177.18,188.84,0.418908317107707,0.978637758642435,0.910752559338103,0.967983179132314,1.00002119329238,1.21107809292153
"RSTD","Utility",99,90,-87.51,NA,NA,181.02,192.68,0.78953983867541,0.418743934947997,0.139839684564873,0.80176508024145,3.69469375291272,3.49348991278757
"RSTD","Utility",100,91.11,-113.47,NA,NA,232.94,244.6,0.956703607924283,0.607802340993658,0.338525333362892,0.865175933758724,3.0464179414797,1.10866933899654
"Utility","TD",1,86.94,-179.41,NA,NA,362.82,370.59,0.285107890376821,0.724670132622123,0.194846281606685,2.46669882705928,NA,2.43561604238095
"Utility","TD",2,62.22,-346.39,NA,NA,696.78,704.55,0.950232450617477,0.206436974462122,0.0713421677790594,1.0000008396327,NA,1.3645795173943
"Utility","TD",3,59.44,-359.1,NA,NA,722.2,729.97,0.536011227406561,0.200363578274846,0.0611933246394799,1.00000010942948,NA,2.00568439900399
"Utility","TD",4,66.67,-285.13,NA,NA,574.26,582.03,0.321220333920792,0.649332832079381,0.108334827494913,1.00000624210539,NA,1.14288249518722
"Utility","TD",5,87.22,-122.62,NA,NA,249.24,257.01,0.525106647517532,0.973066303646192,0.482660925572669,1.00000077959446,NA,1.39299949863926
"Utility","TD",6,90.83,-91.46,NA,NA,186.92,194.69,0.895209939451888,0.943225271301344,0.864859083603865,1.00001424440617,NA,4.35385648889427
"Utility","TD",7,58.89,-353.46,NA,NA,710.92,718.69,0.753931205254048,0.197620301274583,0.0586315315362542,1.0000002678896,NA,1.18983699940145
"Utility","TD",8,88.06,-146.1,NA,NA,296.2,303.97,0.0560640415642411,0.783013365231454,0.146788441100353,4.706616303338,NA,4.41441693140154
"Utility","TD",9,87.78,-103.33,NA,NA,210.66,218.43,0.479448032099754,0.989872474921867,0.0748048951478709,2.48713930202933,NA,1.20800043705019
"Utility","TD",10,92.22,-85.48,NA,NA,174.96,182.73,0.711294803768396,0.788163986755535,0.730535463847593,1.00000013886893,NA,3.30973086307261
"Utility","TD",11,91.94,-100.96,NA,NA,205.92,213.69,0.5048349336721,0.797194604296237,0.324618615100439,2.10890076430135,NA,3.5054881726885
"Utility","TD",12,62.5,-333.8,NA,NA,671.6,679.37,0.731893435353413,0.395451756194234,0.070748404597135,1.00000017203357,NA,1.61817012401298
"Utility","TD",13,71.11,-269.43,NA,NA,542.86,550.63,0.275977379642427,0.511981163173914,0.121266670450574,1.0000006613828,NA,3.39124982816227
"Utility","TD",14,60,-361.58,NA,NA,727.16,734.93,0.226354157319292,0.16033569118008,0.0717092681737528,1.0000001352857,NA,1.89403793397815
"Utility","TD",15,91.94,-94.37,NA,NA,192.74,200.51,0.315573724219576,0.984172471100464,0.207364702887417,2.35206160625127,NA,2.69604673600736
"Utility","TD",16,84.17,-163.03,NA,NA,330.06,337.83,0.540354023920372,0.854036244563758,0.480390316549957,1.0000002536965,NA,1.36215214885666
"Utility","TD",17,59.44,-357.87,NA,NA,719.74,727.51,0.66359161795117,0.0660558908712119,0.0718155410841448,1.0000029853001,NA,2.97567781611326
"Utility","TD",18,69.44,-233.72,NA,NA,471.44,479.21,0.973287776112556,0.630256613949314,0.07136091791296,1.00000194555512,NA,1.85552939023347
"Utility","TD",19,81.39,-139.19,NA,NA,282.38,290.15,0.340647828998044,0.988910319516435,0.074880401137427,1.39378771810003,NA,1.21139730885625
"Utility","TD",20,57.78,-360.16,NA,NA,724.32,732.09,0.329378831898794,0.0628540490288287,0.0605839175404489,1.00000064763393,NA,3.33967715737489
"Utility","TD",21,57.22,-371.98,NA,NA,747.96,755.73,0.285566801903769,0.0508385861758143,0.0592138513523664,1.00000112785963,NA,1.41009616898373
"Utility","TD",22,63.33,-316.38,NA,NA,636.76,644.53,0.684979062527418,0.438995202770457,0.0714776202889827,1.00000071005045,NA,1.68512896075845
"Utility","TD",23,59.44,-353.6,NA,NA,711.2,718.97,0.529962481698021,0.27115519088693,0.0900030679522338,1.00000104187729,NA,3.69503675574873
"Utility","TD",24,66.11,-259.43,NA,NA,522.86,530.63,0.779200294986367,0.728794121881947,0.0831619578827068,1.00001445759848,NA,1.16082152445602
"Utility","TD",25,59.72,-341.59,NA,NA,687.18,694.95,0.0281218434683979,0.533772448310629,0.0557948351316491,1.00000183234037,NA,1.2251683762297
"Utility","TD",26,61.11,-354.42,NA,NA,712.84,720.61,0.128862570039928,0.17050133110024,0.0735216160198609,1.00000170729322,NA,2.37515528589011
"Utility","TD",27,91.94,-87.07,NA,NA,178.14,185.91,0.980796684976667,0.860091791022569,0.905403600301991,1.00000009167289,NA,2.2001721150753
"Utility","TD",28,90.28,-104.52,NA,NA,213.04,220.81,0.633000507717952,0.959949327167124,0.678822990655655,1.00000066419006,NA,1.02402024855837
"Utility","TD",29,68.33,-276.58,NA,NA,557.16,564.93,0.234798390883952,0.4054856733419,0.10836552327933,1.000002221922,NA,4.89528230370438
"Utility","TD",30,66.39,-298.46,NA,NA,600.92,608.69,0.319981756620109,0.632078264839947,0.108664593009619,1.00000081205791,NA,1.05595874555906
"Utility","TD",31,90.83,-121.51,NA,NA,247.02,254.79,0.417691254755482,0.885661983396858,0.378236198405952,3.20042491261227,NA,2.4762263855988
"Utility","TD",32,65,-304.95,NA,NA,613.9,621.67,0.119032545015216,0.605491037247702,0.0717263830030586,1.0000004727505,NA,1.04599827674373
"Utility","TD",33,93.89,-85.11,NA,NA,174.22,181.99,0.824352919822559,0.753800751408562,0.67658148881722,1.80085446716233,NA,3.89878896835935
"Utility","TD",34,86.67,-129.26,NA,NA,262.52,270.29,0.080542077543214,0.69156481907703,0.137416157107887,1.44431364060259,NA,4.2510444371212
"Utility","TD",35,61.94,-320.27,NA,NA,644.54,652.31,0.788759883260354,0.407168375095353,0.061310139670739,1.00000085158829,NA,1.8810732345608
"Utility","TD",36,89.17,-121.43,NA,NA,246.86,254.63,0.960197768406942,0.814909122884274,0.905523317485074,1.00000038905131,NA,1.49123999522999
"Utility","TD",37,64.17,-326.3,NA,NA,656.6,664.37,0.983733647270128,0.387793875532225,0.0711140022088232,1.0000016500907,NA,1.18421270139515
"Utility","TD",38,80.56,-219.59,NA,NA,443.18,450.95,0.640330957481638,0.661732341628522,0.576333152922275,1.00000004451384,NA,2.1015722423634
"Utility","TD",39,89.17,-116.34,NA,NA,236.68,244.45,0.591888564871624,0.781977394130081,0.680878314992623,1.00000217747814,NA,2.17335850927503
"Utility","TD",40,87.78,-145.97,NA,NA,295.94,303.71,0.185236022341996,0.927017299691215,0.107099732859377,4.57004774184132,NA,1.40621648728848
"Utility","TD",41,66.11,-253.59,NA,NA,511.18,518.95,0.5952471755445,0.540940156206489,0.0713514477212963,1.00000152619549,NA,2.71158919288757
"Utility","TD",42,58.06,-359.63,NA,NA,723.26,731.03,0.265401779906824,0.195171546889469,0.0594817561184868,1.00000017242804,NA,1.22695452463968
"Utility","TD",43,61.94,-341.06,NA,NA,686.12,693.89,0.604935176437721,0.398145136190578,0.0708390854786195,1.00000190187779,NA,1.04858012497425
"Utility","TD",44,65.28,-246.42,NA,NA,496.84,504.61,0.470244030002505,0.685449249343947,0.0705964715130983,1.00000294097009,NA,1.6486977073364
"Utility","TD",45,61.39,-327.15,NA,NA,658.3,666.07,0.371720403432846,0.503097830805928,0.0809288030159154,1.00000042348403,NA,1.32283924566582
"Utility","TD",46,58.06,-358.31,NA,NA,720.62,728.39,0.361050225095823,0.370053818682209,0.0593670648989381,1.00000022620493,NA,1.17356707000516
"Utility","TD",47,83.61,-123.94,NA,NA,251.88,259.65,0.594613759312779,0.789667062694207,0.0836536013434621,1.48413409837225,NA,3.04544003671947
"Utility","TD",48,57.5,-364.54,NA,NA,733.08,740.85,0.628910263301805,0.0369398219045252,0.0593786744695992,1.00000020173249,NA,2.35408596597136
"Utility","TD",49,89.44,-143.21,NA,NA,290.42,298.19,0.254382238723338,0.857857148861513,0.124771078083577,6.26562906282955,NA,1.936107955831
"Utility","TD",50,66.39,-258.69,NA,NA,521.38,529.15,0.629901704145595,0.59963444317691,0.0669273170899622,1.00000100447816,NA,2.13030682034315
"Utility","TD",51,65.83,-293.63,NA,NA,591.26,599.03,0.958562755258754,0.446684151422232,0.06740326236615,1.00000041856583,NA,2.46860518856885
"Utility","TD",52,70.83,-203.29,NA,NA,410.58,418.35,0.378760501742363,0.716149265645072,0.066766611740652,1.00000048061523,NA,2.1838285959837
"Utility","TD",53,63.61,-327.78,NA,NA,659.56,667.33,0.843001339351758,0.428967847023159,0.0716524259887448,1.00000171852087,NA,1.43009595386684
"Utility","TD",54,86.67,-127.78,NA,NA,259.56,267.33,0.111280993092805,0.926345025887713,0.188358262158108,1.62770267521048,NA,2.52358875974062
"Utility","TD",55,91.11,-108.74,NA,NA,221.48,229.25,0.231767056509852,0.779834397835657,0.208875524722859,2.26963171650434,NA,4.55762586234994
"Utility","TD",56,90.83,-119.55,NA,NA,243.1,250.87,0.386252531083301,0.815260800998658,0.244676857736467,2.34396165944716,NA,2.64474068483968
"Utility","TD",57,66.94,-256.67,NA,NA,517.34,525.11,0.6529874894768,0.670282299863175,0.0715988527529765,1.00000033580927,NA,1.1162636061199
"Utility","TD",58,59.72,-349.29,NA,NA,702.58,710.35,0.560497718863189,0.274772666627541,0.060585584179852,1.00000008426783,NA,1.5290995786691
"Utility","TD",59,63.61,-267.41,NA,NA,538.82,546.59,0.597106330329552,0.589335348224267,0.0609719899283294,1.00000041091564,NA,1.93161117188157
"Utility","TD",60,91.94,-86.03,NA,NA,176.06,183.83,0.987134294584394,0.800411853706464,0.905080674879048,1.00000243057546,NA,2.29764714087815
"Utility","TD",61,62.78,-307.43,NA,NA,618.86,626.63,0.718285634880885,0.565618214197457,0.061565482803289,1.00000033882504,NA,1.06491599744186
"Utility","TD",62,73.61,-215.93,NA,NA,435.86,443.63,0.125127220060676,0.773224814096466,0.126205421606707,1.00000007939135,NA,1.58329186262563
"Utility","TD",63,56.39,-377.74,NA,NA,759.48,767.25,0.499009405029938,0.0988319513853639,0.0560260766728653,1.00000112579176,NA,1.09243298880756
"Utility","TD",64,68.33,-282.44,NA,NA,568.88,576.65,0.333673485321924,0.454882015939802,0.108497699552658,1.000001758774,NA,3.70696423376415
"Utility","TD",65,56.94,-400.69,NA,NA,805.38,813.15,0.810415166895837,0.0187283449340612,0.0587448760534152,1.0000026092059,NA,1.16512183423941
"Utility","TD",66,59.17,-353.77,NA,NA,711.54,719.31,0.461979309096932,0.296923782210797,0.061042631473175,1.00000059485662,NA,1.45804071612656
"Utility","TD",67,58.33,-335.09,NA,NA,674.18,681.95,0.285626433324069,0.528872283641249,0.0609979579811523,1.00000592373796,NA,1.1472960453744
"Utility","TD",68,65.56,-270.46,NA,NA,544.92,552.69,0.732509626774117,0.600311974063516,0.0706972013586557,1.00000172033614,NA,1.4492717245746
"Utility","TD",69,66.67,-285.42,NA,NA,574.84,582.61,0.977929984452203,0.529096166603267,0.0660442267300198,1.00000037356212,NA,1.75178614688037
"Utility","TD",70,60,-346.47,NA,NA,696.94,704.71,0.98177181975916,0.159414226887748,0.0717064990951026,1.00000103001208,NA,1.47737938910723
"Utility","TD",71,60.28,-336.92,NA,NA,677.84,685.61,0.922829337418079,0.366323065012693,0.0599224533396351,1.00000047205179,NA,1.08644307602532
"Utility","TD",72,58.06,-363.26,NA,NA,730.52,738.29,0.437475311337039,0.144657690776512,0.0590576103563315,1.00000042073533,NA,2.51204245735464
"Utility","TD",73,85,-117.88,NA,NA,239.76,247.53,0.0812403932213783,0.858433880610391,0.100015455719656,1.39333570671042,NA,2.57674626609245
"Utility","TD",74,62.5,-333.8,NA,NA,671.6,679.37,0.769064010120928,0.423705151304603,0.070748404597135,1.00000017203357,NA,1.055009087082
"Utility","TD",75,57.22,-379.4,NA,NA,762.8,770.57,0.27233505435288,0.0992442343849689,0.0555329281344955,1.00000064876693,NA,1.01957268379492
"Utility","TD",76,62.5,-330.81,NA,NA,665.62,673.39,0.714246998308226,0.356464033480734,0.0716994889249393,1.00000027330064,NA,2.33508190601589
"Utility","TD",77,74.44,-214.26,NA,NA,432.52,440.29,0.165105299558491,0.62026000325568,0.1263769491328,1.00000071881232,NA,3.11759630225509
"Utility","TD",78,88.61,-128.55,NA,NA,261.1,268.87,0.948594216490164,0.818483957787976,0.90551173896541,1.00000055150041,NA,1.40069885704874
"Utility","TD",79,64.17,-261.98,NA,NA,527.96,535.73,0.641159480903298,0.713674181839451,0.0613214603844405,1.00000022741828,NA,1.04148287150446
"Utility","TD",80,89.72,-110.85,NA,NA,225.7,233.47,0.602592710871249,0.798923129681498,0.686617676857572,1.00000096834896,NA,2.65777598732141
"Utility","TD",81,87.22,-92.98,NA,NA,189.96,197.73,0.0268326783552766,0.983408806612715,0.0495136980068398,3.17038695995243,NA,2.42827125892359
"Utility","TD",82,57.5,-364.17,NA,NA,732.34,740.11,0.390374890295789,0.210965643869713,0.0563021482620498,1.00000071419501,NA,1.07093011168763
"Utility","TD",83,56.67,-374.57,NA,NA,753.14,760.91,0.909624356776476,0.0655163209885359,0.0557738099115441,1.00000020004293,NA,1.47955628430628
"Utility","TD",84,90.28,-101.62,NA,NA,207.24,215.01,0.894585720263422,0.928069569170475,0.862971119002297,1.00000037283304,NA,1.78467515758694
"Utility","TD",85,61.39,-278.98,NA,NA,561.96,569.73,0.16712597804144,0.591124507132918,0.0611719846472323,1.00000073218322,NA,1.76918393555553
"Utility","TD",86,57.78,-362.21,NA,NA,728.42,736.19,0.0963515317998827,0.187938303221017,0.0557365762660777,1.0000004286859,NA,1.16646143142134
"Utility","TD",87,93.06,-74.64,NA,NA,153.28,161.05,0.812582350103185,0.879132093861699,0.751239938293687,1.0000010285152,NA,5.4038753097219
"Utility","TD",88,61.11,-277.36,NA,NA,558.72,566.49,0.448961209738627,0.690639521926641,0.059587289945588,1.00000100967746,NA,1.12322780341732
"Utility","TD",89,66.11,-305.43,NA,NA,614.86,622.63,0.352596259210259,0.519048273330554,0.108833469594144,1.00000112988686,NA,1.77127007111431
"Utility","TD",90,60,-355.17,NA,NA,714.34,722.11,0.7131295024883,0.112127762287855,0.0720006191992198,1.00000009644516,NA,4.4174234716404
"Utility","TD",91,57.5,-366.8,NA,NA,737.6,745.37,0.102771484525874,0.0985191510990262,0.055723408713439,1.00000002179211,NA,1.34824017202482
"Utility","TD",92,59.44,-363.14,NA,NA,730.28,738.05,0.14997310237959,0.461772011825815,0.0717221568273757,1.00000006541507,NA,1.26133318960971
"Utility","TD",93,71.94,-186.64,NA,NA,377.28,385.05,0.435881547397003,0.7804279406555,0.0706831711823628,1.00000589527442,NA,1.68139734584838
"Utility","TD",94,91.94,-79.95,NA,NA,163.9,171.67,0.975024477113038,0.799848798895255,0.905468205724273,1.0000002131312,NA,5.33281822849937
"Utility","TD",95,64.44,-262.39,NA,NA,528.78,536.55,0.723246149485931,0.623378630494699,0.0608940317047657,1.00000065370423,NA,1.45622572209686
"Utility","TD",96,59.72,-349.3,NA,NA,702.6,710.37,0.323681306792423,0.444453429430723,0.071561567780749,1.00000283267084,NA,1.44684312446043
"Utility","TD",97,60.28,-341.26,NA,NA,686.52,694.29,0.521510650403798,0.40949847153388,0.0678214771210458,1.00000200137726,NA,1.1181692021126
"Utility","TD",98,84.44,-150.55,NA,NA,305.1,312.87,0.418908317107707,0.978637758642435,0.09216562791867,2.25130815674845,NA,1.21107809292153
"Utility","TD",99,64.17,-295.92,NA,NA,595.84,603.61,0.78953983867541,0.418743934947997,0.0899468778528302,1.00000053029917,NA,3.49348991278757
"Utility","TD",100,64.72,-292.26,NA,NA,588.52,596.29,0.956703607924283,0.607802340993658,0.0594505582415387,1.00000142857534,NA,1.10866933899654
"Utility","RSTD",1,80.83,-174.19,NA,NA,354.38,366.04,0.285107890376821,0.724670132622123,0.257973336841636,0.16028542463321,1.00000953302899,2.43561604238095
"Utility","RSTD",2,60,-364.19,NA,NA,734.38,746.04,0.950232450617477,0.206436974462122,0.0861239288617063,0.0957933539407177,1.00001855714384,1.3645795173943
"Utility","RSTD",3,59.44,-445.48,NA,NA,896.96,908.62,0.536011227406561,0.200363578274846,0.163191246257664,0.284286997028785,1.00000055092678,2.00568439900399
"Utility","RSTD",4,72.5,-323.33,NA,NA,652.66,664.32,0.321220333920792,0.649332832079381,0.655010979764795,0.333597985632928,1.00000147504449,1.14288249518722
"Utility","RSTD",5,91.11,-115.72,NA,NA,237.44,249.1,0.525106647517532,0.973066303646192,0.455215864336793,0.554952129065768,1.62362501467671,1.39299949863926
"Utility","RSTD",6,91.11,-92.67,NA,NA,191.34,203,0.895209939451888,0.943225271301344,0.623483730381822,0.834444337279141,1.00001423394129,4.35385648889427
"Utility","RSTD",7,59.17,-396.48,NA,NA,798.96,810.62,0.753931205254048,0.197620301274583,0.118216505335744,0.123813440084985,1.00000156549366,1.18983699940145
"Utility","RSTD",8,86.11,-106.58,NA,NA,219.16,230.82,0.0560640415642411,0.783013365231454,0.223704457570523,0.101639270915613,1.00000679054726,4.41441693140154
"Utility","RSTD",9,91.39,-88.15,NA,NA,182.3,193.96,0.479448032099754,0.989872474921867,0.891098853174647,0.414771740604292,1.00000209541329,1.20800043705019
"Utility","RSTD",10,93.06,-81.97,NA,NA,169.94,181.6,0.711294803768396,0.788163986755535,0.99999974631797,0.772962692956653,1.0000287749171,3.30973086307261
"Utility","RSTD",11,90.83,-98.66,NA,NA,203.32,214.98,0.5048349336721,0.797194604296237,0.881198795478705,0.497281601572721,1.00001076350055,3.5054881726885
"Utility","RSTD",12,61.39,-361.84,NA,NA,729.68,741.34,0.731893435353413,0.395451756194234,0.113003208723184,0.123183794659778,1.00000073420273,1.61817012401298
"Utility","RSTD",13,77.5,-249.11,NA,NA,504.22,515.88,0.275977379642427,0.511981163173914,0.428485395466349,0.290117876480867,1.00000013742594,3.39124982816227
"Utility","RSTD",14,61.94,-371.62,NA,NA,749.24,760.9,0.226354157319292,0.16033569118008,0.0883724774049098,0.0794294687731809,1.00000047832748,1.89403793397815
"Utility","RSTD",15,92.78,-106.09,NA,NA,218.18,229.84,0.315573724219576,0.984172471100464,0.300970599282622,0.356565823820724,9.3380520182552,2.69604673600736
"Utility","RSTD",16,86.11,-158.03,NA,NA,322.06,333.72,0.540354023920372,0.854036244563758,0.791819955836156,0.524930104672216,1.00000006821934,1.36215214885666
"Utility","RSTD",17,60.28,-381.42,NA,NA,768.84,780.5,0.66359161795117,0.0660558908712119,0.110766516224644,0.119918664530074,1.00000480593567,2.97567781611326
"Utility","RSTD",18,77.78,-264.87,NA,NA,535.74,547.4,0.973287776112556,0.630256613949314,0.687182703680198,0.851757680770751,1.00000286006829,1.85552939023347
"Utility","RSTD",19,89.72,-147.03,NA,NA,300.06,311.72,0.340647828998044,0.988910319516435,0.939576376520682,0.360625786434683,4.71418677329339,1.21139730885625
"Utility","RSTD",20,60,-395.81,NA,NA,797.62,809.28,0.329378831898794,0.0628540490288287,0.125367274727157,0.113703493765242,1.00000344446337,3.33967715737489
"Utility","RSTD",21,59.44,-404.83,NA,NA,815.66,827.32,0.285566801903769,0.0508385861758143,0.101648832638813,0.0967879375078973,1.00000046601807,1.41009616898373
"Utility","RSTD",22,64.17,-359.72,NA,NA,725.44,737.1,0.684979062527418,0.438995202770457,0.155346057219226,0.177359760563682,1.00000072167988,1.68512896075845
"Utility","RSTD",23,63.61,-362.39,NA,NA,730.78,742.44,0.529962481698021,0.27115519088693,0.155883359981429,0.145049790104615,1.00000744279833,3.69503675574873
"Utility","RSTD",24,77.78,-268.13,NA,NA,542.26,553.92,0.779200294986367,0.728794121881947,0.783625616775398,0.78682872864048,1.00000038144119,1.16082152445602
"Utility","RSTD",25,61.39,-344.93,NA,NA,695.86,707.52,0.0281218434683979,0.533772448310629,0.0648594051126308,0.0654282927548016,1.00000466124662,1.2251683762297
"Utility","RSTD",26,60.28,-410.43,NA,NA,826.86,838.52,0.128862570039928,0.17050133110024,0.136523876112978,0.197298807339654,1.00000494027787,2.37515528589011
"Utility","RSTD",27,93.89,-84.3,NA,NA,174.6,186.26,0.980796684976667,0.860091791022569,0.324282718242043,0.719812370110527,2.72014812697085,2.2001721150753
"Utility","RSTD",28,90.83,-101.65,NA,NA,209.3,220.96,0.633000507717952,0.959949327167124,0.98625893129816,0.751049480746584,1.00000376465282,1.02402024855837
"Utility","RSTD",29,76.11,-273.3,NA,NA,552.6,564.26,0.234798390883952,0.4054856733419,0.601342792553954,0.295718129402417,1.00000110565105,4.89528230370438
"Utility","RSTD",30,68.61,-315.46,NA,NA,636.92,648.58,0.319981756620109,0.632078264839947,0.232957765243923,0.186562901657631,1.00000263264517,1.05595874555906
"Utility","RSTD",31,89.17,-101.51,NA,NA,209.02,220.68,0.417691254755482,0.885661983396858,0.862963148939846,0.417067131726045,1.00000325800621,2.4762263855988
"Utility","RSTD",32,65,-319.34,NA,NA,644.68,656.34,0.119032545015216,0.605491037247702,0.0918863291232815,0.094456593946475,1.00132101227693,1.04599827674373
"Utility","RSTD",33,93.89,-85.88,NA,NA,177.76,189.42,0.824352919822559,0.753800751408562,0.999999986098194,0.70986166991605,3.67362332192394,3.89878896835935
"Utility","RSTD",34,86.39,-142.4,NA,NA,290.8,302.46,0.080542077543214,0.69156481907703,0.807194585930794,0.309908164216163,1.00000095790055,4.2510444371212
"Utility","RSTD",35,64.72,-321.86,NA,NA,649.72,661.38,0.788759883260354,0.407168375095353,0.0904750769282996,0.0723962960467306,1.00000068842714,1.8810732345608
"Utility","RSTD",36,88.89,-121.9,NA,NA,249.8,261.46,0.960197768406942,0.814909122884274,0.999999852723273,0.902522653815866,1.00000414089181,1.49123999522999
"Utility","RSTD",37,64.17,-387.37,NA,NA,780.74,792.4,0.983733647270128,0.387793875532225,0.202608643446204,0.208429502298697,1.00000614049054,1.18421270139515
"Utility","RSTD",38,82.5,-204.85,NA,NA,415.7,427.36,0.640330957481638,0.661732341628522,0.656592956661856,0.729468203717676,1.00000095975283,2.1015722423634
"Utility","RSTD",39,87.78,-125.6,NA,NA,257.2,268.86,0.591888564871624,0.781977394130081,0.686542370361864,0.588989647193903,1.00000652114027,2.17335850927503
"Utility","RSTD",40,87.22,-156.53,NA,NA,319.06,330.72,0.185236022341996,0.927017299691215,0.999999612805695,0.272451774265957,1.00000206505335,1.40621648728848
"Utility","RSTD",41,76.11,-273.99,NA,NA,553.98,565.64,0.5952471755445,0.540940156206489,0.538386122271712,0.438497043075304,1.00000185202983,2.71158919288757
"Utility","RSTD",42,60,-403.92,NA,NA,813.84,825.5,0.265401779906824,0.195171546889469,0.119000247224458,0.131474991445138,1.00000166812308,1.22695452463968
"Utility","RSTD",43,63.33,-380.48,NA,NA,766.96,778.62,0.604935176437721,0.398145136190578,0.16299235420463,0.14099200643255,1.00000050698656,1.04858012497425
"Utility","RSTD",44,75.56,-257.95,NA,NA,521.9,533.56,0.470244030002505,0.685449249343947,0.510471101298681,0.324890117899502,1.00010972397434,1.6486977073364
"Utility","RSTD",45,65.56,-331.48,NA,NA,668.96,680.62,0.371720403432846,0.503097830805928,0.13545587689072,0.110786192919464,1.00000194653645,1.32283924566582
"Utility","RSTD",46,59.17,-448.66,NA,NA,903.32,914.98,0.361050225095823,0.370053818682209,0.223281915986546,0.190876381692515,1.00000254358584,1.17356707000516
"Utility","RSTD",47,90.56,-123.94,NA,NA,253.88,265.54,0.594613759312779,0.789667062694207,0.458594993260527,0.575524913129806,1.68111386559787,3.04544003671947
"Utility","RSTD",48,58.06,-370.02,NA,NA,746.04,757.7,0.628910263301805,0.0369398219045252,0.0740538423742702,0.0730423258948884,1.00001031289373,2.35408596597136
"Utility","RSTD",49,82.22,-138.02,NA,NA,282.04,293.7,0.254382238723338,0.857857148861513,0.164651281891275,0.121201052133221,1.00000823161945,1.936107955831
"Utility","RSTD",50,75.56,-282.61,NA,NA,571.22,582.88,0.629901704145595,0.59963444317691,0.50471677137385,0.647851233264874,1.00000225003406,2.13030682034315
"Utility","RSTD",51,68.61,-395.06,NA,NA,796.12,807.78,0.958562755258754,0.446684151422232,0.345758726110132,0.713418465186574,1.00000156622334,2.46860518856885
"Utility","RSTD",52,80.83,-199.41,NA,NA,404.82,416.48,0.378760501742363,0.716149265645072,0.42494363630109,0.295981105055426,1.00000445916348,2.1838285959837
"Utility","RSTD",53,63.61,-393.19,NA,NA,792.38,804.04,0.843001339351758,0.428967847023159,0.188771581706416,0.182614663027794,1.03972829400191,1.43009595386684
"Utility","RSTD",54,83.33,-145.16,NA,NA,296.32,307.98,0.111280993092805,0.926345025887713,0.347226637128482,0.268775158314628,1.00005858941351,2.52358875974062
"Utility","RSTD",55,91.67,-111.81,NA,NA,229.62,241.28,0.231767056509852,0.779834397835657,0.234842825658267,0.220176047519509,3.69973311706163,4.55762586234994
"Utility","RSTD",56,85.56,-120.75,NA,NA,247.5,259.16,0.386252531083301,0.815260800998658,0.436069175515641,0.303087398173824,1.03048885943055,2.64474068483968
"Utility","RSTD",57,72.5,-298.13,NA,NA,602.26,613.92,0.6529874894768,0.670282299863175,0.27843159032561,0.300138197893585,1.00008928306813,1.1162636061199
"Utility","RSTD",58,62.5,-417.88,NA,NA,841.76,853.42,0.560497718863189,0.274772666627541,0.211471553769894,0.229313227728345,1.00000230640603,1.5290995786691
"Utility","RSTD",59,74.44,-298.48,NA,NA,602.96,614.62,0.597106330329552,0.589335348224267,0.607245415835582,0.719849006916847,1.00000018510382,1.93161117188157
"Utility","RSTD",60,93.89,-84.34,NA,NA,174.68,186.34,0.987134294584394,0.800411853706464,0.30419335565763,0.687839971361829,3.57254788534294,2.29764714087815
"Utility","RSTD",61,65.83,-363.35,NA,NA,732.7,744.36,0.718285634880885,0.565618214197457,0.245706189758711,0.223713792670046,1.00000457787594,1.06491599744186
"Utility","RSTD",62,80,-216.82,NA,NA,439.64,451.3,0.125127220060676,0.773224814096466,0.679937655361436,0.31464631267928,1.00000706661852,1.58329186262563
"Utility","RSTD",63,56.39,-423.58,NA,NA,853.16,864.82,0.499009405029938,0.0988319513853639,0.106719069440092,0.088880483744123,1.00000080929504,1.09243298880756
"Utility","RSTD",64,75.28,-282.86,NA,NA,571.72,583.38,0.333673485321924,0.454882015939802,0.306168467926335,0.133019988016071,1.00000178560665,3.70696423376415
"Utility","RSTD",65,56.39,-449.84,NA,NA,905.68,917.34,0.810415166895837,0.0187283449340612,0.107188023365875,0.0877248010682976,1.0000001033474,1.16512183423941
"Utility","RSTD",66,61.39,-367.42,NA,NA,740.84,752.5,0.461979309096932,0.296923782210797,0.0899653500074699,0.0794345025436761,1.00000446236945,1.45804071612656
"Utility","RSTD",67,61.39,-363.12,NA,NA,732.24,743.9,0.285626433324069,0.528872283641249,0.122444520881776,0.129946880689957,1.00000060237049,1.1472960453744
"Utility","RSTD",68,74.17,-305.77,NA,NA,617.54,629.2,0.732509626774117,0.600311974063516,0.758787011245333,0.754548526265732,1.00000575780753,1.4492717245746
"Utility","RSTD",69,68.61,-392.79,NA,NA,791.58,803.24,0.977929984452203,0.529096166603267,0.337756360767201,0.716870519914843,1.0000005087781,1.75178614688037
"Utility","RSTD",70,60.56,-380.98,NA,NA,767.96,779.62,0.98177181975916,0.159414226887748,0.126995485213739,0.145675874147961,1.00000272626586,1.47737938910723
"Utility","RSTD",71,61.94,-349.7,NA,NA,705.4,717.06,0.922829337418079,0.366323065012693,0.100604728640022,0.0965641190461722,1.00000457565209,1.08644307602532
"Utility","RSTD",72,60.83,-422.31,NA,NA,850.62,862.28,0.437475311337039,0.144657690776512,0.154013968985859,0.184685367355989,1.00000061893781,2.51204245735464
"Utility","RSTD",73,86.67,-161.41,NA,NA,328.82,340.48,0.0812403932213783,0.858433880610391,0.867923563104732,0.369920538278885,1.00002081513611,2.57674626609245
"Utility","RSTD",74,61.39,-361.84,NA,NA,729.68,741.34,0.769064010120928,0.423705151304603,0.113003208723184,0.123183794659778,1.00000073420273,1.055009087082
"Utility","RSTD",75,57.5,-379.56,NA,NA,765.12,776.78,0.27233505435288,0.0992442343849689,0.0602016626288199,0.0590776843481517,1.00000249222627,1.01957268379492
"Utility","RSTD",76,63.61,-382.7,NA,NA,771.4,783.06,0.714246998308226,0.356464033480734,0.173201681038682,0.202266125753025,1.0000051453929,2.33508190601589
"Utility","RSTD",77,82.22,-190.35,NA,NA,386.7,398.36,0.165105299558491,0.62026000325568,0.698172294113388,0.295135619585628,1.00000948962841,3.11759630225509
"Utility","RSTD",78,88.06,-128.93,NA,NA,263.86,275.52,0.948594216490164,0.818483957787976,0.907600370327821,0.892482267212918,1.00000047547709,1.40069885704874
"Utility","RSTD",79,75.56,-285.37,NA,NA,576.74,588.4,0.641159480903298,0.713674181839451,0.602642448538756,0.692688153859701,1.00000059571531,1.04148287150446
"Utility","RSTD",80,90.56,-108.93,NA,NA,223.86,235.52,0.602592710871249,0.798923129681498,0.999979544706894,0.766747044961335,1.00000784375438,2.65777598732141
"Utility","RSTD",81,81.67,-93.58,NA,NA,193.16,204.82,0.0268326783552766,0.983408806612715,0.046554719101164,0.0378234958316018,1.18524809172483,2.42827125892359
"Utility","RSTD",82,59.44,-382.79,NA,NA,771.58,783.24,0.390374890295789,0.210965643869713,0.0821818417037537,0.0802031654697048,1.00000224146977,1.07093011168763
"Utility","RSTD",83,59.44,-474.37,NA,NA,954.74,966.4,0.909624356776476,0.0655163209885359,0.279375640409174,0.19942006258846,1.00000015300657,1.47955628430628
"Utility","RSTD",84,90.56,-104.91,NA,NA,215.82,227.48,0.894585720263422,0.928069569170475,0.939226062398732,0.890325700581356,1.00000763780272,1.78467515758694
"Utility","RSTD",85,65.83,-290.64,NA,NA,587.28,598.94,0.16712597804144,0.591124507132918,0.139787110162504,0.0788918984322596,1.00001424297241,1.76918393555553
"Utility","RSTD",86,60.28,-367.65,NA,NA,741.3,752.96,0.0963515317998827,0.187938303221017,0.0599431652292348,0.0579450481682744,1.00000026551307,1.16646143142134
"Utility","RSTD",87,93.89,-71.28,NA,NA,148.56,160.22,0.812582350103185,0.879132093861699,0.999999939245888,0.775682844625031,1.00002181626174,5.4038753097219
"Utility","RSTD",88,68.61,-301.9,NA,NA,609.8,621.46,0.448961209738627,0.690639521926641,0.220884234223294,0.192569126206852,1.00000072922853,1.12322780341732
"Utility","RSTD",89,67.78,-305.43,NA,NA,616.86,628.52,0.352596259210259,0.519048273330554,0.167571821072486,0.143441991564004,1.0000000001171,1.77127007111431
"Utility","RSTD",90,60.56,-373.06,NA,NA,752.12,763.78,0.7131295024883,0.112127762287855,0.122999557253837,0.0929550414090174,1.00000931434961,4.4174234716404
"Utility","RSTD",91,59.44,-444.66,NA,NA,895.32,906.98,0.102771484525874,0.0985191510990262,0.176741587430417,0.176898742807027,1.00000213070276,1.34824017202482
"Utility","RSTD",92,59.44,-471.11,NA,NA,948.22,959.88,0.14997310237959,0.461772011825815,0.158772013656921,0.525425584836232,1.00000133429892,1.26133318960971
"Utility","RSTD",93,85.56,-159.24,NA,NA,324.48,336.14,0.435881547397003,0.7804279406555,0.848243094461966,0.36048887788231,1.00000433691081,1.68139734584838
"Utility","RSTD",94,94.44,-74.54,NA,NA,155.08,166.74,0.975024477113038,0.799848798895255,0.883677407428742,0.89266825081147,9.99999887465019,5.33281822849937
"Utility","RSTD",95,75,-295.16,NA,NA,596.32,607.98,0.723246149485931,0.623378630494699,0.536165591885325,0.6855962557745,1.00000159123322,1.45622572209686
"Utility","RSTD",96,61.39,-365.73,NA,NA,737.46,749.12,0.323681306792423,0.444453429430723,0.118982177929782,0.120028051904334,1.0000007101962,1.44684312446043
"Utility","RSTD",97,63.33,-383.51,NA,NA,773.02,784.68,0.521510650403798,0.40949847153388,0.167172458113898,0.200045118520651,1.00000279824782,1.1181692021126
"Utility","RSTD",98,89.72,-145.95,NA,NA,297.9,309.56,0.418908317107707,0.978637758642435,0.955595113898976,0.370634652440446,3.92588032132242,1.21107809292153
"Utility","RSTD",99,71.11,-323.13,NA,NA,652.26,663.92,0.78953983867541,0.418743934947997,0.244338540874043,0.273525064209436,1.00000022170296,3.49348991278757
"Utility","RSTD",100,68.89,-392.11,NA,NA,790.22,801.88,0.956703607924283,0.607802340993658,0.340346732249034,0.711977369175433,1.0000022253829,1.10866933899654
"Utility","Utility",1,72.78,-183.98,NA,NA,373.96,385.62,0.285107890376821,0.724670132622123,0.873739106347433,0.570841675622376,3.473983672846,2.43561604238095
"Utility","Utility",2,60.56,-209.1,NA,NA,424.2,435.86,0.950232450617477,0.206436974462122,0.38671050634742,9.90170813924195e-08,2.80246321510843,1.3645795173943
"Utility","Utility",3,61.11,-209.71,NA,NA,425.42,437.08,0.536011227406561,0.200363578274846,0.212799803277815,1.86418923492902e-08,3.1664363716747,2.00568439900399
"Utility","Utility",4,59.72,-204.24,NA,NA,414.48,426.14,0.321220333920792,0.649332832079381,0.30207269090084,0.357311979287809,1.00000048731293,1.14288249518722
"Utility","Utility",5,85,-117.24,NA,NA,240.48,252.14,0.525106647517532,0.973066303646192,0.517410447564204,0.918681261155848,1.10441838358994,1.39299949863926
"Utility","Utility",6,90.83,-91.59,NA,NA,189.18,200.84,0.895209939451888,0.943225271301344,0.86366487930193,0.999998054805375,1.00000632681896,4.35385648889427
"Utility","Utility",7,58.06,-212.53,NA,NA,431.06,442.72,0.753931205254048,0.197620301274583,0.00219150492871018,0.00824955722617635,4.17701839902644,1.18983699940145
"Utility","Utility",8,86.67,-124.74,NA,NA,255.48,267.14,0.0560640415642411,0.783013365231454,0.121482262477165,0.596760873353545,9.99999867156904,4.41441693140154
"Utility","Utility",9,91.39,-102.32,NA,NA,210.64,222.3,0.479448032099754,0.989872474921867,0.434541942316491,0.639698521762822,8.01274236206331,1.20800043705019
"Utility","Utility",10,91.11,-84.17,NA,NA,174.34,186,0.711294803768396,0.788163986755535,0.884848482165768,0.527314260286841,8.78978089109273,3.30973086307261
"Utility","Utility",11,91.94,-99.48,NA,NA,204.96,216.62,0.5048349336721,0.797194604296237,0.354551855453007,0.909875301591601,2.59784803289743,3.5054881726885
"Utility","Utility",12,59.72,-209.38,NA,NA,424.76,436.42,0.731893435353413,0.395451756194234,0.486023474761438,6.15152646667495e-08,2.34335639628221,1.61817012401298
"Utility","Utility",13,61.67,-204.78,NA,NA,415.56,427.22,0.275977379642427,0.511981163173914,0.378427560816488,0.416725335643536,1.00000017834514,3.39124982816227
"Utility","Utility",14,60,-210.73,NA,NA,427.46,439.12,0.226354157319292,0.16033569118008,0.0329012207966298,0.0557837625206551,3.72080220430126,1.89403793397815
"Utility","Utility",15,92.5,-101.55,NA,NA,209.1,220.76,0.315573724219576,0.984172471100464,0.252054542614874,0.999999846521581,2.30443462884644,2.69604673600736
"Utility","Utility",16,85,-146.43,NA,NA,298.86,310.52,0.540354023920372,0.854036244563758,0.135024849244611,0.909652375866338,2.15798429673369,1.36215214885666
"Utility","Utility",17,60.28,-207.77,NA,NA,421.54,433.2,0.66359161795117,0.0660558908712119,0.386745643692637,0.0138792213142598,2.80799681321382,2.97567781611326
"Utility","Utility",18,65.83,-197.09,NA,NA,400.18,411.84,0.973287776112556,0.630256613949314,0.971053002516611,0.385740179049921,5.66641844473008,1.85552939023347
"Utility","Utility",19,85,-126.91,NA,NA,259.82,271.48,0.340647828998044,0.988910319516435,0.0666492987671062,0.706559207387342,8.07796413190187,1.21139730885625
"Utility","Utility",20,59.72,-210.96,NA,NA,427.92,439.58,0.329378831898794,0.0628540490288287,0.159029761692897,7.55042423662265e-08,3.16477881555236,3.33967715737489
"Utility","Utility",21,57.22,-222.85,NA,NA,451.7,463.36,0.285566801903769,0.0508385861758143,0.0285270312995562,0.0261781488503236,1.40009250540844,1.41009616898373
"Utility","Utility",22,58.61,-207.28,NA,NA,420.56,432.22,0.684979062527418,0.438995202770457,0.350476430079593,0.366138021526227,1.00000642797459,1.68512896075845
"Utility","Utility",23,58.89,-204.28,NA,NA,414.56,426.22,0.529962481698021,0.27115519088693,0.376481674199411,5.42829339811721e-08,3.30335036809236,3.69503675574873
"Utility","Utility",24,65,-202.25,NA,NA,410.5,422.16,0.779200294986367,0.728794121881947,0.930635304070978,0.307077030310403,7.61983496817656,1.16082152445602
"Utility","Utility",25,58.33,-212.33,NA,NA,430.66,442.32,0.0281218434683979,0.533772448310629,0.0264760406565797,0.130685038571872,1.82070297418011,1.2251683762297
"Utility","Utility",26,61.94,-207.93,NA,NA,421.86,433.52,0.128862570039928,0.17050133110024,0.0196308761540919,4.57570132063795e-07,9.99999437839364,2.37515528589011
"Utility","Utility",27,90,-85.78,NA,NA,177.56,189.22,0.980796684976667,0.860091791022569,0.95204291446945,0.506525158290752,9.32667115683736,2.2001721150753
"Utility","Utility",28,89.17,-104.32,NA,NA,214.64,226.3,0.633000507717952,0.959949327167124,0.772039844232498,0.687269431634714,4.20785088162186,1.02402024855837
"Utility","Utility",29,61.39,-205.37,NA,NA,416.74,428.4,0.234798390883952,0.4054856733419,0.362038310680259,0.367879117317869,1.00000720385858,4.89528230370438
"Utility","Utility",30,60,-204.61,NA,NA,415.22,426.88,0.319981756620109,0.632078264839947,0.288486677360115,0.406618503709194,1.25282333863307,1.05595874555906
"Utility","Utility",31,91.11,-108.81,NA,NA,223.62,235.28,0.417691254755482,0.885661983396858,0.449511155610923,0.679068667907911,6.56513700440756,2.4762263855988
"Utility","Utility",32,63.06,-204.92,NA,NA,415.84,427.5,0.119032545015216,0.605491037247702,0.0442248442412265,0.280499898781175,4.66547021820941,1.04599827674373
"Utility","Utility",33,94.17,-82.86,NA,NA,171.72,183.38,0.824352919822559,0.753800751408562,0.672860890297215,0.836963382803998,4.64673029798792,3.89878896835935
"Utility","Utility",34,86.11,-152.83,NA,NA,311.66,323.32,0.080542077543214,0.69156481907703,0.192198359132977,0.770760354236351,4.55766549944093,4.2510444371212
"Utility","Utility",35,59.17,-208.81,NA,NA,423.62,435.28,0.788759883260354,0.407168375095353,0.380406647427999,0.35384132678469,1.00000225678929,1.8810732345608
"Utility","Utility",36,84.72,-111.86,NA,NA,229.72,241.38,0.960197768406942,0.814909122884274,0.947374116216746,0.477303738421625,7.71283928364706,1.49123999522999
"Utility","Utility",37,59.44,-210.3,NA,NA,426.6,438.26,0.983733647270128,0.387793875532225,0.517198802171365,0.22920847861577,1.00000255344572,1.18421270139515
"Utility","Utility",38,77.5,-183.26,NA,NA,372.52,384.18,0.640330957481638,0.661732341628522,0.822688978293863,0.425334077186339,9.99999935977416,2.1015722423634
"Utility","Utility",39,88.06,-115.27,NA,NA,236.54,248.2,0.591888564871624,0.781977394130081,0.78254274706294,0.71733778184644,3.44581217679416,2.17335850927503
"Utility","Utility",40,86.67,-125.19,NA,NA,256.38,268.04,0.185236022341996,0.927017299691215,0.126785131188105,0.856552498154251,2.74801325283258,1.40621648728848
"Utility","Utility",41,60.28,-206.7,NA,NA,419.4,431.06,0.5952471755445,0.540940156206489,0.412483775954874,0.398913297588824,1.00000205020622,2.71158919288757
"Utility","Utility",42,58.33,-212.58,NA,NA,431.16,442.82,0.265401779906824,0.195171546889469,0.0418034409624922,0.0316876116709807,2.11886505236155,1.22695452463968
"Utility","Utility",43,60,-209.11,NA,NA,424.22,435.88,0.604935176437721,0.398145136190578,0.45967004637584,0.222319915778743,1.23427502577602,1.04858012497425
"Utility","Utility",44,59.72,-207.56,NA,NA,421.12,432.78,0.470244030002505,0.685449249343947,0.403362495241269,0.366291692199512,1.0000000747773,1.6486977073364
"Utility","Utility",45,57.5,-206.28,NA,NA,418.56,430.22,0.371720403432846,0.503097830805928,0.294032108480433,0.366548343559393,1.00000090922464,1.32283924566582
"Utility","Utility",46,58.33,-211.98,NA,NA,429.96,441.62,0.361050225095823,0.370053818682209,0.0369621239486488,6.66711550404874e-09,2.30556891787108,1.17356707000516
"Utility","Utility",47,84.44,-121.73,NA,NA,249.46,261.12,0.594613759312779,0.789667062694207,0.593328410710195,0.920725493052833,1.00000238931127,3.04544003671947
"Utility","Utility",48,60,-211.84,NA,NA,429.68,441.34,0.628910263301805,0.0369398219045252,0.162944957728293,9.09563522511286e-08,2.92527463182916,2.35408596597136
"Utility","Utility",49,85.83,-131.35,NA,NA,268.7,280.36,0.254382238723338,0.857857148861513,0.0666492987671062,0.706559207387342,8.07796413190187,1.936107955831
"Utility","Utility",50,59.44,-206.93,NA,NA,419.86,431.52,0.629901704145595,0.59963444317691,0.407336440524048,0.395552040972749,1.00001508812658,2.13030682034315
"Utility","Utility",51,58.33,-210.76,NA,NA,427.52,439.18,0.958562755258754,0.446684151422232,0.0157781069390121,0.457953089659217,1.21527484204626,2.46860518856885
"Utility","Utility",52,66.67,-190.34,NA,NA,386.68,398.34,0.378760501742363,0.716149265645072,0.834745480931672,0.351473459901851,6.45522964148503,2.1838285959837
"Utility","Utility",53,59.44,-209.53,NA,NA,425.06,436.72,0.843001339351758,0.428967847023159,0.54143710355099,0.241494254458952,1.00000516428578,1.43009595386684
"Utility","Utility",54,87.22,-139.79,NA,NA,285.58,297.24,0.111280993092805,0.926345025887713,0.219150525347675,0.987554520134993,1.97661137139112,2.52358875974062
"Utility","Utility",55,89.17,-89.24,NA,NA,184.48,196.14,0.231767056509852,0.779834397835657,0.0902198499273297,0.806672786091895,4.14234469844423,4.55762586234994
"Utility","Utility",56,89.44,-128.2,NA,NA,262.4,274.06,0.386252531083301,0.815260800998658,0.269751672760126,0.895038461453053,3.6490637598955,2.64474068483968
"Utility","Utility",57,59.72,-206.68,NA,NA,419.36,431.02,0.6529874894768,0.670282299863175,0.405380203778419,0.395241119833965,1.00000294508431,1.1162636061199
"Utility","Utility",58,60.83,-210.54,NA,NA,427.08,438.74,0.560497718863189,0.274772666627541,0.169370387914028,0.0186172667741093,3.13373613758748,1.5290995786691
"Utility","Utility",59,59.44,-207.24,NA,NA,420.48,432.14,0.597106330329552,0.589335348224267,0.407923042452671,0.365642083380355,1.00000067200587,1.93161117188157
"Utility","Utility",60,89.72,-84.11,NA,NA,174.22,185.88,0.987134294584394,0.800411853706464,0.950551937339723,0.51365815775698,8.88161309496134,2.29764714087815
"Utility","Utility",61,60.28,-208.07,NA,NA,422.14,433.8,0.718285634880885,0.565618214197457,0.374907563411981,0.373816257049257,1.00000007189618,1.06491599744186
"Utility","Utility",62,62.78,-199.7,NA,NA,405.4,417.06,0.125127220060676,0.773224814096466,0.498317456813513,0.410980628336636,1.00000023172893,1.58329186262563
"Utility","Utility",63,55.83,-225.66,NA,NA,457.32,468.98,0.499009405029938,0.0988319513853639,1.1301300919467e-06,5.69268923183391e-08,1.28620437618725,1.09243298880756
"Utility","Utility",64,61.11,-205.78,NA,NA,417.56,429.22,0.333673485321924,0.454882015939802,0.367008352076578,0.421131569560995,1.0000007552285,3.70696423376415
"Utility","Utility",65,56.39,-237.28,NA,NA,480.56,492.22,0.810415166895837,0.0187283449340612,0.620134660516032,2.33937224318832e-08,1.00000068091007,1.16512183423941
"Utility","Utility",66,58.89,-211.86,NA,NA,429.72,441.38,0.461979309096932,0.296923782210797,0.0269931349204095,0.0401813134121568,2.85423341333033,1.45804071612656
"Utility","Utility",67,56.67,-211.91,NA,NA,429.82,441.48,0.285626433324069,0.528872283641249,0.00757056019137728,2.74104833086999e-08,4.96901862338956,1.1472960453744
"Utility","Utility",68,59.72,-205.47,NA,NA,416.94,428.6,0.732509626774117,0.600311974063516,0.595435630894587,0.358091853847591,1.00000128979364,1.4492717245746
"Utility","Utility",69,58.89,-208.73,NA,NA,423.46,435.12,0.977929984452203,0.529096166603267,0.0129487987511825,0.612792248375663,1.00000383347475,1.75178614688037
"Utility","Utility",70,60.28,-209.03,NA,NA,424.06,435.72,0.98177181975916,0.159414226887748,0.392544322588671,3.00043176859599e-08,2.75518531303113,1.47737938910723
"Utility","Utility",71,60.28,-209.78,NA,NA,425.56,437.22,0.922829337418079,0.366323065012693,0.523959280100017,0.239183323229581,1.00000443995547,1.08644307602532
"Utility","Utility",72,58.06,-211.7,NA,NA,429.4,441.06,0.437475311337039,0.144657690776512,0.0347084943637305,0.10272307607106,1.88238325644491,2.51204245735464
"Utility","Utility",73,78.06,-159.61,NA,NA,325.22,336.88,0.0812403932213783,0.858433880610391,0.18968866743679,0.940290935941253,1.00000153032594,2.57674626609245
"Utility","Utility",74,60.28,-209.38,NA,NA,424.76,436.42,0.769064010120928,0.423705151304603,0.486023474761438,6.15152646667495e-08,2.34335639628221,1.055009087082
"Utility","Utility",75,56.11,-228.13,NA,NA,462.26,473.92,0.27233505435288,0.0992442343849689,3.9924695489422e-07,9.20056235625475e-08,1.20434484144021,1.01957268379492
"Utility","Utility",76,56.67,-208.75,NA,NA,423.5,435.16,0.714246998308226,0.356464033480734,0.266280649241954,0.361927017936598,1.00000223576199,2.33508190601589
"Utility","Utility",77,74.44,-194.28,NA,NA,394.56,406.22,0.165105299558491,0.62026000325568,0.335311158157851,0.493781059340024,6.01329966294591,3.11759630225509
"Utility","Utility",78,83.61,-116.02,NA,NA,238.04,249.7,0.948594216490164,0.818483957787976,0.947706687500676,0.482991021483659,7.26545473562356,1.40069885704874
"Utility","Utility",79,59.72,-207.48,NA,NA,420.96,432.62,0.641159480903298,0.713674181839451,0.428185901011354,0.403719524900802,1.00000910525851,1.04148287150446
"Utility","Utility",80,88.61,-111.59,NA,NA,229.18,240.84,0.602592710871249,0.798923129681498,0.797243982443816,0.551782630245111,8.5627666542469,2.65777598732141
"Utility","Utility",81,80.28,-109.55,NA,NA,225.1,236.76,0.0268326783552766,0.983408806612715,0.0407241184893014,0.999999975463002,1.07121232328392,2.42827125892359
"Utility","Utility",82,58.33,-216.31,NA,NA,438.62,450.28,0.390374890295789,0.210965643869713,0.0274639074194929,1.28540385712319e-07,2.03753237171406,1.07093011168763
"Utility","Utility",83,56.39,-224.19,NA,NA,454.38,466.04,0.909624356776476,0.0655163209885359,0.818054713414012,5.47823959116905e-08,1.34692156973877,1.47955628430628
"Utility","Utility",84,86.94,-99.38,NA,NA,204.76,216.42,0.894585720263422,0.928069569170475,0.85900400781759,0.909289828962946,1.00001117637627,1.78467515758694
"Utility","Utility",85,58.89,-210.34,NA,NA,426.68,438.34,0.16712597804144,0.591124507132918,0.118709995974701,0.455927724079899,1.00000061497171,1.76918393555553
"Utility","Utility",86,58.33,-216.5,NA,NA,439,450.66,0.0963515317998827,0.187938303221017,0.00412822280979491,0.0154594697141018,1.74092480315183,1.16646143142134
"Utility","Utility",87,92.5,-75.09,NA,NA,156.18,167.84,0.812582350103185,0.879132093861699,0.796866035172328,0.946669494881017,1.22051774551917,5.4038753097219
"Utility","Utility",88,58.89,-206.84,NA,NA,419.68,431.34,0.448961209738627,0.690639521926641,0.246093300638286,0.379669395613964,1.0000034139286,1.12322780341732
"Utility","Utility",89,60.28,-205.41,NA,NA,416.82,428.48,0.352596259210259,0.519048273330554,0.278531599434742,0.468230433937322,1.000001989451,1.77127007111431
"Utility","Utility",90,60.28,-207.97,NA,NA,421.94,433.6,0.7131295024883,0.112127762287855,0.373682347356843,0.110588379918149,1.98711224617514,4.4174234716404
"Utility","Utility",91,58.06,-219.84,NA,NA,445.68,457.34,0.102771484525874,0.0985191510990262,0.00412822280979491,0.0154594697141018,1.74092480315183,1.34824017202482
"Utility","Utility",92,58.61,-211.5,NA,NA,429,440.66,0.14997310237959,0.461772011825815,0.0653802407337753,0.0141642274255268,2.90389299136959,1.26133318960971
"Utility","Utility",93,85.28,-188.77,NA,NA,383.54,395.2,0.435881547397003,0.7804279406555,0.303898080432497,0.60724531525976,9.99999256061936,1.68139734584838
"Utility","Utility",94,90.28,-79.35,NA,NA,164.7,176.36,0.975024477113038,0.799848798895255,0.953158813390185,0.51187999855791,9.99999782521834,5.33281822849937
"Utility","Utility",95,59.17,-207.34,NA,NA,420.68,432.34,0.723246149485931,0.623378630494699,0.400639081010823,0.388802704968177,1.0000026816818,1.45622572209686
"Utility","Utility",96,59.72,-209.07,NA,NA,424.14,435.8,0.323681306792423,0.444453429430723,0.234765977424059,0.0139281275063841,2.80886030410798,1.44684312446043
"Utility","Utility",97,59.72,-208.68,NA,NA,423.36,435.02,0.521510650403798,0.40949847153388,0.377648068829364,0.135480750548769,1.69807281260839,1.1181692021126
"Utility","Utility",98,85.56,-118.93,NA,NA,243.86,255.52,0.418908317107707,0.978637758642435,0.143892355731875,0.997056412972824,1.78969283969454,1.21107809292153
"Utility","Utility",99,59.44,-206.96,NA,NA,419.92,431.58,0.78953983867541,0.418743934947997,0.382946576046987,0.386854126861764,1.00000037693541,3.49348991278757
"Utility","Utility",100,59.44,-210.2,NA,NA,426.4,438.06,0.956703607924283,0.607802340993658,0.00175655821602887,0.242515493409527,3.83732512806208,1.10866933899654
