"simulate_model","fit_model","iteration","ACC","LogL","LogPr","LogPo","AIC","BIC","input_param_1","input_param_2","output_param_1","output_param_2","output_param_3","input_param_3"
"TD","TD",1,92.78,-101.71,NA,NA,207.42,215.19,0.643091264180839,0.83357874206723,0.616083095801701,7.82140794424905,NA,NA
"TD","TD",2,94.44,-73.49,NA,NA,150.98,158.75,0.724670132622123,1.43561604238095,0.686193339023381,1.37343902094045,NA,NA
"TD","TD",3,90.28,-79.21,NA,NA,162.42,170.19,0.950232450617477,2.03779015681686,0.90572999413456,0.866984964912194,NA,NA
"TD","TD",4,57.5,-213.14,NA,NA,430.28,438.05,0.682289758697152,0.0720224548131227,0.0163020832338761,0.057951803377796,NA,NA
"TD","TD",5,86.11,-149.36,NA,NA,302.72,310.49,0.200363578274846,1.00568439900399,0.176220973087446,1.92529119522512,NA,NA
"TD","TD",6,62.78,-198.43,NA,NA,400.86,408.63,0.321220333920792,0.298665664158762,0.285963353588103,0.13637506820882,NA,NA
"TD","TD",7,56.11,-222.67,NA,NA,449.34,457.11,0.571441247593611,0.0502132950350642,0.016334402779965,0.0411255511405968,NA,NA
"TD","TD",8,79.72,-154.02,NA,NA,312.04,319.81,0.973066303646192,0.392999498639256,0.811720510242716,0.518204092156467,NA,NA
"TD","TD",9,50.83,-249.53,NA,NA,503.06,510.83,0.895209939451888,0.0054737395918251,1.20156575226295e-07,1.87343827282503e-08,NA,NA
"TD","TD",10,70.28,-181.6,NA,NA,367.2,374.97,0.0494146177079529,0.507862410508096,0.0231541929705945,0.596769887069787,NA,NA
"TD","TD",11,60,-209.21,NA,NA,422.42,430.19,0.197620301274583,0.18983699940145,0.0934912754599326,0.10888870045927,NA,NA
"TD","TD",12,67.5,-175.89,NA,NA,355.78,363.55,0.0560640415642411,0.566026730462909,0.0602345983830024,0.489493613976827,NA,NA
"TD","TD",13,84.72,-123.44,NA,NA,250.88,258.65,0.051307131536305,1.23247370731968,0.0411752328133113,2.09567190725906,NA,NA
"TD","TD",14,62.22,-196.76,NA,NA,397.52,405.29,0.989872474921867,0.208000437050192,0.420483789782938,0.118952743002761,NA,NA
"TD","TD",15,83.89,-135.91,NA,NA,275.82,283.59,0.711294803768396,0.57632797351107,0.681597745251775,0.691552795350429,NA,NA
"TD","TD",16,50.56,-249.53,NA,NA,503.06,510.83,0.0768930825870484,0.00966986734420061,1.20156575226295e-07,1.87343827282503e-08,NA,NA
"TD","TD",17,94.17,-74.9,NA,NA,153.8,161.57,0.797194604296237,2.5054881726885,0.752932224187158,1.37874606363443,NA,NA
"TD","TD",18,91.11,-80.25,NA,NA,164.5,172.27,0.731893435353413,1.27495420533688,0.766477389036527,0.876800660681699,NA,NA
"TD","TD",19,93.06,-98.91,NA,NA,201.82,209.59,0.809085062006488,0.797056699129653,0.675987549974625,1.87247233359245,NA,NA
"TD","TD",20,90.56,-115.26,NA,NA,234.52,242.29,0.511981163173914,2.39124982816227,0.321581966397324,1.54968871147214,NA,NA
"TD","TD",21,86.39,-129.97,NA,NA,263.94,271.71,0.226354157319292,1.66897989056053,0.150536338032277,1.72364762937495,NA,NA
"TD","TD",22,82.78,-142.51,NA,NA,289.02,296.79,0.300222688354552,0.955442077438247,0.0877633829075514,1.63090691326025,NA,NA
"TD","TD",23,90.28,-79.21,NA,NA,162.42,170.19,0.984172471100464,1.69604673600736,0.90572999413456,0.866984964912194,NA,NA
"TD","TD",24,62.22,-198.74,NA,NA,401.48,409.25,0.540354023920372,0.234106497689865,0.368556730921968,0.120989668186759,NA,NA
"TD","TD",25,63.33,-192.3,NA,NA,388.6,396.37,0.870058757020161,0.327183235902339,0.123306385545161,0.254850194244713,NA,NA
"TD","TD",26,88.33,-147.23,NA,NA,298.46,306.23,0.0660558908712119,1.97567781611326,0.223865121610895,4.86995638613048,NA,NA
"TD","TD",27,62.22,-194.22,NA,NA,392.44,400.21,0.973287776112556,0.260513227898628,0.193421477610397,0.179955883088795,NA,NA
"TD","TD",28,88.06,-135.22,NA,NA,274.44,282.21,0.290595552418381,1.05573849655212,0.108602160548687,4.0133924870845,NA,NA
"TD","TD",29,62.5,-195.24,NA,NA,394.48,402.25,0.988910319516435,0.211397308856249,0.44500178111442,0.122916698391084,NA,NA
"TD","TD",30,87.5,-91.3,NA,NA,186.6,194.37,0.329378831898794,2.0851063261411,0.097818013845183,1.61834103684568,NA,NA
"TD","TD",31,86.39,-135.08,NA,NA,274.16,281.93,0.11878991080448,0.835414388175023,0.0928654472868256,2.02277919700593,NA,NA
"TD","TD",32,62.78,-194.78,NA,NA,393.56,401.33,0.0508385861758143,0.410096168983728,3.0194979227395e-08,0.187323700791005,NA,NA
"TD","TD",33,92.5,-107.65,NA,NA,219.3,227.07,0.684979062527418,0.756628525771442,0.673537693817346,1.86806680883644,NA,NA
"TD","TD",34,57.78,-212.91,NA,NA,429.82,437.59,0.842564480379224,0.0599249633960426,0.0166944472283172,0.0613403464375421,NA,NA
"TD","TD",35,91.94,-94.05,NA,NA,192.1,199.87,0.27115519088693,2.69503675574873,0.212217743498369,2.53291253138199,NA,NA
"TD","TD",36,81.67,-145.89,NA,NA,295.78,303.55,0.779200294986367,0.457588243763894,0.740452492132662,0.512548112356015,NA,NA
"TD","TD",37,90.28,-79.21,NA,NA,162.42,170.19,0.982565350597724,3.92570209977795,0.90572999413456,0.866984964912194,NA,NA
"TD","TD",38,62.22,-198.76,NA,NA,401.52,409.29,0.533772448310629,0.225168376229703,0.293070114443141,0.132769994159697,NA,NA
"TD","TD",39,86.11,-121.13,NA,NA,246.26,254.03,0.128862570039928,1.75030500992181,0.0978714264246751,1.44033131564954,NA,NA
"TD","TD",40,57.78,-213.12,NA,NA,430.24,438.01,0.420502026332542,0.0828633031448371,0.0168239277457454,0.0625462163561284,NA,NA
"TD","TD",41,90.28,-91.73,NA,NA,187.46,195.23,0.860091791022569,1.2001721150753,0.855626960288588,0.816935548249447,NA,NA
"TD","TD",42,63.33,-195.46,NA,NA,394.92,402.69,0.633000507717952,0.316391955215622,0.448233815013344,0.123178518112789,NA,NA
"TD","TD",43,90.56,-115.26,NA,NA,234.52,242.29,0.512010124279186,2.01376353887389,0.321581966397324,1.54968871147214,NA,NA
"TD","TD",44,89.44,-95.4,NA,NA,194.8,202.57,0.4054856733419,3.89528230370438,0.256693043653951,1.43665586984405,NA,NA
"TD","TD",45,61.94,-199.04,NA,NA,402.08,409.85,0.319981756620109,0.264156529679894,0.329115395675928,0.128147199223438,NA,NA
"TD","TD",46,93.33,-85.77,NA,NA,175.54,183.31,0.947748523205519,1.36391219958187,0.886661945928172,7.00635731713095,NA,NA
"TD","TD",47,86.94,-98.37,NA,NA,200.74,208.51,0.885661983396858,1.4762263855988,0.832383237811137,0.639315894167941,NA,NA
"TD","TD",48,61.67,-208.44,NA,NA,420.88,428.65,0.119032545015216,0.210982074495405,0.0756921073455129,0.113547850426113,NA,NA
"TD","TD",49,85.56,-107.37,NA,NA,218.74,226.51,0.931592519162223,0.648705839645118,0.88357991704869,0.586502683442873,NA,NA
"TD","TD",50,94.17,-74.9,NA,NA,153.8,161.57,0.753800751408562,2.89878896835935,0.752932224187158,1.37874606363443,NA,NA
"TD","TD",51,61.94,-197.37,NA,NA,398.74,406.51,0.080542077543214,0.38312963815406,0.0735379300599633,0.248873927766282,NA,NA
"TD","TD",52,75.56,-166.36,NA,NA,336.72,344.49,0.0462017410900444,0.577519766520709,0.0269835345780188,0.732351697085405,NA,NA
"TD","TD",53,86.67,-113.06,NA,NA,230.12,237.89,0.407168375095353,0.8810732345608,0.145346746657972,1.38036222043033,NA,NA
"TD","TD",54,85,-109.58,NA,NA,223.16,230.93,0.960197768406942,0.629818245768547,0.886851564377659,0.568690664070148,NA,NA
"TD","TD",55,58.06,-211.71,NA,NA,427.42,435.19,0.745619997614995,0.0838289222957155,0.388696023530586,0.0612512128440831,NA,NA
"TD","TD",56,63.89,-198.29,NA,NA,400.58,408.35,0.387793875532225,0.184212701395154,0.430631746182012,0.121991863881229,NA,NA
"TD","TD",57,63.33,-196.95,NA,NA,397.9,405.67,0.640330957481638,0.323464683257043,0.403194658908718,0.115654324487157,NA,NA
"TD","TD",58,64.17,-197.98,NA,NA,399.96,407.73,0.46626549679786,0.183777129743248,0.457585051609485,0.127573238063902,NA,NA
"TD","TD",59,93.89,-85.61,NA,NA,175.22,182.99,0.781977394130081,1.17335850927503,0.642903941455804,2.05302277307905,NA,NA
"TD","TD",60,60.83,-210.93,NA,NA,425.86,433.63,0.185236022341996,0.162097267924749,0.0196519988065483,0.0732612646769564,NA,NA
"TD","TD",61,64.17,-195.46,NA,NA,394.92,402.69,0.703108243644238,0.190494351089001,0.472352482743779,0.138024802765461,NA,NA
"TD","TD",62,90,-109.57,NA,NA,223.14,230.91,0.540940156206489,1.71158919288757,0.655742500708808,1.0672810669558,NA,NA
"TD","TD",63,91.94,-94.09,NA,NA,192.18,199.95,0.265401779906824,1.94766673623564,0.210890397926251,2.33525904752426,NA,NA
"TD","TD",64,62.5,-197.29,NA,NA,398.58,406.35,0.897607917198911,0.209870352875441,0.155698792598518,0.223429186227974,NA,NA
"TD","TD",65,55.56,-223.17,NA,NA,450.34,458.11,0.398145136190578,0.0485801249742508,0.0197971562248244,0.0415954479055813,NA,NA
"TD","TD",66,70.83,-191.05,NA,NA,386.1,393.87,0.470244030002505,0.370898498687893,0.605540371725189,0.355606188526088,NA,NA
"TD","TD",67,93.61,-90.36,NA,NA,184.72,192.49,0.824348853668198,1.18002879429133,0.669162058650571,2.18474415648905,NA,NA
"TD","TD",68,62.5,-196.95,NA,NA,397.9,405.67,0.503097830805928,0.322839245665818,0.146774980928659,0.23288588836,NA,NA
"TD","TD",69,86.94,-118.35,NA,NA,240.7,248.47,0.361050225095823,1.17336245528878,0.146878195177952,1.8108728077277,NA,NA
"TD","TD",70,62.22,-197.97,NA,NA,399.94,407.71,0.964988884748891,0.189227518625557,0.531152767706885,0.116701497565083,NA,NA
"TD","TD",71,94.17,-74.9,NA,NA,153.8,161.57,0.789667062694207,2.04544003671947,0.752932224187158,1.37874606363443,NA,NA
"TD","TD",72,91.39,-76.98,NA,NA,157.96,165.73,0.628910263301805,2.95466302318459,0.775543707120937,0.875053244108003,NA,NA
"TD","TD",73,84.72,-148.15,NA,NA,300.3,308.07,0.415234696352854,0.710676135453296,0.139863760280371,1.43414335660213,NA,NA
"TD","TD",74,89.44,-92.84,NA,NA,189.68,197.45,0.857857148861513,0.936107955831003,0.854739029305297,0.848686123649458,NA,NA
"TD","TD",75,63.06,-199.04,NA,NA,402.08,409.85,0.629901704145595,0.199268886353821,0.334961292749166,0.125663123923239,NA,NA
"TD","TD",76,64.17,-196.51,NA,NA,397.02,404.79,0.359289909945801,0.364497002285354,0.311461146146761,0.130997492906053,NA,NA
"TD","TD",77,87.78,-121.73,NA,NA,247.46,255.23,0.446684151422232,1.46860518856885,0.263277237578531,1.53325375201601,NA,NA
"TD","TD",78,66.11,-189.53,NA,NA,383.06,390.83,0.378760501742363,0.432298531290144,0.360967808707824,0.181441883694948,NA,NA
"TD","TD",79,84.44,-152.47,NA,NA,308.94,316.71,0.372670353855938,0.686002678703517,0.136088556199947,1.43736833331493,NA,NA
"TD","TD",80,65,-189.76,NA,NA,383.52,391.29,0.428967847023159,0.430095953866839,0.389731160558476,0.172905179412849,NA,NA
"TD","TD",81,56.11,-225.69,NA,NA,455.38,463.15,0.111280993092805,0.0420480497825296,0.0229227457522177,0.0367527488331927,NA,NA
"TD","TD",82,89.72,-121.93,NA,NA,247.86,255.63,0.142161799827591,1.60663627263189,0.100795524192438,7.88553241347745,NA,NA
"TD","TD",83,94.17,-74.9,NA,NA,153.8,161.57,0.779834397835657,3.55762586234994,0.752932224187158,1.37874606363443,NA,NA
"TD","TD",84,65,-181.91,NA,NA,367.82,375.59,0.386252531083301,0.630521601997316,0.120937195022112,0.310810642724949,NA,NA
"TD","TD",85,61.11,-199.51,NA,NA,403.02,410.79,0.23896856745705,0.3059749789536,0.331492008446735,0.127884927360243,NA,NA
"TD","TD",86,60.56,-208.14,NA,NA,420.28,428.05,0.670282299863175,0.116263606119901,0.373727905891671,0.0833727242577156,NA,NA
"TD","TD",87,88.89,-105.83,NA,NA,215.66,223.43,0.560497718863189,0.79223784707011,0.743175028836421,0.911796965959631,NA,NA
"TD","TD",88,62.78,-197.25,NA,NA,398.5,406.27,0.915246691787615,0.194212660659105,0.585795833802697,0.13032538461447,NA,NA
"TD","TD",89,89.72,-95.54,NA,NA,195.08,202.85,0.589335348224267,0.931611171881569,0.738741133557238,0.898027201510789,NA,NA
"TD","TD",90,85,-109.58,NA,NA,223.16,230.93,0.987134294584394,0.600823707412928,0.886851564377659,0.568690664070148,NA,NA
"TD","TD",91,65.56,-188.85,NA,NA,381.7,389.47,0.401124990079552,0.436571269761771,0.39084261348386,0.176720585238768,NA,NA
"TD","TD",92,57.78,-213.03,NA,NA,430.06,437.83,0.565618214197457,0.0649159974418581,0.0166785337363886,0.0628993581282191,NA,NA
"TD","TD",93,63.33,-190.25,NA,NA,384.5,392.27,0.125127220060676,0.546449628192931,0.160336197836161,0.21433456107403,NA,NA
"TD","TD",94,90,-102.19,NA,NA,208.38,216.15,0.791645931312814,0.766796249431272,0.752629945722708,0.949528573400657,NA,NA
"TD","TD",95,58.89,-213.02,NA,NA,430.04,437.81,0.0988319513853639,0.092432988807559,0.0194346093222446,0.0634001326934511,NA,NA
"TD","TD",96,80.56,-142.23,NA,NA,288.46,296.23,0.333673485321924,0.79963922020125,0.0785918904677803,1.42398349283309,NA,NA
"TD","TD",97,68.61,-177.95,NA,NA,359.9,367.67,0.10172016825527,0.620830333791673,0.0535869483339994,0.504227745844238,NA,NA
"TD","TD",98,61.94,-206.74,NA,NA,417.48,425.25,0.0187283449340612,0.165121834239408,0.00934226648786269,0.121607173582478,NA,NA
"TD","TD",99,82.5,-142.83,NA,NA,289.66,297.43,0.461979309096932,0.880842309403134,0.505075703122603,0.710084727159863,NA,NA
"TD","TD",100,93.33,-94.69,NA,NA,193.38,201.15,0.729020358063281,0.83565291385622,0.641947842660032,2.03201597339823,NA,NA
"TD","RSTD",1,92.78,-104.14,NA,NA,214.28,225.94,0.643091264180839,0.83357874206723,0.999999902209246,0.705699643843467,3.58496004837668,NA
"TD","RSTD",2,93.89,-82.26,NA,NA,170.52,182.18,0.724670132622123,1.43561604238095,0.465267953489845,0.728048278031415,3.03099372984066,NA
"TD","RSTD",3,94.44,-73.9,NA,NA,153.8,165.46,0.950232450617477,2.03779015681686,0.360980002706431,0.780995817022822,1.51845394906377,NA
"TD","RSTD",4,58.33,-212.57,NA,NA,431.14,442.8,0.682289758697152,0.0720224548131227,0.0341347230556696,0.001465561219559,0.0966138331495635,NA
"TD","RSTD",5,81.11,-144.71,NA,NA,295.42,307.08,0.200363578274846,1.00568439900399,0.659466330858173,0.470350629106658,0.590727526959067,NA
"TD","RSTD",6,64.72,-194.91,NA,NA,395.82,407.48,0.321220333920792,0.298665664158762,0.690364311264627,0.477309850226527,0.171389200576,NA
"TD","RSTD",7,56.11,-224.12,NA,NA,454.24,465.9,0.571441247593611,0.0502132950350642,0.637653075266078,0.728666220425109,0.0410538010099502,NA
"TD","RSTD",8,80,-154,NA,NA,314,325.66,0.973066303646192,0.392999498639256,0.702488145730918,0.816057080212933,0.543575656537897,NA
"TD","RSTD",9,50.83,-249.53,NA,NA,505.06,516.72,0.895209939451888,0.0054737395918251,0.0085838951953475,0.659465225673541,1.09717101128584e-07,NA
"TD","RSTD",10,62.78,-208.75,NA,NA,423.5,435.16,0.0494146177079529,0.507862410508096,0.36399569052193,0.30850354853503,0.108882192469036,NA
"TD","RSTD",11,59.17,-209.62,NA,NA,425.24,436.9,0.197620301274583,0.18983699940145,0.216557233727084,0.204593775116201,0.0723627781265464,NA
"TD","RSTD",12,63.33,-195.37,NA,NA,396.74,408.4,0.0560640415642411,0.566026730462909,0.218158422359119,0.231265328639007,0.119521310676692,NA
"TD","RSTD",13,67.22,-165.97,NA,NA,337.94,349.6,0.051307131536305,1.23247370731968,0.0626920372587342,2.64025523878641e-07,0.153159247967116,NA
"TD","RSTD",14,62.22,-197.12,NA,NA,400.24,411.9,0.989872474921867,0.208000437050192,0.609682077567482,0.560337007593541,0.123537905446716,NA
"TD","RSTD",15,85,-138.36,NA,NA,282.72,294.38,0.711294803768396,0.57632797351107,0.999999396436865,0.795378612549637,0.769046407465866,NA
"TD","RSTD",16,50.56,-249.53,NA,NA,505.06,516.72,0.0768930825870484,0.00966986734420061,0.0199393574291735,0.885062545530399,1.96623105433052e-08,NA
"TD","RSTD",17,94.17,-77.66,NA,NA,161.32,172.98,0.797194604296237,2.5054881726885,0.465267953489845,0.728048278031415,3.03099372984066,NA
"TD","RSTD",18,93.61,-86.85,NA,NA,179.7,191.36,0.731893435353413,1.27495420533688,0.465267953489845,0.728048278031415,3.03099372984066,NA
"TD","RSTD",19,93.06,-100.51,NA,NA,207.02,218.68,0.809085062006488,0.797056699129653,0.568858101350823,0.612792648170436,4.7139861452385,NA
"TD","RSTD",20,91.11,-126.01,NA,NA,258.02,269.68,0.511981163173914,2.39124982816227,0.208193556732204,0.37438750725071,5.92164722551941,NA
"TD","RSTD",21,88.06,-147.61,NA,NA,301.22,312.88,0.226354157319292,1.66897989056053,0.603287438927468,0.22476188495571,1.2806940365221,NA
"TD","RSTD",22,80.28,-141.53,NA,NA,289.06,300.72,0.300222688354552,0.955442077438247,0.610626352351591,0.380043332317903,0.582276530576348,NA
"TD","RSTD",23,94.44,-73.9,NA,NA,153.8,165.46,0.984172471100464,1.69604673600736,0.360980002706431,0.780995817022822,1.51845394906377,NA
"TD","RSTD",24,62.78,-195.33,NA,NA,396.66,408.32,0.540354023920372,0.234106497689865,0.339744894787529,0.192120742253016,0.160524832210624,NA
"TD","RSTD",25,63.61,-191.04,NA,NA,388.08,399.74,0.870058757020161,0.327183235902339,0.288014497198091,0.24008367607756,0.170363310373487,NA
"TD","RSTD",26,81.67,-114.08,NA,NA,234.16,245.82,0.0660558908712119,1.97567781611326,0.510182594021509,0.208053092266268,0.490748630682424,NA
"TD","RSTD",27,62.22,-194.22,NA,NA,394.44,406.1,0.973287776112556,0.260513227898628,0.356057981974108,0.2949969999997,0.141688421985699,NA
"TD","RSTD",28,77.22,-141.83,NA,NA,289.66,301.32,0.290595552418381,1.05573849655212,0.922094342205089,0.579515998061846,0.404636200391802,NA
"TD","RSTD",29,62.78,-195.26,NA,NA,396.52,408.18,0.988910319516435,0.211397308856249,0.419752276184365,0.334677800115071,0.138027044551593,NA
"TD","RSTD",30,90.28,-123.09,NA,NA,252.18,263.84,0.329378831898794,2.0851063261411,0.516227344238327,0.422668030161735,1.69958528371644,NA
"TD","RSTD",31,77.78,-146.61,NA,NA,299.22,310.88,0.11878991080448,0.835414388175023,0.589816874843468,0.235039526071564,0.393800494463975,NA
"TD","RSTD",32,60.56,-204.55,NA,NA,415.1,426.76,0.0508385861758143,0.410096168983728,0.293962286059303,0.312924009245586,0.101566696582754,NA
"TD","RSTD",33,92.5,-108.72,NA,NA,223.44,235.1,0.684979062527418,0.756628525771442,0.999999963457549,0.700699734643965,3.7025509867713,NA
"TD","RSTD",34,57.22,-211.68,NA,NA,429.36,441.02,0.842564480379224,0.0599249633960426,0.0291462518720776,1.11931343853167e-06,0.0626973604387817,NA
"TD","RSTD",35,91.94,-108.98,NA,NA,223.96,235.62,0.27115519088693,2.69503675574873,0.452751995162573,0.382684359393495,2.72176074605204,NA
"TD","RSTD",36,81.94,-146.66,NA,NA,299.32,310.98,0.779200294986367,0.457588243763894,0.915247893668549,0.769880117627275,0.490101856051506,NA
"TD","RSTD",37,94.44,-73.9,NA,NA,153.8,165.46,0.982565350597724,3.92570209977795,0.360980002706431,0.780995817022822,1.51845394906377,NA
"TD","RSTD",38,63.33,-195.66,NA,NA,397.32,408.98,0.533772448310629,0.225168376229703,0.334446581330037,0.188627881518194,0.156417675602042,NA
"TD","RSTD",39,83.33,-132.1,NA,NA,270.2,281.86,0.128862570039928,1.75030500992181,0.804067148573022,0.428245060679967,0.577015110080232,NA
"TD","RSTD",40,56.94,-213.66,NA,NA,433.32,444.98,0.420502026332542,0.0828633031448371,0.0900162594384415,0.0685482893281066,0.0689624570739763,NA
"TD","RSTD",41,90.56,-93.33,NA,NA,192.66,204.32,0.860091791022569,1.2001721150753,0.701831047390394,0.831659264907542,0.896723780729328,NA
"TD","RSTD",42,63.06,-191.74,NA,NA,389.48,401.14,0.633000507717952,0.316391955215622,0.301478185365078,0.178603631596462,0.186465700766795,NA
"TD","RSTD",43,91.11,-126.01,NA,NA,258.02,269.68,0.512010124279186,2.01376353887389,0.208193556732204,0.37438750725071,5.92164722551941,NA
"TD","RSTD",44,91.67,-98.44,NA,NA,202.88,214.54,0.4054856733419,3.89528230370438,0.474881679433866,0.400478539043217,1.61002015807367,NA
"TD","RSTD",45,61.94,-196.03,NA,NA,398.06,409.72,0.319981756620109,0.264156529679894,0.576116863928867,0.32510114344546,0.12574069151964,NA
"TD","RSTD",46,93.33,-84.77,NA,NA,175.54,187.2,0.947748523205519,1.36391219958187,0.587351424822263,0.829486124034316,1.6359982391202,NA
"TD","RSTD",47,92.78,-103.96,NA,NA,213.92,225.58,0.885661983396858,1.4762263855988,0.32118067722677,0.69388963671652,3.12893780738287,NA
"TD","RSTD",48,60.83,-210.29,NA,NA,426.58,438.24,0.119032545015216,0.210982074495405,0.236380420307561,0.276362435790444,0.0921825116964684,NA
"TD","RSTD",49,87.5,-110.51,NA,NA,227.02,238.68,0.931592519162223,0.648705839645118,0.556898260306142,0.805446687705878,0.823780834064612,NA
"TD","RSTD",50,94.17,-77.66,NA,NA,161.32,172.98,0.753800751408562,2.89878896835935,0.465267953489845,0.728048278031415,3.03099372984066,NA
"TD","RSTD",51,62.78,-204.48,NA,NA,414.96,426.62,0.080542077543214,0.38312963815406,0.264895337582337,0.219369145750413,0.122020995088564,NA
"TD","RSTD",52,66.94,-162.69,NA,NA,331.38,343.04,0.0462017410900444,0.577519766520709,0.0287756604332544,1.81904721949323e-06,0.298741050294269,NA
"TD","RSTD",53,89.17,-113.91,NA,NA,233.82,245.48,0.407168375095353,0.8810732345608,0.99999929756793,0.43096697833107,1.03498093030419,NA
"TD","RSTD",54,85.83,-110.99,NA,NA,227.98,239.64,0.960197768406942,0.629818245768547,0.598300302111038,0.784974736261822,0.631149522357813,NA
"TD","RSTD",55,57.78,-211.82,NA,NA,429.64,441.3,0.745619997614995,0.0838289222957155,0.0462252471699249,1.36438549895927e-06,0.0544408381083354,NA
"TD","RSTD",56,64.17,-198.31,NA,NA,402.62,414.28,0.387793875532225,0.184212701395154,0.556099473073756,0.508321048180625,0.119580542387048,NA
"TD","RSTD",57,62.22,-192.49,NA,NA,390.98,402.64,0.640330957481638,0.323464683257043,0.269334830260989,0.192240258222384,0.214135637238669,NA
"TD","RSTD",58,64.44,-198.29,NA,NA,402.58,414.24,0.46626549679786,0.183777129743248,0.297815648936832,0.257279050761182,0.159852695975113,NA
"TD","RSTD",59,93.89,-85.74,NA,NA,177.48,189.14,0.781977394130081,1.17335850927503,0.534149686966568,0.628987495822938,2.15397449437489,NA
"TD","RSTD",60,58.33,-211.93,NA,NA,429.86,441.52,0.185236022341996,0.162097267924749,0.189530696963565,0.209102288479996,0.0612296260951896,NA
"TD","RSTD",61,64.17,-197.01,NA,NA,400.02,411.68,0.703108243644238,0.190494351089001,0.676820239848214,0.614689495564855,0.153616444099149,NA
"TD","RSTD",62,91.11,-119.26,NA,NA,244.52,256.18,0.540940156206489,1.71158919288757,0.520478188211415,0.551986683503702,2.06439983943567,NA
"TD","RSTD",63,92.78,-106.11,NA,NA,218.22,229.88,0.265401779906824,1.94766673623564,0.312470127620249,0.367682415498415,9.63416075496478,NA
"TD","RSTD",64,64.17,-196.65,NA,NA,399.3,410.96,0.897607917198911,0.209870352875441,0.529292651651842,0.450723945287796,0.159761280367239,NA
"TD","RSTD",65,55.56,-223.58,NA,NA,453.16,464.82,0.398145136190578,0.0485801249742508,0.0639248403960878,0.0973640239632895,0.0394425532939311,NA
"TD","RSTD",66,66.94,-182.68,NA,NA,371.36,383.02,0.470244030002505,0.370898498687893,0.703593149144855,0.391476437255592,0.184947433417682,NA
"TD","RSTD",67,93.61,-90.53,NA,NA,187.06,198.72,0.824348853668198,1.18002879429133,0.883071858964605,0.684923958615929,4.55803237798477,NA
"TD","RSTD",68,63.61,-191.12,NA,NA,388.24,399.9,0.503097830805928,0.322839245665818,0.342901934425748,0.185469699781734,0.174087022459776,NA
"TD","RSTD",69,82.22,-132.06,NA,NA,270.12,281.78,0.361050225095823,1.17336245528878,0.51407206486395,0.337829416026023,0.694325834956399,NA
"TD","RSTD",70,62.22,-197.41,NA,NA,400.82,412.48,0.964988884748891,0.189227518625557,0.438763049783048,0.412100823618016,0.12458202290393,NA
"TD","RSTD",71,94.17,-77.66,NA,NA,161.32,172.98,0.789667062694207,2.04544003671947,0.465267953489845,0.728048278031415,3.03099372984066,NA
"TD","RSTD",72,93.89,-81.48,NA,NA,168.96,180.62,0.628910263301805,2.95466302318459,0.490007046861518,0.698044701845081,1.99653279786738,NA
"TD","RSTD",73,74.44,-143.17,NA,NA,292.34,304,0.415234696352854,0.710676135453296,0.602685880731233,0.279340801153424,0.378109044798384,NA
"TD","RSTD",74,91.11,-102.61,NA,NA,211.22,222.88,0.857857148861513,0.936107955831003,0.502889584273579,0.768609276656833,1.09945840394136,NA
"TD","RSTD",75,62.5,-198.23,NA,NA,402.46,414.12,0.629901704145595,0.199268886353821,0.442008729908712,0.275094980186775,0.120754754600006,NA
"TD","RSTD",76,63.89,-189.19,NA,NA,384.38,396.04,0.359289909945801,0.364497002285354,0.308660392023982,0.166085832546016,0.210521240172705,NA
"TD","RSTD",77,81.11,-144.14,NA,NA,294.28,305.94,0.446684151422232,1.46860518856885,0.999999791351745,0.757765947222128,0.551500591301634,NA
"TD","RSTD",78,67.22,-175.8,NA,NA,357.6,369.26,0.378760501742363,0.432298531290144,0.600184567721619,0.295135510846936,0.249256952656713,NA
"TD","RSTD",79,75,-142.98,NA,NA,291.96,303.62,0.372670353855938,0.686002678703517,0.467247590219636,0.253335596029719,0.425725352447051,NA
"TD","RSTD",80,66.94,-177.77,NA,NA,361.54,373.2,0.428967847023159,0.430095953866839,0.850176915189772,0.401701227135655,0.220062766984391,NA
"TD","RSTD",81,56.39,-225.85,NA,NA,457.7,469.36,0.111280993092805,0.0420480497825296,0.08459375750579,0.0742790477741906,0.0379686597508933,NA
"TD","RSTD",82,78.33,-134.99,NA,NA,275.98,287.64,0.142161799827591,1.60663627263189,0.889679699161482,0.577515398277551,0.404943328754875,NA
"TD","RSTD",83,94.17,-77.66,NA,NA,161.32,172.98,0.779834397835657,3.55762586234994,0.465267953489845,0.728048278031415,3.03099372984066,NA
"TD","RSTD",84,68.33,-159.79,NA,NA,325.58,337.24,0.386252531083301,0.630521601997316,0.668023407077442,0.215215893660251,0.254722091073282,NA
"TD","RSTD",85,62.5,-191.61,NA,NA,389.22,400.88,0.23896856745705,0.3059749789536,0.364873495421077,0.155171753447552,0.146254779265336,NA
"TD","RSTD",86,60.83,-208.18,NA,NA,422.36,434.02,0.670282299863175,0.116263606119901,0.343577705166612,0.271860931431674,0.103810580838957,NA
"TD","RSTD",87,91.11,-122,NA,NA,250,261.66,0.560497718863189,0.79223784707011,0.718177393533171,0.720085881941435,1.70228261312767,NA
"TD","RSTD",88,62.78,-197.86,NA,NA,401.72,413.38,0.915246691787615,0.194212660659105,0.433522807205778,0.381283243748873,0.118953917010774,NA
"TD","RSTD",89,91.94,-105.8,NA,NA,217.6,229.26,0.589335348224267,0.931611171881569,0.70450865268592,0.734691403104002,1.42691361563666,NA
"TD","RSTD",90,85.83,-110.99,NA,NA,227.98,239.64,0.987134294584394,0.600823707412928,0.598300302111038,0.784974736261822,0.631149522357813,NA
"TD","RSTD",91,71.94,-178.86,NA,NA,363.72,375.38,0.401124990079552,0.436571269761771,0.640502967914428,0.330028756065095,0.377186045727132,NA
"TD","RSTD",92,57.78,-214.05,NA,NA,434.1,445.76,0.565618214197457,0.0649159974418581,2.23415009616129e-06,0.0320763783535186,0.0651233514418112,NA
"TD","RSTD",93,68.06,-175.41,NA,NA,356.82,368.48,0.125127220060676,0.546449628192931,0.648420775183186,0.171937859395886,0.186839063811532,NA
"TD","RSTD",94,92.78,-104.41,NA,NA,214.82,226.48,0.791645931312814,0.766796249431272,0.751700177002555,0.71459118069777,2.09920621297005,NA
"TD","RSTD",95,57.78,-214.52,NA,NA,435.04,446.7,0.0988319513853639,0.092432988807559,0.24726855711317,0.393102659355133,0.0604658186489944,NA
"TD","RSTD",96,77.5,-151.34,NA,NA,308.68,320.34,0.333673485321924,0.79963922020125,0.697708306425679,0.34181861623738,0.466688125931191,NA
"TD","RSTD",97,63.61,-192.16,NA,NA,390.32,401.98,0.10172016825527,0.620830333791673,0.396891137856767,0.222827374831754,0.13095465044927,NA
"TD","RSTD",98,61.67,-208.24,NA,NA,422.48,434.14,0.0187283449340612,0.165121834239408,9.78424912442994e-07,0.00648655519020858,0.149495773890419,NA
"TD","RSTD",99,85,-135.16,NA,NA,276.32,287.98,0.461979309096932,0.880842309403134,0.909833433605578,0.516326630099052,0.76499806046778,NA
"TD","RSTD",100,93.33,-95.19,NA,NA,196.38,208.04,0.729020358063281,0.83565291385622,0.999999861656408,0.704327404251831,5.16061139863668,NA
"TD","Utility",1,92.78,-100.29,NA,NA,206.58,218.24,0.643091264180839,0.83357874206723,0.801100290317694,0.617352427639623,9.04119132729266,NA
"TD","Utility",2,91.39,-78.67,NA,NA,163.34,175,0.724670132622123,1.43561604238095,0.834487723874301,0.554504862221648,7.78430851968535,NA
"TD","Utility",3,93.89,-77.81,NA,NA,161.62,173.28,0.950232450617477,2.03779015681686,0.891593615607241,0.927141154692166,3.08326007857663,NA
"TD","Utility",4,58.06,-212.64,NA,NA,431.28,442.94,0.682289758697152,0.0720224548131227,9.19763527861431e-08,0.225648137677189,1.43096550691166,NA
"TD","Utility",5,85,-125.51,NA,NA,257.02,268.68,0.200363578274846,1.00568439900399,0.0951842762495239,0.734768337417941,5.64201523237782,NA
"TD","Utility",6,65,-207.62,NA,NA,421.24,432.9,0.321220333920792,0.298665664158762,0.71607650310835,0.661819999152233,0.794711854815986,NA
"TD","Utility",7,56.67,-222.73,NA,NA,451.46,463.12,0.571441247593611,0.0502132950350642,5.04879018477448e-07,0.233107449570586,0.663453538343146,NA
"TD","Utility",8,80,-155.26,NA,NA,316.52,328.18,0.973066303646192,0.392999498639256,0.901972298957935,0.461086063427919,7.76734360324468,NA
"TD","Utility",9,50.83,-249.53,NA,NA,505.06,516.72,0.895209939451888,0.0054737395918251,0.565169127040064,0.115289961076863,7.89113350835624e-08,NA
"TD","Utility",10,64.44,-182.7,NA,NA,371.4,383.06,0.0494146177079529,0.507862410508096,0.00611254136258212,0.478478914319935,3.22413792501977,NA
"TD","Utility",11,60.83,-210.73,NA,NA,427.46,439.12,0.197620301274583,0.18983699940145,1.30314812532061e-07,0.423430919943372,1.12319662474846,NA
"TD","Utility",12,65,-182.01,NA,NA,370.02,381.68,0.0560640415642411,0.566026730462909,1.84861817023011e-07,0.591126822909104,1.70883350965756,NA
"TD","Utility",13,81.94,-106.32,NA,NA,218.64,230.3,0.051307131536305,1.23247370731968,0.036331635002321,0.795091591146551,3.15505796978693,NA
"TD","Utility",14,64.17,-202.32,NA,NA,410.64,422.3,0.989872474921867,0.208000437050192,0.951703710203866,0.654419002630845,0.958082375675624,NA
"TD","Utility",15,81.67,-136.54,NA,NA,279.08,290.74,0.711294803768396,0.57632797351107,0.886297324236986,0.424477191555381,9.6888550197056,NA
"TD","Utility",16,50.56,-249.53,NA,NA,505.06,516.72,0.0768930825870484,0.00966986734420061,0.91495209582386,5.09668399476121e-07,3.53792075060273e-08,NA
"TD","Utility",17,91.94,-75.76,NA,NA,157.52,169.18,0.797194604296237,2.5054881726885,0.835250061845517,0.548906454722655,8.59189249661974,NA
"TD","Utility",18,91.11,-81.63,NA,NA,169.26,180.92,0.731893435353413,1.27495420533688,0.838051002975974,0.555264359341935,7.65583768003807,NA
"TD","Utility",19,93.33,-95.3,NA,NA,196.6,208.26,0.809085062006488,0.797056699129653,0.708858324572422,0.713399797843637,6.39106537883186,NA
"TD","Utility",20,86.11,-123.41,NA,NA,252.82,264.48,0.511981163173914,2.39124982816227,0.63585470140987,0.560420164455333,6.57676570564781,NA
"TD","Utility",21,83.89,-147.03,NA,NA,300.06,311.72,0.226354157319292,1.66897989056053,0.627645395123497,0.550749045550458,6.72061841452377,NA
"TD","Utility",22,86.94,-164.45,NA,NA,334.9,346.56,0.300222688354552,0.955442077438247,0.331196273386205,0.653078912926807,7.44255375425176,NA
"TD","Utility",23,93.89,-77.81,NA,NA,161.62,173.28,0.984172471100464,1.69604673600736,0.891593615607241,0.927141154692166,3.08326007857663,NA
"TD","Utility",24,61.11,-202.55,NA,NA,411.1,422.76,0.540354023920372,0.234106497689865,0.27778159232522,0.739732275945888,0.429401404141608,NA
"TD","Utility",25,66.39,-199.38,NA,NA,404.76,416.42,0.870058757020161,0.327183235902339,0.92816184359239,0.391023657114436,5.42117543101812,NA
"TD","Utility",26,88.61,-117.12,NA,NA,240.24,251.9,0.0660558908712119,1.97567781611326,0.198406086903802,0.674484204205881,6.96772482659122,NA
"TD","Utility",27,66.11,-200.5,NA,NA,407,418.66,0.973287776112556,0.260513227898628,0.925960570495215,0.666369455309961,1.04514509009314,NA
"TD","Utility",28,83.33,-152.48,NA,NA,310.96,322.62,0.290595552418381,1.05573849655212,0.668585566480189,0.526205806411363,8.19015066621956,NA
"TD","Utility",29,65.56,-200.54,NA,NA,407.08,418.74,0.988910319516435,0.211397308856249,0.999999072172051,0.359502564632372,4.76172765683038,NA
"TD","Utility",30,88.61,-106.81,NA,NA,219.62,231.28,0.329378831898794,2.0851063261411,0.25012392098749,0.977430202090123,1.61776254823894,NA
"TD","Utility",31,76.39,-183.54,NA,NA,373.08,384.74,0.11878991080448,0.835414388175023,0.112359217807441,0.935856554932694,1.52383124202296,NA
"TD","Utility",32,62.5,-194.78,NA,NA,395.56,407.22,0.0508385861758143,0.410096168983728,7.80009953430339e-10,0.411950176206615,3.9336730167504,NA
"TD","Utility",33,89.17,-103.54,NA,NA,213.08,224.74,0.684979062527418,0.756628525771442,0.817085043972742,0.825626422791553,1.98322727020892,NA
"TD","Utility",34,58.33,-212.57,NA,NA,431.14,442.8,0.842564480379224,0.0599249633960426,1.94987485796204e-07,0.217122634069345,1.54143527262071,NA
"TD","Utility",35,92.22,-106.59,NA,NA,219.18,230.84,0.27115519088693,2.69503675574873,0.395058227079946,0.813706847953616,6.17593247937829,NA
"TD","Utility",36,81.67,-148.01,NA,NA,302.02,313.68,0.779200294986367,0.457588243763894,0.90391330138272,0.430696076726236,9.99999851408647,NA
"TD","Utility",37,93.89,-77.81,NA,NA,161.62,173.28,0.982565350597724,3.92570209977795,0.891593615607241,0.927141154692166,3.08326007857663,NA
"TD","Utility",38,62.5,-206.05,NA,NA,418.1,429.76,0.533772448310629,0.225168376229703,0.405541297530427,0.632351169950106,0.713565995027713,NA
"TD","Utility",39,80.28,-153.98,NA,NA,313.96,325.62,0.128862570039928,1.75030500992181,0.748754130076311,0.65383701707836,2.89956182370899,NA
"TD","Utility",40,58.33,-212.57,NA,NA,431.14,442.8,0.420502026332542,0.0828633031448371,1.69892603710035e-07,0.211401551004343,1.5896172964115,NA
"TD","Utility",41,89.72,-94.67,NA,NA,195.34,207,0.860091791022569,1.2001721150753,0.928119488910141,0.6387058395461,4.61166273929156,NA
"TD","Utility",42,64.44,-203.03,NA,NA,412.06,423.72,0.633000507717952,0.316391955215622,0.927462423912116,0.333557402457734,5.93444520760779,NA
"TD","Utility",43,86.11,-123.41,NA,NA,252.82,264.48,0.512010124279186,2.01376353887389,0.63585470140987,0.560420164455333,6.57676570564781,NA
"TD","Utility",44,91.67,-99.17,NA,NA,204.34,216,0.4054856733419,3.89528230370438,0.476035238034597,0.665627269284575,7.21102441739643,NA
"TD","Utility",45,59.17,-205.2,NA,NA,416.4,428.06,0.319981756620109,0.264156529679894,0.401590925924113,0.406152595946412,0.748310701593666,NA
"TD","Utility",46,93.33,-85.92,NA,NA,177.84,189.5,0.947748523205519,1.36391219958187,0.889130542703621,0.999999835297879,3.50280089919053,NA
"TD","Utility",47,89.17,-97.82,NA,NA,201.64,213.3,0.885661983396858,1.4762263855988,0.931467768891672,0.676017586879086,3.76514442282586,NA
"TD","Utility",48,60.56,-210.04,NA,NA,426.08,437.74,0.119032545015216,0.210982074495405,0.0631841683184376,0.525329280188909,0.774747608441283,NA
"TD","Utility",49,85.83,-107.48,NA,NA,220.96,232.62,0.931592519162223,0.648705839645118,0.949519016217357,0.603299896942546,3.93008144906937,NA
"TD","Utility",50,91.94,-75.76,NA,NA,157.52,169.18,0.753800751408562,2.89878896835935,0.835250061845517,0.548906454722655,8.59189249661974,NA
"TD","Utility",51,63.61,-195.51,NA,NA,397.02,408.68,0.080542077543214,0.38312963815406,2.10022157356425e-07,0.60595443140008,1.27173687427345,NA
"TD","Utility",52,66.11,-177.28,NA,NA,360.56,372.22,0.0462017410900444,0.577519766520709,1.05021222265097e-09,0.69816530708898,1.09479118537486,NA
"TD","Utility",53,89.72,-126.6,NA,NA,259.2,270.86,0.407168375095353,0.8810732345608,0.351579958340931,0.681003925125594,7.02086892115456,NA
"TD","Utility",54,85.28,-109.72,NA,NA,225.44,237.1,0.960197768406942,0.629818245768547,0.938917759723747,0.522991536294248,6.19718580639994,NA
"TD","Utility",55,58.06,-212.56,NA,NA,431.12,442.78,0.745619997614995,0.0838289222957155,2.51219786638835e-06,0.218988984626177,1.16359117468416,NA
"TD","Utility",56,62.22,-201.81,NA,NA,409.62,421.28,0.387793875532225,0.184212701395154,0.5125852870102,0.426560519511535,0.85046460640157,NA
"TD","Utility",57,61.11,-205.03,NA,NA,416.06,427.72,0.640330957481638,0.323464683257043,6.52653184306831e-07,0.77837175723562,0.348886407590158,NA
"TD","Utility",58,63.61,-201.18,NA,NA,408.36,420.02,0.46626549679786,0.183777129743248,0.464151397240343,0.620811356398163,0.804689029429707,NA
"TD","Utility",59,94.17,-82.15,NA,NA,170.3,181.96,0.781977394130081,1.17335850927503,0.691088440232376,0.79233434456633,4.46850379930032,NA
"TD","Utility",60,59.72,-211.57,NA,NA,429.14,440.8,0.185236022341996,0.162097267924749,2.04799772544804e-07,0.43337319495096,0.814822881618561,NA
"TD","Utility",61,63.61,-200.03,NA,NA,406.06,417.72,0.703108243644238,0.190494351089001,0.813225558021562,0.636505903362484,0.805138430905752,NA
"TD","Utility",62,88.06,-115.84,NA,NA,237.68,249.34,0.540940156206489,1.71158919288757,0.804280444931973,0.589626965403063,6.70329357213744,NA
"TD","Utility",63,92.78,-106.13,NA,NA,218.26,229.92,0.265401779906824,1.94766673623564,0.400091876778423,0.997535820999081,9.44743138623447,NA
"TD","Utility",64,65,-202.34,NA,NA,410.68,422.34,0.897607917198911,0.209870352875441,0.915461581062443,0.647077503165309,0.969112704570366,NA
"TD","Utility",65,56.94,-222.95,NA,NA,451.9,463.56,0.398145136190578,0.0485801249742508,3.56012630365872e-07,0.235732958983738,0.69294691379558,NA
"TD","Utility",66,71.94,-194.49,NA,NA,394.98,406.64,0.470244030002505,0.370898498687893,0.613277222007174,0.691804717199914,1.60521303796698,NA
"TD","Utility",67,93.89,-87.55,NA,NA,181.1,192.76,0.824348853668198,1.18002879429133,0.664532961459845,0.840901092971225,4.89590138170881,NA
"TD","Utility",68,59.17,-205.97,NA,NA,417.94,429.6,0.503097830805928,0.322839245665818,0.476954509812063,0.417857765846178,0.783967133360838,NA
"TD","Utility",69,79.72,-162.21,NA,NA,330.42,342.08,0.361050225095823,1.17336245528878,0.335091702082602,0.716839885817032,2.76232697171871,NA
"TD","Utility",70,63.89,-201.25,NA,NA,408.5,420.16,0.964988884748891,0.189227518625557,0.999999658732077,0.403165716363379,2.9746753047395,NA
"TD","Utility",71,91.94,-75.76,NA,NA,157.52,169.18,0.789667062694207,2.04544003671947,0.835250061845517,0.548906454722655,8.59189249661974,NA
"TD","Utility",72,91.67,-78.24,NA,NA,162.48,174.14,0.628910263301805,2.95466302318459,0.862700115503048,0.602130498424773,5.93466849117979,NA
"TD","Utility",73,65.56,-188.27,NA,NA,382.54,394.2,0.415234696352854,0.710676135453296,0.557268475399316,0.760873034322074,0.799119802195793,NA
"TD","Utility",74,89.72,-92.74,NA,NA,191.48,203.14,0.857857148861513,0.936107955831003,0.890992452821967,0.819798954104549,1.86671606306109,NA
"TD","Utility",75,61.39,-206.44,NA,NA,418.88,430.54,0.629901704145595,0.199268886353821,0.460125617339376,0.399972223389948,0.898573691104512,NA
"TD","Utility",76,61.94,-204.27,NA,NA,414.54,426.2,0.359289909945801,0.364497002285354,0.0178090643312688,0.594179565485508,1.17486054483625,NA
"TD","Utility",77,83.61,-128.53,NA,NA,263.06,274.72,0.446684151422232,1.46860518856885,0.56693383182165,0.665867696846607,3.5513477723979,NA
"TD","Utility",78,65.83,-193.5,NA,NA,393,404.66,0.378760501742363,0.432298531290144,0.346364290797975,0.733690590998906,0.749239535773658,NA
"TD","Utility",79,66.11,-186.09,NA,NA,378.18,389.84,0.372670353855938,0.686002678703517,0.461949299794916,0.755796897076634,0.881568463943579,NA
"TD","Utility",80,66.67,-194.8,NA,NA,395.6,407.26,0.428967847023159,0.430095953866839,0.755546419156695,0.461521841505427,3.56460942373564,NA
"TD","Utility",81,57.78,-225.89,NA,NA,457.78,469.44,0.111280993092805,0.0420480497825296,0.0443485751456955,0.31379391591056,0.447252577732714,NA
"TD","Utility",82,81.11,-149.32,NA,NA,304.64,316.3,0.142161799827591,1.60663627263189,0.696437146835498,0.60852242437314,3.8331757730094,NA
"TD","Utility",83,91.94,-75.76,NA,NA,157.52,169.18,0.779834397835657,3.55762586234994,0.835250061845517,0.548906454722655,8.59189249661974,NA
"TD","Utility",84,62.5,-191.26,NA,NA,388.52,400.18,0.386252531083301,0.630521601997316,0.0826462767319862,0.695913814076785,1.07104460789421,NA
"TD","Utility",85,60.28,-203.44,NA,NA,412.88,424.54,0.23896856745705,0.3059749789536,0.0962129124890489,0.676807266737129,0.767105037626297,NA
"TD","Utility",86,59.72,-210.75,NA,NA,427.5,439.16,0.670282299863175,0.116263606119901,0.484456536012249,0.388318168092218,0.681162520338153,NA
"TD","Utility",87,88.61,-106.21,NA,NA,218.42,230.08,0.560497718863189,0.79223784707011,0.811308384426766,0.566536154163918,7.3830783638986,NA
"TD","Utility",88,64.44,-201.39,NA,NA,408.78,420.44,0.915246691787615,0.194212660659105,0.846861262336219,0.621200380411016,1.00033178492748,NA
"TD","Utility",89,89.44,-95.88,NA,NA,197.76,209.42,0.589335348224267,0.931611171881569,0.81722088950522,0.696971113597424,3.68684986402451,NA
"TD","Utility",90,85.28,-109.72,NA,NA,225.44,237.1,0.987134294584394,0.600823707412928,0.938917759723747,0.522991536294248,6.19718580639994,NA
"TD","Utility",91,66.94,-192.75,NA,NA,391.5,403.16,0.401124990079552,0.436571269761771,0.697310588719487,0.59222027103524,1.88166913004407,NA
"TD","Utility",92,58.33,-212.57,NA,NA,431.14,442.8,0.565618214197457,0.0649159974418581,6.94529430391042e-07,0.213033584368073,1.5422790603499,NA
"TD","Utility",93,62.5,-194.24,NA,NA,394.48,406.14,0.125127220060676,0.546449628192931,0.079847580681999,0.584167044991308,1.2013437339145,NA
"TD","Utility",94,92.78,-100.7,NA,NA,207.4,219.06,0.791645931312814,0.766796249431272,0.741639551920439,0.69624613702304,6.14731565650746,NA
"TD","Utility",95,59.72,-212.59,NA,NA,431.18,442.84,0.0988319513853639,0.092432988807559,2.20189212936824e-07,0.211845144975739,1.83493026750221,NA
"TD","Utility",96,78.61,-155.64,NA,NA,317.28,328.94,0.333673485321924,0.79963922020125,0.219134156925435,0.970186911897323,0.887614280671186,NA
"TD","Utility",97,65.83,-180.19,NA,NA,366.38,378.04,0.10172016825527,0.620830333791673,0.00998926360730177,0.51779835176495,2.98545630770616,NA
"TD","Utility",98,61.39,-207.21,NA,NA,420.42,432.08,0.0187283449340612,0.165121834239408,7.54034078637402e-08,0.310271311104437,3.95706106495459,NA
"TD","Utility",99,88.61,-152.69,NA,NA,311.38,323.04,0.461979309096932,0.880842309403134,0.319390766568545,0.726645356446025,5.78266243995628,NA
"TD","Utility",100,93.61,-91.87,NA,NA,189.74,201.4,0.729020358063281,0.83565291385622,0.66273845181615,0.866779340581762,3.77349915510424,NA
"RSTD","TD",1,93.61,-84.84,NA,NA,173.68,181.45,0.285107890376821,0.724670132622123,0.888804925179378,9.0203478054136,NA,1.43561604238095
"RSTD","TD",2,63.06,-206.02,NA,NA,416.04,423.81,0.950232450617477,0.206436974462122,0.312723100733089,0.125296236992423,NA,0.364579517394304
"RSTD","TD",3,89.44,-131.01,NA,NA,266.02,273.79,0.536011227406561,0.200363578274846,0.158004928161341,6.92401415467725,NA,1.00568439900399
"RSTD","TD",4,58.06,-211.24,NA,NA,426.48,434.25,0.321220333920792,0.649332832079381,0.351031572851682,0.0687690758685321,NA,0.142882495187223
"RSTD","TD",5,79.44,-157.46,NA,NA,318.92,326.69,0.525106647517532,0.973066303646192,0.83365941707547,0.535809961414122,NA,0.392999498639256
"RSTD","TD",6,90.28,-79.21,NA,NA,162.42,170.19,0.895209939451888,0.943225271301344,0.90572999413456,0.866984964912194,NA,3.35385648889427
"RSTD","TD",7,59.72,-211.83,NA,NA,427.66,435.43,0.753931205254048,0.197620301274583,0.322180031075614,0.0997094652793669,NA,0.18983699940145
"RSTD","TD",8,96.94,-37.15,NA,NA,78.3,86.07,0.0560640415642411,0.783013365231454,0.00371585388959463,5.49387095713099,NA,3.41441693140154
"RSTD","TD",9,61.39,-197.17,NA,NA,398.34,406.11,0.479448032099754,0.989872474921867,0.457549795691572,0.121726729154043,NA,0.208000437050192
"RSTD","TD",10,94.17,-74.9,NA,NA,153.8,161.57,0.711294803768396,0.788163986755535,0.752932224187158,1.37874606363443,NA,2.30973086307261
"RSTD","TD",11,88.61,-94.73,NA,NA,193.46,201.23,0.5048349336721,0.797194604296237,0.792601334433231,0.729321625144601,NA,2.5054881726885
"RSTD","TD",12,84.17,-142.18,NA,NA,288.36,296.13,0.731893435353413,0.395451756194234,0.103280996655231,1.79779559109237,NA,0.618170124012977
"RSTD","TD",13,94.17,-80.49,NA,NA,164.98,172.75,0.275977379642427,0.511981163173914,0.690392371165256,1.73984531645463,NA,2.39124982816227
"RSTD","TD",14,90.28,-127.7,NA,NA,259.4,267.17,0.226354157319292,0.16033569118008,0.175818126478497,3.28246277769966,NA,0.894037933978152
"RSTD","TD",15,90.28,-79.21,NA,NA,162.42,170.19,0.315573724219576,0.984172471100464,0.90572999413456,0.866984964912194,NA,1.69604673600736
"RSTD","TD",16,65.28,-190.76,NA,NA,385.52,393.29,0.540354023920372,0.854036244563758,0.116401777386009,0.284743503339117,NA,0.362152148856662
"RSTD","TD",17,91.94,-110.14,NA,NA,224.28,232.05,0.66359161795117,0.0660558908712119,0.140558827637443,8.22289806227102,NA,1.97567781611326
"RSTD","TD",18,84.44,-122.18,NA,NA,248.36,256.13,0.973287776112556,0.630256613949314,0.524561834925344,0.724144365304238,NA,0.855529390233469
"RSTD","TD",19,63.06,-196.34,NA,NA,396.68,404.45,0.340647828998044,0.988910319516435,0.204432299351131,0.172546120457905,NA,0.211397308856249
"RSTD","TD",20,92.22,-101.52,NA,NA,207.04,214.81,0.329378831898794,0.0628540490288287,0.13798104195229,9.99999858484621,NA,2.33967715737489
"RSTD","TD",21,62.5,-206.5,NA,NA,417,424.77,0.285566801903769,0.0508385861758143,0.296910358081084,0.127502572541123,NA,0.410096168983728
"RSTD","TD",22,85.83,-121.05,NA,NA,246.1,253.87,0.684979062527418,0.438995202770457,0.114201256769973,1.37465504227691,NA,0.685128960758448
"RSTD","TD",23,89.17,-117.09,NA,NA,238.18,245.95,0.529962481698021,0.27115519088693,0.232959682595646,1.77800542364925,NA,2.69503675574873
"RSTD","TD",24,62.5,-204.83,NA,NA,413.66,421.43,0.779200294986367,0.728794121881947,0.382542229084965,0.116009489908653,NA,0.160821524456017
"RSTD","TD",25,60.83,-208.19,NA,NA,420.38,428.15,0.0281218434683979,0.533772448310629,0.113992366131252,0.103900027844112,NA,0.225168376229703
"RSTD","TD",26,86.67,-121.81,NA,NA,247.62,255.39,0.128862570039928,0.17050133110024,0.0801173169956544,2.78166827156501,NA,1.37515528589011
"RSTD","TD",27,93.61,-90.36,NA,NA,184.72,192.49,0.980796684976667,0.860091791022569,0.669162058650571,2.18474415648905,NA,1.2001721150753
"RSTD","TD",28,49.72,-249.53,NA,NA,503.06,510.83,0.633000507717952,0.959949327167124,0.0452604395506486,1.01357863141886e-08,NA,0.0240202485583723
"RSTD","TD",29,93.89,-78.21,NA,NA,160.42,168.19,0.234798390883952,0.4054856733419,0.656759298418745,1.43519761906229,NA,3.89528230370438
"RSTD","TD",30,57.22,-216.91,NA,NA,437.82,445.59,0.319981756620109,0.632078264839947,0.0142581130704287,0.0526208721289225,NA,0.0559587455590604
"RSTD","TD",31,90.56,-82.32,NA,NA,168.64,176.41,0.417691254755482,0.885661983396858,0.908737710543814,0.824538874136621,NA,1.4762263855988
"RSTD","TD",32,56.67,-223.89,NA,NA,451.78,459.55,0.119032545015216,0.605491037247702,0.144291067825699,0.0400852117517222,NA,0.0459982767437321
"RSTD","TD",33,94.17,-74.9,NA,NA,153.8,161.57,0.824352919822559,0.753800751408562,0.752932224187158,1.37874606363443,NA,2.89878896835935
"RSTD","TD",34,93.89,-60.57,NA,NA,125.14,132.91,0.080542077543214,0.69156481907703,0.00953002674527932,1.69440092565791,NA,3.2510444371212
"RSTD","TD",35,86.94,-121.24,NA,NA,246.48,254.25,0.788759883260354,0.407168375095353,0.11290352048197,1.55073273183691,NA,0.8810732345608
"RSTD","TD",36,82.22,-136.93,NA,NA,277.86,285.63,0.960197768406942,0.814909122884274,0.695001388064886,0.533341860672251,NA,0.491239995229989
"RSTD","TD",37,62.22,-206.06,NA,NA,416.12,423.89,0.983733647270128,0.387793875532225,0.341153060860421,0.119390182807819,NA,0.184212701395154
"RSTD","TD",38,91.67,-88.7,NA,NA,181.4,189.17,0.640330957481638,0.661732341628522,0.719138646578891,0.969325377363636,NA,1.1015722423634
"RSTD","TD",39,90,-97.63,NA,NA,199.26,207.03,0.591888564871624,0.781977394130081,0.81570459830343,0.935248570291613,NA,1.17335850927503
"RSTD","TD",40,66.11,-185.69,NA,NA,375.38,383.15,0.185236022341996,0.927017299691215,1.1901713224442e-08,0.233916898488386,NA,0.406216487288475
"RSTD","TD",41,86.39,-104.91,NA,NA,213.82,221.59,0.5952471755445,0.540940156206489,0.0906935032270512,1.60231869941723,NA,1.71158919288757
"RSTD","TD",42,60.28,-206.4,NA,NA,416.8,424.57,0.265401779906824,0.195171546889469,0.406262560952069,0.076668059292928,NA,0.226954524639678
"RSTD","TD",43,55,-222.97,NA,NA,449.94,457.71,0.604935176437721,0.398145136190578,0.177843789550087,0.0433640825041868,NA,0.0485801249742508
"RSTD","TD",44,83.06,-126.19,NA,NA,256.38,264.15,0.470244030002505,0.685449249343947,0.836965329877846,0.561678914276709,NA,0.648697707336396
"RSTD","TD",45,65.83,-193.84,NA,NA,391.68,399.45,0.371720403432846,0.503097830805928,0.120563935962578,0.312616654528192,NA,0.322839245665818
"RSTD","TD",46,59.17,-210.29,NA,NA,424.58,432.35,0.361050225095823,0.370053818682209,0.405073863234275,0.0612862988453056,NA,0.173567070005157
"RSTD","TD",47,94.44,-78.54,NA,NA,161.08,168.85,0.594613759312779,0.789667062694207,0.628269168811771,2.41123530196287,NA,2.04544003671947
"RSTD","TD",48,91.67,-115.3,NA,NA,234.6,242.37,0.628910263301805,0.0369398219045252,0.138506993914333,9.99999693039566,NA,1.35408596597136
"RSTD","TD",49,90,-84.06,NA,NA,172.12,179.89,0.254382238723338,0.857857148861513,0.904171061910079,0.791297490077829,NA,0.936107955831003
"RSTD","TD",50,92.5,-97.34,NA,NA,198.68,206.45,0.629901704145595,0.59963444317691,0.661276715727911,1.38399535345248,NA,1.13030682034315
"RSTD","TD",51,86.39,-101.04,NA,NA,206.08,213.85,0.958562755258754,0.446684151422232,0.0970259546590274,1.60725817252809,NA,1.46860518856885
"RSTD","TD",52,88.89,-101.09,NA,NA,206.18,213.95,0.378760501742363,0.716149265645072,0.889553684145846,0.821442825359645,NA,1.1838285959837
"RSTD","TD",53,67.22,-191.8,NA,NA,387.6,395.37,0.843001339351758,0.428967847023159,0.246565495782466,0.424701494621875,NA,0.430095953866839
"RSTD","TD",54,86.39,-88.34,NA,NA,180.68,188.45,0.111280993092805,0.926345025887713,0.0243150094013623,0.997077901057982,NA,1.52358875974062
"RSTD","TD",55,90.28,-79.21,NA,NA,162.42,170.19,0.231767056509852,0.779834397835657,0.90572999413456,0.866984964912194,NA,3.55762586234994
"RSTD","TD",56,90.83,-79.21,NA,NA,162.42,170.19,0.386252531083301,0.815260800998658,0.906367715730714,0.84401290240309,NA,1.64474068483968
"RSTD","TD",57,60.28,-207.61,NA,NA,419.22,426.99,0.6529874894768,0.670282299863175,0.369697916707585,0.083212432526852,NA,0.116263606119901
"RSTD","TD",58,85,-181.08,NA,NA,366.16,373.93,0.560497718863189,0.274772666627541,0.098482698940546,2.90476895105826,NA,0.529099578669097
"RSTD","TD",59,89.72,-95.54,NA,NA,195.08,202.85,0.597106330329552,0.589335348224267,0.738741133557238,0.898027201510789,NA,0.931611171881569
"RSTD","TD",60,91.11,-80.25,NA,NA,164.5,172.27,0.987134294584394,0.800411853706464,0.766477389036527,0.876800660681699,NA,1.29764714087815
"RSTD","TD",61,56.94,-217.08,NA,NA,438.16,445.93,0.718285634880885,0.565618214197457,0.0203078595607934,0.0521778593871313,NA,0.0649159974418581
"RSTD","TD",62,73.06,-161.62,NA,NA,327.24,335.01,0.125127220060676,0.773224814096466,3.24310715674727e-08,0.321523562797338,NA,0.583291862625629
"RSTD","TD",63,55.56,-214.68,NA,NA,433.36,441.13,0.499009405029938,0.0988319513853639,0.15851591472396,0.0574827774992865,NA,0.092432988807559
"RSTD","TD",64,90.83,-95.77,NA,NA,195.54,203.31,0.333673485321924,0.454882015939802,0.102555692258875,2.92903082386408,NA,2.70696423376415
"RSTD","TD",65,59.44,-213.18,NA,NA,430.36,438.13,0.810415166895837,0.0187283449340612,0.767102231407339,0.050317830533803,NA,0.165121834239408
"RSTD","TD",66,76.67,-185.96,NA,NA,375.92,383.69,0.461979309096932,0.296923782210797,0.176607453311675,0.732502415248786,NA,0.458040716126561
"RSTD","TD",67,58.89,-211.08,NA,NA,426.16,433.93,0.285626433324069,0.528872283641249,0.348660278422056,0.0685273952761326,NA,0.147296045374405
"RSTD","TD",68,78.61,-178,NA,NA,360,367.77,0.732509626774117,0.600311974063516,0.696742473880941,0.569824728040986,NA,0.449271724574598
"RSTD","TD",69,91.39,-109.95,NA,NA,223.9,231.67,0.977929984452203,0.529096166603267,0.260612270923525,2.67712634733421,NA,0.751786146880371
"RSTD","TD",70,86.94,-195.39,NA,NA,394.78,402.55,0.98177181975916,0.159414226887748,0.148863831896217,9.99999967273439,NA,0.477379389107227
"RSTD","TD",71,56.67,-211.82,NA,NA,427.64,435.41,0.922829337418079,0.366323065012693,0.425803723060258,0.0763699421683662,NA,0.0864430760253218
"RSTD","TD",72,92.78,-95.65,NA,NA,195.3,203.07,0.437475311337039,0.144657690776512,0.138537005601983,9.99991399857608,NA,1.51204245735464
"RSTD","TD",73,92.5,-68.54,NA,NA,141.08,148.85,0.0812403932213783,0.858433880610391,0.00815304255704587,1.24081588920161,NA,1.57674626609245
"RSTD","TD",74,56.39,-220.35,NA,NA,444.7,452.47,0.769064010120928,0.423705151304603,0.0269312924933445,0.0453967334201761,NA,0.0550090870819986
"RSTD","TD",75,48.89,-249.53,NA,NA,503.06,510.83,0.27233505435288,0.0992442343849689,0.0321014095235701,5.45253271415224e-09,NA,0.0195726837949201
"RSTD","TD",76,89.44,-139.96,NA,NA,283.92,291.69,0.714246998308226,0.356464033480734,0.187323270099754,3.01481036012616,NA,1.33508190601589
"RSTD","TD",77,90.83,-79.21,NA,NA,162.42,170.19,0.165105299558491,0.62026000325568,0.906367715730714,0.84401290240309,NA,2.11759630225509
"RSTD","TD",78,80.56,-153.77,NA,NA,311.54,319.31,0.948594216490164,0.818483957787976,0.733199849853839,0.506821819926178,NA,0.400698857048743
"RSTD","TD",79,55.28,-225.23,NA,NA,454.46,462.23,0.641159480903298,0.713674181839451,0.0120721403996377,0.0375889485971714,NA,0.0414828715044559
"RSTD","TD",80,91.67,-91.7,NA,NA,187.4,195.17,0.602592710871249,0.798923129681498,0.818730159392234,1.01144368676781,NA,1.65777598732141
"RSTD","TD",81,96.39,-46.34,NA,NA,96.68,104.45,0.0268326783552766,0.983408806612715,0.0049314782705644,6.0508796485154,NA,1.42827125892359
"RSTD","TD",82,58.33,-213.26,NA,NA,430.52,438.29,0.390374890295789,0.210965643869713,0.017014971975084,0.058935380543878,NA,0.0709301116876304
"RSTD","TD",83,61.39,-206.99,NA,NA,417.98,425.75,0.909624356776476,0.0655163209885359,0.592016071410543,0.0607059832470459,NA,0.479556284306279
"RSTD","TD",84,88.89,-96.21,NA,NA,196.42,204.19,0.894585720263422,0.928069569170475,0.903807864496954,0.812022315495002,NA,0.784675157586944
"RSTD","TD",85,85.83,-119.91,NA,NA,243.82,251.59,0.16712597804144,0.591124507132918,0.843373190127394,0.663836052276466,NA,0.76918393555553
"RSTD","TD",86,59.72,-210.17,NA,NA,424.34,432.11,0.0963515317998827,0.187938303221017,0.0724534319216257,0.0960125375684815,NA,0.16646143142134
"RSTD","TD",87,89.44,-90.36,NA,NA,184.72,192.49,0.812582350103185,0.879132093861699,0.858314148472046,0.866483074683095,NA,4.4038753097219
"RSTD","TD",88,57.78,-210.57,NA,NA,425.14,432.91,0.448961209738627,0.690639521926641,0.3439938623047,0.0704196779119198,NA,0.123227803417321
"RSTD","TD",89,88.89,-106.3,NA,NA,216.6,224.37,0.352596259210259,0.519048273330554,0.764746740809318,0.911907578398891,NA,0.771270071114314
"RSTD","TD",90,92.22,-106.06,NA,NA,216.12,223.89,0.7131295024883,0.112127762287855,0.137896948321007,9.99999845705493,NA,3.4174234716404
"RSTD","TD",91,62.5,-198.76,NA,NA,401.52,409.29,0.102771484525874,0.0985191510990262,0.0104462763122617,0.170630323382467,NA,0.348240172024816
"RSTD","TD",92,65,-194.04,NA,NA,392.08,399.85,0.14997310237959,0.461772011825815,3.86995610263915e-08,0.195830502319671,NA,0.261333189609714
"RSTD","TD",93,83.61,-120.52,NA,NA,245.04,252.81,0.435881547397003,0.7804279406555,0.834659521065191,0.556103018701213,NA,0.681397345848382
"RSTD","TD",94,94.17,-74.9,NA,NA,153.8,161.57,0.975024477113038,0.799848798895255,0.752932224187158,1.37874606363443,NA,4.33281822849937
"RSTD","TD",95,78.89,-176.53,NA,NA,357.06,364.83,0.723246149485931,0.623378630494699,0.61475888307887,0.573864547051484,NA,0.45622572209686
"RSTD","TD",96,77.22,-174.46,NA,NA,352.92,360.69,0.323681306792423,0.444453429430723,0.440950759858581,0.466145408913458,NA,0.446843124460429
"RSTD","TD",97,59.44,-211.89,NA,NA,427.78,435.55,0.521510650403798,0.40949847153388,0.0171881726586564,0.0720673550094125,NA,0.118169202112595
"RSTD","TD",98,62.22,-196.79,NA,NA,397.58,405.35,0.418908317107707,0.978637758642435,0.386117290377864,0.123782971053157,NA,0.211078092921525
"RSTD","TD",99,93.33,-81.21,NA,NA,166.42,174.19,0.78953983867541,0.418743934947997,0.243309849821248,3.05728651740216,NA,2.49348991278757
"RSTD","TD",100,61.11,-209.53,NA,NA,423.06,430.83,0.956703607924283,0.607802340993658,0.411995928192433,0.07932811374024,NA,0.108669338996542
"RSTD","RSTD",1,93.89,-83.72,NA,NA,173.44,185.1,0.285107890376821,0.724670132622123,0.58227496994897,0.847359055281955,1.55883042872463,1.43561604238095
"RSTD","RSTD",2,71.39,-156.44,NA,NA,318.88,330.54,0.950232450617477,0.206436974462122,0.529581015680618,0.0810300631770354,0.253878306438136,0.364579517394304
"RSTD","RSTD",3,88.06,-91.08,NA,NA,188.16,199.82,0.536011227406561,0.200363578274846,0.999999902550491,0.225668756314771,0.711004522688272,1.00568439900399
"RSTD","RSTD",4,58.89,-210.78,NA,NA,427.56,439.22,0.321220333920792,0.649332832079381,0.386473596636853,0.704952253703424,0.059763403865331,0.142882495187223
"RSTD","RSTD",5,76.11,-159.52,NA,NA,325.04,336.7,0.525106647517532,0.973066303646192,0.890281892899061,0.805129535109466,0.38337205753833,0.392999498639256
"RSTD","RSTD",6,94.44,-73.9,NA,NA,153.8,165.46,0.895209939451888,0.943225271301344,0.360980002706431,0.780995817022822,1.51845394906377,3.35385648889427
"RSTD","RSTD",7,65.83,-185.62,NA,NA,377.24,388.9,0.753931205254048,0.197620301274583,0.780680821274269,0.104828445696055,0.159534995390891,0.18983699940145
"RSTD","RSTD",8,96.94,-37.09,NA,NA,80.18,91.84,0.0560640415642411,0.783013365231454,1.6964348765423e-07,1.39299003027101e-07,2.05916544301072,3.41441693140154
"RSTD","RSTD",9,61.67,-197.51,NA,NA,401.02,412.68,0.479448032099754,0.989872474921867,0.344313875564141,0.232784013165307,0.119876428910897,0.208000437050192
"RSTD","RSTD",10,94.17,-77.66,NA,NA,161.32,172.98,0.711294803768396,0.788163986755535,0.465267953489845,0.728048278031415,3.03099372984066,2.30973086307261
"RSTD","RSTD",11,89.72,-95.04,NA,NA,196.08,207.74,0.5048349336721,0.797194604296237,0.999998717011472,0.907429215651909,0.840001310724969,2.5054881726885
"RSTD","RSTD",12,74.72,-149.79,NA,NA,305.58,317.24,0.731893435353413,0.395451756194234,0.307797743991232,0.151603745725784,0.477930966979533,0.618170124012977
"RSTD","RSTD",13,94.17,-81.13,NA,NA,168.26,179.92,0.275977379642427,0.511981163173914,0.999999714001249,0.70954487381032,2.85185669915067,2.39124982816227
"RSTD","RSTD",14,83.61,-115.22,NA,NA,236.44,248.1,0.226354157319292,0.16033569118008,0.186084454835931,0.107521650045605,1.03555352346509,0.894037933978152
"RSTD","RSTD",15,94.44,-73.9,NA,NA,153.8,165.46,0.315573724219576,0.984172471100464,0.360980002706431,0.780995817022822,1.51845394906377,1.69604673600736
"RSTD","RSTD",16,72.5,-187.2,NA,NA,380.4,392.06,0.540354023920372,0.854036244563758,0.797996455103063,0.745567988763947,0.351691303377832,0.362152148856662
"RSTD","RSTD",17,96.67,-41.43,NA,NA,88.86,100.52,0.66359161795117,0.0660558908712119,0.28618515260897,0.0331273529444398,1.64819768676612,1.97567781611326
"RSTD","RSTD",18,88.61,-127.84,NA,NA,261.68,273.34,0.973287776112556,0.630256613949314,0.84195512210525,0.774899967039193,0.985710086570118,0.855529390233469
"RSTD","RSTD",19,62.78,-195.57,NA,NA,397.14,408.8,0.340647828998044,0.988910319516435,0.262989865399739,0.214080276057235,0.165687301444715,0.211397308856249
"RSTD","RSTD",20,95.28,-57.02,NA,NA,120.04,131.7,0.329378831898794,0.0628540490288287,0.546732210050764,0.0676108464998271,4.07753827902406,2.33967715737489
"RSTD","RSTD",21,78.06,-119.22,NA,NA,244.44,256.1,0.285566801903769,0.0508385861758143,0.623712031278786,0.0493031859659384,0.359733482391261,0.410096168983728
"RSTD","RSTD",22,88.61,-146.12,NA,NA,298.24,309.9,0.684979062527418,0.438995202770457,0.254843684070808,0.246470622255183,2.88472664995679,0.685128960758448
"RSTD","RSTD",23,92.22,-99.69,NA,NA,205.38,217.04,0.529962481698021,0.27115519088693,0.942936950258663,0.362211635421196,2.70930440267015,2.69503675574873
"RSTD","RSTD",24,63.61,-204.67,NA,NA,415.34,427,0.779200294986367,0.728794121881947,0.337414473513365,0.366963057830098,0.140595663272367,0.160821524456017
"RSTD","RSTD",25,70.83,-166.37,NA,NA,338.74,350.4,0.0281218434683979,0.533772448310629,3.91060705878809e-07,0.984960738491957,0.150305822117906,0.225168376229703
"RSTD","RSTD",26,78.61,-137.95,NA,NA,281.9,293.56,0.128862570039928,0.17050133110024,0.586153216957415,0.200454836085612,0.396831882765021,1.37515528589011
"RSTD","RSTD",27,93.61,-90.53,NA,NA,187.06,198.72,0.980796684976667,0.860091791022569,0.883071858964605,0.684923958615929,4.55803237798477,1.2001721150753
"RSTD","RSTD",28,49.72,-249.53,NA,NA,505.06,516.72,0.633000507717952,0.959949327167124,0.0685738815795393,0.0518486692494725,3.35892329995185e-08,0.0240202485583723
"RSTD","RSTD",29,93.89,-83.76,NA,NA,173.52,185.18,0.234798390883952,0.4054856733419,0.18454782745648,0.378213700614871,4.62496873027146,3.89528230370438
"RSTD","RSTD",30,56.94,-218.14,NA,NA,442.28,453.94,0.319981756620109,0.632078264839947,0.047028921905066,0.113261796025934,0.0695454153618463,0.0559587455590604
"RSTD","RSTD",31,94.17,-79.01,NA,NA,164.02,175.68,0.417691254755482,0.885661983396858,0.346264380747956,0.755305864234084,1.56306564225117,1.4762263855988
"RSTD","RSTD",32,60,-216.61,NA,NA,439.22,450.88,0.119032545015216,0.605491037247702,0.0698341293369048,0.935005485948756,0.0414283250456838,0.0459982767437321
"RSTD","RSTD",33,94.17,-77.66,NA,NA,161.32,172.98,0.824352919822559,0.753800751408562,0.465267953489845,0.728048278031415,3.03099372984066,2.89878896835935
"RSTD","RSTD",34,90.56,-61.23,NA,NA,128.46,140.12,0.080542077543214,0.69156481907703,0.00412822280979491,0.0154594697141018,0.823249781279814,3.2510444371212
"RSTD","RSTD",35,80.28,-114.95,NA,NA,235.9,247.56,0.788759883260354,0.407168375095353,0.59067520986345,0.250924979686747,0.439873689013565,0.8810732345608
"RSTD","RSTD",36,83.06,-138.26,NA,NA,282.52,294.18,0.960197768406942,0.814909122884274,0.961230731141394,0.733785200470964,0.594621959645501,0.491239995229989
"RSTD","RSTD",37,65.56,-187.8,NA,NA,381.6,393.26,0.983733647270128,0.387793875532225,0.86016428953462,0.24269973255338,0.12518753239081,0.184212701395154
"RSTD","RSTD",38,93.06,-96.04,NA,NA,198.08,209.74,0.640330957481638,0.661732341628522,0.465267953489845,0.728048278031415,3.03099372984066,1.1015722423634
"RSTD","RSTD",39,92.5,-100.09,NA,NA,206.18,217.84,0.591888564871624,0.781977394130081,0.152384599807753,0.404626917411767,1.68129132527383,1.17335850927503
"RSTD","RSTD",40,61.39,-212.53,NA,NA,431.06,442.72,0.185236022341996,0.927017299691215,0.826523611205294,0.826289646106972,0.0663715700606935,0.406216487288475
"RSTD","RSTD",41,92.78,-107.75,NA,NA,221.5,233.16,0.5952471755445,0.540940156206489,0.884163339031933,0.488375398362519,3.83780205710925,1.71158919288757
"RSTD","RSTD",42,64.17,-193.59,NA,NA,393.18,404.84,0.265401779906824,0.195171546889469,0.806284112060849,0.181629757023338,0.117511712814334,0.226954524639678
"RSTD","RSTD",43,55.56,-222.82,NA,NA,451.64,463.3,0.604935176437721,0.398145136190578,0.128296272484775,0.0459137323704876,0.0412078163587987,0.0485801249742508
"RSTD","RSTD",44,86.39,-131.86,NA,NA,269.72,281.38,0.470244030002505,0.685449249343947,0.836732274686566,0.807659793144233,0.830110106197839,0.648697707336396
"RSTD","RSTD",45,65,-194.29,NA,NA,394.58,406.24,0.371720403432846,0.503097830805928,0.599094244265925,0.539884658919935,0.139549043214696,0.322839245665818
"RSTD","RSTD",46,58.89,-210.06,NA,NA,426.12,437.78,0.361050225095823,0.370053818682209,0.25594687287598,0.507722165445207,0.0569770186580616,0.173567070005157
"RSTD","RSTD",47,94.44,-78.02,NA,NA,162.04,173.7,0.594613759312779,0.789667062694207,0.974392164435394,0.703175038896389,2.12955183989167,2.04544003671947
"RSTD","RSTD",48,96.39,-46.33,NA,NA,98.66,110.32,0.628910263301805,0.0369398219045252,0.456820796650055,0.0386891573689082,2.59301219906698,1.35408596597136
"RSTD","RSTD",49,93.89,-83.37,NA,NA,172.74,184.4,0.254382238723338,0.857857148861513,0.558763530790119,0.843000407730686,1.52052452438036,0.936107955831003
"RSTD","RSTD",50,91.94,-114.12,NA,NA,234.24,245.9,0.629901704145595,0.59963444317691,0.499141098296504,0.680440555286846,2.79689736180563,1.13030682034315
"RSTD","RSTD",51,89.72,-124.17,NA,NA,254.34,266,0.958562755258754,0.446684151422232,0.542602367236472,0.421432808380087,1.38005113673266,1.46860518856885
"RSTD","RSTD",52,87.5,-97,NA,NA,200,211.66,0.378760501742363,0.716149265645072,0.999999871905657,0.825484620879615,0.626633531800755,1.1838285959837
"RSTD","RSTD",53,70.28,-161,NA,NA,328,339.66,0.843001339351758,0.428967847023159,0.542429309928307,0.244684210150457,0.298241467961354,0.430095953866839
"RSTD","RSTD",54,87.22,-97.84,NA,NA,201.68,213.34,0.111280993092805,0.926345025887713,0.00412822280979491,0.0154594697141018,0.823249781279814,1.52358875974062
"RSTD","RSTD",55,94.44,-73.9,NA,NA,153.8,165.46,0.231767056509852,0.779834397835657,0.360980002706431,0.780995817022822,1.51845394906377,3.55762586234994
"RSTD","RSTD",56,93.89,-75.63,NA,NA,157.26,168.92,0.386252531083301,0.815260800998658,0.543682906067318,0.823203042167214,1.83405302730999,1.64474068483968
"RSTD","RSTD",57,60,-208.3,NA,NA,422.6,434.26,0.6529874894768,0.670282299863175,0.597004507344916,0.447928639999261,0.0764520742722319,0.116263606119901
"RSTD","RSTD",58,78.06,-140.27,NA,NA,286.54,298.2,0.560497718863189,0.274772666627541,0.64701726156692,0.265275994874563,0.390100787481761,0.529099578669097
"RSTD","RSTD",59,91.94,-105.8,NA,NA,217.6,229.26,0.597106330329552,0.589335348224267,0.70450865268592,0.734691403104002,1.42691361563666,0.931611171881569
"RSTD","RSTD",60,93.61,-86.85,NA,NA,179.7,191.36,0.987134294584394,0.800411853706464,0.465267953489845,0.728048278031415,3.03099372984066,1.29764714087815
"RSTD","RSTD",61,55.28,-218.05,NA,NA,442.1,453.76,0.718285634880885,0.565618214197457,0.209391599182585,0.272258029917905,0.0577642782495877,0.0649159974418581
"RSTD","RSTD",62,73.89,-161.81,NA,NA,329.62,341.28,0.125127220060676,0.773224814096466,8.47802054080748e-07,2.92798570940351e-07,0.34519082108664,0.583291862625629
"RSTD","RSTD",63,63.33,-197.46,NA,NA,400.92,412.58,0.499009405029938,0.0988319513853639,0.968309655855703,0.0977759099881123,0.0749028954146882,0.092432988807559
"RSTD","RSTD",64,91.67,-92.74,NA,NA,191.48,203.14,0.333673485321924,0.454882015939802,0.999998172350289,0.473001373686699,0.934757543281477,2.70696423376415
"RSTD","RSTD",65,76.11,-132.22,NA,NA,270.44,282.1,0.810415166895837,0.0187283449340612,0.50217738892883,0.00256565418890142,0.169530368102077,0.165121834239408
"RSTD","RSTD",66,74.17,-165.25,NA,NA,336.5,348.16,0.461979309096932,0.296923782210797,0.435784775369378,0.175420608606855,0.419512456906271,0.458040716126561
"RSTD","RSTD",67,58.33,-210.53,NA,NA,427.06,438.72,0.285626433324069,0.528872283641249,0.249853626939441,0.348039368427864,0.0710220709587343,0.147296045374405
"RSTD","RSTD",68,75.83,-165.43,NA,NA,336.86,348.52,0.732509626774117,0.600311974063516,0.994498898858174,0.549397652529413,0.409788805129692,0.449271724574598
"RSTD","RSTD",69,87.5,-112.15,NA,NA,230.3,241.96,0.977929984452203,0.529096166603267,0.698928695747013,0.435286830640999,0.936631780141358,0.751786146880371
"RSTD","RSTD",70,84.44,-135.49,NA,NA,276.98,288.64,0.98177181975916,0.159414226887748,0.887683050917682,0.153254144377013,0.83277766769556,0.477379389107227
"RSTD","RSTD",71,57.22,-205.15,NA,NA,416.3,427.96,0.922829337418079,0.366323065012693,0.633209847112685,0.208639382292343,0.067104007853543,0.0864430760253218
"RSTD","RSTD",72,95.83,-49.04,NA,NA,104.08,115.74,0.437475311337039,0.144657690776512,0.622931603841638,0.163986507788918,2.46193387061447,1.51204245735464
"RSTD","RSTD",73,94.44,-64.35,NA,NA,134.7,146.36,0.0812403932213783,0.858433880610391,0.0832580658028855,0.999998750813833,2.03260005470594,1.57674626609245
"RSTD","RSTD",74,56.39,-220.83,NA,NA,447.66,459.32,0.769064010120928,0.423705151304603,0.214797136196241,0.129002217229537,0.0559289559813206,0.0550090870819986
"RSTD","RSTD",75,48.89,-249.53,NA,NA,505.06,516.72,0.27233505435288,0.0992442343849689,0.57150169160658,0.965057239244883,7.07697737939819e-08,0.0195726837949201
"RSTD","RSTD",76,90.56,-124.92,NA,NA,255.84,267.5,0.714246998308226,0.356464033480734,0.562003108429323,0.308211553324912,2.59469007965385,1.33508190601589
"RSTD","RSTD",77,93.89,-75.63,NA,NA,157.26,168.92,0.165105299558491,0.62026000325568,0.543682906067318,0.823203042167214,1.83405302730999,2.11759630225509
"RSTD","RSTD",78,77.78,-157.47,NA,NA,320.94,332.6,0.948594216490164,0.818483957787976,0.81915657121663,0.730744415365159,0.388870305163148,0.400698857048743
"RSTD","RSTD",79,55.28,-225.48,NA,NA,456.96,468.62,0.641159480903298,0.713674181839451,0.027726662036647,6.32177146722038e-07,0.0312971457602931,0.0414828715044559
"RSTD","RSTD",80,93.33,-94.11,NA,NA,194.22,205.88,0.602592710871249,0.798923129681498,0.312584154269079,0.678459617912319,3.30738388199833,1.65777598732141
"RSTD","RSTD",81,96.11,-43.55,NA,NA,93.1,104.76,0.0268326783552766,0.983408806612715,0.0863451167622793,0.999999834271962,3.21247557904955,1.42827125892359
"RSTD","RSTD",82,59.44,-213.83,NA,NA,433.66,445.32,0.390374890295789,0.210965643869713,0.0613996235306218,0.0361150994935669,0.0959347454867522,0.0709301116876304
"RSTD","RSTD",83,90.83,-137.31,NA,NA,280.62,292.28,0.909624356776476,0.0655163209885359,0.430753236514673,0.0624351344505576,8.0932425918976,0.479556284306279
"RSTD","RSTD",84,88.89,-97.29,NA,NA,200.58,212.24,0.894585720263422,0.928069569170475,0.607872609892858,0.819130870898006,0.853514573200213,0.784675157586944
"RSTD","RSTD",85,87.78,-119.4,NA,NA,244.8,256.46,0.16712597804144,0.591124507132918,0.681276290260922,0.840513932615174,0.83789429225923,0.76918393555553
"RSTD","RSTD",86,63.89,-197.55,NA,NA,401.1,412.76,0.0963515317998827,0.187938303221017,0.076151978936518,0.361115458099916,0.0939193564739069,0.16646143142134
"RSTD","RSTD",87,93.06,-91.87,NA,NA,189.74,201.4,0.812582350103185,0.879132093861699,0.555068633839652,0.818625101707767,1.39892966835838,4.4038753097219
"RSTD","RSTD",88,57.22,-210.16,NA,NA,426.32,437.98,0.448961209738627,0.690639521926641,0.309975757727697,0.478386794634981,0.0666911612761478,0.123227803417321
"RSTD","RSTD",89,91.67,-118.63,NA,NA,243.26,254.92,0.352596259210259,0.519048273330554,0.542430432735456,0.606086657099705,2.14453667978717,0.771270071114314
"RSTD","RSTD",90,96.39,-46.34,NA,NA,98.68,110.34,0.7131295024883,0.112127762287855,0.596112252335163,6.85156011158053e-08,6.82933025270331,3.4174234716404
"RSTD","RSTD",91,61.94,-200.98,NA,NA,407.96,419.62,0.102771484525874,0.0985191510990262,0.103006493342875,0.0570880553864789,0.232355313332194,0.348240172024816
"RSTD","RSTD",92,64.72,-193.92,NA,NA,393.84,405.5,0.14997310237959,0.461772011825815,0.0024654309905053,2.26956249798347e-08,0.197410343705603,0.261333189609714
"RSTD","RSTD",93,83.61,-120.85,NA,NA,247.7,259.36,0.435881547397003,0.7804279406555,0.98681486223879,0.881222455402894,0.507196157788931,0.681397345848382
"RSTD","RSTD",94,94.17,-77.66,NA,NA,161.32,172.98,0.975024477113038,0.799848798895255,0.465267953489845,0.728048278031415,3.03099372984066,4.33281822849937
"RSTD","RSTD",95,78.33,-160.4,NA,NA,326.8,338.46,0.723246149485931,0.623378630494699,0.716034168531182,0.527598566671198,0.522511888124822,0.45622572209686
"RSTD","RSTD",96,76.67,-161.63,NA,NA,329.26,340.92,0.323681306792423,0.444453429430723,0.90448487955531,0.544765447489623,0.413319088641342,0.446843124460429
"RSTD","RSTD",97,59.17,-212.07,NA,NA,430.14,441.8,0.521510650403798,0.40949847153388,0.471860432507408,0.636917715586337,0.0523313505591356,0.118169202112595
"RSTD","RSTD",98,62.5,-197.28,NA,NA,400.56,412.22,0.418908317107707,0.978637758642435,0.531178665699666,0.520829773964939,0.114406519160788,0.211078092921525
"RSTD","RSTD",99,92.78,-89.94,NA,NA,185.88,197.54,0.78953983867541,0.418743934947997,0.510478027923471,0.324911090850382,3.09017623731596,2.49348991278757
"RSTD","RSTD",100,60.56,-208.8,NA,NA,423.6,435.26,0.956703607924283,0.607802340993658,0.294408506118022,0.13522334800881,0.0793599604636825,0.108669338996542
"RSTD","Utility",1,89.72,-86.77,NA,NA,179.54,191.2,0.285107890376821,0.724670132622123,0.92927211732252,0.593969549012176,6.09969925131622,1.43561604238095
"RSTD","Utility",2,61.11,-204.84,NA,NA,415.68,427.34,0.950232450617477,0.206436974462122,0.301884261898829,0.402308169076985,0.839414938900015,0.364579517394304
"RSTD","Utility",3,87.5,-105.47,NA,NA,216.94,228.6,0.536011227406561,0.200363578274846,0.126244706426125,0.777115513439619,4.01146038592795,1.00568439900399
"RSTD","Utility",4,58.06,-211.9,NA,NA,429.8,441.46,0.321220333920792,0.649332832079381,4.52791387204663e-07,0.427445202423447,0.761540661511334,0.142882495187223
"RSTD","Utility",5,79.17,-159.15,NA,NA,324.3,335.96,0.525106647517532,0.973066303646192,0.913103498290348,0.488004414736115,7.01209558893455,0.392999498639256
"RSTD","Utility",6,93.89,-77.81,NA,NA,161.62,173.28,0.895209939451888,0.943225271301344,0.891593615607241,0.927141154692166,3.08326007857663,3.35385648889427
"RSTD","Utility",7,59.44,-207.6,NA,NA,421.2,432.86,0.753931205254048,0.197620301274583,0.303952375176878,0.423438224306168,1.01214994497668,0.18983699940145
"RSTD","Utility",8,96.67,-36.49,NA,NA,78.98,90.64,0.0560640415642411,0.783013365231454,1.35598937945593e-08,0.818527763999791,2.77002814647793,3.41441693140154
"RSTD","Utility",9,63.89,-203.07,NA,NA,412.14,423.8,0.479448032099754,0.989872474921867,0.999999763524019,0.357308106597153,4.25431017806164,0.208000437050192
"RSTD","Utility",10,91.94,-75.76,NA,NA,157.52,169.18,0.711294803768396,0.788163986755535,0.835250061845517,0.548906454722655,8.59189249661974,2.30973086307261
"RSTD","Utility",11,87.5,-97.05,NA,NA,200.1,211.76,0.5048349336721,0.797194604296237,0.917446806567153,0.499620152110537,8.08074580883051,2.5054881726885
"RSTD","Utility",12,86.39,-191.35,NA,NA,388.7,400.36,0.731893435353413,0.395451756194234,0.333862241822786,0.742306767143869,7.66559864216936,0.618170124012977
"RSTD","Utility",13,94.44,-78.47,NA,NA,162.94,174.6,0.275977379642427,0.511981163173914,0.665202624949306,0.834979321589411,5.77873300062326,2.39124982816227
"RSTD","Utility",14,89.72,-98.82,NA,NA,203.64,215.3,0.226354157319292,0.16033569118008,0.109924274862573,0.728110678275684,5.68020906347051,0.894037933978152
"RSTD","Utility",15,93.89,-77.81,NA,NA,161.62,173.28,0.315573724219576,0.984172471100464,0.891593615607241,0.927141154692166,3.08326007857663,1.69604673600736
"RSTD","Utility",16,71.67,-194.69,NA,NA,395.38,407.04,0.540354023920372,0.854036244563758,0.913565175153374,0.753791264435338,1.09021292146982,0.362152148856662
"RSTD","Utility",17,89.44,-73.09,NA,NA,152.18,163.84,0.66359161795117,0.0660558908712119,0.0810890352700793,0.71410049336155,7.09394728770394,1.97567781611326
"RSTD","Utility",18,84.72,-126.38,NA,NA,258.76,270.42,0.973287776112556,0.630256613949314,0.708050190088801,0.665048511051659,3.60303456269793,0.855529390233469
"RSTD","Utility",19,63.33,-202.92,NA,NA,411.84,423.5,0.340647828998044,0.988910319516435,0.911672591593782,0.633130435505249,0.706274266887056,0.211397308856249
"RSTD","Utility",20,90.56,-94.11,NA,NA,194.22,205.88,0.329378831898794,0.0628540490288287,0.211801579946283,0.628389019046266,9.10849974564152,2.33967715737489
"RSTD","Utility",21,57.78,-207.17,NA,NA,420.34,432,0.285566801903769,0.0508385861758143,0.0202984171223229,0.167865396407869,4.36071423966445,0.410096168983728
"RSTD","Utility",22,85.56,-125.55,NA,NA,257.1,268.76,0.684979062527418,0.438995202770457,0.0990285039677261,0.999999858250439,1.60002285556887,0.685128960758448
"RSTD","Utility",23,91.11,-117.02,NA,NA,240.04,251.7,0.529962481698021,0.27115519088693,0.326293048481624,0.686883710876714,6.65418101301911,2.69503675574873
"RSTD","Utility",24,61.11,-207.22,NA,NA,420.44,432.1,0.779200294986367,0.728794121881947,0.357507638597488,0.445239040241793,0.686287646556008,0.160821524456017
"RSTD","Utility",25,63.61,-204.29,NA,NA,414.58,426.24,0.0281218434683979,0.533772448310629,0.0725979877327367,0.473037735824702,1.4256808655637,0.225168376229703
"RSTD","Utility",26,85.28,-131.42,NA,NA,268.84,280.5,0.128862570039928,0.17050133110024,0.092552756300334,0.999996317337681,1.58535807426137,1.37515528589011
"RSTD","Utility",27,93.89,-87.55,NA,NA,181.1,192.76,0.980796684976667,0.860091791022569,0.664532961459845,0.840901092971225,4.89590138170881,1.2001721150753
"RSTD","Utility",28,52.5,-245.51,NA,NA,497.02,508.68,0.633000507717952,0.959949327167124,0.648138952913174,0.0579393164753667,0.526203341619536,0.0240202485583723
"RSTD","Utility",29,91.11,-83.4,NA,NA,172.8,184.46,0.234798390883952,0.4054856733419,0.888247151498127,0.503475043929883,9.65437160952744,3.89528230370438
"RSTD","Utility",30,58.89,-216.49,NA,NA,438.98,450.64,0.319981756620109,0.632078264839947,5.99430422365511e-07,0.267846404304354,0.847908893089963,0.0559587455590604
"RSTD","Utility",31,93.61,-82.17,NA,NA,170.34,182,0.417691254755482,0.885661983396858,0.883711712920139,0.999999908612894,2.49029444556675,1.4762263855988
"RSTD","Utility",32,58.33,-221.96,NA,NA,449.92,461.58,0.119032545015216,0.605491037247702,0.0793076975572866,0.126161614518729,1.04744716676011,0.0459982767437321
"RSTD","Utility",33,91.94,-75.76,NA,NA,157.52,169.18,0.824352919822559,0.753800751408562,0.835250061845517,0.548906454722655,8.59189249661974,2.89878896835935
"RSTD","Utility",34,91.94,-61.03,NA,NA,128.06,139.72,0.080542077543214,0.69156481907703,2.765709841912e-08,0.770317330724237,2.53953153086221,3.2510444371212
"RSTD","Utility",35,88.06,-137.39,NA,NA,280.78,292.44,0.788759883260354,0.407168375095353,0.312795805092095,0.661755964835728,7.14794596139055,0.8810732345608
"RSTD","Utility",36,82.5,-137.31,NA,NA,280.62,292.28,0.960197768406942,0.814909122884274,0.80598840801781,0.664384279879158,2.64607655489555,0.491239995229989
"RSTD","Utility",37,60.56,-203.6,NA,NA,413.2,424.86,0.983733647270128,0.387793875532225,0.289061979617431,0.35234249248071,1.00013218330311,0.184212701395154
"RSTD","Utility",38,90.83,-87.02,NA,NA,180.04,191.7,0.640330957481638,0.661732341628522,0.890971026749362,0.525223154790934,8.77293078582233,1.1015722423634
"RSTD","Utility",39,89.72,-96.8,NA,NA,199.6,211.26,0.591888564871624,0.781977394130081,0.913391797897441,0.674099811407,3.81117854000452,1.17335850927503
"RSTD","Utility",40,66.39,-185.7,NA,NA,377.4,389.06,0.185236022341996,0.927017299691215,8.71415392221027e-08,0.427566467996504,4.47168719929634,0.406216487288475
"RSTD","Utility",41,91.67,-105.75,NA,NA,217.5,229.16,0.5952471755445,0.540940156206489,0.410689371790635,0.652962909850483,7.97685145795595,1.71158919288757
"RSTD","Utility",42,59.72,-206.21,NA,NA,418.42,430.08,0.265401779906824,0.195171546889469,0.0809983888666688,0.627462497113639,0.896180891688395,0.226954524639678
"RSTD","Utility",43,56.94,-222.87,NA,NA,451.74,463.4,0.604935176437721,0.398145136190578,8.47013014884851e-07,0.0659659942074727,1.20484249066495,0.0485801249742508
"RSTD","Utility",44,82.78,-126.75,NA,NA,259.5,271.16,0.470244030002505,0.685449249343947,0.935362863398186,0.442467714041871,8.48399513794566,0.648697707336396
"RSTD","Utility",45,65.83,-200.15,NA,NA,406.3,417.96,0.371720403432846,0.503097830805928,0.872999559231462,0.643343669275628,1.31780540582576,0.322839245665818
"RSTD","Utility",46,59.44,-211.18,NA,NA,428.36,440.02,0.361050225095823,0.370053818682209,2.93919142816748e-08,0.133823980032132,9.37057547092139,0.173567070005157
"RSTD","Utility",47,94.17,-80.12,NA,NA,166.24,177.9,0.594613759312779,0.789667062694207,0.713927358816585,0.815384723623289,3.80128097158541,2.04544003671947
"RSTD","Utility",48,90,-97.69,NA,NA,201.38,213.04,0.628910263301805,0.0369398219045252,0.21892143227375,0.607455979792813,9.57961825291045,1.35408596597136
"RSTD","Utility",49,89.72,-84.21,NA,NA,174.42,186.08,0.254382238723338,0.857857148861513,0.934137998609013,0.654865930126094,4.25265765623665,0.936107955831003
"RSTD","Utility",50,89.72,-98.16,NA,NA,202.32,213.98,0.629901704145595,0.59963444317691,0.779653064149831,0.716842108387628,3.45603574791933,1.13030682034315
"RSTD","Utility",51,90,-127.17,NA,NA,260.34,272,0.958562755258754,0.446684151422232,0.417391451531421,0.712342626873233,6.60566424750214,1.46860518856885
"RSTD","Utility",52,88.89,-100.61,NA,NA,207.22,218.88,0.378760501742363,0.716149265645072,0.921581739748899,0.648069468216578,4.376662416292,1.1838285959837
"RSTD","Utility",53,72.5,-200.07,NA,NA,406.14,417.8,0.843001339351758,0.428967847023159,0.149991121039977,0.81226886748593,1.64696075538791,0.430095953866839
"RSTD","Utility",54,85.56,-98.26,NA,NA,202.52,214.18,0.111280993092805,0.926345025887713,3.99133128709356e-09,0.485020548559739,8.00098503013593,1.52358875974062
"RSTD","Utility",55,93.89,-77.81,NA,NA,161.62,173.28,0.231767056509852,0.779834397835657,0.891593615607241,0.927141154692166,3.08326007857663,3.55762586234994
"RSTD","Utility",56,90.28,-79.93,NA,NA,165.86,177.52,0.386252531083301,0.815260800998658,0.933072143426344,0.646666138617177,4.51949892920277,1.64474068483968
"RSTD","Utility",57,59.44,-208.42,NA,NA,422.84,434.5,0.6529874894768,0.670282299863175,0.262060769011908,0.390766263202282,0.95786121526717,0.116263606119901
"RSTD","Utility",58,86.11,-187.01,NA,NA,380.02,391.68,0.560497718863189,0.274772666627541,0.141090786689865,0.751478296139856,8.96444750692348,0.529099578669097
"RSTD","Utility",59,89.44,-95.88,NA,NA,197.76,209.42,0.597106330329552,0.589335348224267,0.81722088950522,0.696971113597424,3.68684986402451,0.931611171881569
"RSTD","Utility",60,91.11,-81.63,NA,NA,169.26,180.92,0.987134294584394,0.800411853706464,0.838051002975974,0.555264359341935,7.65583768003807,1.29764714087815
"RSTD","Utility",61,57.22,-216.62,NA,NA,439.24,450.9,0.718285634880885,0.565618214197457,2.60027441021426e-08,0.231818365988199,0.820205463713785,0.0649159974418581
"RSTD","Utility",62,73.06,-161.62,NA,NA,329.24,340.9,0.125127220060676,0.773224814096466,1.39599853229351e-07,0.442672028849742,5.53533857348905,0.583291862625629
"RSTD","Utility",63,57.22,-210.26,NA,NA,426.52,438.18,0.499009405029938,0.0988319513853639,0.158748915018551,0.0808151028900425,2.08732499716063,0.092432988807559
"RSTD","Utility",64,92.78,-97.97,NA,NA,201.94,213.6,0.333673485321924,0.454882015939802,0.399099953113796,0.710929917266253,5.67398155407084,2.70696423376415
"RSTD","Utility",65,60.83,-201.55,NA,NA,409.1,420.76,0.810415166895837,0.0187283449340612,0.119166287481529,0.171969594364451,4.0556693829841,0.165121834239408
"RSTD","Utility",66,71.39,-196.08,NA,NA,398.16,409.82,0.461979309096932,0.296923782210797,0.622327377592491,0.99999971533272,0.418087995956588,0.458040716126561
"RSTD","Utility",67,58.89,-211.74,NA,NA,429.48,441.14,0.285626433324069,0.528872283641249,1.43999571069465e-07,0.435806110782848,0.740178666947708,0.147296045374405
"RSTD","Utility",68,78.61,-174.53,NA,NA,355.06,366.72,0.732509626774117,0.600311974063516,0.721740539981131,0.429568817540624,9.99999600364276,0.449271724574598
"RSTD","Utility",69,90.56,-118.24,NA,NA,242.48,254.14,0.977929984452203,0.529096166603267,0.363234972637061,0.680718089881053,9.99999132246987,0.751786146880371
"RSTD","Utility",70,85.56,-176.97,NA,NA,359.94,371.6,0.98177181975916,0.159414226887748,0.220945855372588,0.630071020343395,8.59941367598178,0.477379389107227
"RSTD","Utility",71,57.5,-209.32,NA,NA,424.64,436.3,0.922829337418079,0.366323065012693,0.228504371650962,0.0314517810700858,2.79328515777674,0.0864430760253218
"RSTD","Utility",72,90.28,-74.13,NA,NA,154.26,165.92,0.437475311337039,0.144657690776512,0.0664854016569112,0.646380051798942,8.59658831907593,1.51204245735464
"RSTD","Utility",73,91.11,-68.26,NA,NA,142.52,154.18,0.0812403932213783,0.858433880610391,0.00219787084909604,0.789932687191223,2.42642334677818,1.57674626609245
"RSTD","Utility",74,57.22,-220.01,NA,NA,446.02,457.68,0.769064010120928,0.423705151304603,8.86099420563511e-07,0.150697036723326,1.05023233229741,0.0550090870819986
"RSTD","Utility",75,48.89,-249.53,NA,NA,505.06,516.72,0.27233505435288,0.0992442343849689,0.319216537764808,0.42777084948238,1.70581442508099e-08,0.0195726837949201
"RSTD","Utility",76,90.28,-116.28,NA,NA,238.56,250.22,0.714246998308226,0.356464033480734,0.283975454673525,0.651816646569496,7.48128763340855,1.33508190601589
"RSTD","Utility",77,90.28,-79.93,NA,NA,165.86,177.52,0.165105299558491,0.62026000325568,0.933072143426344,0.646666138617177,4.51949892920277,2.11759630225509
"RSTD","Utility",78,80.56,-154.13,NA,NA,314.26,325.92,0.948594216490164,0.818483957787976,0.908735337146042,0.421613302791567,9.99999927542561,0.400698857048743
"RSTD","Utility",79,56.94,-225.4,NA,NA,456.8,468.46,0.641159480903298,0.713674181839451,1.01668308910009e-07,0.233404720914109,0.574343219236046,0.0414828715044559
"RSTD","Utility",80,90.56,-92.1,NA,NA,190.2,201.86,0.602592710871249,0.798923129681498,0.928976429369219,0.574328602546493,7.22668021319703,1.65777598732141
"RSTD","Utility",81,95.56,-44.16,NA,NA,94.32,105.98,0.0268326783552766,0.983408806612715,2.78694103016024e-08,0.813647364824763,2.57290933739973,1.42827125892359
"RSTD","Utility",82,58.61,-212.66,NA,NA,431.32,442.98,0.390374890295789,0.210965643869713,1.06942366728153e-07,0.151077437541067,1.59051528449477,0.0709301116876304
"RSTD","Utility",83,75.28,-197.16,NA,NA,400.32,411.98,0.909624356776476,0.0655163209885359,0.32512596849175,0.4401166921472,9.74871905673649,0.479556284306279
"RSTD","Utility",84,88.89,-98.28,NA,NA,202.56,214.22,0.894585720263422,0.928069569170475,0.962567841448681,0.497962613708002,9.99999188330795,0.784675157586944
"RSTD","Utility",85,87.22,-120.21,NA,NA,246.42,258.08,0.16712597804144,0.591124507132918,0.899409265423376,0.887524637984726,1.42556079515899,0.76918393555553
"RSTD","Utility",86,64.17,-206.64,NA,NA,419.28,430.94,0.0963515317998827,0.187938303221017,0.0685404867382063,0.38085481178999,2.26055433999133,0.16646143142134
"RSTD","Utility",87,89.44,-91.9,NA,NA,189.8,201.46,0.812582350103185,0.879132093861699,0.932374870650467,0.61556235313614,5.24799713233368,4.4038753097219
"RSTD","Utility",88,58.06,-211.39,NA,NA,428.78,440.44,0.448961209738627,0.690639521926641,1.77479951757919e-07,0.241785581473188,3.42136275197713,0.123227803417321
"RSTD","Utility",89,88.89,-106.5,NA,NA,219,230.66,0.352596259210259,0.519048273330554,0.882241071399897,0.5626140411963,7.53830950507884,0.771270071114314
"RSTD","Utility",90,90,-100.34,NA,NA,206.68,218.34,0.7131295024883,0.112127762287855,0.23196835209052,0.596863782725317,9.99999894092403,3.4174234716404
"RSTD","Utility",91,63.06,-200.16,NA,NA,406.32,417.98,0.102771484525874,0.0985191510990262,8.25279070160906e-08,0.390787437390632,3.59145692636292,0.348240172024816
"RSTD","Utility",92,64.72,-194.04,NA,NA,394.08,405.74,0.14997310237959,0.461772011825815,2.38662334094268e-07,0.568142962296268,1.60672600769301,0.261333189609714
"RSTD","Utility",93,83.33,-121.63,NA,NA,249.26,260.92,0.435881547397003,0.7804279406555,0.93491069400613,0.461164742568562,7.7908617649369,0.681397345848382
"RSTD","Utility",94,91.94,-75.76,NA,NA,157.52,169.18,0.975024477113038,0.799848798895255,0.835250061845517,0.548906454722655,8.59189249661974,4.33281822849937
"RSTD","Utility",95,78.89,-172.7,NA,NA,351.4,363.06,0.723246149485931,0.623378630494699,0.843831814386575,0.453420500243907,8.16366243884238,0.45622572209686
"RSTD","Utility",96,79.44,-171.31,NA,NA,348.62,360.28,0.323681306792423,0.444453429430723,0.821817107985312,0.574219849622961,4.30183134133869,0.446843124460429
"RSTD","Utility",97,58.61,-212.02,NA,NA,430.04,441.7,0.521510650403798,0.40949847153388,3.37738358699577e-07,0.449422758579118,0.593601244469087,0.118169202112595
"RSTD","Utility",98,62.78,-203.87,NA,NA,413.74,425.4,0.418908317107707,0.978637758642435,0.971519239371643,0.365889011804227,3.30958729227869,0.211078092921525
"RSTD","Utility",99,91.94,-85.77,NA,NA,177.54,189.2,0.78953983867541,0.418743934947997,0.316301623867155,0.648508965646555,8.42812876964772,2.49348991278757
"RSTD","Utility",100,59.17,-210.36,NA,NA,426.72,438.38,0.956703607924283,0.607802340993658,0.252226919062453,0.444160566873295,0.696268506821083,0.108669338996542
"Utility","TD",1,63.33,-199.58,NA,NA,403.16,410.93,0.285107890376821,0.724670132622123,0.340251373728599,0.126024892994023,NA,1.43561604238095
"Utility","TD",2,49.44,-249.53,NA,NA,503.06,510.83,0.950232450617477,0.206436974462122,0.0150155867370438,1.58915811760085e-08,NA,0.364579517394304
"Utility","TD",3,55.28,-221.07,NA,NA,446.14,453.91,0.536011227406561,0.200363578274846,0.179040739512685,0.0455595484550249,NA,1.00568439900399
"Utility","TD",4,55.28,-226.05,NA,NA,456.1,463.87,0.321220333920792,0.649332832079381,0.023038960680549,0.0370589165761128,NA,0.142882495187223
"Utility","TD",5,63.33,-195.25,NA,NA,394.5,402.27,0.525106647517532,0.973066303646192,0.148941134568439,0.229873770306999,NA,0.392999498639256
"Utility","TD",6,89.44,-90.36,NA,NA,184.72,192.49,0.895209939451888,0.943225271301344,0.858314148472046,0.866483074683095,NA,3.35385648889427
"Utility","TD",7,50.56,-249.53,NA,NA,503.06,510.83,0.753931205254048,0.197620301274583,1.20156575226295e-07,1.87343827282503e-08,NA,0.18983699940145
"Utility","TD",8,88.61,-141.09,NA,NA,286.18,293.95,0.0560640415642411,0.783013365231454,0.153234986802637,5.65135885665172,NA,3.41441693140154
"Utility","TD",9,63.06,-200.62,NA,NA,405.24,413.01,0.479448032099754,0.989872474921867,0.402805791117601,0.117429953677131,NA,0.208000437050192
"Utility","TD",10,90.28,-91.44,NA,NA,186.88,194.65,0.711294803768396,0.788163986755535,0.734086375828665,0.918013210190659,NA,2.30973086307261
"Utility","TD",11,84.72,-120.63,NA,NA,245.26,253.03,0.5048349336721,0.797194604296237,0.147049557340213,1.85930677520729,NA,2.5054881726885
"Utility","TD",12,56.94,-213.92,NA,NA,431.84,439.61,0.731893435353413,0.395451756194234,0.0376649788029049,0.060793548536922,NA,0.618170124012977
"Utility","TD",13,61.39,-204.68,NA,NA,413.36,421.13,0.275977379642427,0.511981163173914,0.354741638997369,0.126189661219783,NA,2.39124982816227
"Utility","TD",14,54.72,-226.34,NA,NA,456.68,464.45,0.226354157319292,0.16033569118008,0.0258016216973103,0.0361922007291273,NA,0.894037933978152
"Utility","TD",15,91.67,-105.18,NA,NA,214.36,222.13,0.315573724219576,0.984172471100464,0.311404522976045,1.97357635882594,NA,1.69604673600736
"Utility","TD",16,65.28,-197.04,NA,NA,398.08,405.85,0.540354023920372,0.854036244563758,0.394588152900609,0.144894759431039,NA,0.362152148856662
"Utility","TD",17,56.11,-215.39,NA,NA,434.78,442.55,0.66359161795117,0.0660558908712119,0.0901976674939295,0.0572847342718901,NA,1.97567781611326
"Utility","TD",18,60.28,-206.55,NA,NA,417.1,424.87,0.973287776112556,0.630256613949314,0.317351661694124,0.100574929030106,NA,0.855529390233469
"Utility","TD",19,63.33,-200.87,NA,NA,405.74,413.51,0.340647828998044,0.988910319516435,0.485367951717846,0.121088040073375,NA,0.211397308856249
"Utility","TD",20,57.22,-215.34,NA,NA,434.68,442.45,0.329378831898794,0.0628540490288287,0.0780382979539733,0.0566339399458953,NA,2.33967715737489
"Utility","TD",21,50,-249.53,NA,NA,503.06,510.83,0.285566801903769,0.0508385861758143,6.22605952200706e-07,3.78435069664012e-08,NA,0.410096168983728
"Utility","TD",22,58.89,-213.36,NA,NA,430.72,438.49,0.684979062527418,0.438995202770457,0.436854583595228,0.07261698624823,NA,0.685128960758448
"Utility","TD",23,56.94,-211.6,NA,NA,427.2,434.97,0.529962481698021,0.27115519088693,0.466615826624711,0.068946643734075,NA,2.69503675574873
"Utility","TD",24,57.5,-213.47,NA,NA,430.94,438.71,0.779200294986367,0.728794121881947,0.019684125355705,0.0611427437390451,NA,0.160821524456017
"Utility","TD",25,56.11,-225.69,NA,NA,455.38,463.15,0.0281218434683979,0.533772448310629,0.0229227457522177,0.0367527488331927,NA,0.225168376229703
"Utility","TD",26,57.78,-214.84,NA,NA,433.68,441.45,0.128862570039928,0.17050133110024,0.0698283384462909,0.0570621842041832,NA,1.37515528589011
"Utility","TD",27,85,-109.58,NA,NA,223.16,230.93,0.980796684976667,0.860091791022569,0.886851564377659,0.568690664070148,NA,1.2001721150753
"Utility","TD",28,50,-249.53,NA,NA,503.06,510.83,0.633000507717952,0.959949327167124,0.0106772640469321,1.8081454988844e-08,NA,0.0240202485583723
"Utility","TD",29,60.56,-211.35,NA,NA,426.7,434.47,0.234798390883952,0.4054856733419,0.375928281882939,0.0819477661340755,NA,3.89528230370438
"Utility","TD",30,49.72,-249.53,NA,NA,503.06,510.83,0.319981756620109,0.632078264839947,0.01636343114385,4.21967743364185e-08,NA,0.0559587455590604
"Utility","TD",31,85.83,-126.21,NA,NA,256.42,264.19,0.417691254755482,0.885661983396858,0.147615824079629,1.89711001008505,NA,1.4762263855988
"Utility","TD",32,50.56,-249.53,NA,NA,503.06,510.83,0.119032545015216,0.605491037247702,1.20156575226295e-07,1.87343827282503e-08,NA,0.0459982767437321
"Utility","TD",33,93.89,-85.24,NA,NA,174.48,182.25,0.824352919822559,0.753800751408562,0.642218391057982,1.85899529380985,NA,2.89878896835935
"Utility","TD",34,84.44,-139.47,NA,NA,282.94,290.71,0.080542077543214,0.69156481907703,0.115652978953683,1.51273374272408,NA,3.2510444371212
"Utility","TD",35,58.89,-210.51,NA,NA,425.02,432.79,0.788759883260354,0.407168375095353,0.422384727690874,0.0770114285852348,NA,0.8810732345608
"Utility","TD",36,62.22,-198.15,NA,NA,400.3,408.07,0.960197768406942,0.814909122884274,0.634046435292416,0.129962566764946,NA,0.491239995229989
"Utility","TD",37,49.17,-249.53,NA,NA,503.06,510.83,0.983733647270128,0.387793875532225,0.0311220538642203,1.38281446458364e-08,NA,0.184212701395154
"Utility","TD",38,62.78,-199.66,NA,NA,403.32,411.09,0.640330957481638,0.661732341628522,0.390286657882371,0.120376845020132,NA,1.1015722423634
"Utility","TD",39,73.61,-178.29,NA,NA,360.58,368.35,0.591888564871624,0.781977394130081,0.490024689463478,0.397263140563648,NA,1.17335850927503
"Utility","TD",40,62.22,-200.81,NA,NA,405.62,413.39,0.185236022341996,0.927017299691215,0.285238696313806,0.136033385593396,NA,0.406216487288475
"Utility","TD",41,61.39,-205.87,NA,NA,415.74,423.51,0.5952471755445,0.540940156206489,0.303485867572481,0.126678940204697,NA,1.71158919288757
"Utility","TD",42,50.28,-249.53,NA,NA,503.06,510.83,0.265401779906824,0.195171546889469,1.20156575226295e-07,1.87343827282503e-08,NA,0.226954524639678
"Utility","TD",43,50.83,-249.53,NA,NA,503.06,510.83,0.604935176437721,0.398145136190578,1.20156575226295e-07,1.87343827282503e-08,NA,0.0485801249742508
"Utility","TD",44,59.72,-206.88,NA,NA,417.76,425.53,0.470244030002505,0.685449249343947,0.321477208689968,0.0959437520228753,NA,0.648697707336396
"Utility","TD",45,55,-220.93,NA,NA,445.86,453.63,0.371720403432846,0.503097830805928,0.136347876501647,0.0455496465937887,NA,0.322839245665818
"Utility","TD",46,49.44,-249.53,NA,NA,503.06,510.83,0.361050225095823,0.370053818682209,0.0213777257786403,2.10246870475756e-08,NA,0.173567070005157
"Utility","TD",47,88.61,-106.85,NA,NA,217.7,225.47,0.594613759312779,0.789667062694207,0.739173346268969,0.896547234849358,NA,2.04544003671947
"Utility","TD",48,54.44,-228.76,NA,NA,461.52,469.29,0.628910263301805,0.0369398219045252,0.55194664048623,0.0330429535568507,NA,1.35408596597136
"Utility","TD",49,63.33,-199.78,NA,NA,403.56,411.33,0.254382238723338,0.857857148861513,0.446123215237053,0.0841866552267373,NA,0.936107955831003
"Utility","TD",50,61.67,-206.01,NA,NA,416.02,423.79,0.629901704145595,0.59963444317691,0.308375397235189,0.125130955156845,NA,1.13030682034315
"Utility","TD",51,60,-209.47,NA,NA,422.94,430.71,0.958562755258754,0.446684151422232,0.401374866769299,0.0799297024694208,NA,1.46860518856885
"Utility","TD",52,61.94,-199.33,NA,NA,402.66,410.43,0.378760501742363,0.716149265645072,0.304795069315189,0.130024902920648,NA,1.1838285959837
"Utility","TD",53,56.11,-222.77,NA,NA,449.54,457.31,0.843001339351758,0.428967847023159,0.719529788798084,0.0435376055976321,NA,0.430095953866839
"Utility","TD",54,83.61,-147.14,NA,NA,298.28,306.05,0.111280993092805,0.926345025887713,0.0783522376297155,2.14246438894239,NA,1.52358875974062
"Utility","TD",55,90.83,-119.17,NA,NA,242.34,250.11,0.231767056509852,0.779834397835657,0.187510068157669,2.94701419077957,NA,3.55762586234994
"Utility","TD",56,83.33,-166.68,NA,NA,337.36,345.13,0.386252531083301,0.815260800998658,0.138117004595394,1.9595370907803,NA,1.64474068483968
"Utility","TD",57,54.44,-234.87,NA,NA,473.74,481.51,0.6529874894768,0.670282299863175,0.235384702713015,0.0269194419492923,NA,0.116263606119901
"Utility","TD",58,54.17,-230.83,NA,NA,465.66,473.43,0.560497718863189,0.274772666627541,0.219758872235076,0.0287893375746481,NA,0.529099578669097
"Utility","TD",59,59.72,-207.13,NA,NA,418.26,426.03,0.597106330329552,0.589335348224267,0.353532648567735,0.0869055977432811,NA,0.931611171881569
"Utility","TD",60,83.06,-128.49,NA,NA,260.98,268.75,0.987134294584394,0.800411853706464,0.828796999373451,0.518610925720341,NA,1.29764714087815
"Utility","TD",61,49.72,-249.53,NA,NA,503.06,510.83,0.718285634880885,0.565618214197457,0.0271226858425016,2.95077090122311e-08,NA,0.0649159974418581
"Utility","TD",62,60.28,-209.9,NA,NA,423.8,431.57,0.125127220060676,0.773224814096466,0.0886831927352386,0.108911203377356,NA,0.583291862625629
"Utility","TD",63,51.11,-249.53,NA,NA,503.06,510.83,0.499009405029938,0.0988319513853639,5.1365520595095e-09,8.76868759857628e-08,NA,0.092432988807559
"Utility","TD",64,59.44,-210.34,NA,NA,424.68,432.45,0.333673485321924,0.454882015939802,0.382967371871092,0.0806921022898811,NA,2.70696423376415
"Utility","TD",65,50.83,-249.53,NA,NA,503.06,510.83,0.810415166895837,0.0187283449340612,1.20156575226295e-07,1.87343827282503e-08,NA,0.165121834239408
"Utility","TD",66,54.17,-234.81,NA,NA,473.62,481.39,0.461979309096932,0.296923782210797,0.203963419966157,0.0270985925020438,NA,0.458040716126561
"Utility","TD",67,50.56,-249.53,NA,NA,503.06,510.83,0.285626433324069,0.528872283641249,0.00843365327016162,6.93104479093968e-08,NA,0.147296045374405
"Utility","TD",68,59.17,-210.83,NA,NA,425.66,433.43,0.732509626774117,0.600311974063516,0.621046259930996,0.0575321924751713,NA,0.449271724574598
"Utility","TD",69,58.61,-210.48,NA,NA,424.96,432.73,0.977929984452203,0.529096166603267,0.407660185489814,0.0759681710499558,NA,0.751786146880371
"Utility","TD",70,49.72,-249.53,NA,NA,503.06,510.83,0.98177181975916,0.159414226887748,0.0230188858943447,4.82855138477844e-08,NA,0.477379389107227
"Utility","TD",71,50.83,-249.53,NA,NA,503.06,510.83,0.922829337418079,0.366323065012693,1.20156575226295e-07,1.87343827282503e-08,NA,0.0864430760253218
"Utility","TD",72,56.11,-218.57,NA,NA,441.14,448.91,0.437475311337039,0.144657690776512,0.113612307360448,0.0511506439539283,NA,1.51204245735464
"Utility","TD",73,85.28,-135.44,NA,NA,274.88,282.65,0.0812403932213783,0.858433880610391,0.0821180195359192,2.87314280721307,NA,1.57674626609245
"Utility","TD",74,51.11,-249.53,NA,NA,503.06,510.83,0.769064010120928,0.423705151304603,1.86440147775778e-07,1.15605534016878e-08,NA,0.0550090870819986
"Utility","TD",75,51.11,-249.53,NA,NA,503.06,510.83,0.27233505435288,0.0992442343849689,2.73286359770258e-07,1.07475114676337e-07,NA,0.0195726837949201
"Utility","TD",76,58.06,-210.83,NA,NA,425.66,433.43,0.714246998308226,0.356464033480734,0.406610088368093,0.0771461911670398,NA,1.33508190601589
"Utility","TD",77,61.11,-204.08,NA,NA,412.16,419.93,0.165105299558491,0.62026000325568,0.326281384356447,0.12426556874622,NA,2.11759630225509
"Utility","TD",78,60,-205.39,NA,NA,414.78,422.55,0.948594216490164,0.818483957787976,0.330264605067207,0.0991001914823732,NA,0.400698857048743
"Utility","TD",79,49.72,-249.53,NA,NA,503.06,510.83,0.641159480903298,0.713674181839451,0.0271226858425016,2.95077090122311e-08,NA,0.0414828715044559
"Utility","TD",80,84.72,-127.76,NA,NA,259.52,267.29,0.602592710871249,0.798923129681498,0.63531205536753,0.694979831730945,NA,1.65777598732141
"Utility","TD",81,84.72,-114.12,NA,NA,232.24,240.01,0.0268326783552766,0.983408806612715,0.0377135483776825,2.00137450239437,NA,1.42827125892359
"Utility","TD",82,51.11,-249.53,NA,NA,503.06,510.83,0.390374890295789,0.210965643869713,5.1365520595095e-09,8.76868759857628e-08,NA,0.0709301116876304
"Utility","TD",83,50,-249.53,NA,NA,503.06,510.83,0.909624356776476,0.0655163209885359,0.0407255629662673,7.534023884624e-09,NA,0.479556284306279
"Utility","TD",84,82.78,-125.79,NA,NA,255.58,263.35,0.894585720263422,0.928069569170475,0.833709097846267,0.541168728927647,NA,0.784675157586944
"Utility","TD",85,56.94,-214.97,NA,NA,433.94,441.71,0.16712597804144,0.591124507132918,0.0912448323095448,0.0570245696159604,NA,0.76918393555553
"Utility","TD",86,50.83,-249.53,NA,NA,503.06,510.83,0.0963515317998827,0.187938303221017,1.20156575226295e-07,1.87343827282503e-08,NA,0.16646143142134
"Utility","TD",87,94.17,-74.9,NA,NA,153.8,161.57,0.812582350103185,0.879132093861699,0.752932224187158,1.37874606363443,NA,4.4038753097219
"Utility","TD",88,53.89,-225.96,NA,NA,455.92,463.69,0.448961209738627,0.690639521926641,0.0249140755954305,0.0367905435168689,NA,0.123227803417321
"Utility","TD",89,55.83,-214.31,NA,NA,432.62,440.39,0.352596259210259,0.519048273330554,0.168862460731455,0.0582915781867218,NA,0.771270071114314
"Utility","TD",90,58.06,-212.18,NA,NA,428.36,436.13,0.7131295024883,0.112127762287855,0.402542281992706,0.0766562257310516,NA,3.4174234716404
"Utility","TD",91,50.28,-249.53,NA,NA,503.06,510.83,0.102771484525874,0.0985191510990262,1.20156575226295e-07,1.87343827282503e-08,NA,0.348240172024816
"Utility","TD",92,55,-232.97,NA,NA,469.94,477.71,0.14997310237959,0.461772011825815,0.0211211439726249,0.0296432482019749,NA,0.261333189609714
"Utility","TD",93,62.22,-202.1,NA,NA,408.2,415.97,0.435881547397003,0.7804279406555,0.249749823579763,0.147674358105795,NA,0.681397345848382
"Utility","TD",94,90.28,-79.21,NA,NA,162.42,170.19,0.975024477113038,0.799848798895255,0.90572999413456,0.866984964912194,NA,4.33281822849937
"Utility","TD",95,58.06,-210.19,NA,NA,424.38,432.15,0.723246149485931,0.623378630494699,0.407740029937848,0.0760460076395267,NA,0.45622572209686
"Utility","TD",96,55,-220.97,NA,NA,445.94,453.71,0.323681306792423,0.444453429430723,0.150072647234653,0.0452078454792154,NA,0.446843124460429
"Utility","TD",97,50.28,-249.53,NA,NA,503.06,510.83,0.521510650403798,0.40949847153388,0.00704835142285615,3.44962222587015e-08,NA,0.118169202112595
"Utility","TD",98,63.89,-197.35,NA,NA,398.7,406.47,0.418908317107707,0.978637758642435,0.452786110842108,0.121938817957611,NA,0.211078092921525
"Utility","TD",99,60.83,-206.82,NA,NA,417.64,425.41,0.78953983867541,0.418743934947997,0.295355340514008,0.120222559724819,NA,2.49348991278757
"Utility","TD",100,50.28,-249.53,NA,NA,503.06,510.83,0.956703607924283,0.607802340993658,0.446315782926784,4.80376977374953e-09,NA,0.108669338996542
"Utility","RSTD",1,72.22,-178.11,NA,NA,362.22,373.88,0.285107890376821,0.724670132622123,0.489982956595097,0.15684064415559,0.392079723198277,1.43561604238095
"Utility","RSTD",2,49.44,-249.53,NA,NA,505.06,516.72,0.950232450617477,0.206436974462122,0.0760275074485124,0.685308737221627,1.57123879174853e-08,0.364579517394304
"Utility","RSTD",3,56.11,-220.94,NA,NA,447.88,459.54,0.536011227406561,0.200363578274846,0.197986783579458,0.102902602042281,0.0413531018682435,1.00568439900399
"Utility","RSTD",4,55.28,-226.06,NA,NA,458.12,469.78,0.321220333920792,0.649332832079381,0.028022467076459,0.0236068169638099,0.0383973282564024,0.142882495187223
"Utility","RSTD",5,63.61,-190.44,NA,NA,386.88,398.54,0.525106647517532,0.973066303646192,0.262235319991952,0.182157328252404,0.233213107623961,0.392999498639256
"Utility","RSTD",6,93.06,-91.87,NA,NA,189.74,201.4,0.895209939451888,0.943225271301344,0.555068633839652,0.818625101707767,1.39892966835838,3.35385648889427
"Utility","RSTD",7,50.56,-249.53,NA,NA,505.06,516.72,0.753931205254048,0.197620301274583,0.0233547195290484,0.11261489652855,4.12037652197254e-08,0.18983699940145
"Utility","RSTD",8,89.17,-109.72,NA,NA,225.44,237.1,0.0560640415642411,0.783013365231454,0.21256509320247,0.165484178944975,1.6390055435987,3.41441693140154
"Utility","RSTD",9,62.5,-199.55,NA,NA,405.1,416.76,0.479448032099754,0.989872474921867,0.333098511323531,0.219760524926731,0.132836624332937,0.208000437050192
"Utility","RSTD",10,92.5,-103.2,NA,NA,212.4,224.06,0.711294803768396,0.788163986755535,0.50311293858341,0.711902603254882,1.89822123124028,2.30973086307261
"Utility","RSTD",11,85,-124.25,NA,NA,254.5,266.16,0.5048349336721,0.797194604296237,0.999997676094981,0.53913686893228,0.726190111898071,2.5054881726885
"Utility","RSTD",12,56.94,-214.14,NA,NA,434.28,445.94,0.731893435353413,0.395451756194234,0.188001642783222,0.142090315330224,0.0582819618730611,0.618170124012977
"Utility","RSTD",13,66.39,-184.49,NA,NA,374.98,386.64,0.275977379642427,0.511981163173914,0.90610496372335,0.25983127489122,0.139217416538213,2.39124982816227
"Utility","RSTD",14,55,-227.07,NA,NA,460.14,471.8,0.226354157319292,0.16033569118008,0.177575125628467,0.303862800565612,0.0385201354299986,0.894037933978152
"Utility","RSTD",15,91.94,-109.01,NA,NA,224.02,235.68,0.315573724219576,0.984172471100464,0.401732233050181,0.39336536147313,2.49788804022012,1.69604673600736
"Utility","RSTD",16,65.83,-197.26,NA,NA,400.52,412.18,0.540354023920372,0.854036244563758,0.617118446048651,0.516510368739,0.158519449467995,0.362152148856662
"Utility","RSTD",17,55.83,-215.35,NA,NA,436.7,448.36,0.66359161795117,0.0660558908712119,0.205415735448616,0.139656913122946,0.0514500865876033,1.97567781611326
"Utility","RSTD",18,60.28,-206.37,NA,NA,418.74,430.4,0.973287776112556,0.630256613949314,0.282571380697068,0.175269595528823,0.106950760208216,0.855529390233469
"Utility","RSTD",19,62.78,-199.14,NA,NA,404.28,415.94,0.340647828998044,0.988910319516435,0.313626820770173,0.180699411961927,0.136104615201662,0.211397308856249
"Utility","RSTD",20,57.78,-215.75,NA,NA,437.5,449.16,0.329378831898794,0.0628540490288287,0.190838340030345,0.37319915560507,0.063354359440477,2.33967715737489
"Utility","RSTD",21,50,-249.53,NA,NA,505.06,516.72,0.285566801903769,0.0508385861758143,0.0385690422527731,0.654262700730185,1.30516210920711e-08,0.410096168983728
"Utility","RSTD",22,58.33,-212.32,NA,NA,430.64,442.3,0.684979062527418,0.438995202770457,0.29915559166281,0.122049708403174,0.0606888502157149,0.685128960758448
"Utility","RSTD",23,56.94,-209.08,NA,NA,424.16,435.82,0.529962481698021,0.27115519088693,0.557643690065355,0.157935306451258,0.0620391208799351,2.69503675574873
"Utility","RSTD",24,58.06,-213.67,NA,NA,433.34,445,0.779200294986367,0.728794121881947,0.463939712898832,0.679786133393914,0.0535398210983964,0.160821524456017
"Utility","RSTD",25,56.39,-225.85,NA,NA,457.7,469.36,0.0281218434683979,0.533772448310629,0.08459375750579,0.0742790477741906,0.0379686597508933,0.225168376229703
"Utility","RSTD",26,58.61,-215.8,NA,NA,437.6,449.26,0.128862570039928,0.17050133110024,0.320477346035499,0.616393675453646,0.0580260336632382,1.37515528589011
"Utility","RSTD",27,85.83,-110.99,NA,NA,227.98,239.64,0.980796684976667,0.860091791022569,0.598300302111038,0.784974736261822,0.631149522357813,1.2001721150753
"Utility","RSTD",28,50,-249.53,NA,NA,505.06,516.72,0.633000507717952,0.959949327167124,0.048296221201408,0.133109226138051,7.32593639648956e-08,0.0240202485583723
"Utility","RSTD",29,66.67,-187.91,NA,NA,381.82,393.48,0.234798390883952,0.4054856733419,0.824325785369163,0.0832269856526341,0.0901363896687881,3.89528230370438
"Utility","RSTD",30,49.72,-249.53,NA,NA,505.06,516.72,0.319981756620109,0.632078264839947,0.440933015239493,0.946449464845272,1.8415704724164e-08,0.0559587455590604
"Utility","RSTD",31,78.89,-139.86,NA,NA,285.72,297.38,0.417691254755482,0.885661983396858,0.611830934789854,0.335460183847825,0.555396379886569,1.4762263855988
"Utility","RSTD",32,50.56,-249.53,NA,NA,505.06,516.72,0.119032545015216,0.605491037247702,0.0507843164132725,0.999260474357009,3.16694708432512e-08,0.0459982767437321
"Utility","RSTD",33,93.89,-85.7,NA,NA,177.4,189.06,0.824352919822559,0.753800751408562,0.999999944049086,0.787876860004751,1.71963765233937,2.89878896835935
"Utility","RSTD",34,82.78,-139.17,NA,NA,284.34,296,0.080542077543214,0.69156481907703,0.486104214623251,0.244517274929953,0.664397733000183,3.2510444371212
"Utility","RSTD",35,59.17,-210.46,NA,NA,426.92,438.58,0.788759883260354,0.407168375095353,0.313376628789078,0.205222116835952,0.0990112922979926,0.8810732345608
"Utility","RSTD",36,62.22,-196.76,NA,NA,399.52,411.18,0.960197768406942,0.814909122884274,0.351828341805936,0.322152008131556,0.143848392333403,0.491239995229989
"Utility","RSTD",37,49.17,-249.53,NA,NA,505.06,516.72,0.983733647270128,0.387793875532225,0.0466831679831347,0.286483955379664,6.632136864696e-08,0.184212701395154
"Utility","RSTD",38,62.5,-194.72,NA,NA,395.44,407.1,0.640330957481638,0.661732341628522,0.518167611718546,0.218010187912065,0.122215015821813,1.1015722423634
"Utility","RSTD",39,77.78,-170.51,NA,NA,347.02,358.68,0.591888564871624,0.781977394130081,0.753640168065973,0.523580856942528,0.532925960321738,1.17335850927503
"Utility","RSTD",40,63.89,-185.3,NA,NA,376.6,388.26,0.185236022341996,0.927017299691215,0.279763032821453,0.0983601913860564,0.198080929303285,0.406216487288475
"Utility","RSTD",41,60.83,-203.51,NA,NA,413.02,424.68,0.5952471755445,0.540940156206489,0.340362792092464,0.155296307291428,0.116389658394025,1.71158919288757
"Utility","RSTD",42,50.28,-249.53,NA,NA,505.06,516.72,0.265401779906824,0.195171546889469,0.0556658054375944,0.836020114988842,4.2723141891875e-08,0.226954524639678
"Utility","RSTD",43,50.83,-249.53,NA,NA,505.06,516.72,0.604935176437721,0.398145136190578,0.0085838951953475,0.659465225673541,1.09717101128584e-07,0.0485801249742508
"Utility","RSTD",44,60,-205.63,NA,NA,417.26,428.92,0.470244030002505,0.685449249343947,0.355022454526468,0.223000745266,0.0995111297582318,0.648697707336396
"Utility","RSTD",45,55,-221.91,NA,NA,449.82,461.48,0.371720403432846,0.503097830805928,0.279707525658938,0.411797920386062,0.0525853931874164,0.322839245665818
"Utility","RSTD",46,49.44,-249.53,NA,NA,505.06,516.72,0.361050225095823,0.370053818682209,0.0634766773553523,0.0826249615463547,1.11255141620855e-08,0.173567070005157
"Utility","RSTD",47,90.83,-129.28,NA,NA,264.56,276.22,0.594613759312779,0.789667062694207,0.178907634772544,0.384568413321448,7.52265841628261,2.04544003671947
"Utility","RSTD",48,54.72,-228.72,NA,NA,463.44,475.1,0.628910263301805,0.0369398219045252,0.380286800144151,0.217992358061772,0.0341096943684775,1.35408596597136
"Utility","RSTD",49,71.11,-174.2,NA,NA,354.4,366.06,0.254382238723338,0.857857148861513,0.513628487625233,0.255205811355574,0.286077917079513,0.936107955831003
"Utility","RSTD",50,61.11,-204.77,NA,NA,415.54,427.2,0.629901704145595,0.59963444317691,0.393858628978495,0.239788832031205,0.110487584622786,1.13030682034315
"Utility","RSTD",51,60.28,-210.01,NA,NA,426.02,437.68,0.958562755258754,0.446684151422232,0.31849313532091,0.237937798108029,0.114295879892235,1.46860518856885
"Utility","RSTD",52,62.5,-190.18,NA,NA,386.36,398.02,0.378760501742363,0.716149265645072,0.35398572071183,0.15572035065633,0.16347223537635,1.1838285959837
"Utility","RSTD",53,55.83,-223.1,NA,NA,452.2,463.86,0.843001339351758,0.428967847023159,0.648392275663391,0.831512616439663,0.042261161347208,0.430095953866839
"Utility","RSTD",54,81.39,-133.06,NA,NA,272.12,283.78,0.111280993092805,0.926345025887713,0.548709458498062,0.214177439513532,0.541941821377838,1.52358875974062
"Utility","RSTD",55,82.78,-125.52,NA,NA,257.04,268.7,0.231767056509852,0.779834397835657,0.484131429198096,0.174194660972959,0.588002804121919,3.55762586234994
"Utility","RSTD",56,73.89,-155.49,NA,NA,316.98,328.64,0.386252531083301,0.815260800998658,0.521580677892974,0.275448089473966,0.42320079093377,1.64474068483968
"Utility","RSTD",57,49.44,-249.53,NA,NA,505.06,516.72,0.6529874894768,0.670282299863175,0.101303959073469,0.407757118716055,4.5918119283319e-08,0.116263606119901
"Utility","RSTD",58,53.61,-231.53,NA,NA,469.06,480.72,0.560497718863189,0.274772666627541,0.307482116203083,0.373307400256293,0.0305702158825258,0.529099578669097
"Utility","RSTD",59,60,-205.86,NA,NA,417.72,429.38,0.597106330329552,0.589335348224267,0.412187844868635,0.216904374274939,0.0971873615441556,0.931611171881569
"Utility","RSTD",60,83.06,-128.73,NA,NA,263.46,275.12,0.987134294584394,0.800411853706464,0.88031300273235,0.823969776560377,0.522735726899266,1.29764714087815
"Utility","RSTD",61,49.72,-249.53,NA,NA,505.06,516.72,0.718285634880885,0.565618214197457,0.0151551002070845,0.311598587019904,1.48366639774463e-08,0.0649159974418581
"Utility","RSTD",62,58.89,-210.28,NA,NA,426.56,438.22,0.125127220060676,0.773224814096466,0.134403778781509,0.160614135878213,0.064946720579703,0.583291862625629
"Utility","RSTD",63,51.11,-249.53,NA,NA,505.06,516.72,0.499009405029938,0.0988319513853639,0.0216150736784693,0.142789597230339,4.34802362991594e-08,0.092432988807559
"Utility","RSTD",64,63.89,-191.24,NA,NA,388.48,400.14,0.333673485321924,0.454882015939802,0.985043903343102,0.127494697840655,0.0860989749280145,2.70696423376415
"Utility","RSTD",65,50.83,-249.53,NA,NA,505.06,516.72,0.810415166895837,0.0187283449340612,0.0085838951953475,0.659465225673541,1.09717101128584e-07,0.165121834239408
"Utility","RSTD",66,48.89,-249.53,NA,NA,505.06,516.72,0.461979309096932,0.296923782210797,0.0247512353175087,0.787974298273292,1.50927177121181e-08,0.458040716126561
"Utility","RSTD",67,50.56,-249.53,NA,NA,505.06,516.72,0.285626433324069,0.528872283641249,0.14994968412067,0.335998645405801,3.42261723843175e-08,0.147296045374405
"Utility","RSTD",68,57.78,-210.74,NA,NA,427.48,439.14,0.732509626774117,0.600311974063516,0.317382560394228,0.133327676570225,0.0643632169994038,0.449271724574598
"Utility","RSTD",69,60,-210.45,NA,NA,426.9,438.56,0.977929984452203,0.529096166603267,0.39385353998696,0.274499837238053,0.0855161988976254,0.751786146880371
"Utility","RSTD",70,49.72,-249.53,NA,NA,505.06,516.72,0.98177181975916,0.159414226887748,0.177525568381218,0.991507989804395,6.22368880581265e-08,0.477379389107227
"Utility","RSTD",71,50.83,-249.53,NA,NA,505.06,516.72,0.922829337418079,0.366323065012693,0.0198232497287617,0.744608120367095,1.60076940028139e-08,0.0864430760253218
"Utility","RSTD",72,56.39,-218.06,NA,NA,442.12,453.78,0.437475311337039,0.144657690776512,0.127482192756457,0.0428856618826128,0.0547211599932344,1.51204245735464
"Utility","RSTD",73,78.33,-150.82,NA,NA,307.64,319.3,0.0812403932213783,0.858433880610391,0.328443502411992,0.177489806662557,0.479351549533231,1.57674626609245
"Utility","RSTD",74,51.11,-249.53,NA,NA,505.06,516.72,0.769064010120928,0.423705151304603,0.0198489941739742,0.744722468984302,1.55872651403892e-08,0.0550090870819986
"Utility","RSTD",75,51.11,-249.53,NA,NA,505.06,516.72,0.27233505435288,0.0992442343849689,0.0298268057310618,0.142491228519529,8.67093966139046e-08,0.0195726837949201
"Utility","RSTD",76,59.17,-210.59,NA,NA,427.18,438.84,0.714246998308226,0.356464033480734,0.352841963844719,0.227160135390937,0.086321025796053,1.33508190601589
"Utility","RSTD",77,67.22,-175.68,NA,NA,357.36,369.02,0.165105299558491,0.62026000325568,0.918612256517525,0.129536461335203,0.111974827785333,2.11759630225509
"Utility","RSTD",78,60.83,-205.15,NA,NA,416.3,427.96,0.948594216490164,0.818483957787976,0.398486396115837,0.35917280585364,0.114109374961502,0.400698857048743
"Utility","RSTD",79,49.72,-249.53,NA,NA,505.06,516.72,0.641159480903298,0.713674181839451,0.0151551002070845,0.311598587019904,1.48366639774463e-08,0.0414828715044559
"Utility","RSTD",80,88.06,-129.16,NA,NA,264.32,275.98,0.602592710871249,0.798923129681498,0.83255184503746,0.710348040160883,0.979560419536347,1.65777598732141
"Utility","RSTD",81,78.89,-115.29,NA,NA,236.58,248.24,0.0268326783552766,0.983408806612715,0.0270244506697653,0.0122952097825865,0.63641162531675,1.42827125892359
"Utility","RSTD",82,51.11,-249.53,NA,NA,505.06,516.72,0.390374890295789,0.210965643869713,0.0216150736784693,0.142789597230339,4.34802362991594e-08,0.0709301116876304
"Utility","RSTD",83,50,-249.53,NA,NA,505.06,516.72,0.909624356776476,0.0655163209885359,0.0210387810938519,0.880674511865811,4.20999710623855e-08,0.479556284306279
"Utility","RSTD",84,85.28,-139.31,NA,NA,284.62,296.28,0.894585720263422,0.928069569170475,0.536579156611621,0.802732063301007,0.812277651352716,0.784675157586944
"Utility","RSTD",85,56.11,-215.07,NA,NA,436.14,447.8,0.16712597804144,0.591124507132918,0.160650800178647,0.17541975599888,0.0573211696562231,0.76918393555553
"Utility","RSTD",86,50.83,-249.53,NA,NA,505.06,516.72,0.0963515317998827,0.187938303221017,0.0461736918029823,0.806274037893399,4.37221892617024e-08,0.16646143142134
"Utility","RSTD",87,94.17,-77.66,NA,NA,161.32,172.98,0.812582350103185,0.879132093861699,0.465267953489845,0.728048278031415,3.03099372984066,4.4038753097219
"Utility","RSTD",88,53.61,-226.97,NA,NA,459.94,471.6,0.448961209738627,0.690639521926641,0.373000966149699,0.343902443112875,0.0410928943197626,0.123227803417321
"Utility","RSTD",89,56.39,-214.69,NA,NA,435.38,447.04,0.352596259210259,0.519048273330554,0.225518926741775,0.332971869205827,0.0698142735158375,0.771270071114314
"Utility","RSTD",90,57.78,-212.09,NA,NA,430.18,441.84,0.7131295024883,0.112127762287855,0.451930849224628,0.324771801811281,0.0741142228564567,3.4174234716404
"Utility","RSTD",91,50.28,-249.53,NA,NA,505.06,516.72,0.102771484525874,0.0985191510990262,0.0556658054375944,0.836020114988842,4.2723141891875e-08,0.348240172024816
"Utility","RSTD",92,55.28,-234.33,NA,NA,474.66,486.32,0.14997310237959,0.461772011825815,0.856664277432862,0.613222200388177,0.0256118281964941,0.261333189609714
"Utility","RSTD",93,62.5,-198.66,NA,NA,403.32,414.98,0.435881547397003,0.7804279406555,0.277066218913761,0.154122548518085,0.164407308208319,0.681397345848382
"Utility","RSTD",94,94.44,-73.9,NA,NA,153.8,165.46,0.975024477113038,0.799848798895255,0.360980002706431,0.780995817022822,1.51845394906377,4.33281822849937
"Utility","RSTD",95,60.28,-211.99,NA,NA,429.98,441.64,0.723246149485931,0.623378630494699,0.326886351628882,0.307656521786315,0.118134649827269,0.45622572209686
"Utility","RSTD",96,55,-221.11,NA,NA,448.22,459.88,0.323681306792423,0.444453429430723,0.178562221251805,0.273270605347306,0.0482159414875699,0.446843124460429
"Utility","RSTD",97,50.28,-249.53,NA,NA,505.06,516.72,0.521510650403798,0.40949847153388,0.0373990111757745,0.265638226882872,3.92623567311464e-08,0.118169202112595
"Utility","RSTD",98,63.61,-197.77,NA,NA,401.54,413.2,0.418908317107707,0.978637758642435,0.292914524087143,0.236345470602207,0.157855750259949,0.211078092921525
"Utility","RSTD",99,60,-206.09,NA,NA,418.18,429.84,0.78953983867541,0.418743934947997,0.331767502921368,0.216929792385029,0.124926032073559,2.49348991278757
"Utility","RSTD",100,50.28,-249.53,NA,NA,505.06,516.72,0.956703607924283,0.607802340993658,0.173085517102941,0.0778531097960551,7.24460927630048e-08,0.108669338996542
"Utility","Utility",1,60,-206.53,NA,NA,419.06,430.72,0.285107890376821,0.724670132622123,0.412859461194036,0.373677376456711,1.03338368690496,1.43561604238095
"Utility","Utility",2,49.44,-249.53,NA,NA,505.06,516.72,0.950232450617477,0.206436974462122,0.0723375858597349,0.094446898722969,3.35285273118577e-08,0.364579517394304
"Utility","Utility",3,57.5,-219.59,NA,NA,445.18,456.84,0.536011227406561,0.200363578274846,0.106435287996626,4.18866540664589e-10,1.78374570251945,1.00568439900399
"Utility","Utility",4,56.67,-225.62,NA,NA,457.24,468.9,0.321220333920792,0.649332832079381,4.41032868543444e-07,0.104307295836474,0.92455981964588,0.142882495187223
"Utility","Utility",5,61.94,-204.77,NA,NA,415.54,427.2,0.525106647517532,0.973066303646192,0.000778255418380054,0.622621802561529,0.776629008424662,0.392999498639256
"Utility","Utility",6,89.44,-91.9,NA,NA,189.8,201.46,0.895209939451888,0.943225271301344,0.932374870650467,0.61556235313614,5.24799713233368,3.35385648889427
"Utility","Utility",7,50.56,-249.53,NA,NA,505.06,516.72,0.753931205254048,0.197620301274583,0.702801225629571,0.161076955042375,4.94900154836037e-08,0.18983699940145
"Utility","Utility",8,89.44,-114.52,NA,NA,235.04,246.7,0.0560640415642411,0.783013365231454,0.226096371613151,0.621500535062855,9.27977479628442,3.41441693140154
"Utility","Utility",9,61.39,-205.24,NA,NA,416.48,428.14,0.479448032099754,0.989872474921867,0.47249637253977,0.404869338255448,0.719367883564552,0.208000437050192
"Utility","Utility",10,90.28,-91.69,NA,NA,189.38,201.04,0.711294803768396,0.788163986755535,0.881622491023552,0.51025537099507,9.78091049223978,2.30973086307261
"Utility","Utility",11,82.5,-137.37,NA,NA,280.74,292.4,0.5048349336721,0.797194604296237,0.594350338677981,0.688335186345825,3.22472381334839,2.5054881726885
"Utility","Utility",12,58.61,-212.74,NA,NA,431.48,443.14,0.731893435353413,0.395451756194234,7.61891397895636e-08,9.73571650765732e-07,3.40433311826618,0.618170124012977
"Utility","Utility",13,59.72,-203.76,NA,NA,413.52,425.18,0.275977379642427,0.511981163173914,0.433047245137257,0.385542984271947,0.848216175138263,2.39124982816227
"Utility","Utility",14,56.39,-225.72,NA,NA,457.44,469.1,0.226354157319292,0.16033569118008,3.27456007650686e-06,7.1574025979554e-08,1.2468199985476,0.894037933978152
"Utility","Utility",15,91.94,-104.99,NA,NA,215.98,227.64,0.315573724219576,0.984172471100464,0.521614716606915,0.677148955549748,7.0597567368799,1.69604673600736
"Utility","Utility",16,65,-198.14,NA,NA,402.28,413.94,0.540354023920372,0.854036244563758,0.523088878198352,0.652245580392328,0.733492911958148,0.362152148856662
"Utility","Utility",17,58.06,-212.3,NA,NA,430.6,442.26,0.66359161795117,0.0660558908712119,0.00183175136378142,5.62762746468953e-08,7.11203611763846,1.97567781611326
"Utility","Utility",18,58.33,-211.58,NA,NA,429.16,440.82,0.973287776112556,0.630256613949314,1.84958190857469e-06,0.435194272227039,0.88698264354791,0.855529390233469
"Utility","Utility",19,61.11,-205.33,NA,NA,416.66,428.32,0.340647828998044,0.988910319516435,0.440056163699961,0.383104824089121,0.856234964068024,0.211397308856249
"Utility","Utility",20,58.89,-212.43,NA,NA,430.86,442.52,0.329378831898794,0.0628540490288287,0.053879372475281,0.023662223197187,1.99656271370807,2.33967715737489
"Utility","Utility",21,50,-249.53,NA,NA,505.06,516.72,0.285566801903769,0.0508385861758143,0.540921023842882,0.430491925079216,3.68499886935581e-08,0.410096168983728
"Utility","Utility",22,60.83,-211.77,NA,NA,429.54,441.2,0.684979062527418,0.438995202770457,0.297225471696431,0.0271462618968108,2.2570077476632,0.685128960758448
"Utility","Utility",23,59.17,-207.3,NA,NA,420.6,432.26,0.529962481698021,0.27115519088693,0.39427468249473,2.45921917716148e-07,3.51638900074145,2.69503675574873
"Utility","Utility",24,58.33,-212.71,NA,NA,431.42,443.08,0.779200294986367,0.728794121881947,8.42452325426209e-07,0.0583729008617053,2.49858822803553,0.160821524456017
"Utility","Utility",25,57.78,-225.89,NA,NA,457.78,469.44,0.0281218434683979,0.533772448310629,0.0443485751456955,0.31379391591056,0.447252577732714,0.225168376229703
"Utility","Utility",26,59.72,-212.4,NA,NA,430.8,442.46,0.128862570039928,0.17050133110024,0.0262143538191574,0.128634692120839,1.74349479834757,1.37515528589011
"Utility","Utility",27,85.28,-109.72,NA,NA,225.44,237.1,0.980796684976667,0.860091791022569,0.938917759723747,0.522991536294248,6.19718580639994,1.2001721150753
"Utility","Utility",28,50,-249.53,NA,NA,505.06,516.72,0.633000507717952,0.959949327167124,1.40351869384431e-06,0.681192616703876,3.35116623071357e-08,0.0240202485583723
"Utility","Utility",29,63.61,-186.74,NA,NA,379.48,391.14,0.234798390883952,0.4054856733419,0.147478398380001,0.140410452950366,6.62301556408462,3.89528230370438
"Utility","Utility",30,49.72,-249.53,NA,NA,505.06,516.72,0.319981756620109,0.632078264839947,0.930804841962304,0.118276376373546,1.62512868543788e-08,0.0559587455590604
"Utility","Utility",31,72.78,-171.35,NA,NA,348.7,360.36,0.417691254755482,0.885661983396858,0.758235154453446,0.546480614134895,3.14275867337226,1.4762263855988
"Utility","Utility",32,50.56,-249.53,NA,NA,505.06,516.72,0.119032545015216,0.605491037247702,1.57920607839504e-06,0.678076741978892,1.26002205014528e-08,0.0459982767437321
"Utility","Utility",33,93.89,-84.23,NA,NA,174.46,186.12,0.824352919822559,0.753800751408562,0.713927358816585,0.815384723623289,3.80128097158541,2.89878896835935
"Utility","Utility",34,85.56,-183.95,NA,NA,373.9,385.56,0.080542077543214,0.69156481907703,0.296260948464185,0.673627512084415,7.67277054778737,3.2510444371212
"Utility","Utility",35,58.61,-209.74,NA,NA,425.48,437.14,0.788759883260354,0.407168375095353,0.482180957463417,0.643173323559409,0.271746293638485,0.8810732345608
"Utility","Utility",36,64.17,-203.06,NA,NA,412.12,423.78,0.960197768406942,0.814909122884274,0.999999813691256,0.355728793419697,4.59224710616843,0.491239995229989
"Utility","Utility",37,49.17,-249.53,NA,NA,505.06,516.72,0.983733647270128,0.387793875532225,0.822062291254587,0.271032067522528,4.07078972841034e-08,0.184212701395154
"Utility","Utility",38,61.11,-203.98,NA,NA,413.96,425.62,0.640330957481638,0.661732341628522,0.423382446860021,0.403419119100224,0.807781001731964,1.1015722423634
"Utility","Utility",39,71.11,-182.54,NA,NA,371.08,382.74,0.591888564871624,0.781977394130081,0.786525373162204,0.679683755881813,1.65298034402768,1.17335850927503
"Utility","Utility",40,59.72,-203.35,NA,NA,412.7,424.36,0.185236022341996,0.927017299691215,0.329588571255682,0.404776448030064,0.82802466533799,0.406216487288475
"Utility","Utility",41,59.44,-205.17,NA,NA,416.34,428,0.5952471755445,0.540940156206489,0.285181519624135,0.37849885734152,0.956141015243327,1.71158919288757
"Utility","Utility",42,50.28,-249.53,NA,NA,505.06,516.72,0.265401779906824,0.195171546889469,0.935392077766912,0.118343442519465,5.2079119927343e-08,0.226954524639678
"Utility","Utility",43,50.83,-249.53,NA,NA,505.06,516.72,0.604935176437721,0.398145136190578,0.565169127040064,0.115289961076863,7.89113350835624e-08,0.0485801249742508
"Utility","Utility",44,58.89,-205.91,NA,NA,417.82,429.48,0.470244030002505,0.685449249343947,0.348885401083628,0.417120041428016,0.793058893393057,0.648697707336396
"Utility","Utility",45,57.22,-219.97,NA,NA,445.94,457.6,0.371720403432846,0.503097830805928,0.131969208891851,0.325145470544357,0.531142569934673,0.322839245665818
"Utility","Utility",46,49.44,-249.53,NA,NA,505.06,516.72,0.361050225095823,0.370053818682209,1.60334882535824e-06,0.681976218014013,3.22636814551591e-08,0.173567070005157
"Utility","Utility",47,88.33,-108.59,NA,NA,223.18,234.84,0.594613759312779,0.789667062694207,0.845736911175021,0.543904559953096,8.32363055414559,2.04544003671947
"Utility","Utility",48,56.39,-227.79,NA,NA,461.58,473.24,0.628910263301805,0.0369398219045252,0.226758078385784,0.0202450259675019,1.22020341712668,1.35408596597136
"Utility","Utility",49,60.56,-203.86,NA,NA,413.72,425.38,0.254382238723338,0.857857148861513,0.355151583366865,0.390255553976196,0.8728685017457,0.936107955831003
"Utility","Utility",50,59.72,-205.42,NA,NA,416.84,428.5,0.629901704145595,0.59963444317691,0.31576152131803,0.399777633671442,0.855016197929039,1.13030682034315
"Utility","Utility",51,59.72,-211.06,NA,NA,428.12,439.78,0.958562755258754,0.446684151422232,0.447486009338089,0.283631148090338,0.91366743260276,1.46860518856885
"Utility","Utility",52,58.33,-204.95,NA,NA,415.9,427.56,0.378760501742363,0.716149265645072,0.339525183944175,0.356191552314507,0.972359649590319,1.1838285959837
"Utility","Utility",53,56.39,-222.99,NA,NA,451.98,463.64,0.843001339351758,0.428967847023159,5.38699685214412e-07,0.125436451485002,0.970299418354816,0.430095953866839
"Utility","Utility",54,75,-169.81,NA,NA,345.62,357.28,0.111280993092805,0.926345025887713,0.599967545935514,0.550556822428433,3.7558660296328,1.52358875974062
"Utility","Utility",55,89.17,-99.27,NA,NA,204.54,216.2,0.231767056509852,0.779834397835657,0.0820399849273537,0.744222929784416,4.67939036515383,3.55762586234994
"Utility","Utility",56,72.22,-177.74,NA,NA,361.48,373.14,0.386252531083301,0.815260800998658,0.287531362219525,0.999999783589093,0.485781438194934,1.64474068483968
"Utility","Utility",57,55,-234.7,NA,NA,475.4,487.06,0.6529874894768,0.670282299863175,4.41857909683941e-06,5.48395801152668e-08,1.10628891414377,0.116263606119901
"Utility","Utility",58,55,-230.45,NA,NA,466.9,478.56,0.560497718863189,0.274772666627541,2.94426550334182e-08,0.0530261005391061,0.961031015734008,0.529099578669097
"Utility","Utility",59,58.33,-205.94,NA,NA,417.88,429.54,0.597106330329552,0.589335348224267,0.307351159429666,0.415768504491823,0.797302651113606,0.931611171881569
"Utility","Utility",60,82.78,-128.87,NA,NA,263.74,275.4,0.987134294584394,0.800411853706464,0.902288196578257,0.567351933572698,4.22359414684705,1.29764714087815
"Utility","Utility",61,49.72,-249.53,NA,NA,505.06,516.72,0.718285634880885,0.565618214197457,0.74661125811775,0.284185058229841,3.38583198709631e-08,0.0649159974418581
"Utility","Utility",62,60,-209.96,NA,NA,425.92,437.58,0.125127220060676,0.773224814096466,0.0587608397923805,0.601196174006718,0.777129169866263,0.583291862625629
"Utility","Utility",63,51.11,-249.53,NA,NA,505.06,516.72,0.499009405029938,0.0988319513853639,0.530709442385677,8.03973970371483e-07,3.39627573445481e-08,0.092432988807559
"Utility","Utility",64,60.83,-204.99,NA,NA,415.98,427.64,0.333673485321924,0.454882015939802,0.219886517854391,0.202615817267937,3.72461803270937,2.70696423376415
"Utility","Utility",65,50.83,-249.53,NA,NA,505.06,516.72,0.810415166895837,0.0187283449340612,0.565169127040064,0.115289961076863,7.89113350835624e-08,0.165121834239408
"Utility","Utility",66,54.72,-234.47,NA,NA,474.94,486.6,0.461979309096932,0.296923782210797,0.372583580433512,0.0678285477951902,0.807768471766621,0.458040716126561
"Utility","Utility",67,53.61,-242.71,NA,NA,491.42,503.08,0.285626433324069,0.528872283641249,0.586088236822947,0.0508804503937246,0.586322479364641,0.147296045374405
"Utility","Utility",68,60.28,-209.94,NA,NA,425.88,437.54,0.732509626774117,0.600311974063516,0.472173194304955,0.056529058328296,1.98396193163527,0.449271724574598
"Utility","Utility",69,58.33,-210.01,NA,NA,426.02,437.68,0.977929984452203,0.529096166603267,0.552345578434027,0.642464816233729,0.230915426525576,0.751786146880371
"Utility","Utility",70,51.67,-248.79,NA,NA,503.58,515.24,0.98177181975916,0.159414226887748,0.619051363724909,0.195679251249247,0.239771516777686,0.477379389107227
"Utility","Utility",71,50.83,-249.53,NA,NA,505.06,516.72,0.922829337418079,0.366323065012693,0.959788271290422,0.206322576087924,2.76938970127772e-09,0.0864430760253218
"Utility","Utility",72,58.06,-215.98,NA,NA,437.96,449.62,0.437475311337039,0.144657690776512,0.0358584615504328,8.58351892065956e-08,2.40315575466983,1.51204245735464
"Utility","Utility",73,68.89,-155.41,NA,NA,316.82,328.48,0.0812403932213783,0.858433880610391,0.0211278116505149,0.402922929690429,9.34139868570838,1.57674626609245
"Utility","Utility",74,51.11,-249.53,NA,NA,505.06,516.72,0.769064010120928,0.423705151304603,0.538540854855306,0.277275588293482,1.07405483953447e-08,0.0550090870819986
"Utility","Utility",75,51.11,-249.53,NA,NA,505.06,516.72,0.27233505435288,0.0992442343849689,0.884529561403812,0.543594538823587,6.58963197928515e-08,0.0195726837949201
"Utility","Utility",76,60,-209.16,NA,NA,424.32,435.98,0.714246998308226,0.356464033480734,0.443729960170237,0.121565741781105,1.62020450477549,1.33508190601589
"Utility","Utility",77,59.17,-205.09,NA,NA,416.18,427.84,0.165105299558491,0.62026000325568,0.361118768405276,0.48991984756378,0.751756123723551,2.11759630225509
"Utility","Utility",78,58.89,-210.48,NA,NA,426.96,438.62,0.948594216490164,0.818483957787976,2.65416750755808e-07,0.464896319961093,0.999285537107676,0.400698857048743
"Utility","Utility",79,49.72,-249.53,NA,NA,505.06,516.72,0.641159480903298,0.713674181839451,0.74661125811775,0.284185058229841,3.38583198709631e-08,0.0414828715044559
"Utility","Utility",80,86.67,-126.8,NA,NA,259.6,271.26,0.602592710871249,0.798923129681498,0.828126301204014,0.647605236015303,4.67250404737595,1.65777598732141
"Utility","Utility",81,74.72,-146.52,NA,NA,299.04,310.7,0.0268326783552766,0.983408806612715,4.23444840324824e-08,0.649078915175941,2.11645330741261,1.42827125892359
"Utility","Utility",82,51.11,-249.53,NA,NA,505.06,516.72,0.390374890295789,0.210965643869713,0.530709442385677,8.03973970371483e-07,3.39627573445481e-08,0.0709301116876304
"Utility","Utility",83,50,-249.53,NA,NA,505.06,516.72,0.909624356776476,0.0655163209885359,0.794524191751677,0.195481623264311,8.02928926358639e-09,0.479556284306279
"Utility","Utility",84,82.78,-127.51,NA,NA,261.02,272.68,0.894585720263422,0.928069569170475,0.904413882803773,0.582032753254395,4.32818959971655,0.784675157586944
"Utility","Utility",85,58.89,-212.3,NA,NA,430.6,442.26,0.16712597804144,0.591124507132918,0.00187009710937392,5.61568889723163e-08,6.86093668967259,0.76918393555553
"Utility","Utility",86,50.83,-249.53,NA,NA,505.06,516.72,0.0963515317998827,0.187938303221017,0.941370809554712,0.113356316427336,4.23370895305766e-08,0.16646143142134
"Utility","Utility",87,91.94,-75.76,NA,NA,157.52,169.18,0.812582350103185,0.879132093861699,0.835250061845517,0.548906454722655,8.59189249661974,4.4038753097219
"Utility","Utility",88,55.83,-225.67,NA,NA,457.34,469,0.448961209738627,0.690639521926641,1.75271081939599e-07,1.97302996754138e-06,1.46280237816382,0.123227803417321
"Utility","Utility",89,58.33,-212.58,NA,NA,431.16,442.82,0.352596259210259,0.519048273330554,0.181774719620689,0.0312747009690938,1.95803812298146,0.771270071114314
"Utility","Utility",90,60.28,-207.77,NA,NA,421.54,433.2,0.7131295024883,0.112127762287855,0.38669059472397,7.21588953271341e-08,2.77271201045801,3.4174234716404
"Utility","Utility",91,50.28,-249.53,NA,NA,505.06,516.72,0.102771484525874,0.0985191510990262,0.935392077766912,0.118343442519465,5.2079119927343e-08,0.348240172024816
"Utility","Utility",92,56.11,-232.68,NA,NA,471.36,483.02,0.14997310237959,0.461772011825815,3.25690985883036e-07,0.0877523037210477,0.721042510952982,0.261333189609714
"Utility","Utility",93,59.17,-206.53,NA,NA,419.06,430.72,0.435881547397003,0.7804279406555,0.359466231215458,0.488968140940545,0.716006264483717,0.681397345848382
"Utility","Utility",94,93.89,-77.81,NA,NA,161.62,173.28,0.975024477113038,0.799848798895255,0.891593615607241,0.927141154692166,3.08326007857663,4.33281822849937
"Utility","Utility",95,60,-209.33,NA,NA,424.66,436.32,0.723246149485931,0.623378630494699,0.430917225008728,0.0187389924495886,2.40319639790147,0.45622572209686
"Utility","Utility",96,57.22,-219.86,NA,NA,445.72,457.38,0.323681306792423,0.444453429430723,0.190508296148505,0.216624636238144,0.822519528462448,0.446843124460429
"Utility","Utility",97,50.28,-249.53,NA,NA,505.06,516.72,0.521510650403798,0.40949847153388,0.373355166855374,0.0145637720693684,4.76716177328129e-08,0.118169202112595
"Utility","Utility",98,64.17,-199.31,NA,NA,404.62,416.28,0.418908317107707,0.978637758642435,0.329484194790217,0.754088845401545,0.459166945115655,0.211078092921525
"Utility","Utility",99,59.17,-206.33,NA,NA,418.66,430.32,0.78953983867541,0.418743934947997,0.364422837236703,0.438999609001931,0.620667071139379,2.49348991278757
"Utility","Utility",100,53.06,-242.71,NA,NA,491.42,503.08,0.956703607924283,0.607802340993658,0.765413674662051,0.276270492982627,0.253608858230568,0.108669338996542
