"simulate_model","fit_model","iteration","ACC","LogL","LogPr","LogPo","AIC","BIC","input_param_1","input_param_2","output_param_1","output_param_2","output_param_3","input_param_3"
"TD","TD",1,100,-102.16,NA,NA,208.32,216.09,0.643091264180839,1.83357874206723,0.71121520451872,7.56221875310409,NA,NA
"TD","TD",2,100,-90.83,NA,NA,185.66,193.43,0.724670132622123,2.43561604238095,0.868276053938805,4.95116082985766,NA,NA
"TD","TD",3,100,-106.25,NA,NA,216.5,224.27,0.950232450617477,3.03779015681686,0.882869855308627,7.69317117460488,NA,NA
"TD","TD",4,100,-106.01,NA,NA,216.02,223.79,0.682289758697152,1.07202245481312,0.782613402142677,1,NA,NA
"TD","TD",5,100,-111.27,NA,NA,226.54,234.31,0.200363578274846,2.00568439900399,0.150817640428347,1.05948779239542,NA,NA
"TD","TD",6,100,-123.78,NA,NA,251.56,259.33,0.321220333920792,1.29866566415876,0.149344999345381,1,NA,NA
"TD","TD",7,100,-121.76,NA,NA,247.52,255.29,0.571441247593611,1.05021329503506,0.61625608562507,1,NA,NA
"TD","TD",8,100,-109.17,NA,NA,222.34,230.11,0.973066303646192,1.39299949863926,0.885949193035653,4.1015346259566,NA,NA
"TD","TD",9,100,-124.48,NA,NA,252.96,260.73,0.895209939451888,1.00547373959183,0.856517919844268,1,NA,NA
"TD","TD",10,100,-132.95,NA,NA,269.9,277.67,0.0494146177079529,1.5078624105081,0.0435993272569478,1.73238090577086,NA,NA
"TD","TD",11,100,-125.75,NA,NA,255.5,263.27,0.197620301274583,1.18983699940145,0.13545328372517,1.00198155978871,NA,NA
"TD","TD",12,100,-120.55,NA,NA,245.1,252.87,0.0560640415642411,1.56602673046291,0.0527543195482834,2.08170683856921,NA,NA
"TD","TD",13,100,-121.16,NA,NA,246.32,254.09,0.051307131536305,2.23247370731968,0.0526051615937452,2.1865300526439,NA,NA
"TD","TD",14,100,-113.51,NA,NA,231.02,238.79,0.989872474921867,1.20800043705019,0.867851774419325,1.00004781394405,NA,NA
"TD","TD",15,100,-90.9,NA,NA,185.8,193.57,0.711294803768396,1.57632797351107,0.844018674875519,2.35613853775649,NA,NA
"TD","TD",16,100,-135.62,NA,NA,275.24,283.01,0.0768930825870484,1.0096698673442,0.0717902021574598,1.1013878066207,NA,NA
"TD","TD",17,100,-90.8,NA,NA,185.6,193.37,0.797194604296237,3.5054881726885,0.816974751196933,1.41451608787416,NA,NA
"TD","TD",18,100,-90.88,NA,NA,185.76,193.53,0.731893435353413,2.27495420533688,0.855342210242121,2.95053663466575,NA,NA
"TD","TD",19,100,-93.07,NA,NA,190.14,197.91,0.809085062006488,1.79705669912965,0.875593042244014,6.42776729800371,NA,NA
"TD","TD",20,100,-110.54,NA,NA,225.08,232.85,0.511981163173914,3.39124982816227,0.286502326072547,1.05258979039388,NA,NA
"TD","TD",21,100,-112.85,NA,NA,229.7,237.47,0.226354157319292,2.66897989056053,0.175350886251154,1.15024291042254,NA,NA
"TD","TD",22,100,-115.53,NA,NA,235.06,242.83,0.300222688354552,1.95544207743825,0.177585580801023,1.07800081057051,NA,NA
"TD","TD",23,100,-104.23,NA,NA,212.46,220.23,0.984172471100464,2.69604673600736,0.887023651712243,5.06078016421773,NA,NA
"TD","TD",24,100,-118.17,NA,NA,240.34,248.11,0.540354023920372,1.23410649768987,0.463313283380175,1,NA,NA
"TD","TD",25,100,-110.17,NA,NA,224.34,232.11,0.870058757020161,1.32718323590234,0.835048627203916,1,NA,NA
"TD","TD",26,100,-116.59,NA,NA,237.18,244.95,0.0660558908712119,2.97567781611326,0.0769849249747722,1.5081834443254,NA,NA
"TD","TD",27,100,-112.8,NA,NA,229.6,237.37,0.973287776112556,1.26051322789863,0.862078135619366,1.02978602566221,NA,NA
"TD","TD",28,100,-112.86,NA,NA,229.72,237.49,0.290595552418381,2.05573849655212,0.178777071262365,1.12065623579208,NA,NA
"TD","TD",29,100,-114.34,NA,NA,232.68,240.45,0.988910319516435,1.21139730885625,0.874852736811852,1.39800699047459,NA,NA
"TD","TD",30,100,-112.95,NA,NA,229.9,237.67,0.329378831898794,3.0851063261411,0.193412738217093,1.12487108617096,NA,NA
"TD","TD",31,100,-126.37,NA,NA,256.74,264.51,0.11878991080448,1.83541438817502,0.104015066826385,1.19571164942011,NA,NA
"TD","TD",32,100,-136.74,NA,NA,277.48,285.25,0.0508385861758143,1.41009616898373,0.0464200568788358,1.0459176221879,NA,NA
"TD","TD",33,100,-90.82,NA,NA,185.64,193.41,0.684979062527418,1.75662852577144,0.870688874966422,5.59335059609374,NA,NA
"TD","TD",34,100,-111.36,NA,NA,226.72,234.49,0.842564480379224,1.05992496339604,0.835318697400647,1,NA,NA
"TD","TD",35,100,-114.31,NA,NA,232.62,240.39,0.27115519088693,3.69503675574873,0.183132920235255,1.08266848111043,NA,NA
"TD","TD",36,100,-97.33,NA,NA,198.66,206.43,0.779200294986367,1.45758824376389,0.814327117211372,1.1420873950966,NA,NA
"TD","TD",37,100,-105.77,NA,NA,215.54,223.31,0.982565350597724,4.92570209977795,0.873270356367584,1.32997166477605,NA,NA
"TD","TD",38,100,-118.17,NA,NA,240.34,248.11,0.533772448310629,1.2251683762297,0.448375515218153,1,NA,NA
"TD","TD",39,100,-126.05,NA,NA,256.1,263.87,0.128862570039928,2.75030500992181,0.106061338867029,1.18395580479794,NA,NA
"TD","TD",40,100,-123.85,NA,NA,251.7,259.47,0.420502026332542,1.08286330314484,0.147255732380471,1,NA,NA
"TD","TD",41,100,-92.94,NA,NA,189.88,197.65,0.860091791022569,2.2001721150753,0.877703008452363,7.35743422990314,NA,NA
"TD","TD",42,100,-108.31,NA,NA,220.62,228.39,0.633000507717952,1.31639195521562,0.762341935801751,1,NA,NA
"TD","TD",43,100,-110.54,NA,NA,225.08,232.85,0.512010124279186,3.01376353887389,0.28820583239342,1.04543437263598,NA,NA
"TD","TD",44,100,-112.53,NA,NA,229.06,236.83,0.4054856733419,4.89528230370438,0.273956912000683,1.00510289462507,NA,NA
"TD","TD",45,100,-123.78,NA,NA,251.56,259.33,0.319981756620109,1.26415652967989,0.150356178006451,1,NA,NA
"TD","TD",46,100,-104.83,NA,NA,213.66,221.43,0.947748523205519,2.36391219958187,0.885528341331826,3.53897885914538,NA,NA
"TD","TD",47,100,-113.13,NA,NA,230.26,238.03,0.885661983396858,2.4762263855988,0.848628195144479,1.02203371930446,NA,NA
"TD","TD",48,100,-133.92,NA,NA,271.84,279.61,0.119032545015216,1.2109820744954,0.114118255915669,1,NA,NA
"TD","TD",49,100,-104.97,NA,NA,213.94,221.71,0.931592519162223,1.64870583964512,0.878955939114657,2.28977197606833,NA,NA
"TD","TD",50,100,-90.89,NA,NA,185.78,193.55,0.753800751408562,3.89878896835935,0.84579551860032,2.34332854664816,NA,NA
"TD","TD",51,100,-125.89,NA,NA,255.78,263.55,0.080542077543214,1.38312963815406,0.0764348784838476,1.33208150079815,NA,NA
"TD","TD",52,100,-137.31,NA,NA,278.62,286.39,0.0462017410900444,1.57751976652071,0.0465292892136016,1.04572875472446,NA,NA
"TD","TD",53,100,-114.46,NA,NA,232.92,240.69,0.407168375095353,1.8810732345608,0.171878916130877,1,NA,NA
"TD","TD",54,100,-105.78,NA,NA,215.56,223.33,0.960197768406942,1.62981824576855,0.87418407143321,1.37649147732551,NA,NA
"TD","TD",55,100,-104.83,NA,NA,213.66,221.43,0.745619997614995,1.08382892229572,0.803096025742125,1,NA,NA
"TD","TD",56,100,-123.38,NA,NA,250.76,258.53,0.387793875532225,1.18421270139515,0.147005369899285,1,NA,NA
"TD","TD",57,100,-239.87,NA,NA,483.74,491.51,0.640330957481638,1.32346468325704,0.01,1.01,NA,NA
"TD","TD",58,100,-116.43,NA,NA,236.86,244.63,0.46626549679786,1.18377712974325,0.318543187509511,1,NA,NA
"TD","TD",59,100,-90.8,NA,NA,185.6,193.37,0.781977394130081,2.17335850927503,0.813690910262077,1.43017839676445,NA,NA
"TD","TD",60,100,-128.64,NA,NA,261.28,269.05,0.185236022341996,1.16209726792475,0.130507369371831,1,NA,NA
"TD","TD",61,100,-98.8,NA,NA,201.6,209.37,0.703108243644238,1.190494351089,0.788741928359054,1.09620319347941,NA,NA
"TD","TD",62,100,-105.31,NA,NA,214.62,222.39,0.540940156206489,2.71158919288757,0.323180178096812,1.02747391175256,NA,NA
"TD","TD",63,100,-114.31,NA,NA,232.62,240.39,0.265401779906824,2.94766673623564,0.181410068226953,1.10428907430004,NA,NA
"TD","TD",64,100,-143.52,NA,NA,291.04,298.81,0.897607917198911,1.20987035287544,0.822722898571449,9.78600387873109,NA,NA
"TD","TD",65,100,-123.86,NA,NA,251.72,259.49,0.398145136190578,1.04858012497425,0.151167248134427,1,NA,NA
"TD","TD",66,100,-122.7,NA,NA,249.4,257.17,0.470244030002505,1.37089849868789,0.153391558759764,1,NA,NA
"TD","TD",67,100,-93.19,NA,NA,190.38,198.15,0.824348853668198,2.18002879429133,0.825695074904224,1.3384780466266,NA,NA
"TD","TD",68,100,-108.9,NA,NA,221.8,229.57,0.503097830805928,1.32283924566582,0.325005056433662,1,NA,NA
"TD","TD",69,100,-115.18,NA,NA,234.36,242.13,0.361050225095823,2.17336245528878,0.192272662105003,1.04269261905379,NA,NA
"TD","TD",70,100,-112.8,NA,NA,229.6,237.37,0.964988884748891,1.18922751862556,0.861909108563943,1.03075556682987,NA,NA
"TD","TD",71,100,-90.8,NA,NA,185.6,193.37,0.789667062694207,3.04544003671947,0.81123916402875,1.36198540572113,NA,NA
"TD","TD",72,100,-94.92,NA,NA,193.84,201.61,0.628910263301805,3.95466302318459,0.798696231893396,1.19673500340926,NA,NA
"TD","TD",73,100,-282.53,NA,NA,569.06,576.83,0.415234696352854,1.7106761354533,0.01,1.01,NA,NA
"TD","TD",74,100,-92.95,NA,NA,189.9,197.67,0.857857148861513,1.936107955831,0.876979829164485,7.09315344097524,NA,NA
"TD","TD",75,100,-239.87,NA,NA,483.74,491.51,0.629901704145595,1.19926888635382,0.01,1.01,NA,NA
"TD","TD",76,100,-121.24,NA,NA,246.48,254.25,0.359289909945801,1.36449700228535,0.163695032169441,1,NA,NA
"TD","TD",77,100,-112.53,NA,NA,229.06,236.83,0.446684151422232,2.46860518856885,0.281091766078442,1,NA,NA
"TD","TD",78,100,-117.78,NA,NA,239.56,247.33,0.378760501742363,1.43229853129014,0.166556062902434,1.03998906258373,NA,NA
"TD","TD",79,100,-117.78,NA,NA,239.56,247.33,0.372670353855938,1.68600267870352,0.163417793911551,1.03297490450398,NA,NA
"TD","TD",80,100,-119.14,NA,NA,242.28,250.05,0.428967847023159,1.43009595386684,0.155453974588579,1,NA,NA
"TD","TD",81,100,-151.85,NA,NA,307.7,315.47,0.111280993092805,1.04204804978253,0.18606704586514,1.01499149241009,NA,NA
"TD","TD",82,100,-115.34,NA,NA,234.68,242.45,0.142161799827591,2.60663627263189,0.120707887850625,1.16964582316944,NA,NA
"TD","TD",83,100,-90.8,NA,NA,185.6,193.37,0.779834397835657,4.55762586234994,0.813598115075507,1.4102848861232,NA,NA
"TD","TD",84,100,-114.46,NA,NA,232.92,240.69,0.386252531083301,1.63052160199732,0.174866693563218,1,NA,NA
"TD","TD",85,100,-122.38,NA,NA,248.76,256.53,0.23896856745705,1.3059749789536,0.147625937347188,1.00803747343582,NA,NA
"TD","TD",86,100,-106.01,NA,NA,216.02,223.79,0.670282299863175,1.1162636061199,0.781802221111818,1,NA,NA
"TD","TD",87,100,-111.36,NA,NA,226.72,234.49,0.560497718863189,1.79223784707011,0.474643366992484,1,NA,NA
"TD","TD",88,100,-194.44,NA,NA,392.88,400.65,0.915246691787615,1.1942126606591,0.01,1.01,NA,NA
"TD","TD",89,100,-108.74,NA,NA,221.48,229.25,0.589335348224267,1.93161117188157,0.546224989243958,1,NA,NA
"TD","TD",90,100,-105.17,NA,NA,214.34,222.11,0.987134294584394,1.60082370741293,0.882325740125045,4.61056377065091,NA,NA
"TD","TD",91,100,-116.07,NA,NA,236.14,243.91,0.401124990079552,1.43657126976177,0.14626097275789,1.02329659175907,NA,NA
"TD","TD",92,100,-249.54,NA,NA,503.08,510.85,0.565618214197457,1.06491599744186,0.01,1.01,NA,NA
"TD","TD",93,100,-127.13,NA,NA,258.26,266.03,0.125127220060676,1.54644962819293,0.112126106247321,1.09507116766325,NA,NA
"TD","TD",94,100,-93.32,NA,NA,190.64,198.41,0.791645931312814,1.76679624943127,0.816144051877568,1.19906737001729,NA,NA
"TD","TD",95,100,-137.31,NA,NA,278.62,286.39,0.0988319513853639,1.09243298880756,0.086504789382712,1.08063142441649,NA,NA
"TD","TD",96,100,-115.53,NA,NA,235.06,242.83,0.333673485321924,1.79963922020125,0.187135284677957,1.04747737532178,NA,NA
"TD","TD",97,100,-132.63,NA,NA,269.26,277.03,0.10172016825527,1.62083033379167,0.103239503272252,1.03522434548846,NA,NA
"TD","TD",98,100,-140.45,NA,NA,284.9,292.67,0.0187283449340612,1.16512183423941,0.020110251089055,1.15196881143134,NA,NA
"TD","TD",99,100,-116.87,NA,NA,237.74,245.51,0.461979309096932,1.88084230940313,0.161958136132352,1,NA,NA
"TD","TD",100,100,-90.83,NA,NA,185.66,193.43,0.729020358063281,1.83565291385622,0.803250214999154,1.30346849206751,NA,NA
"TD","RSTD",1,100,-99.28,NA,NA,204.56,216.22,0.643091264180839,1.83357874206723,0.374938884986712,0.62017275823268,1.40789130414516,NA
"TD","RSTD",2,100,-90.47,NA,NA,186.94,198.6,0.724670132622123,2.43561604238095,0.301011308309447,0.598027771606507,2.96426103156334,NA
"TD","RSTD",3,100,-103.64,NA,NA,213.28,224.94,0.950232450617477,3.03779015681686,0.859667822991524,0.884479206234383,7.04097223966739,NA
"TD","RSTD",4,100,-106.12,NA,NA,218.24,229.9,0.682289758697152,1.07202245481312,0.898022908307719,0.807190338356996,1,NA
"TD","RSTD",5,100,-142.07,NA,NA,290.14,301.8,0.200363578274846,2.00568439900399,0.891541522323002,0.355957075652221,9.03800408583731,NA
"TD","RSTD",6,100,-123.77,NA,NA,253.54,265.2,0.321220333920792,1.29866566415876,0.150355729422485,0.148893404682496,1,NA
"TD","RSTD",7,100,-118.86,NA,NA,243.72,255.38,0.571441247593611,1.05021329503506,0.332980687252976,0.504605027819769,1,NA
"TD","RSTD",8,100,-108.29,NA,NA,222.58,234.24,0.973066303646192,1.39299949863926,0.896051407634397,0.888856626525267,8.46286036527091,NA
"TD","RSTD",9,100,-123.14,NA,NA,252.28,263.94,0.895209939451888,1.00547373959183,0.42571182712106,0.739478338026746,1,NA
"TD","RSTD",10,100,-135.75,NA,NA,277.5,289.16,0.0494146177079529,1.5078624105081,0.0384413523499792,0.0330764706834181,1.00063585620942,NA
"TD","RSTD",11,100,-136.34,NA,NA,278.68,290.34,0.197620301274583,1.18983699940145,0.106663441559553,0.124261891202375,1.47222530397752,NA
"TD","RSTD",12,100,-124.78,NA,NA,255.56,267.22,0.0560640415642411,1.56602673046291,0.0618408750223162,0.0564516092993414,1.00376456017518,NA
"TD","RSTD",13,100,-125.55,NA,NA,257.1,268.76,0.051307131536305,2.23247370731968,0.0617447008340631,0.055136334121233,1.00766003048529,NA
"TD","RSTD",14,100,-111.47,NA,NA,228.94,240.6,0.989872474921867,1.20800043705019,0.45496288567697,0.77775541836303,1.0613384444139,NA
"TD","RSTD",15,100,-90.65,NA,NA,187.3,198.96,0.711294803768396,1.57632797351107,0.614029947349581,0.80632670615677,3.59537646417721,NA
"TD","RSTD",16,100,-134.4,NA,NA,274.8,286.46,0.0768930825870484,1.0096698673442,0.0647457987249484,0.0565848322830376,1.11342445836233,NA
"TD","RSTD",17,100,-90.57,NA,NA,187.14,198.8,0.797194604296237,3.5054881726885,0.63282912311781,0.829814222838343,8.28411997217922,NA
"TD","RSTD",18,100,-90.65,NA,NA,187.3,198.96,0.731893435353413,2.27495420533688,0.549728806985854,0.729736328235811,1.37494481078138,NA
"TD","RSTD",19,100,-93.17,NA,NA,192.34,204,0.809085062006488,1.79705669912965,0.600031785635997,0.759783362201237,1.19563297241945,NA
"TD","RSTD",20,100,-107.5,NA,NA,221,232.66,0.511981163173914,3.39124982816227,1,0.479128331184787,1.07679446659935,NA
"TD","RSTD",21,100,-111.64,NA,NA,229.28,240.94,0.226354157319292,2.66897989056053,0.393269251554081,0.268816370444497,1.00458718388834,NA
"TD","RSTD",22,100,-114.44,NA,NA,234.88,246.54,0.300222688354552,1.95544207743825,0.306918243569945,0.243264109944949,1.02249942388298,NA
"TD","RSTD",23,100,-103.69,NA,NA,213.38,225.04,0.984172471100464,2.69604673600736,0.79725504282418,0.875692999199655,7.78465276602646,NA
"TD","RSTD",24,100,-111.94,NA,NA,229.88,241.54,0.540354023920372,1.23410649768987,0.180788606900141,0.27355785642176,1,NA
"TD","RSTD",25,100,-107.53,NA,NA,221.06,232.72,0.870058757020161,1.32718323590234,0.166397806921595,0.351806317170264,1.04921746144582,NA
"TD","RSTD",26,100,-114.73,NA,NA,235.46,247.12,0.0660558908712119,2.97567781611326,0.0828327573280659,0.0675099285734268,1.00952643948944,NA
"TD","RSTD",27,100,-111.02,NA,NA,228.04,239.7,0.973287776112556,1.26051322789863,0.430085016124674,0.754724112178111,1.06903728584776,NA
"TD","RSTD",28,100,-111.06,NA,NA,228.12,239.78,0.290595552418381,2.05573849655212,0.32505406237806,0.249099394009558,1.07821117939395,NA
"TD","RSTD",29,100,-112.97,NA,NA,231.94,243.6,0.988910319516435,1.21139730885625,0.627879449813658,0.843028552930117,2.43285349713495,NA
"TD","RSTD",30,100,-111.05,NA,NA,228.1,239.76,0.329378831898794,3.0851063261411,0.314034528254938,0.245736571217607,1.06495204883172,NA
"TD","RSTD",31,100,-118.52,NA,NA,243.04,254.7,0.11878991080448,1.83541438817502,0.103363046532097,0.0804233044685422,1.14026388414813,NA
"TD","RSTD",32,100,-135.75,NA,NA,277.5,289.16,0.0508385861758143,1.41009616898373,0.0384413523499792,0.0330764706834181,1.00063585620942,NA
"TD","RSTD",33,100,-90.7,NA,NA,187.4,199.06,0.684979062527418,1.75662852577144,0.645942228589242,0.763033791730258,1.31984067233172,NA
"TD","RSTD",34,100,-110.86,NA,NA,227.72,239.38,0.842564480379224,1.05992496339604,0.539658071601239,0.755927659559497,1.00015665281697,NA
"TD","RSTD",35,100,-111.85,NA,NA,229.7,241.36,0.27115519088693,3.69503675574873,0.32561761349747,0.246609618953294,1.04239285762276,NA
"TD","RSTD",36,100,-98.21,NA,NA,202.42,214.08,0.779200294986367,1.45758824376389,0.361367450718529,0.697262776540142,5.20558500332491,NA
"TD","RSTD",37,100,-103.87,NA,NA,213.74,225.4,0.982565350597724,4.92570209977795,0.501534516341707,0.807475434203199,2.34315936734253,NA
"TD","RSTD",38,100,-112.15,NA,NA,230.3,241.96,0.533772448310629,1.2251683762297,0.199869624777318,0.294267179780872,1.00918146824753,NA
"TD","RSTD",39,100,-112.31,NA,NA,230.62,242.28,0.128862570039928,2.75030500992181,0.0949498994595149,0.0710515998085484,1.54311892097724,NA
"TD","RSTD",40,100,-123.8,NA,NA,253.6,265.26,0.420502026332542,1.08286330314484,0.150404325131004,0.155376181880012,1,NA
"TD","RSTD",41,100,-93.05,NA,NA,192.1,203.76,0.860091791022569,2.2001721150753,0.446687325546317,0.749314023537871,4.06746617102458,NA
"TD","RSTD",42,100,-108.8,NA,NA,223.6,235.26,0.633000507717952,1.31639195521562,0.971282921466881,0.811126416000555,1,NA
"TD","RSTD",43,100,-116.78,NA,NA,239.56,251.22,0.512010124279186,3.01376353887389,0.150295481512709,0.216576837540274,1.01368214397516,NA
"TD","RSTD",44,100,-108.64,NA,NA,223.28,234.94,0.4054856733419,4.89528230370438,1,0.467683438700865,1,NA
"TD","RSTD",45,100,-123.77,NA,NA,253.54,265.2,0.319981756620109,1.26415652967989,0.151214222637424,0.150018261115332,1,NA
"TD","RSTD",46,100,-105.67,NA,NA,217.34,229,0.947748523205519,2.36391219958187,0.566514647522589,0.827022376628204,8.21251998384313,NA
"TD","RSTD",47,100,-112.57,NA,NA,231.14,242.8,0.885661983396858,2.4762263855988,0.499871303556779,0.765945181935245,1.02592256378999,NA
"TD","RSTD",48,100,-130.16,NA,NA,266.32,277.98,0.119032545015216,1.2109820744954,0.107107101425909,0.0876984317622738,1.03568065244104,NA
"TD","RSTD",49,100,-103.47,NA,NA,212.94,224.6,0.931592519162223,1.64870583964512,0.650578594482922,0.846637317113346,4.63920995879251,NA
"TD","RSTD",50,100,-90.63,NA,NA,187.26,198.92,0.753800751408562,3.89878896835935,0.494187124026964,0.70451129304941,1.43597458403834,NA
"TD","RSTD",51,100,-124.55,NA,NA,255.1,266.76,0.080542077543214,1.38312963815406,0.0801561828889081,0.0687135691130995,1.0021323896217,NA
"TD","RSTD",52,100,-135.62,NA,NA,277.24,288.9,0.0462017410900444,1.57751976652071,0.0356515558681119,0.028911305998041,1.00068391987022,NA
"TD","RSTD",53,100,-114.27,NA,NA,234.54,246.2,0.407168375095353,1.8810732345608,0.756082157338897,0.40194049252677,1,NA
"TD","RSTD",54,100,-106.54,NA,NA,219.08,230.74,0.960197768406942,1.62981824576855,0.937947920982384,0.879942745852391,1.28032284991041,NA
"TD","RSTD",55,100,-109.13,NA,NA,224.26,235.92,0.745619997614995,1.08382892229572,0.233848911517029,0.548537484132915,9.31822966147327,NA
"TD","RSTD",56,100,-131.81,NA,NA,269.62,281.28,0.387793875532225,1.18421270139515,0.290235357685927,0.230090228205082,1,NA
"TD","RSTD",57,100,-108.88,NA,NA,223.76,235.42,0.640330957481638,1.32346468325704,0.996713077097891,0.816024991344572,1,NA
"TD","RSTD",58,100,-115.04,NA,NA,236.08,247.74,0.46626549679786,1.18377712974325,0.235158147079158,0.289606513323494,1,NA
"TD","RSTD",59,100,-90.64,NA,NA,187.28,198.94,0.781977394130081,2.17335850927503,0.629567969652712,0.818913632602327,4.71277983227751,NA
"TD","RSTD",60,100,-127.48,NA,NA,260.96,272.62,0.185236022341996,1.16209726792475,0.128871358998259,0.114486213474038,1,NA
"TD","RSTD",61,100,-99.58,NA,NA,205.16,216.82,0.703108243644238,1.190494351089,0.334967189516629,0.684382888154615,9.89356371870565,NA
"TD","RSTD",62,100,-102.27,NA,NA,210.54,222.2,0.540940156206489,2.71158919288757,0.155443870824907,0.208129589098137,1.21929767707199,NA
"TD","RSTD",63,100,-111.86,NA,NA,229.72,241.38,0.265401779906824,2.94766673623564,0.356502275562072,0.257911846506179,1.02621955511284,NA
"TD","RSTD",64,100,-119.32,NA,NA,244.64,256.3,0.897607917198911,1.20987035287544,0.414727789075625,0.737445355586387,1,NA
"TD","RSTD",65,100,-123.79,NA,NA,253.58,265.24,0.398145136190578,1.04858012497425,0.147644014896507,0.151146325355351,1,NA
"TD","RSTD",66,100,-120.91,NA,NA,247.82,259.48,0.470244030002505,1.37089849868789,0.163795333085304,0.192991610654667,1,NA
"TD","RSTD",67,100,-95.39,NA,NA,196.78,208.44,0.824348853668198,2.18002879429133,0.22326810623023,0.522754836327411,8.01994929727346,NA
"TD","RSTD",68,100,-110.22,NA,NA,226.44,238.1,0.503097830805928,1.32283924566582,0.634314188331395,0.443804496244805,1,NA
"TD","RSTD",69,100,-113.5,NA,NA,233,244.66,0.361050225095823,2.17336245528878,0.492273272828495,0.33120997419691,1,NA
"TD","RSTD",70,100,-111,NA,NA,228,239.66,0.964988884748891,1.18922751862556,0.376408469514535,0.722586797003916,1.03751371869506,NA
"TD","RSTD",71,100,-90.54,NA,NA,187.08,198.74,0.789667062694207,3.04544003671947,0.261181972939921,0.590219311580136,8.10014751719807,NA
"TD","RSTD",72,100,-94.99,NA,NA,195.98,207.64,0.628910263301805,3.95466302318459,0.494476642647638,0.709926137134241,1.52780375895231,NA
"TD","RSTD",73,100,-113.75,NA,NA,233.5,245.16,0.415234696352854,1.7106761354533,1,0.452476460291151,1,NA
"TD","RSTD",74,100,-93.24,NA,NA,192.48,204.14,0.857857148861513,1.936107955831,0.362373607698287,0.642301782116933,1.55976711412946,NA
"TD","RSTD",75,100,-107.93,NA,NA,221.86,233.52,0.629901704145595,1.19926888635382,0.195821486480522,0.345422895714689,1.00487995819241,NA
"TD","RSTD",76,100,-122.45,NA,NA,250.9,262.56,0.359289909945801,1.36449700228535,0.432080961501246,0.299009779426271,1,NA
"TD","RSTD",77,100,-115.47,NA,NA,236.94,248.6,0.446684151422232,2.46860518856885,0.433255070347683,0.369769476934927,7.78419694634113,NA
"TD","RSTD",78,100,-117.98,NA,NA,241.96,253.62,0.378760501742363,1.43229853129014,0.564483352123977,0.343090968809413,1,NA
"TD","RSTD",79,100,-117.96,NA,NA,241.92,253.58,0.372670353855938,1.68600267870352,0.517460136966057,0.330542555625661,1,NA
"TD","RSTD",80,100,-117.35,NA,NA,240.7,252.36,0.428967847023159,1.43009595386684,0.163846466785184,0.192601212357664,1,NA
"TD","RSTD",81,100,-164.63,NA,NA,335.26,346.92,0.111280993092805,1.04204804978253,0.0315504636063692,0.0102873590757776,1.01002794810304,NA
"TD","RSTD",82,100,-108.86,NA,NA,223.72,235.38,0.142161799827591,2.60663627263189,0.123674711279747,0.0993145363481266,1.20705918094532,NA
"TD","RSTD",83,100,-90.45,NA,NA,186.9,198.56,0.779834397835657,4.55762586234994,0.414981944015234,0.730780664321643,5.50237516379778,NA
"TD","RSTD",84,100,-115.06,NA,NA,236.12,247.78,0.386252531083301,1.63052160199732,0.231681064716348,0.221903407035985,1,NA
"TD","RSTD",85,100,-133.74,NA,NA,273.48,285.14,0.23896856745705,1.3059749789536,0.125200611899796,0.133600310300272,7.49593952793475,NA
"TD","RSTD",86,100,-105.99,NA,NA,217.98,229.64,0.670282299863175,1.1162636061199,0.669697920192863,0.750898561089381,1,NA
"TD","RSTD",87,100,-105.78,NA,NA,217.56,229.22,0.560497718863189,1.79223784707011,0.195490088992287,0.301005259844869,1.00142102963786,NA
"TD","RSTD",88,100,-117.57,NA,NA,241.14,252.8,0.915246691787615,1.1942126606591,0.428584022202534,0.768942332792377,2.96746431834086,NA
"TD","RSTD",89,100,-105.14,NA,NA,216.28,227.94,0.589335348224267,1.93161117188157,0.201383204135738,0.328806574300679,1.05344104463032,NA
"TD","RSTD",90,100,-104.36,NA,NA,214.72,226.38,0.987134294584394,1.60082370741293,0.542336325105334,0.820461927225407,4.5377457317429,NA
"TD","RSTD",91,100,-115.79,NA,NA,237.58,249.24,0.401124990079552,1.43657126976177,0.149671888997035,0.157902232359584,1.0241535654987,NA
"TD","RSTD",92,100,-116.95,NA,NA,239.9,251.56,0.565618214197457,1.06491599744186,0.184194857030932,0.298349092408721,1,NA
"TD","RSTD",93,100,-124.36,NA,NA,254.72,266.38,0.125127220060676,1.54644962819293,0.10137119883226,0.084295438866114,1.19269760140216,NA
"TD","RSTD",94,100,-93.26,NA,NA,192.52,204.18,0.791645931312814,1.76679624943127,0.930821213575839,0.880958396544852,5.36292714215077,NA
"TD","RSTD",95,100,-135.54,NA,NA,277.08,288.74,0.0988319513853639,1.09243298880756,0.0883857015716952,0.0794342413235118,1.05833727239182,NA
"TD","RSTD",96,100,-114.25,NA,NA,234.5,246.16,0.333673485321924,1.79963922020125,0.380095195101378,0.288841287468685,1,NA
"TD","RSTD",97,100,-128.42,NA,NA,262.84,274.5,0.10172016825527,1.62083033379167,0.0881070781565614,0.0702327397277038,1.16292653629177,NA
"TD","RSTD",98,100,-139.89,NA,NA,285.78,297.44,0.0187283449340612,1.16512183423941,0.012660605540852,0.00799679405905032,1.018146386778,NA
"TD","RSTD",99,100,-114.55,NA,NA,235.1,246.76,0.461979309096932,1.88084230940313,0.168571665682213,0.201967047224749,1,NA
"TD","RSTD",100,100,-90.62,NA,NA,187.24,198.9,0.729020358063281,1.83565291385622,0.686175945367633,0.841917218589941,8.04796638711477,NA
"TD","Utility",1,100,-98.84,NA,NA,203.68,215.34,0.643091264180839,1.83357874206723,0.782380409387632,1,1.0161454656656,NA
"TD","Utility",2,100,-90.9,NA,NA,187.8,199.46,0.724670132622123,2.43561604238095,0.849826321740473,0.967536277181303,2.64216728763038,NA
"TD","Utility",3,100,-105.9,NA,NA,217.8,229.46,0.950232450617477,3.03779015681686,0.883975761437476,0.915974108532238,1.79452684312435,NA
"TD","Utility",4,100,-105.86,NA,NA,217.72,229.38,0.682289758697152,1.07202245481312,0.88434597489086,0.556561567960538,8.32824603414128,NA
"TD","Utility",5,100,-110.96,NA,NA,227.92,239.58,0.200363578274846,2.00568439900399,0.142964337415079,0.939465259280486,1.38131634099968,NA
"TD","Utility",6,100,-123.78,NA,NA,253.56,265.22,0.321220333920792,1.29866566415876,0.154981025288245,0.991139314930252,1,NA
"TD","Utility",7,100,-119.35,NA,NA,244.7,256.36,0.571441247593611,1.05021329503506,0.724678592545259,0.941942525507707,1,NA
"TD","Utility",8,100,-108.64,NA,NA,223.28,234.94,0.973066303646192,1.39299949863926,0.886298930278855,1,6.13459342564464,NA
"TD","Utility",9,100,-124.31,NA,NA,254.62,266.28,0.895209939451888,1.00547373959183,0.915041218125149,0.583603900041472,6.64308659542194,NA
"TD","Utility",10,100,-223.67,NA,NA,453.34,465,0.0494146177079529,1.5078624105081,0.939550386109482,0.453410295119857,5.06010083972501,NA
"TD","Utility",11,100,-124.32,NA,NA,254.64,266.3,0.197620301274583,1.18983699940145,0.121357601542539,0.907178005499429,1.56284432883808,NA
"TD","Utility",12,100,-141.8,NA,NA,289.6,301.26,0.0560640415642411,1.56602673046291,0.0322497843273398,0.789243991190633,8.56494359704801,NA
"TD","Utility",13,100,-123.03,NA,NA,252.06,263.72,0.051307131536305,2.23247370731968,0.0580233696475541,1,1.41545040921157,NA
"TD","Utility",14,100,-113.51,NA,NA,233.02,244.68,0.989872474921867,1.20800043705019,0.869446552967051,0.990940022696441,1.06105208397269,NA
"TD","Utility",15,100,-90.9,NA,NA,187.8,199.46,0.711294803768396,1.57632797351107,0.890724900153811,0.601814705765454,9.25566975131925,NA
"TD","Utility",16,100,-134.44,NA,NA,274.88,286.54,0.0768930825870484,1.0096698673442,0.0535084031553233,0.85981210316228,2.24019863936887,NA
"TD","Utility",17,100,-90.92,NA,NA,187.84,199.5,0.797194604296237,3.5054881726885,0.859011914169079,0.887895798958977,3.4216412215836,NA
"TD","Utility",18,100,-90.8,NA,NA,187.6,199.26,0.731893435353413,2.27495420533688,0.882177593966521,0.955172543091333,9.69891284257534,NA
"TD","Utility",19,100,-97.55,NA,NA,201.1,212.76,0.809085062006488,1.79705669912965,0.816486274776693,0.711462527228815,8.66778268248841,NA
"TD","Utility",20,100,-108.94,NA,NA,223.88,235.54,0.511981163173914,3.39124982816227,0.441940886576112,0.562263720907448,9.4012832528824,NA
"TD","Utility",21,100,-111.12,NA,NA,228.24,239.9,0.226354157319292,2.66897989056053,0.257173517286829,0.728411028086575,3.80990338797022,NA
"TD","Utility",22,100,-114.74,NA,NA,235.48,247.14,0.300222688354552,1.95544207743825,0.183578865932614,0.92584566692754,1.41922643608887,NA
"TD","Utility",23,100,-103.65,NA,NA,213.3,224.96,0.984172471100464,2.69604673600736,0.891293868743957,0.971096156451143,9.82585799889064,NA
"TD","Utility",24,100,-116.92,NA,NA,239.84,251.5,0.540354023920372,1.23410649768987,0.497824405864096,0.953675541662382,1,NA
"TD","Utility",25,100,-110.7,NA,NA,227.4,239.06,0.870058757020161,1.32718323590234,0.909516939633839,0.5791302873852,7.7249453918798,NA
"TD","Utility",26,100,-112.26,NA,NA,230.52,242.18,0.0660558908712119,2.97567781611326,0.0574675343375275,0.855902929559945,3.30905181368347,NA
"TD","Utility",27,100,-113.2,NA,NA,232.4,244.06,0.973287776112556,1.26051322789863,0.911516164159498,0.662129388840252,5.21844117373506,NA
"TD","Utility",28,100,-111.82,NA,NA,229.64,241.3,0.290595552418381,2.05573849655212,0.189490766671749,0.848433003891492,2.08760014545578,NA
"TD","Utility",29,100,-113.31,NA,NA,232.62,244.28,0.988910319516435,1.21139730885625,0.887002852589481,0.999708025427257,5.44969238077623,NA
"TD","Utility",30,100,-110.93,NA,NA,227.86,239.52,0.329378831898794,3.0851063261411,0.260611984431484,0.755662010078114,3.37706273307656,NA
"TD","Utility",31,100,-118.83,NA,NA,243.66,255.32,0.11878991080448,1.83541438817502,0.067506249783361,0.748475973022055,5.32828154219353,NA
"TD","Utility",32,100,-137.01,NA,NA,280.02,291.68,0.0508385861758143,1.41009616898373,0.0165727129630407,0.649790327738163,8.08935580866412,NA
"TD","Utility",33,100,-92.97,NA,NA,191.94,203.6,0.684979062527418,1.75662852577144,0.739201532320656,0.950382821313394,9.48929005050461,NA
"TD","Utility",34,100,-111.35,NA,NA,228.7,240.36,0.842564480379224,1.05992496339604,0.849208442971177,0.910271171493403,1.44888235119697,NA
"TD","Utility",35,100,-111.76,NA,NA,229.52,241.18,0.27115519088693,3.69503675574873,0.264483180816504,0.726705682711807,3.79781286359386,NA
"TD","Utility",36,100,-97.4,NA,NA,200.8,212.46,0.779200294986367,1.45758824376389,0.878929749137586,0.6867713426096,5.2905403612265,NA
"TD","Utility",37,100,-106.37,NA,NA,218.74,230.4,0.982565350597724,4.92570209977795,0.922975981904297,0.626766025465511,8.84525481773105,NA
"TD","Utility",38,100,-116.93,NA,NA,239.86,251.52,0.533772448310629,1.2251683762297,0.490492275835053,0.956094371215949,1,NA
"TD","Utility",39,100,-112.29,NA,NA,230.58,242.24,0.128862570039928,2.75030500992181,0.0730961341517267,0.746087285118016,4.973230963257,NA
"TD","Utility",40,100,-132.04,NA,NA,270.08,281.74,0.420502026332542,1.08286330314484,0.293099016727202,0.73445671617216,2.31818182921955,NA
"TD","Utility",41,100,-93.02,NA,NA,192.04,203.7,0.860091791022569,2.2001721150753,0.890398102628513,0.881741578667371,9.64186490021298,NA
"TD","Utility",42,100,-108.35,NA,NA,222.7,234.36,0.633000507717952,1.31639195521562,0.847370174033839,0.685044259101964,4.07436672727999,NA
"TD","Utility",43,100,-108.92,NA,NA,223.84,235.5,0.512010124279186,3.01376353887389,0.451369641941368,0.545971187465393,10,NA
"TD","Utility",44,100,-109.83,NA,NA,225.66,237.32,0.4054856733419,4.89528230370438,0.444851623442904,0.532521328693604,9.98097210657506,NA
"TD","Utility",45,100,-137.22,NA,NA,280.44,292.1,0.319981756620109,1.26415652967989,0.386154209089444,0.485831336786738,9.78986696872518,NA
"TD","Utility",46,100,-105.49,NA,NA,216.98,228.64,0.947748523205519,2.36391219958187,0.905094052111211,0.82613641195601,6.68294253744638,NA
"TD","Utility",47,100,-113.32,NA,NA,232.64,244.3,0.885661983396858,2.4762263855988,0.894258264038661,0.722132941352465,3.81742979708775,NA
"TD","Utility",48,100,-130.2,NA,NA,266.4,278.06,0.119032545015216,1.2109820744954,0.0854636267115491,0.811463287190128,2.61902747287481,NA
"TD","Utility",49,100,-105.38,NA,NA,216.76,228.42,0.931592519162223,1.64870583964512,0.893561093750869,0.859542293465187,3.46099759233011,NA
"TD","Utility",50,100,-92.97,NA,NA,191.94,203.6,0.753800751408562,3.89878896835935,0.700187311630912,0.953690910248358,9.2825052691619,NA
"TD","Utility",51,100,-123.02,NA,NA,252.04,263.7,0.080542077543214,1.38312963815406,0.0627277895069324,0.874333460012659,2.37576100546671,NA
"TD","Utility",52,100,-136.73,NA,NA,279.46,291.12,0.0462017410900444,1.57751976652071,0.0152709943192807,0.61724629207009,9.38212863419423,NA
"TD","Utility",53,100,-115.2,NA,NA,236.4,248.06,0.407168375095353,1.8810732345608,0.354836577466219,0.673016047645416,4.71071897236973,NA
"TD","Utility",54,100,-106.35,NA,NA,218.7,230.36,0.960197768406942,1.62981824576855,0.91784870586999,0.675189103235177,7.67582315236068,NA
"TD","Utility",55,100,-104.87,NA,NA,215.74,227.4,0.745619997614995,1.08382892229572,0.873028210367102,0.68274937225705,4.61612389274665,NA
"TD","Utility",56,100,-123.38,NA,NA,252.76,264.42,0.387793875532225,1.18421270139515,0.147079098112699,0.994353475067121,1.0148503711836,NA
"TD","Utility",57,100,-108.58,NA,NA,223.16,234.82,0.640330957481638,1.32346468325704,0.886497574354976,0.509407171001382,9.96561237798647,NA
"TD","Utility",58,100,-249.77,NA,NA,505.54,517.2,0.46626549679786,1.18377712974325,0.01,0.01,1.01,NA
"TD","Utility",59,100,-90.84,NA,NA,187.68,199.34,0.781977394130081,2.17335850927503,0.855105010029872,0.815840800016105,3.46288583876744,NA
"TD","Utility",60,100,-128.85,NA,NA,263.7,275.36,0.185236022341996,1.16209726792475,0.103918083370169,0.809071467198021,2.66083436113536,NA
"TD","Utility",61,100,-98.8,NA,NA,203.6,215.26,0.703108243644238,1.190494351089,0.796018258929559,1,1.09156483219358,NA
"TD","Utility",62,100,-107.39,NA,NA,220.78,232.44,0.540940156206489,2.71158919288757,0.474451809069682,0.593160042377108,7.50123144128104,NA
"TD","Utility",63,100,-112.11,NA,NA,230.22,241.88,0.265401779906824,2.94766673623564,0.317817477942991,0.574394205744706,7.97489602023573,NA
"TD","Utility",64,100,-120.69,NA,NA,247.38,259.04,0.897607917198911,1.20987035287544,0.901452238808228,0.693834311598988,3.95567712471471,NA
"TD","Utility",65,100,-123.73,NA,NA,253.46,265.12,0.398145136190578,1.04858012497425,0.152147212562916,0.984218509599667,1,NA
"TD","Utility",66,100,-122.64,NA,NA,251.28,262.94,0.470244030002505,1.37089849868789,0.163352071502573,0.985186559483283,1,NA
"TD","Utility",67,100,-93.29,NA,NA,192.58,204.24,0.824348853668198,2.18002879429133,0.868477787476558,0.845615367409349,3.61750820729154,NA
"TD","Utility",68,100,-109.47,NA,NA,224.94,236.6,0.503097830805928,1.32283924566582,0.363489050329066,0.902085851971075,1.59166058213054,NA
"TD","Utility",69,100,-113.88,NA,NA,233.76,245.42,0.361050225095823,2.17336245528878,0.355579437892875,0.605985283076261,6.72164955597946,NA
"TD","Utility",70,100,-112.93,NA,NA,231.86,243.52,0.964988884748891,1.18922751862556,0.879218830393083,0.887006227073922,1.77202817529982,NA
"TD","Utility",71,100,-90.89,NA,NA,187.78,199.44,0.789667062694207,3.04544003671947,0.881129119779849,0.873227567051254,6.7756126799877,NA
"TD","Utility",72,100,-95.1,NA,NA,196.2,207.86,0.628910263301805,3.95466302318459,0.820398094465776,0.974510881546867,1.5976945738091,NA
"TD","Utility",73,100,-114.91,NA,NA,235.82,247.48,0.415234696352854,1.7106761354533,0.42558308948694,0.531789115734547,10,NA
"TD","Utility",74,100,-93.16,NA,NA,192.32,203.98,0.857857148861513,1.936107955831,0.822045883860402,1,1.2656298749932,NA
"TD","Utility",75,100,-108.38,NA,NA,222.76,234.42,0.629901704145595,1.19926888635382,0.853809939668514,0.65413504695872,4.71836591703964,NA
"TD","Utility",76,100,-122.66,NA,NA,251.32,262.98,0.359289909945801,1.36449700228535,0.305327018706843,0.689306792170104,4.14904708322568,NA
"TD","Utility",77,100,-110.4,NA,NA,226.8,238.46,0.446684151422232,2.46860518856885,0.369721436995161,0.711521682626547,3.90889081945986,NA
"TD","Utility",78,100,-118.49,NA,NA,242.98,254.64,0.378760501742363,1.43229853129014,0.324371699371612,0.68044179083385,4.58811984114315,NA
"TD","Utility",79,100,-118.71,NA,NA,243.42,255.08,0.372670353855938,1.68600267870352,0.384835004929744,0.523971828561343,10,NA
"TD","Utility",80,100,-119.16,NA,NA,244.32,255.98,0.428967847023159,1.43009595386684,0.157751249013757,0.994756855458656,1,NA
"TD","Utility",81,100,-132.15,NA,NA,270.3,281.96,0.111280993092805,1.04204804978253,0.0803630678288384,0.836404508964255,2.15627007506813,NA
"TD","Utility",82,100,-108.88,NA,NA,223.76,235.42,0.142161799827591,2.60663627263189,0.100933407548782,0.808713949216374,2.97562605149184,NA
"TD","Utility",83,100,-90.95,NA,NA,187.9,199.56,0.779834397835657,4.55762586234994,0.883397025392937,0.803421635717731,6.99787067431418,NA
"TD","Utility",84,100,-249.81,NA,NA,505.62,517.28,0.386252531083301,1.63052160199732,0.01,0.01,1.01,NA
"TD","Utility",85,100,-121.7,NA,NA,249.4,261.06,0.23896856745705,1.3059749789536,0.137872766463033,0.913143277910996,1.47671662927302,NA
"TD","Utility",86,100,-105.86,NA,NA,217.72,229.38,0.670282299863175,1.1162636061199,0.889857933467797,0.53175152556097,9.60509228987189,NA
"TD","Utility",87,100,-110.98,NA,NA,227.96,239.62,0.560497718863189,1.79223784707011,0.476718923162336,0.971599963527124,1,NA
"TD","Utility",88,100,-116.5,NA,NA,239,250.66,0.915246691787615,1.1942126606591,0.878682380408039,0.86863465147801,1.74230369461662,NA
"TD","Utility",89,100,-109.71,NA,NA,225.42,237.08,0.589335348224267,1.93161117188157,0.678165597210486,0.593472595676705,6.99012930345648,NA
"TD","Utility",90,100,-105.99,NA,NA,217.98,229.64,0.987134294584394,1.60082370741293,0.889364439260265,0.871887505213051,2.14561864685457,NA
"TD","Utility",91,100,-116.07,NA,NA,238.14,249.8,0.401124990079552,1.43657126976177,0.150921801042794,1,1,NA
"TD","Utility",92,100,-120.1,NA,NA,246.2,257.86,0.565618214197457,1.06491599744186,0.836682566296133,0.633729493683873,4.43054739075847,NA
"TD","Utility",93,100,-124.38,NA,NA,254.76,266.42,0.125127220060676,1.54644962819293,0.0847233085672081,0.833996687289599,2.56320488794108,NA
"TD","Utility",94,100,-93.09,NA,NA,192.18,203.84,0.791645931312814,1.76679624943127,0.880033304768805,0.962215853656385,6.98127373699288,NA
"TD","Utility",95,100,-135.48,NA,NA,276.96,288.62,0.0988319513853639,1.09243298880756,0.0775227404219018,0.904381518439058,1.64384720279383,NA
"TD","Utility",96,100,-114.52,NA,NA,235.04,246.7,0.333673485321924,1.79963922020125,0.29283621926495,0.761427513979942,3.07201622017236,NA
"TD","Utility",97,100,-129.53,NA,NA,265.06,276.72,0.10172016825527,1.62083033379167,0.0568135269696661,0.731489493553498,4.90205217352935,NA
"TD","Utility",98,100,-144.56,NA,NA,295.12,306.78,0.0187283449340612,1.16512183423941,0.0107270706897842,0.87196930611065,1.31125434662085,NA
"TD","Utility",99,100,-121.24,NA,NA,248.48,260.14,0.461979309096932,1.88084230940313,0.399215791053009,0.76273296929504,2.31425959198199,NA
"TD","Utility",100,100,-90.81,NA,NA,187.62,199.28,0.729020358063281,1.83565291385622,0.828271439021194,0.926493367064668,1.92696135462674,NA
"RSTD","TD",1,100,-187.53,NA,NA,379.06,386.83,0.285107890376821,0.724670132622123,0.01,1.01,NA,2.43561604238095
"RSTD","TD",2,100,-421.55,NA,NA,847.1,854.87,0.950232450617477,0.206436974462122,0.01,1.01,NA,1.3645795173943
"RSTD","TD",3,100,-403.68,NA,NA,811.36,819.13,0.536011227406561,0.200363578274846,0.01,1.01,NA,2.00568439900399
"RSTD","TD",4,100,-120.75,NA,NA,245.5,253.27,0.321220333920792,0.649332832079381,0.843706105777426,1,NA,1.14288249518722
"RSTD","TD",5,100,-108.21,NA,NA,220.42,228.19,0.525106647517532,0.973066303646192,0.887806364115681,8.98124565652624,NA,1.39299949863926
"RSTD","TD",6,100,-103.6,NA,NA,211.2,218.97,0.895209939451888,0.943225271301344,0.887880038953265,9.36758257970622,NA,4.35385648889427
"RSTD","TD",7,100,-411.7,NA,NA,827.4,835.17,0.753931205254048,0.197620301274583,0.01,1.01,NA,1.18983699940145
"RSTD","TD",8,100,-98.89,NA,NA,201.78,209.55,0.0560640415642411,0.783013365231454,0.01,1.01,NA,4.41441693140154
"RSTD","TD",9,100,-113.5,NA,NA,231,238.77,0.479448032099754,0.989872474921867,0.868549165535594,1.04964126465752,NA,1.20800043705019
"RSTD","TD",10,100,-90.8,NA,NA,185.6,193.37,0.711294803768396,0.788163986755535,0.810308878370184,1.35456913238562,NA,3.30973086307261
"RSTD","TD",11,100,-113.14,NA,NA,230.28,238.05,0.5048349336721,0.797194604296237,0.850062509577943,1.01960165055534,NA,3.5054881726885
"RSTD","TD",12,100,-116.37,NA,NA,236.74,244.51,0.731893435353413,0.395451756194234,0.182377340981792,1.03749179275592,NA,1.61817012401298
"RSTD","TD",13,100,-94.95,NA,NA,193.9,201.67,0.275977379642427,0.511981163173914,0.806150471625956,1.2705857782443,NA,3.39124982816227
"RSTD","TD",14,100,-131.8,NA,NA,267.6,275.37,0.226354157319292,0.16033569118008,0.146646088826216,1,NA,1.89403793397815
"RSTD","TD",15,100,-105.82,NA,NA,215.64,223.41,0.315573724219576,0.984172471100464,0.874280729946034,1.19218974942582,NA,2.69604673600736
"RSTD","TD",16,100,-116.55,NA,NA,237.1,244.87,0.540354023920372,0.854036244563758,0.863856387211599,1.06629077594115,NA,1.36215214885666
"RSTD","TD",17,100,-289.05,NA,NA,582.1,589.87,0.66359161795117,0.0660558908712119,0.0686585811826534,1,NA,2.97567781611326
"RSTD","TD",18,100,-111.75,NA,NA,227.5,235.27,0.973287776112556,0.630256613949314,0.187532154503111,1,NA,1.85552939023347
"RSTD","TD",19,100,-112.78,NA,NA,229.56,237.33,0.340647828998044,0.988910319516435,0.887820835711658,9.79063516230918,NA,1.21139730885625
"RSTD","TD",20,100,-277.9,NA,NA,559.8,567.57,0.329378831898794,0.0628540490288287,0.0698938449362938,1,NA,3.33967715737489
"RSTD","TD",21,100,-286.87,NA,NA,577.74,585.51,0.285566801903769,0.0508385861758143,0.0688420435934875,1,NA,1.41009616898373
"RSTD","TD",22,100,-113.68,NA,NA,231.36,239.13,0.684979062527418,0.438995202770457,0.19696096631612,1,NA,1.68512896075845
"RSTD","TD",23,100,-121.61,NA,NA,247.22,254.99,0.529962481698021,0.27115519088693,0.179875646458824,1,NA,3.69503675574873
"RSTD","TD",24,100,-98.8,NA,NA,201.6,209.37,0.779200294986367,0.728794121881947,0.790798057380455,1.05408221618597,NA,1.16082152445602
"RSTD","TD",25,100,-86.09,NA,NA,176.18,183.95,0.0281218434683979,0.533772448310629,3.1686690857999e-05,1.01700309021539,NA,1.2251683762297
"RSTD","TD",26,100,-115.99,NA,NA,235.98,243.75,0.128862570039928,0.17050133110024,0.121314729387376,1.22642276660614,NA,2.37515528589011
"RSTD","TD",27,100,-93.07,NA,NA,190.14,197.91,0.980796684976667,0.860091791022569,0.875479956380616,6.1588575362818,NA,2.2001721150753
"RSTD","TD",28,100,-117.83,NA,NA,239.66,247.43,0.633000507717952,0.959949327167124,0.870399880967111,1.36351337396368,NA,1.02402024855837
"RSTD","TD",29,100,-98.36,NA,NA,200.72,208.49,0.234798390883952,0.4054856733419,0.612887942627601,7.98580877242742,NA,4.89528230370438
"RSTD","TD",30,100,-113.73,NA,NA,231.46,239.23,0.319981756620109,0.632078264839947,0.836250711262023,1,NA,1.05595874555906
"RSTD","TD",31,100,-105.77,NA,NA,215.54,223.31,0.417691254755482,0.885661983396858,0.872627729864313,1.26045670184319,NA,2.4762263855988
"RSTD","TD",32,100,-139.66,NA,NA,283.32,291.09,0.119032545015216,0.605491037247702,0.888507695982207,1,NA,1.04599827674373
"RSTD","TD",33,100,-90.8,NA,NA,185.6,193.37,0.824352919822559,0.753800751408562,0.810506836025273,1.38252228033016,NA,3.89878896835935
"RSTD","TD",34,100,-94.71,NA,NA,193.42,201.19,0.080542077543214,0.69156481907703,0.00291664698876515,1.00948153145533,NA,4.2510444371212
"RSTD","TD",35,100,-112.83,NA,NA,229.66,237.43,0.788759883260354,0.407168375095353,0.177966318979997,1.13477374016933,NA,1.8810732345608
"RSTD","TD",36,100,-94.93,NA,NA,193.86,201.63,0.960197768406942,0.814909122884274,0.796779429533326,1.17932502988084,NA,1.49123999522999
"RSTD","TD",37,100,-319.74,NA,NA,643.48,651.25,0.983733647270128,0.387793875532225,0.01,1.01,NA,1.18421270139515
"RSTD","TD",38,100,-90.82,NA,NA,185.64,193.41,0.640330957481638,0.661732341628522,0.869464113403289,5.26802271515246,NA,2.1015722423634
"RSTD","TD",39,100,-93.03,NA,NA,190.06,197.83,0.591888564871624,0.781977394130081,0.878425547923791,8.13675054075648,NA,2.17335850927503
"RSTD","TD",40,100,-108.36,NA,NA,220.72,228.49,0.185236022341996,0.927017299691215,0.887603679806137,7.2318335807795,NA,1.40621648728848
"RSTD","TD",41,100,-110.54,NA,NA,225.08,232.85,0.5952471755445,0.540940156206489,0.283658367559132,1.04325461311699,NA,2.71158919288757
"RSTD","TD",42,100,-125.41,NA,NA,254.82,262.59,0.265401779906824,0.195171546889469,0.130252453202928,1.00699281812481,NA,1.22695452463968
"RSTD","TD",43,100,-124.61,NA,NA,253.22,260.99,0.604935176437721,0.398145136190578,0.174970474731952,1,NA,1.04858012497425
"RSTD","TD",44,100,-93.02,NA,NA,190.04,197.81,0.470244030002505,0.685449249343947,0.879229086915485,9.07888254551474,NA,1.6486977073364
"RSTD","TD",45,100,-114.8,NA,NA,233.6,241.37,0.371720403432846,0.503097830805928,0.738397125109233,1,NA,1.32283924566582
"RSTD","TD",46,100,-123.38,NA,NA,250.76,258.53,0.361050225095823,0.370053818682209,0.149319284907597,1,NA,1.17356707000516
"RSTD","TD",47,100,-93.01,NA,NA,190.02,197.79,0.594613759312779,0.789667062694207,0.88002167948127,9.65799078642049,NA,3.04544003671947
"RSTD","TD",48,100,-289.05,NA,NA,582.1,589.87,0.628910263301805,0.0369398219045252,0.0684657632941896,1,NA,2.35408596597136
"RSTD","TD",49,100,-103.77,NA,NA,211.54,219.31,0.254382238723338,0.857857148861513,0.887997429674675,7.25602684591165,NA,1.936107955831
"RSTD","TD",50,100,-108.74,NA,NA,221.48,229.25,0.629901704145595,0.59963444317691,0.543553681776077,1,NA,2.13030682034315
"RSTD","TD",51,100,-111.5,NA,NA,227,234.77,0.958562755258754,0.446684151422232,0.196835266746361,1.25253340804851,NA,2.46860518856885
"RSTD","TD",52,100,-115.13,NA,NA,234.26,242.03,0.378760501742363,0.716149265645072,0.878713829295699,3.88805249883672,NA,2.1838285959837
"RSTD","TD",53,100,-117.39,NA,NA,238.78,246.55,0.843001339351758,0.428967847023159,0.182194173286054,1.04392446582977,NA,1.43009595386684
"RSTD","TD",54,100,-126.53,NA,NA,257.06,264.83,0.111280993092805,0.926345025887713,0.891475304605411,7.71137598746268,NA,2.52358875974062
"RSTD","TD",55,100,-105.8,NA,NA,215.6,223.37,0.231767056509852,0.779834397835657,0.876652343476436,1.4746832935591,NA,4.55762586234994
"RSTD","TD",56,100,-125.14,NA,NA,254.28,262.05,0.386252531083301,0.815260800998658,0.688801339716819,6.48635383823416,NA,2.64474068483968
"RSTD","TD",57,100,-106.01,NA,NA,216.02,223.79,0.6529874894768,0.670282299863175,0.78003840048748,1,NA,1.1162636061199
"RSTD","TD",58,100,-126.34,NA,NA,256.68,264.45,0.560497718863189,0.274772666627541,0.177321140949919,1,NA,1.5290995786691
"RSTD","TD",59,100,-108.75,NA,NA,221.5,229.27,0.597106330329552,0.589335348224267,0.560090633748287,1,NA,1.93161117188157
"RSTD","TD",60,100,-90.8,NA,NA,185.6,193.37,0.987134294584394,0.800411853706464,0.817135193764045,1.45176738410391,NA,2.29764714087815
"RSTD","TD",61,100,-262.88,NA,NA,529.76,537.53,0.718285634880885,0.565618214197457,0.01,1.01,NA,1.06491599744186
"RSTD","TD",62,100,-124.75,NA,NA,253.5,261.27,0.125127220060676,0.773224814096466,0.912899127529392,1.10262297605804,NA,1.58329186262563
"RSTD","TD",63,100,-228.21,NA,NA,460.42,468.19,0.499009405029938,0.0988319513853639,0.0972424734116995,1,NA,1.09243298880756
"RSTD","TD",64,100,-122.49,NA,NA,248.98,256.75,0.333673485321924,0.454882015939802,0.258953724757741,8.07924529718775,NA,3.70696423376415
"RSTD","TD",65,100,-478.15,NA,NA,960.3,968.07,0.810415166895837,0.0187283449340612,0.01,1.01,NA,1.16512183423941
"RSTD","TD",66,100,-115.13,NA,NA,234.26,242.03,0.461979309096932,0.296923782210797,0.168807831631028,1,NA,1.45804071612656
"RSTD","TD",67,100,-102.1,NA,NA,208.2,215.97,0.285626433324069,0.528872283641249,0.840098983037867,1.68267690467623,NA,1.1472960453744
"RSTD","TD",68,100,-115.24,NA,NA,234.48,242.25,0.732509626774117,0.600311974063516,0.336393452863629,1,NA,1.4492717245746
"RSTD","TD",69,100,-106.38,NA,NA,216.76,224.53,0.977929984452203,0.529096166603267,0.257492539620872,1.2069226412774,NA,1.75178614688037
"RSTD","TD",70,100,-198.05,NA,NA,400.1,407.87,0.98177181975916,0.159414226887748,0.0906711312131506,1,NA,1.47737938910723
"RSTD","TD",71,100,-325.45,NA,NA,654.9,662.67,0.922829337418079,0.366323065012693,0.01,1.01,NA,1.08644307602532
"RSTD","TD",72,100,-439.97,NA,NA,883.94,891.71,0.437475311337039,0.144657690776512,0.01,1.01,NA,2.51204245735464
"RSTD","TD",73,100,-100.9,NA,NA,205.8,213.57,0.0812403932213783,0.858433880610391,0.00343056917240071,1.01173687816503,NA,2.57674626609245
"RSTD","TD",74,100,-124.61,NA,NA,253.22,260.99,0.769064010120928,0.423705151304603,0.178742647459163,1,NA,1.055009087082
"RSTD","TD",75,100,-192.61,NA,NA,389.22,396.99,0.27233505435288,0.0992442343849689,0.0965620211306675,1,NA,1.01957268379492
"RSTD","TD",76,100,-113.79,NA,NA,231.58,239.35,0.714246998308226,0.356464033480734,0.177847932963177,1.03065053701789,NA,2.33508190601589
"RSTD","TD",77,100,-104.08,NA,NA,212.16,219.93,0.165105299558491,0.62026000325568,0.887259068639325,5.57767518988335,NA,3.11759630225509
"RSTD","TD",78,100,-97.32,NA,NA,198.64,206.41,0.948594216490164,0.818483957787976,0.819083861681983,1.21386600667447,NA,1.40069885704874
"RSTD","TD",79,100,-104.83,NA,NA,213.66,221.43,0.641159480903298,0.713674181839451,0.805830445559165,1.00383053302713,NA,1.04148287150446
"RSTD","TD",80,100,-93.2,NA,NA,190.4,198.17,0.602592710871249,0.798923129681498,0.824216652229652,1.31057641782114,NA,2.65777598732141
"RSTD","TD",81,100,-98.89,NA,NA,201.78,209.55,0.0268326783552766,0.983408806612715,0.01,1.01,NA,2.42827125892359
"RSTD","TD",82,100,-142.03,NA,NA,288.06,295.83,0.390374890295789,0.210965643869713,0.142693755448725,1,NA,1.07093011168763
"RSTD","TD",83,100,-289.05,NA,NA,582.1,589.87,0.909624356776476,0.0655163209885359,0.0688498381322745,1,NA,1.47955628430628
"RSTD","TD",84,100,-103.96,NA,NA,211.92,219.69,0.894585720263422,0.928069569170475,0.885151794599024,4.80052210084471,NA,1.78467515758694
"RSTD","TD",85,100,-103.77,NA,NA,211.54,219.31,0.16712597804144,0.591124507132918,0.885512242157956,5.62196521288197,NA,1.76918393555553
"RSTD","TD",86,100,-141.85,NA,NA,287.7,295.47,0.0963515317998827,0.187938303221017,0.0366305279356254,1.06656407542751,NA,1.16646143142134
"RSTD","TD",87,100,-134.33,NA,NA,272.66,280.43,0.812582350103185,0.879132093861699,0.756506078904765,9.88535424958411,NA,5.4038753097219
"RSTD","TD",88,100,-105.14,NA,NA,214.28,222.05,0.448961209738627,0.690639521926641,0.816423813443161,1.17005192607299,NA,1.12322780341732
"RSTD","TD",89,100,-102.16,NA,NA,208.32,216.09,0.352596259210259,0.519048273330554,0.749882111239488,5.25006134138045,NA,1.77127007111431
"RSTD","TD",90,100,-224.68,NA,NA,453.36,461.13,0.7131295024883,0.112127762287855,0.0909386534890723,1,NA,4.4174234716404
"RSTD","TD",91,100,-135.79,NA,NA,275.58,283.35,0.102771484525874,0.0985191510990262,0.10161299319544,1.05984190974573,NA,1.34824017202482
"RSTD","TD",92,100,-123.22,NA,NA,250.44,258.21,0.14997310237959,0.461772011825815,0.86005149759658,1,NA,1.26133318960971
"RSTD","TD",93,100,-114.11,NA,NA,232.22,239.99,0.435881547397003,0.7804279406555,0.885877996470944,9.68417935192612,NA,1.68139734584838
"RSTD","TD",94,100,-90.81,NA,NA,185.62,193.39,0.975024477113038,0.799848798895255,0.8166723854464,1.48329713405655,NA,5.33281822849937
"RSTD","TD",95,100,-111.59,NA,NA,227.18,234.95,0.723246149485931,0.623378630494699,0.755399477234611,1,NA,1.45622572209686
"RSTD","TD",96,100,-116.77,NA,NA,237.54,245.31,0.323681306792423,0.444453429430723,0.598842597734861,9.50807817208277,NA,1.44684312446043
"RSTD","TD",97,100,-123.67,NA,NA,251.34,259.11,0.521510650403798,0.40949847153388,0.182124674928897,1,NA,1.1181692021126
"RSTD","TD",98,100,-112.8,NA,NA,229.6,237.37,0.418908317107707,0.978637758642435,0.887852724812734,9.07320211189539,NA,1.21107809292153
"RSTD","TD",99,100,-90.02,NA,NA,184.04,191.81,0.78953983867541,0.418743934947997,0.172888956359834,2.67327927205212,NA,3.49348991278757
"RSTD","TD",100,100,-272.79,NA,NA,549.58,557.35,0.956703607924283,0.607802340993658,0.01,1.01,NA,1.10866933899654
"RSTD","RSTD",1,100,-103.45,NA,NA,212.9,224.56,0.285107890376821,0.724670132622123,0.580930124543635,0.827115355941387,2.87499635884489,2.43561604238095
"RSTD","RSTD",2,100,-95.59,NA,NA,197.18,208.84,0.950232450617477,0.206436974462122,0.849029478574741,0.161584581409639,1.08923023497183,1.3645795173943
"RSTD","RSTD",3,100,-101.18,NA,NA,208.36,220.02,0.536011227406561,0.200363578274846,0.816139885856047,0.196044996146852,4.33647741938733,2.00568439900399
"RSTD","RSTD",4,100,-126.03,NA,NA,258.06,269.72,0.321220333920792,0.649332832079381,0.460550536022226,0.774900365742268,5.37936433946926,1.14288249518722
"RSTD","RSTD",5,100,-108.28,NA,NA,222.56,234.22,0.525106647517532,0.973066303646192,0.778874952373892,0.87295320806959,6.89617516204906,1.39299949863926
"RSTD","RSTD",6,100,-103.68,NA,NA,213.36,225.02,0.895209939451888,0.943225271301344,0.696856549871298,0.858999777627304,4.08229927251472,4.35385648889427
"RSTD","RSTD",7,100,-99.6,NA,NA,205.2,216.86,0.753931205254048,0.197620301274583,0.401111478293734,0.122149260993712,1.14648970476006,1.18983699940145
"RSTD","RSTD",8,100,-74.59,NA,NA,155.18,166.84,0.0560640415642411,0.783013365231454,0,0.763491994415068,9.55131476334448,4.41441693140154
"RSTD","RSTD",9,100,-112.86,NA,NA,231.72,243.38,0.479448032099754,0.989872474921867,0.72728050455856,0.864452154568157,4.85378494732921,1.20800043705019
"RSTD","RSTD",10,100,-90.44,NA,NA,186.88,198.54,0.711294803768396,0.788163986755535,0.301093055777948,0.648832948896494,9.99950705320984,3.30973086307261
"RSTD","RSTD",11,100,-114.78,NA,NA,235.56,247.22,0.5048349336721,0.797194604296237,0.585643276038631,0.821686017843917,3.97478482319298,3.5054881726885
"RSTD","RSTD",12,100,-113.46,NA,NA,232.92,244.58,0.731893435353413,0.395451756194234,0.351151627036079,0.251424885111604,1,1.61817012401298
"RSTD","RSTD",13,100,-94.86,NA,NA,195.72,207.38,0.275977379642427,0.511981163173914,0.465129083904986,0.66975418233815,1.20957660395226,3.39124982816227
"RSTD","RSTD",14,100,-103.86,NA,NA,213.72,225.38,0.226354157319292,0.16033569118008,0.4508294162212,0.211492089563871,1.15991594402278,1.89403793397815
"RSTD","RSTD",15,100,-105.98,NA,NA,217.96,229.62,0.315573724219576,0.984172471100464,0.89303675663545,0.876881248285251,1.2665069717387,2.69604673600736
"RSTD","RSTD",16,100,-114.63,NA,NA,235.26,246.92,0.540354023920372,0.854036244563758,0.308681790510532,0.670742577915921,1,1.36215214885666
"RSTD","RSTD",17,100,-70,NA,NA,146,157.66,0.66359161795117,0.0660558908712119,0.201877281030573,0.0306116662509749,8.43119951958257,2.97567781611326
"RSTD","RSTD",18,100,-108.28,NA,NA,222.56,234.22,0.973287776112556,0.630256613949314,0.175107054488487,0.21660007506397,1.07158420473183,1.85552939023347
"RSTD","RSTD",19,100,-111.45,NA,NA,228.9,240.56,0.340647828998044,0.988910319516435,0.437134005887137,0.772306342070224,1.04998149944262,1.21139730885625
"RSTD","RSTD",20,100,-80.68,NA,NA,167.36,179.02,0.329378831898794,0.0628540490288287,0.574965732937219,0.0651661953802775,2.92615486661624,3.33967715737489
"RSTD","RSTD",21,100,-74.59,NA,NA,155.18,166.84,0.285566801903769,0.0508385861758143,1,0.0458823639657486,9.32464954529551,1.41009616898373
"RSTD","RSTD",22,100,-111.48,NA,NA,228.96,240.62,0.684979062527418,0.438995202770457,0.818237122357345,0.407786446482883,1,1.68512896075845
"RSTD","RSTD",23,100,-108.91,NA,NA,223.82,235.48,0.529962481698021,0.27115519088693,0.456889785273842,0.222151425484034,1,3.69503675574873
"RSTD","RSTD",24,100,-99.6,NA,NA,205.2,216.86,0.779200294986367,0.728794121881947,0.30865058589697,0.649403946820757,7.28306598137326,1.16082152445602
"RSTD","RSTD",25,100,-86.1,NA,NA,178.2,189.86,0.0281218434683979,0.533772448310629,0.000387875477504119,0.00746633128122991,1.01026212463879,1.2251683762297
"RSTD","RSTD",26,100,-156.17,NA,NA,318.34,330,0.128862570039928,0.17050133110024,0.580466722736631,0.311981418105236,9.08403541380258,2.37515528589011
"RSTD","RSTD",27,100,-93.01,NA,NA,192.02,203.68,0.980796684976667,0.860091791022569,0.751372032016857,0.849711456663897,4.27972635023672,2.2001721150753
"RSTD","RSTD",28,100,-111.48,NA,NA,228.96,240.62,0.633000507717952,0.959949327167124,0.156615805878455,0.440268989179991,1,1.02402024855837
"RSTD","RSTD",29,100,-96.65,NA,NA,199.3,210.96,0.234798390883952,0.4054856733419,0.185793351305893,0.377896763273645,3.28062212065521,4.89528230370438
"RSTD","RSTD",30,100,-117.56,NA,NA,241.12,252.78,0.319981756620109,0.632078264839947,0.517309734411814,0.789184574384417,2.94118061680619,1.05595874555906
"RSTD","RSTD",31,100,-101.15,NA,NA,208.3,219.96,0.417691254755482,0.885661983396858,0.144560387715827,0.427979312964587,1.11916001549168,2.4762263855988
"RSTD","RSTD",32,100,-117.53,NA,NA,241.06,252.72,0.119032545015216,0.605491037247702,0.110350457847907,0.454467675515347,1,1.04599827674373
"RSTD","RSTD",33,100,-90.46,NA,NA,186.92,198.58,0.824352919822559,0.753800751408562,0.493802088099815,0.781672864152639,8.28507542618988,3.89878896835935
"RSTD","RSTD",34,100,-93.54,NA,NA,193.08,204.74,0.080542077543214,0.69156481907703,0.0230866756121324,0.159395365071886,1.0519299425932,4.2510444371212
"RSTD","RSTD",35,100,-106.06,NA,NA,218.12,229.78,0.788759883260354,0.407168375095353,0.469367534319508,0.278076668313018,1,1.8810732345608
"RSTD","RSTD",36,100,-95.18,NA,NA,196.36,208.02,0.960197768406942,0.814909122884274,0.57779630427799,0.80395629457199,5.03522225271639,1.49123999522999
"RSTD","RSTD",37,100,-112.59,NA,NA,231.18,242.84,0.983733647270128,0.387793875532225,0.540997086652145,0.267520105866459,1,1.18421270139515
"RSTD","RSTD",38,100,-90.49,NA,NA,186.98,198.64,0.640330957481638,0.661732341628522,0.442294579827999,0.741200088246735,4.43847876128705,2.1015722423634
"RSTD","RSTD",39,100,-93.04,NA,NA,192.08,203.74,0.591888564871624,0.781977394130081,0.835210096949002,0.86794244568648,5.30604953595026,2.17335850927503
"RSTD","RSTD",40,100,-104.96,NA,NA,215.92,227.58,0.185236022341996,0.927017299691215,0.164320284190747,0.506761187912965,1,1.40621648728848
"RSTD","RSTD",41,100,-107.5,NA,NA,221,232.66,0.5952471755445,0.540940156206489,0.999803666299246,0.476697152020439,1.0737983877448,2.71158919288757
"RSTD","RSTD",42,100,-125.56,NA,NA,257.12,268.78,0.265401779906824,0.195171546889469,0.596457347696271,0.228822811305406,5.51881678468901,1.22695452463968
"RSTD","RSTD",43,100,-123.49,NA,NA,252.98,264.64,0.604935176437721,0.398145136190578,0.369790166235557,0.274247240491399,1,1.04858012497425
"RSTD","RSTD",44,100,-93.99,NA,NA,193.98,205.64,0.470244030002505,0.685449249343947,0.283913141522602,0.600422012959934,3.6149689275488,1.6486977073364
"RSTD","RSTD",45,100,-111.47,NA,NA,228.94,240.6,0.371720403432846,0.503097830805928,0.313799143065713,0.479596811803747,1,1.32283924566582
"RSTD","RSTD",46,100,-130.86,NA,NA,267.72,279.38,0.361050225095823,0.370053818682209,0.283381802101449,0.262349741347728,1,1.17356707000516
"RSTD","RSTD",47,100,-93.74,NA,NA,193.48,205.14,0.594613759312779,0.789667062694207,0.347917766040966,0.686270470553908,5.44195851576405,3.04544003671947
"RSTD","RSTD",48,100,-70,NA,NA,146,157.66,0.628910263301805,0.0369398219045252,0.57591657698891,0.0205139927495027,7.41477404721028,2.35408596597136
"RSTD","RSTD",49,100,-103.66,NA,NA,213.32,224.98,0.254382238723338,0.857857148861513,0.443611006402682,0.776592863969848,1.2563124590473,1.936107955831
"RSTD","RSTD",50,100,-105.14,NA,NA,216.28,227.94,0.629901704145595,0.59963444317691,0.201310342714122,0.325601995567326,1.05192862733006,2.13030682034315
"RSTD","RSTD",51,100,-111.36,NA,NA,228.72,240.38,0.958562755258754,0.446684151422232,0.468918437914794,0.317554920044489,8.55206768252702,2.46860518856885
"RSTD","RSTD",52,100,-115.14,NA,NA,236.28,247.94,0.378760501742363,0.716149265645072,0.698909093817833,0.84929173585249,4.07544607992686,2.1838285959837
"RSTD","RSTD",53,100,-115.56,NA,NA,237.12,248.78,0.843001339351758,0.428967847023159,0.485210400944447,0.313129901147149,1,1.43009595386684
"RSTD","RSTD",54,100,-106.97,NA,NA,219.94,231.6,0.111280993092805,0.926345025887713,0.117462284192233,0.637305458065958,1,2.52358875974062
"RSTD","RSTD",55,100,-103.89,NA,NA,213.78,225.44,0.231767056509852,0.779834397835657,0.658957547605834,0.851099482123059,5.05329466859291,4.55762586234994
"RSTD","RSTD",56,100,-103.59,NA,NA,213.18,224.84,0.386252531083301,0.815260800998658,0.476000182516798,0.790881662464083,2.73888532338285,2.64474068483968
"RSTD","RSTD",57,100,-106.16,NA,NA,218.32,229.98,0.6529874894768,0.670282299863175,0.492057135475965,0.673352568404668,1,1.1162636061199
"RSTD","RSTD",58,100,-111.6,NA,NA,229.2,240.86,0.560497718863189,0.274772666627541,0.332783765022252,0.183783339252325,1,1.5290995786691
"RSTD","RSTD",59,100,-109.53,NA,NA,225.06,236.72,0.597106330329552,0.589335348224267,0.751013103580933,0.615806829715527,1,1.93161117188157
"RSTD","RSTD",60,100,-90.85,NA,NA,187.7,199.36,0.987134294584394,0.800411853706464,0.930887721433549,0.884610110659534,9.56289018930409,2.29764714087815
"RSTD","RSTD",61,100,-118.05,NA,NA,242.1,253.76,0.718285634880885,0.565618214197457,0.218916433213399,0.289298171440142,1,1.06491599744186
"RSTD","RSTD",62,100,-118.01,NA,NA,242.02,253.68,0.125127220060676,0.773224814096466,0.103227987781152,0.26178102391882,1.11157890427453,1.58329186262563
"RSTD","RSTD",63,100,-89.55,NA,NA,185.1,196.76,0.499009405029938,0.0988319513853639,0.384201233350286,0.0749703458606588,1.03125161464776,1.09243298880756
"RSTD","RSTD",64,100,-102.59,NA,NA,211.18,222.84,0.333673485321924,0.454882015939802,0.191389386097186,0.271225121774713,1.04798814326579,3.70696423376415
"RSTD","RSTD",65,100,-74.59,NA,NA,155.18,166.84,0.810415166895837,0.0187283449340612,0.88551982973088,0.0267610112848375,7.71285609802427,1.16512183423941
"RSTD","RSTD",66,100,-106.55,NA,NA,219.1,230.76,0.461979309096932,0.296923782210797,0.428484470015637,0.246466154215451,1,1.45804071612656
"RSTD","RSTD",67,100,-101.03,NA,NA,208.06,219.72,0.285626433324069,0.528872283641249,0.563591819951017,0.737666668947809,1.10492412360361,1.1472960453744
"RSTD","RSTD",68,100,-133.15,NA,NA,272.3,283.96,0.732509626774117,0.600311974063516,0.613932147540566,0.457235275790918,6.39210637534761,1.4492717245746
"RSTD","RSTD",69,100,-103.87,NA,NA,213.74,225.4,0.977929984452203,0.529096166603267,0.486930656569782,0.345970992765277,1.13507456088636,1.75178614688037
"RSTD","RSTD",70,100,-85.09,NA,NA,176.18,187.84,0.98177181975916,0.159414226887748,0.16883377690178,0.0621075074881037,1.12261332891664,1.47737938910723
"RSTD","RSTD",71,100,-115.54,NA,NA,237.08,248.74,0.922829337418079,0.366323065012693,0.510580528398896,0.257507850473843,1,1.08644307602532
"RSTD","RSTD",72,100,-92.98,NA,NA,191.96,203.62,0.437475311337039,0.144657690776512,0.715877931055165,0.0287996751138943,2.35677572947616,2.51204245735464
"RSTD","RSTD",73,100,-96.07,NA,NA,198.14,209.8,0.0812403932213783,0.858433880610391,0.0690579624918308,0.698251865595263,1.04271134214164,2.57674626609245
"RSTD","RSTD",74,100,-123.67,NA,NA,253.34,265,0.769064010120928,0.423705151304603,0.468305263652565,0.306321741812105,1,1.055009087082
"RSTD","RSTD",75,100,-103.84,NA,NA,213.68,225.34,0.27233505435288,0.0992442343849689,0.207009940805773,0.0777267896446506,1,1.01957268379492
"RSTD","RSTD",76,100,-106.82,NA,NA,219.64,231.3,0.714246998308226,0.356464033480734,0.387754978057334,0.242709774698265,1,2.33508190601589
"RSTD","RSTD",77,100,-103.68,NA,NA,213.36,225.02,0.165105299558491,0.62026000325568,0.763544514457442,0.870133331422822,4.16247813722244,3.11759630225509
"RSTD","RSTD",78,100,-97.71,NA,NA,201.42,213.08,0.948594216490164,0.818483957787976,0.539731266522162,0.802371450543088,7.75744316603187,1.40069885704874
"RSTD","RSTD",79,100,-105.5,NA,NA,217,228.66,0.641159480903298,0.713674181839451,0.361636630002737,0.599850874215004,1.05535525763033,1.04148287150446
"RSTD","RSTD",80,100,-93.07,NA,NA,192.14,203.8,0.602592710871249,0.798923129681498,0.469975058943418,0.733143572895805,1.98022265742205,2.65777598732141
"RSTD","RSTD",81,100,-74.05,NA,NA,154.1,165.76,0.0268326783552766,0.983408806612715,0.0153957816828829,0.665652328210554,1.37756725585588,2.42827125892359
"RSTD","RSTD",82,100,-111.64,NA,NA,229.28,240.94,0.390374890295789,0.210965643869713,0.797105459617935,0.260741985288427,1,1.07093011168763
"RSTD","RSTD",83,100,-70,NA,NA,146,157.66,0.909624356776476,0.0655163209885359,0.587341079196873,0.0479699961657621,7.9476606745826,1.47955628430628
"RSTD","RSTD",84,100,-103.25,NA,NA,212.5,224.16,0.894585720263422,0.928069569170475,0.4407678161837,0.76674575798395,1.30270054542782,1.78467515758694
"RSTD","RSTD",85,100,-105.57,NA,NA,217.14,228.8,0.16712597804144,0.591124507132918,0.914501399913687,0.876057507736319,1.33233504540505,1.76918393555553
"RSTD","RSTD",86,100,-136.57,NA,NA,279.14,290.8,0.0963515317998827,0.187938303221017,0.0777515549670074,0.132246253188431,1,1.16646143142134
"RSTD","RSTD",87,100,-194.99,NA,NA,395.98,407.64,0.812582350103185,0.879132093861699,0.01,0.01,1.01,5.4038753097219
"RSTD","RSTD",88,100,-107.32,NA,NA,220.64,232.3,0.448961209738627,0.690639521926641,0.31345320826323,0.630604727581565,2.96972565730832,1.12322780341732
"RSTD","RSTD",89,100,-99.65,NA,NA,205.3,216.96,0.352596259210259,0.519048273330554,0.257286600019499,0.550825583284326,3.59196626275512,1.77127007111431
"RSTD","RSTD",90,100,-77.03,NA,NA,160.06,171.72,0.7131295024883,0.112127762287855,0.139090799195882,0.035419032200449,1.02827549114218,4.4174234716404
"RSTD","RSTD",91,100,-125.07,NA,NA,256.14,267.8,0.102771484525874,0.0985191510990262,0.0975942902525008,0.0746614538536064,1.25049399241441,1.34824017202482
"RSTD","RSTD",92,100,-121.42,NA,NA,248.84,260.5,0.14997310237959,0.461772011825815,0.282479428403861,0.635772869298781,1,1.26133318960971
"RSTD","RSTD",93,100,-115,NA,NA,236,247.66,0.435881547397003,0.7804279406555,0.617465995940666,0.836945713229948,8.89096984394259,1.68139734584838
"RSTD","RSTD",94,100,-90.42,NA,NA,186.84,198.5,0.975024477113038,0.799848798895255,0.388799434863653,0.718018255972183,6.3647526595905,5.33281822849937
"RSTD","RSTD",95,100,-111.03,NA,NA,228.06,239.72,0.723246149485931,0.623378630494699,0.58732751189914,0.696105408516156,1,1.45622572209686
"RSTD","RSTD",96,100,-108.27,NA,NA,222.54,234.2,0.323681306792423,0.444453429430723,0.197648702467414,0.316992096498416,1,1.44684312446043
"RSTD","RSTD",97,100,-122.39,NA,NA,250.78,262.44,0.521510650403798,0.40949847153388,0.369550389856369,0.282084575846073,1,1.1181692021126
"RSTD","RSTD",98,100,-113.47,NA,NA,232.94,244.6,0.418908317107707,0.978637758642435,0.647080282289153,0.84893070058759,6.41903308250379,1.21107809292153
"RSTD","RSTD",99,100,-90.75,NA,NA,187.5,199.16,0.78953983867541,0.418743934947997,0.25397449833392,0.215043635474013,1.49390261396035,3.49348991278757
"RSTD","RSTD",100,100,-113.54,NA,NA,233.08,244.74,0.956703607924283,0.607802340993658,0.123224073884104,0.156949293440746,1.01399652855131,1.10866933899654
"RSTD","Utility",1,100,-103.73,NA,NA,213.46,225.12,0.285107890376821,0.724670132622123,0.894432879122302,0.933094716402112,8.5531524429728,2.43561604238095
"RSTD","Utility",2,100,-111.17,NA,NA,228.34,240,0.950232450617477,0.206436974462122,0.07330468498672,0.503876352558285,9.96670798071421,1.3645795173943
"RSTD","Utility",3,100,-106.66,NA,NA,219.32,230.98,0.536011227406561,0.200363578274846,0.0848646475323271,0.517358927644681,10,2.00568439900399
"RSTD","Utility",4,100,-120.6,NA,NA,247.2,258.86,0.321220333920792,0.649332832079381,0.879234114171074,0.769328571339469,2.70957648907704,1.14288249518722
"RSTD","Utility",5,100,-108.67,NA,NA,223.34,235,0.525106647517532,0.973066303646192,0.887168886485937,1,5.58919788171264,1.39299949863926
"RSTD","Utility",6,100,-105.77,NA,NA,217.54,229.2,0.895209939451888,0.943225271301344,0.874027222661012,0.999434488713467,1.34789536130729,4.35385648889427
"RSTD","Utility",7,100,-130.74,NA,NA,267.48,279.14,0.753931205254048,0.197620301274583,0.0999763940191173,0.640422784367928,3.84695588983317,1.18983699940145
"RSTD","Utility",8,100,-74.35,NA,NA,154.7,166.36,0.0560640415642411,0.783013365231454,0,0.958903722519591,1.60580047404825,4.41441693140154
"RSTD","Utility",9,100,-113.8,NA,NA,233.6,245.26,0.479448032099754,0.989872474921867,0.902748698035557,0.748952718207611,3.42634054631704,1.20800043705019
"RSTD","Utility",10,100,-90.8,NA,NA,187.6,199.26,0.711294803768396,0.788163986755535,0.877178532918007,0.980254218377148,8.08830829623269,3.30973086307261
"RSTD","Utility",11,100,-113.33,NA,NA,232.66,244.32,0.5048349336721,0.797194604296237,0.89197653108676,0.728323599224566,3.72623236005823,3.5054881726885
"RSTD","Utility",12,100,-113.45,NA,NA,232.9,244.56,0.731893435353413,0.395451756194234,0.264525030390375,0.694313439717013,4.24934388685637,1.61817012401298
"RSTD","Utility",13,100,-94.99,NA,NA,195.98,207.64,0.275977379642427,0.511981163173914,0.890845480541921,0.584189672039779,9.28315717316447,3.39124982816227
"RSTD","Utility",14,100,-104.56,NA,NA,215.12,226.78,0.226354157319292,0.16033569118008,0.176751022288146,0.569319183772207,9.64608944194035,1.89403793397815
"RSTD","Utility",15,100,-105.95,NA,NA,217.9,229.56,0.315573724219576,0.984172471100464,0.890992670839814,0.86649211658587,2.35924513259999,2.69604673600736
"RSTD","Utility",16,100,-116.6,NA,NA,239.2,250.86,0.540354023920372,0.854036244563758,0.893837399549185,0.771471663607123,2.88366706336515,1.36215214885666
"RSTD","Utility",17,100,-140.15,NA,NA,286.3,297.96,0.66359161795117,0.0660558908712119,0.0501382644207913,0.421526395886519,10,2.97567781611326
"RSTD","Utility",18,100,-111.75,NA,NA,229.5,241.16,0.973287776112556,0.630256613949314,0.195392157182243,1,1,1.85552939023347
"RSTD","Utility",19,100,-113.65,NA,NA,233.3,244.96,0.340647828998044,0.988910319516435,0.884889339651285,0.873752049688508,1.8619709224425,1.21139730885625
"RSTD","Utility",20,100,-184.01,NA,NA,374.02,385.68,0.329378831898794,0.0628540490288287,0.0685238553029847,0.626039375008154,2.15601340960739,3.33967715737489
"RSTD","Utility",21,100,-140.52,NA,NA,287.04,298.7,0.285566801903769,0.0508385861758143,0.0507518415447892,0.408664416064867,10,1.41009616898373
"RSTD","Utility",22,100,-112.5,NA,NA,231,242.66,0.684979062527418,0.438995202770457,0.383651182875492,0.575696559372789,7.60712085327137,1.68512896075845
"RSTD","Utility",23,100,-108.92,NA,NA,223.84,235.5,0.529962481698021,0.27115519088693,0.224131926211362,0.508710644139659,10,3.69503675574873
"RSTD","Utility",24,100,-98.79,NA,NA,203.58,215.24,0.779200294986367,0.728794121881947,0.849586248220838,0.749966581605984,3.58375451266392,1.16082152445602
"RSTD","Utility",25,100,-86.08,NA,NA,178.16,189.82,0.0281218434683979,0.533772448310629,0.0001875,0.909918259614765,1.60126637875278,1.2251683762297
"RSTD","Utility",26,100,-115.96,NA,NA,237.92,249.58,0.128862570039928,0.17050133110024,0.109081726138798,0.924754285486645,1.73965508993965,2.37515528589011
"RSTD","Utility",27,100,-93.21,NA,NA,192.42,204.08,0.980796684976667,0.860091791022569,0.828760977742087,0.973178484374358,1.47870875496642,2.2001721150753
"RSTD","Utility",28,100,-116.79,NA,NA,239.58,251.24,0.633000507717952,0.959949327167124,0.917828400546769,0.605833246136365,6.63209135686086,1.02402024855837
"RSTD","Utility",29,100,-99.69,NA,NA,205.38,217.04,0.234798390883952,0.4054856733419,0.682705887289077,0.753305029932555,3.85267724069171,4.89528230370438
"RSTD","Utility",30,100,-113.51,NA,NA,233.02,244.68,0.319981756620109,0.632078264839947,0.833051950591965,0.981213175945196,1,1.05595874555906
"RSTD","Utility",31,100,-104.37,NA,NA,214.74,226.4,0.417691254755482,0.885661983396858,0.896559975112768,0.919553092950136,7.31540978567656,2.4762263855988
"RSTD","Utility",32,100,-139.01,NA,NA,284.02,295.68,0.119032545015216,0.605491037247702,0.917004571487926,0.883207782950621,1.65939241931257,1.04599827674373
"RSTD","Utility",33,100,-90.89,NA,NA,187.78,199.44,0.824352919822559,0.753800751408562,0.846357440811104,0.905742740286393,2.72430277741145,3.89878896835935
"RSTD","Utility",34,100,-94.54,NA,NA,195.08,206.74,0.080542077543214,0.69156481907703,0.0032394927052983,0.889987345577726,1.88464354331577,4.2510444371212
"RSTD","Utility",35,100,-106.15,NA,NA,218.3,229.96,0.788759883260354,0.407168375095353,0.284559186051205,0.617333503228681,6.51743353754557,1.8810732345608
"RSTD","Utility",36,100,-94.97,NA,NA,195.94,207.6,0.960197768406942,0.814909122884274,0.878416930966528,0.635437523683635,6.87880625001091,1.49123999522999
"RSTD","Utility",37,100,-113.22,NA,NA,232.44,244.1,0.983733647270128,0.387793875532225,0.260576595853379,0.542772695412972,8.27042875046096,1.18421270139515
"RSTD","Utility",38,100,-90.91,NA,NA,187.82,199.48,0.640330957481638,0.661732341628522,0.867903418821577,0.914964920013538,4.26485261620857,2.1015722423634
"RSTD","Utility",39,100,-93.3,NA,NA,192.6,204.26,0.591888564871624,0.781977394130081,0.875321859920204,0.857048285318486,4.46157442013061,2.17335850927503
"RSTD","Utility",40,100,-108.37,NA,NA,222.74,234.4,0.185236022341996,0.927017299691215,0.887565702002195,1,7.2121546298435,1.40621648728848
"RSTD","Utility",41,100,-110.5,NA,NA,227,238.66,0.5952471755445,0.540940156206489,0.2851868170851,0.992666691014375,1.08926041377471,2.71158919288757
"RSTD","Utility",42,100,-109.42,NA,NA,224.84,236.5,0.265401779906824,0.195171546889469,0.111869760206808,0.698744498224429,4.68420222893739,1.22695452463968
"RSTD","Utility",43,100,-123.35,NA,NA,252.7,264.36,0.604935176437721,0.398145136190578,0.262427285969851,0.786338872062919,2.39797213307793,1.04858012497425
"RSTD","Utility",44,100,-93.22,NA,NA,192.44,204.1,0.470244030002505,0.685449249343947,0.849628667585804,0.88254858247245,2.362989696047,1.6486977073364
"RSTD","Utility",45,100,-114.1,NA,NA,234.2,245.86,0.371720403432846,0.503097830805928,0.802411029959416,0.746595748259677,2.69191537182679,1.32283924566582
"RSTD","Utility",46,100,-123.39,NA,NA,252.78,264.44,0.361050225095823,0.370053818682209,0.145145962323803,1,1,1.17356707000516
"RSTD","Utility",47,100,-93.2,NA,NA,192.4,204.06,0.594613759312779,0.789667062694207,0.831843609242851,0.965442512865548,1.60342317661001,3.04544003671947
"RSTD","Utility",48,100,-140.15,NA,NA,286.3,297.96,0.628910263301805,0.0369398219045252,0.0504658972188499,0.420489377205627,10,2.35408596597136
"RSTD","Utility",49,100,-106.37,NA,NA,218.74,230.4,0.254382238723338,0.857857148861513,0.925422330579566,0.604991624272058,9.44214042728993,1.936107955831
"RSTD","Utility",50,100,-109.17,NA,NA,224.34,236,0.629901704145595,0.59963444317691,0.599049431343553,0.848828271313114,1.93115317878529,2.13030682034315
"RSTD","Utility",51,100,-103.91,NA,NA,213.82,225.48,0.958562755258754,0.446684151422232,0.347519169252367,0.543918284907057,10,2.46860518856885
"RSTD","Utility",52,100,-113.8,NA,NA,233.6,245.26,0.378760501742363,0.716149265645072,0.894488261265837,0.703058784562512,4.26977308478196,2.1838285959837
"RSTD","Utility",53,100,-116.17,NA,NA,238.34,250,0.843001339351758,0.428967847023159,0.353758806799251,0.54792573822087,9.08668492936952,1.43009595386684
"RSTD","Utility",54,100,-126.31,NA,NA,258.62,270.28,0.111280993092805,0.926345025887713,0.93689944875687,0.673847368603079,8.83915216327915,2.52358875974062
"RSTD","Utility",55,100,-123.83,NA,NA,253.66,265.32,0.231767056509852,0.779834397835657,0.877779130872656,0.867981624300956,8.96259173127791,4.55762586234994
"RSTD","Utility",56,100,-103.69,NA,NA,213.38,225.04,0.386252531083301,0.815260800998658,0.885847731170777,1,6.05072589364195,2.64474068483968
"RSTD","Utility",57,100,-109.15,NA,NA,224.3,235.96,0.6529874894768,0.670282299863175,0.877475937804939,0.999915835779194,9.42719257473437,1.1162636061199
"RSTD","Utility",58,100,-111.81,NA,NA,229.62,241.28,0.560497718863189,0.274772666627541,0.210532082347671,0.511373475504425,9.51454381029522,1.5290995786691
"RSTD","Utility",59,100,-109.75,NA,NA,225.5,237.16,0.597106330329552,0.589335348224267,0.690371018481076,0.571396594149064,7.78418247202915,1.93161117188157
"RSTD","Utility",60,100,-90.82,NA,NA,187.64,199.3,0.987134294584394,0.800411853706464,0.822934100708995,0.941240934915435,1.73095788910786,2.29764714087815
"RSTD","Utility",61,100,-121.35,NA,NA,248.7,260.36,0.718285634880885,0.565618214197457,0.363246283661576,0.954397147935509,1,1.06491599744186
"RSTD","Utility",62,100,-126.15,NA,NA,258.3,269.96,0.125127220060676,0.773224814096466,0.902224975194321,0.945460513335246,4.32461691892892,1.58329186262563
"RSTD","Utility",63,100,-117.55,NA,NA,241.1,252.76,0.499009405029938,0.0988319513853639,0.0629559017794371,0.468485021750358,10,1.09243298880756
"RSTD","Utility",64,100,-250,NA,NA,506,517.66,0.333673485321924,0.454882015939802,0.01,0.01,1.01,3.70696423376415
"RSTD","Utility",65,100,-142.1,NA,NA,290.2,301.86,0.810415166895837,0.0187283449340612,0.0502818610144997,0.416320497146808,10,1.16512183423941
"RSTD","Utility",66,100,-107.43,NA,NA,220.86,232.52,0.461979309096932,0.296923782210797,0.251953403171009,0.61122130712103,6.07913318023653,1.45804071612656
"RSTD","Utility",67,100,-101.23,NA,NA,208.46,220.12,0.285626433324069,0.528872283641249,0.900317736887944,0.554100717411382,9.67384308964277,1.1472960453744
"RSTD","Utility",68,100,-115.11,NA,NA,236.22,247.88,0.732509626774117,0.600311974063516,0.37032284065222,0.972617935456352,1,1.4492717245746
"RSTD","Utility",69,100,-104.34,NA,NA,214.68,226.34,0.977929984452203,0.529096166603267,0.350706559754798,0.710426415125311,4.49438790454507,1.75178614688037
"RSTD","Utility",70,100,-100.88,NA,NA,207.76,219.42,0.98177181975916,0.159414226887748,0.067828340463214,0.516599151680291,9.68933192109654,1.47737938910723
"RSTD","Utility",71,100,-115.6,NA,NA,237.2,248.86,0.922829337418079,0.366323065012693,0.253341818556709,0.537405126612107,8.32679344170963,1.08644307602532
"RSTD","Utility",72,100,-91.64,NA,NA,189.28,200.94,0.437475311337039,0.144657690776512,0.0739361705844247,0.539587386909299,10,2.51204245735464
"RSTD","Utility",73,100,-103.92,NA,NA,213.84,225.5,0.0812403932213783,0.858433880610391,0,1,1,2.57674626609245
"RSTD","Utility",74,100,-123.92,NA,NA,253.84,265.5,0.769064010120928,0.423705151304603,0.17087163868374,0.916594823767532,1.36426044560065,1.055009087082
"RSTD","Utility",75,100,-110.67,NA,NA,227.34,239,0.27233505435288,0.0992442343849689,0.073336779975473,0.50470816728776,10,1.01957268379492
"RSTD","Utility",76,100,-107.5,NA,NA,221,232.66,0.714246998308226,0.356464033480734,0.234030049474315,0.698018115909119,3.85232389191033,2.33508190601589
"RSTD","Utility",77,100,-104.84,NA,NA,215.68,227.34,0.165105299558491,0.62026000325568,0.88848822522665,0.977535696625103,4.00092205188726,3.11759630225509
"RSTD","Utility",78,100,-97.32,NA,NA,200.64,212.3,0.948594216490164,0.818483957787976,0.815137978651279,1,1.15961880475756,1.40069885704874
"RSTD","Utility",79,100,-104.91,NA,NA,215.82,227.48,0.641159480903298,0.713674181839451,0.901495765009328,0.534110091108985,9.94755460360942,1.04148287150446
"RSTD","Utility",80,100,-93.06,NA,NA,192.12,203.78,0.602592710871249,0.798923129681498,0.882346998228944,0.95887266782817,8.41260009956749,2.65777598732141
"RSTD","Utility",81,100,-74.35,NA,NA,154.7,166.36,0.0268326783552766,0.983408806612715,0,0.958903722519591,1.60580047404825,2.42827125892359
"RSTD","Utility",82,100,-111.51,NA,NA,229.02,240.68,0.390374890295789,0.210965643869713,0.171194221529947,0.540616351361875,9.38758858336467,1.07093011168763
"RSTD","Utility",83,100,-176.97,NA,NA,359.94,371.6,0.909624356776476,0.0655163209885359,0.0621902618226171,0.559402178848438,3.25512899029413,1.47955628430628
"RSTD","Utility",84,100,-105.55,NA,NA,217.1,228.76,0.894585720263422,0.928069569170475,0.914276430866252,0.659186506466405,6.50241955390961,1.78467515758694
"RSTD","Utility",85,100,-103.4,NA,NA,212.8,224.46,0.16712597804144,0.591124507132918,0.886949137475945,0.998411196683224,8.98102372250978,1.76918393555553
"RSTD","Utility",86,100,-149.04,NA,NA,304.08,315.74,0.0963515317998827,0.187938303221017,0.00809955265103249,0.566427946889942,7.30444181688832,1.16646143142134
"RSTD","Utility",87,100,-114.06,NA,NA,234.12,245.78,0.812582350103185,0.879132093861699,0.896828488906812,0.73925287392454,3.54255598437843,5.4038753097219
"RSTD","Utility",88,100,-106.92,NA,NA,219.84,231.5,0.448961209738627,0.690639521926641,0.858501574982939,0.95680703590517,2.72943075589959,1.12322780341732
"RSTD","Utility",89,100,-98.79,NA,NA,203.58,215.24,0.352596259210259,0.519048273330554,0.828177449119283,0.861380472981474,2.11087315841692,1.77127007111431
"RSTD","Utility",90,100,-110.13,NA,NA,226.26,237.92,0.7131295024883,0.112127762287855,0.0627941088017721,0.478914788263043,10,4.4174234716404
"RSTD","Utility",91,100,-125.05,NA,NA,256.1,267.76,0.102771484525874,0.0985191510990262,0.0746600044249184,0.769093643589842,3.81404552446883,1.34824017202482
"RSTD","Utility",92,100,-251.67,NA,NA,509.34,521,0.14997310237959,0.461772011825815,0.01,0.01,1.01,1.26133318960971
"RSTD","Utility",93,100,-114.1,NA,NA,234.2,245.86,0.435881547397003,0.7804279406555,0.902511905180108,0.698203320895301,4.35731982678987,1.68139734584838
"RSTD","Utility",94,100,-90.89,NA,NA,187.78,199.44,0.975024477113038,0.799848798895255,0.890289936720467,0.834626727505318,9.48407439600663,5.33281822849937
"RSTD","Utility",95,100,-112.52,NA,NA,231.04,242.7,0.723246149485931,0.623378630494699,0.771438770865355,0.57157490826624,7.21094376341312,1.45622572209686
"RSTD","Utility",96,100,-112.33,NA,NA,230.66,242.32,0.323681306792423,0.444453429430723,0.615838771791325,0.899370418566354,1.38333628179871,1.44684312446043
"RSTD","Utility",97,100,-122.16,NA,NA,250.32,261.98,0.521510650403798,0.40949847153388,0.317101989243218,0.682326503545501,3.94338473552526,1.1181692021126
"RSTD","Utility",98,100,-113.86,NA,NA,233.72,245.38,0.418908317107707,0.978637758642435,0.899119353006913,0.891718580437639,7.23485374083427,1.21107809292153
"RSTD","Utility",99,100,-90.05,NA,NA,186.1,197.76,0.78953983867541,0.418743934947997,0.171064929210026,1,2.48104914235971,3.49348991278757
"RSTD","Utility",100,100,-114.46,NA,NA,234.92,246.58,0.956703607924283,0.607802340993658,0.462590655889729,0.664494147444707,4.58008264124978,1.10866933899654
"Utility","TD",1,100,-348.01,NA,NA,700.02,707.79,0.285107890376821,0.724670132622123,0.01,1.01,NA,2.43561604238095
"Utility","TD",2,100,-273,NA,NA,550,557.77,0.950232450617477,0.206436974462122,0.0659938756254019,1,NA,1.3645795173943
"Utility","TD",3,100,-273.49,NA,NA,550.98,558.75,0.536011227406561,0.200363578274846,0.0598409305438058,1,NA,2.00568439900399
"Utility","TD",4,100,-417.34,NA,NA,838.68,846.45,0.321220333920792,0.649332832079381,0.01,1.01,NA,1.14288249518722
"Utility","TD",5,100,-259.3,NA,NA,522.6,530.37,0.525106647517532,0.973066303646192,0.01,1.01,NA,1.39299949863926
"Utility","TD",6,100,-113.8,NA,NA,231.6,239.37,0.895209939451888,0.943225271301344,0.855360633095358,1,NA,4.35385648889427
"Utility","TD",7,100,-413.7,NA,NA,831.4,839.17,0.753931205254048,0.197620301274583,0.01,1.01,NA,1.18983699940145
"Utility","TD",8,100,-149.2,NA,NA,302.4,310.17,0.0560640415642411,0.783013365231454,0.0753779908380416,1,NA,4.41441693140154
"Utility","TD",9,100,-272.39,NA,NA,548.78,556.55,0.479448032099754,0.989872474921867,0.01,1.01,NA,1.20800043705019
"Utility","TD",10,100,-102.45,NA,NA,208.9,216.67,0.711294803768396,0.788163986755535,0.779829040858454,1,NA,3.30973086307261
"Utility","TD",11,100,-282.82,NA,NA,569.64,577.41,0.5048349336721,0.797194604296237,0.01,1.01,NA,3.5054881726885
"Utility","TD",12,100,-269.58,NA,NA,543.16,550.93,0.731893435353413,0.395451756194234,0.0642920806337196,1,NA,1.61817012401298
"Utility","TD",13,100,-199.08,NA,NA,402.16,409.93,0.275977379642427,0.511981163173914,0.134140988468586,1,NA,3.39124982816227
"Utility","TD",14,100,-420.68,NA,NA,845.36,853.13,0.226354157319292,0.16033569118008,0.01,1.01,NA,1.89403793397815
"Utility","TD",15,100,-112.86,NA,NA,229.72,237.49,0.315573724219576,0.984172471100464,0.181732433288747,1.12597559667692,NA,2.69604673600736
"Utility","TD",16,100,-144.36,NA,NA,292.72,300.49,0.540354023920372,0.854036244563758,0.36627179206277,1,NA,1.36215214885666
"Utility","TD",17,100,-281.6,NA,NA,567.2,574.97,0.66359161795117,0.0660558908712119,0.0658046240049168,1,NA,2.97567781611326
"Utility","TD",18,100,-207.39,NA,NA,418.78,426.55,0.973287776112556,0.630256613949314,0.0764678233573581,1,NA,1.85552939023347
"Utility","TD",19,100,-123.78,NA,NA,251.56,259.33,0.340647828998044,0.988910319516435,0.15002748393546,1,NA,1.21139730885625
"Utility","TD",20,100,-428.62,NA,NA,861.24,869.01,0.329378831898794,0.0628540490288287,0.01,1.01,NA,3.33967715737489
"Utility","TD",21,100,-304.88,NA,NA,613.76,621.53,0.285566801903769,0.0508385861758143,0.0590055220383048,1,NA,1.41009616898373
"Utility","TD",22,100,-418.81,NA,NA,841.62,849.39,0.684979062527418,0.438995202770457,0.01,1.01,NA,1.68512896075845
"Utility","TD",23,100,-453.25,NA,NA,910.5,918.27,0.529962481698021,0.27115519088693,0.01,1.01,NA,3.69503675574873
"Utility","TD",24,100,-325.03,NA,NA,654.06,661.83,0.779200294986367,0.728794121881947,0.01,1.01,NA,1.16082152445602
"Utility","TD",25,100,-286.47,NA,NA,576.94,584.71,0.0281218434683979,0.533772448310629,0.0536376244312873,1,NA,1.2251683762297
"Utility","TD",26,100,-286.39,NA,NA,576.78,584.55,0.128862570039928,0.17050133110024,0.0592389245340478,1,NA,2.37515528589011
"Utility","TD",27,100,-112.8,NA,NA,229.6,237.37,0.980796684976667,0.860091791022569,0.86312199797825,1.0369015297889,NA,2.2001721150753
"Utility","TD",28,100,-124.45,NA,NA,252.9,260.67,0.633000507717952,0.959949327167124,0.753293879857373,1,NA,1.02402024855837
"Utility","TD",29,100,-220.93,NA,NA,445.86,453.63,0.234798390883952,0.4054856733419,0.125292276437494,1,NA,4.89528230370438
"Utility","TD",30,100,-264.56,NA,NA,533.12,540.89,0.319981756620109,0.632078264839947,0.0957729500223876,1,NA,1.05595874555906
"Utility","TD",31,100,-114.65,NA,NA,233.3,241.07,0.417691254755482,0.885661983396858,0.164395909772388,1.02875028509798,NA,2.4762263855988
"Utility","TD",32,100,-278.89,NA,NA,561.78,569.55,0.119032545015216,0.605491037247702,0.0633122593431768,1,NA,1.04599827674373
"Utility","TD",33,100,-101.18,NA,NA,206.36,214.13,0.824352919822559,0.753800751408562,0.808040612156434,1.08646741235378,NA,3.89878896835935
"Utility","TD",34,100,-148.29,NA,NA,300.58,308.35,0.080542077543214,0.69156481907703,0.100138047054972,1,NA,4.2510444371212
"Utility","TD",35,100,-268.32,NA,NA,540.64,548.41,0.788759883260354,0.407168375095353,0.067535431427492,1,NA,1.8810732345608
"Utility","TD",36,100,-145.82,NA,NA,295.64,303.41,0.960197768406942,0.814909122884274,0.887842227551645,1,NA,1.49123999522999
"Utility","TD",37,100,-262.53,NA,NA,529.06,536.83,0.983733647270128,0.387793875532225,0.0636883646137201,1,NA,1.18421270139515
"Utility","TD",38,100,-283.34,NA,NA,570.68,578.45,0.640330957481638,0.661732341628522,0.01,1.01,NA,2.1015722423634
"Utility","TD",39,100,-262.69,NA,NA,529.38,537.15,0.591888564871624,0.781977394130081,0.01,1.01,NA,2.17335850927503
"Utility","TD",40,100,-132.17,NA,NA,268.34,276.11,0.185236022341996,0.927017299691215,0.134088318398845,1,NA,1.40621648728848
"Utility","TD",41,100,-207.14,NA,NA,418.28,426.05,0.5952471755445,0.540940156206489,0.120594615885294,1,NA,2.71158919288757
"Utility","TD",42,100,-283.43,NA,NA,570.86,578.63,0.265401779906824,0.195171546889469,0.0516031371700174,1,NA,1.22695452463968
"Utility","TD",43,100,-275.48,NA,NA,554.96,562.73,0.604935176437721,0.398145136190578,0.0662072585302424,1,NA,1.04858012497425
"Utility","TD",44,100,-180.06,NA,NA,364.12,371.89,0.470244030002505,0.685449249343947,0.109298681502457,1,NA,1.6486977073364
"Utility","TD",45,100,-262.6,NA,NA,529.2,536.97,0.371720403432846,0.503097830805928,0.0770462423987676,1,NA,1.32283924566582
"Utility","TD",46,100,-270.03,NA,NA,544.06,551.83,0.361050225095823,0.370053818682209,0.0559966205157979,1,NA,1.17356707000516
"Utility","TD",47,100,-262.88,NA,NA,529.76,537.53,0.594613759312779,0.789667062694207,0.01,1.01,NA,3.04544003671947
"Utility","TD",48,100,-280.53,NA,NA,565.06,572.83,0.628910263301805,0.0369398219045252,0.0561875467240832,1,NA,2.35408596597136
"Utility","TD",49,100,-126.06,NA,NA,256.12,263.89,0.254382238723338,0.857857148861513,0.142192006767247,1,NA,1.936107955831
"Utility","TD",50,100,-210.91,NA,NA,425.82,433.59,0.629901704145595,0.59963444317691,0.104949326196303,1,NA,2.13030682034315
"Utility","TD",51,100,-245.21,NA,NA,494.42,502.19,0.958562755258754,0.446684151422232,0.0700242526941342,1,NA,2.46860518856885
"Utility","TD",52,100,-159.12,NA,NA,322.24,330.01,0.378760501742363,0.716149265645072,0.145469897577848,1,NA,2.1838285959837
"Utility","TD",53,100,-270.1,NA,NA,544.2,551.97,0.843001339351758,0.428967847023159,0.0624493449812977,1,NA,1.43009595386684
"Utility","TD",54,100,-131.53,NA,NA,267.06,274.83,0.111280993092805,0.926345025887713,0.10723942001427,1.08724295686832,NA,2.52358875974062
"Utility","TD",55,100,-315.08,NA,NA,634.16,641.93,0.231767056509852,0.779834397835657,0.01,1.01,NA,4.55762586234994
"Utility","TD",56,100,-125.27,NA,NA,254.54,262.31,0.386252531083301,0.815260800998658,0.16090783007059,1.00010851297389,NA,2.64474068483968
"Utility","TD",57,100,-359.04,NA,NA,722.08,729.85,0.6529874894768,0.670282299863175,0.01,1.01,NA,1.1162636061199
"Utility","TD",58,100,-275.83,NA,NA,555.66,563.43,0.560497718863189,0.274772666627541,0.0653928671536307,1,NA,1.5290995786691
"Utility","TD",59,100,-225.51,NA,NA,455.02,462.79,0.597106330329552,0.589335348224267,0.100255800343835,1,NA,1.93161117188157
"Utility","TD",60,100,-198.06,NA,NA,400.12,407.89,0.987134294584394,0.800411853706464,0.01,1.01,NA,2.29764714087815
"Utility","TD",61,100,-392.59,NA,NA,789.18,796.95,0.718285634880885,0.565618214197457,0.01,1.01,NA,1.06491599744186
"Utility","TD",62,100,-386.83,NA,NA,777.66,785.43,0.125127220060676,0.773224814096466,0.01,1.01,NA,1.58329186262563
"Utility","TD",63,100,-305.14,NA,NA,614.28,622.05,0.499009405029938,0.0988319513853639,0.0492413087823536,1,NA,1.09243298880756
"Utility","TD",64,100,-227.05,NA,NA,458.1,465.87,0.333673485321924,0.454882015939802,0.125761529575119,1,NA,3.70696423376415
"Utility","TD",65,100,-328.57,NA,NA,661.14,668.91,0.810415166895837,0.0187283449340612,0.0460268124285484,1,NA,1.16512183423941
"Utility","TD",66,100,-413.3,NA,NA,830.6,838.37,0.461979309096932,0.296923782210797,0.01,1.01,NA,1.45804071612656
"Utility","TD",67,100,-269.57,NA,NA,543.14,550.91,0.285626433324069,0.528872283641249,0.0728824310959418,1,NA,1.1472960453744
"Utility","TD",68,100,-376.28,NA,NA,756.56,764.33,0.732509626774117,0.600311974063516,0.01,1.01,NA,1.4492717245746
"Utility","TD",69,100,-271.13,NA,NA,546.26,554.03,0.977929984452203,0.529096166603267,0.0713308532458639,1,NA,1.75178614688037
"Utility","TD",70,100,-433.01,NA,NA,870.02,877.79,0.98177181975916,0.159414226887748,0.01,1.01,NA,1.47737938910723
"Utility","TD",71,100,-418.65,NA,NA,841.3,849.07,0.922829337418079,0.366323065012693,0.01,1.01,NA,1.08644307602532
"Utility","TD",72,100,-274.24,NA,NA,552.48,560.25,0.437475311337039,0.144657690776512,0.0580181370137101,1.00001401387141,NA,2.51204245735464
"Utility","TD",73,100,-144.94,NA,NA,293.88,301.65,0.0812403932213783,0.858433880610391,0.0938380474670112,1,NA,2.57674626609245
"Utility","TD",74,100,-269.7,NA,NA,543.4,551.17,0.769064010120928,0.423705151304603,0.0642440590819106,1,NA,1.055009087082
"Utility","TD",75,100,-292.75,NA,NA,589.5,597.27,0.27233505435288,0.0992442343849689,0.0552569438219786,1,NA,1.01957268379492
"Utility","TD",76,100,-264.97,NA,NA,533.94,541.71,0.714246998308226,0.356464033480734,0.068665270363367,1,NA,2.33508190601589
"Utility","TD",77,100,-393.14,NA,NA,790.28,798.05,0.165105299558491,0.62026000325568,0.01,1.01,NA,3.11759630225509
"Utility","TD",78,100,-148.16,NA,NA,300.32,308.09,0.948594216490164,0.818483957787976,0.872146713015653,1,NA,1.40069885704874
"Utility","TD",79,100,-259.75,NA,NA,523.5,531.27,0.641159480903298,0.713674181839451,0.826789573963241,1,NA,1.04148287150446
"Utility","TD",80,100,-253.12,NA,NA,510.24,518.01,0.602592710871249,0.798923129681498,0.01,1.01,NA,2.65777598732141
"Utility","TD",81,100,-123.52,NA,NA,251.04,258.81,0.0268326783552766,0.983408806612715,0.0281415114869839,2.13148283127388,NA,2.42827125892359
"Utility","TD",82,100,-287.41,NA,NA,578.82,586.59,0.390374890295789,0.210965643869713,0.0515128004804875,1,NA,1.07093011168763
"Utility","TD",83,100,-287.55,NA,NA,579.1,586.87,0.909624356776476,0.0655163209885359,0.0566974008101678,1,NA,1.47955628430628
"Utility","TD",84,100,-120.28,NA,NA,244.56,252.33,0.894585720263422,0.928069569170475,0.851326589636383,1,NA,1.78467515758694
"Utility","TD",85,100,-251.87,NA,NA,507.74,515.51,0.16712597804144,0.591124507132918,0.0985059858417756,1,NA,1.76918393555553
"Utility","TD",86,100,-429.21,NA,NA,862.42,870.19,0.0963515317998827,0.187938303221017,0.01,1.01,NA,1.16646143142134
"Utility","TD",87,100,-90.83,NA,NA,185.66,193.43,0.812582350103185,0.879132093861699,0.86758486199024,4.69610705781171,NA,5.4038753097219
"Utility","TD",88,100,-389.34,NA,NA,782.68,790.45,0.448961209738627,0.690639521926641,0.01,1.01,NA,1.12322780341732
"Utility","TD",89,100,-274.12,NA,NA,552.24,560.01,0.352596259210259,0.519048273330554,0.0928593309946791,1,NA,1.77127007111431
"Utility","TD",90,100,-441.31,NA,NA,886.62,894.39,0.7131295024883,0.112127762287855,0.01,1.01,NA,4.4174234716404
"Utility","TD",91,100,-302.75,NA,NA,609.5,617.27,0.102771484525874,0.0985191510990262,0.0578462597073405,1,NA,1.34824017202482
"Utility","TD",92,100,-273.15,NA,NA,550.3,558.07,0.14997310237959,0.461772011825815,0.0561847933486168,1,NA,1.26133318960971
"Utility","TD",93,100,-146.25,NA,NA,296.5,304.27,0.435881547397003,0.7804279406555,0.16127167045234,1,NA,1.68139734584838
"Utility","TD",94,100,-103.69,NA,NA,211.38,219.15,0.975024477113038,0.799848798895255,0.887730993476365,7.89845912901539,NA,5.33281822849937
"Utility","TD",95,100,-357.3,NA,NA,718.6,726.37,0.723246149485931,0.623378630494699,0.01,1.01,NA,1.45622572209686
"Utility","TD",96,100,-267.3,NA,NA,538.6,546.37,0.323681306792423,0.444453429430723,0.0722155019415699,1,NA,1.44684312446043
"Utility","TD",97,100,-271.85,NA,NA,547.7,555.47,0.521510650403798,0.40949847153388,0.0669779627095157,1,NA,1.1181692021126
"Utility","TD",98,100,-289.27,NA,NA,582.54,590.31,0.418908317107707,0.978637758642435,0.01,1.01,NA,1.21107809292153
"Utility","TD",99,100,-276.37,NA,NA,556.74,564.51,0.78953983867541,0.418743934947997,0.0699993137683139,1,NA,3.49348991278757
"Utility","TD",100,100,-381.88,NA,NA,767.76,775.53,0.956703607924283,0.607802340993658,0.01,1.01,NA,1.10866933899654
"Utility","RSTD",1,100,-156.17,NA,NA,318.34,330,0.285107890376821,0.724670132622123,0.904118050892448,0.317728581015379,1,2.43561604238095
"Utility","RSTD",2,100,-259.25,NA,NA,524.5,536.16,0.950232450617477,0.206436974462122,0.0747593465916767,0.0557183283984026,1,1.3645795173943
"Utility","RSTD",3,100,-267.71,NA,NA,541.42,553.08,0.536011227406561,0.200363578274846,0.0661473183567033,0.0553072637545987,1,2.00568439900399
"Utility","RSTD",4,100,-244.05,NA,NA,494.1,505.76,0.321220333920792,0.649332832079381,0.0887391870994594,0.0753041479415769,1.00017265757989,1.14288249518722
"Utility","RSTD",5,100,-113.21,NA,NA,232.42,244.08,0.525106647517532,0.973066303646192,0.168262574818753,0.22833040947393,1,1.39299949863926
"Utility","RSTD",6,100,-114.82,NA,NA,235.64,247.3,0.895209939451888,0.943225271301344,0.551107296161798,0.816820354894404,5.87275141801364,4.35385648889427
"Utility","RSTD",7,100,-266.1,NA,NA,538.2,549.86,0.753931205254048,0.197620301274583,0.0625342676632802,0.0543408905099576,1,1.18983699940145
"Utility","RSTD",8,100,-122.99,NA,NA,251.98,263.64,0.0560640415642411,0.783013365231454,0.0661934774670302,0.042671519334339,1.19951882256309,4.41441693140154
"Utility","RSTD",9,100,-110.98,NA,NA,227.96,239.62,0.479448032099754,0.989872474921867,0.964360161983895,0.495934890767326,1,1.20800043705019
"Utility","RSTD",10,100,-104.99,NA,NA,215.98,227.64,0.711294803768396,0.788163986755535,0.990762857435896,0.889851643691385,8.29398751867437,3.30973086307261
"Utility","RSTD",11,100,-120.66,NA,NA,247.32,258.98,0.5048349336721,0.797194604296237,0.183759281964132,0.199745609222286,1,3.5054881726885
"Utility","RSTD",12,100,-251.6,NA,NA,509.2,520.86,0.731893435353413,0.395451756194234,0.0715089147515237,0.0517746026674739,1,1.61817012401298
"Utility","RSTD",13,100,-217.98,NA,NA,441.96,453.62,0.275977379642427,0.511981163173914,0.974054927651174,0.277982656961704,1,3.39124982816227
"Utility","RSTD",14,100,-270.35,NA,NA,546.7,558.36,0.226354157319292,0.16033569118008,0.0611779030514105,0.0488853790293081,1,1.89403793397815
"Utility","RSTD",15,100,-111.13,NA,NA,228.26,239.92,0.315573724219576,0.984172471100464,0.360748783938119,0.263703419263884,1.0562399354907,2.69604673600736
"Utility","RSTD",16,100,-144.37,NA,NA,294.74,306.4,0.540354023920372,0.854036244563758,0.388760008322613,0.381737076324888,1,1.36215214885666
"Utility","RSTD",17,100,-264.76,NA,NA,535.52,547.18,0.66359161795117,0.0660558908712119,0.0757661142398301,0.0552116813175775,1,2.97567781611326
"Utility","RSTD",18,100,-247.55,NA,NA,501.1,512.76,0.973287776112556,0.630256613949314,0.32779363196081,0.699515785128293,1,1.85552939023347
"Utility","RSTD",19,100,-123.77,NA,NA,253.54,265.2,0.340647828998044,0.988910319516435,0.150465981963956,0.149254602370598,1,1.21139730885625
"Utility","RSTD",20,100,-428.62,NA,NA,863.24,874.9,0.329378831898794,0.0628540490288287,0.01,0.01,1.01,3.33967715737489
"Utility","RSTD",21,100,-303.33,NA,NA,612.66,624.32,0.285566801903769,0.0508385861758143,0.0614556161924246,0.0553342005882072,1,1.41009616898373
"Utility","RSTD",22,100,-248.57,NA,NA,503.14,514.8,0.684979062527418,0.438995202770457,0.0776150218029973,0.0572511961376041,1,1.68512896075845
"Utility","RSTD",23,100,-241.06,NA,NA,488.12,499.78,0.529962481698021,0.27115519088693,0.0804556949725705,0.059234853718067,1,3.69503675574873
"Utility","RSTD",24,100,-201.95,NA,NA,409.9,421.56,0.779200294986367,0.728794121881947,0.0951102339694724,0.111795193612811,1.00183633687511,1.16082152445602
"Utility","RSTD",25,100,-281.67,NA,NA,569.34,581,0.0281218434683979,0.533772448310629,0.0584158234950889,0.0484603600506777,1,1.2251683762297
"Utility","RSTD",26,100,-284.03,NA,NA,574.06,585.72,0.128862570039928,0.17050133110024,0.0626707980443334,0.0549888120812582,1,2.37515528589011
"Utility","RSTD",27,100,-112.66,NA,NA,231.32,242.98,0.980796684976667,0.860091791022569,0.491841002300029,0.795561582178068,2.18208202578552,2.2001721150753
"Utility","RSTD",28,100,-136.57,NA,NA,279.14,290.8,0.633000507717952,0.959949327167124,0.881818107978219,0.875265372506825,6.58655986757963,1.02402024855837
"Utility","RSTD",29,100,-247.57,NA,NA,501.14,512.8,0.234798390883952,0.4054856733419,0.987210857766555,0.274571050110326,1,4.89528230370438
"Utility","RSTD",30,100,-247.5,NA,NA,501,512.66,0.319981756620109,0.632078264839947,0.0949084342042327,0.0674145205483799,1,1.05595874555906
"Utility","RSTD",31,100,-128.13,NA,NA,262.26,273.92,0.417691254755482,0.885661983396858,0.967487808303962,0.4335306928788,8.08898788690649,2.4762263855988
"Utility","RSTD",32,100,-273.11,NA,NA,552.22,563.88,0.119032545015216,0.605491037247702,0.0659443739132618,0.0534010111717969,1,1.04599827674373
"Utility","RSTD",33,100,-102.16,NA,NA,210.32,221.98,0.824352919822559,0.753800751408562,0.659676561148237,0.832676615739758,5.08735597480179,3.89878896835935
"Utility","RSTD",34,100,-132.6,NA,NA,271.2,282.86,0.080542077543214,0.69156481907703,0.103539873280533,0.0732288987216735,3.34498378607841,4.2510444371212
"Utility","RSTD",35,100,-254.66,NA,NA,515.32,526.98,0.788759883260354,0.407168375095353,0.0722519170438205,0.0527854436444531,1.01388879176881,1.8810732345608
"Utility","RSTD",36,100,-142.67,NA,NA,291.34,303,0.960197768406942,0.814909122884274,0.933810045901683,0.87736218296051,1,1.49123999522999
"Utility","RSTD",37,100,-252.09,NA,NA,510.18,521.84,0.983733647270128,0.387793875532225,0.0714342342989891,0.055415802512868,1,1.18421270139515
"Utility","RSTD",38,100,-283.34,NA,NA,572.68,584.34,0.640330957481638,0.661732341628522,0.01,0.01,1.01,2.1015722423634
"Utility","RSTD",39,100,-125.08,NA,NA,256.16,267.82,0.591888564871624,0.781977394130081,0.171398168613575,0.245632157370746,1,2.17335850927503
"Utility","RSTD",40,100,-130.29,NA,NA,266.58,278.24,0.185236022341996,0.927017299691215,0.131062429749123,0.113715204047953,1,1.40621648728848
"Utility","RSTD",41,100,-206.84,NA,NA,419.68,431.34,0.5952471755445,0.540940156206489,0.119710369335119,0.129334763296543,1,2.71158919288757
"Utility","RSTD",42,100,-275,NA,NA,556,567.66,0.265401779906824,0.195171546889469,0.0591096011766055,0.0471454870100012,1,1.22695452463968
"Utility","RSTD",43,100,-256.14,NA,NA,518.28,529.94,0.604935176437721,0.398145136190578,0.0744510095248626,0.0528685732957871,1,1.04858012497425
"Utility","RSTD",44,100,-179.93,NA,NA,365.86,377.52,0.470244030002505,0.685449249343947,0.111249636092418,0.115568716509827,1,1.6486977073364
"Utility","RSTD",45,100,-249.03,NA,NA,504.06,515.72,0.371720403432846,0.503097830805928,0.0825051643590175,0.0618248198009206,1,1.32283924566582
"Utility","RSTD",46,100,-264.4,NA,NA,534.8,546.46,0.361050225095823,0.370053818682209,0.0635735188280582,0.0529622296559275,1,1.17356707000516
"Utility","RSTD",47,100,-138.54,NA,NA,283.08,294.74,0.594613759312779,0.789667062694207,0.949212164327555,0.526894489053059,9.58604981558131,3.04544003671947
"Utility","RSTD",48,100,-273.14,NA,NA,552.28,563.94,0.628910263301805,0.0369398219045252,0.0623292094655817,0.0504598764494896,1,2.35408596597136
"Utility","RSTD",49,100,-124.09,NA,NA,254.18,265.84,0.254382238723338,0.857857148861513,0.150230071096599,0.131099508193576,1,1.936107955831
"Utility","RSTD",50,100,-246.23,NA,NA,498.46,510.12,0.629901704145595,0.59963444317691,0.402863795290071,0.468533192797911,1,2.13030682034315
"Utility","RSTD",51,100,-237.6,NA,NA,481.2,492.86,0.958562755258754,0.446684151422232,0.0743455927248849,0.0583121960035865,1,2.46860518856885
"Utility","RSTD",52,100,-222.96,NA,NA,451.92,463.58,0.378760501742363,0.716149265645072,0.660201160323845,0.342458955509308,5.3978565234807,2.1838285959837
"Utility","RSTD",53,100,-249.85,NA,NA,505.7,517.36,0.843001339351758,0.428967847023159,0.0715912099602056,0.0511536971097314,1,1.43009595386684
"Utility","RSTD",54,100,-122.88,NA,NA,251.76,263.42,0.111280993092805,0.926345025887713,0.0971482739034366,0.0750063971022789,1.26513439337718,2.52358875974062
"Utility","RSTD",55,100,-118.49,NA,NA,242.98,254.64,0.231767056509852,0.779834397835657,0.207267099472815,0.154385968966987,3.42158277637505,4.55762586234994
"Utility","RSTD",56,100,-136.19,NA,NA,278.38,290.04,0.386252531083301,0.815260800998658,0.815976762035286,0.351029646374542,1.70471714279831,2.64474068483968
"Utility","RSTD",57,100,-228.32,NA,NA,462.64,474.3,0.6529874894768,0.670282299863175,0.103759221084419,0.120165993547378,1.00029363856538,1.1162636061199
"Utility","RSTD",58,100,-258.65,NA,NA,523.3,534.96,0.560497718863189,0.274772666627541,0.0728919247460957,0.0530402848780306,1,1.5290995786691
"Utility","RSTD",59,100,-265.31,NA,NA,536.62,548.28,0.597106330329552,0.589335348224267,0.537574033482265,0.716304398952665,1,1.93161117188157
"Utility","RSTD",60,100,-106.37,NA,NA,218.74,230.4,0.987134294584394,0.800411853706464,0.172298726304385,0.512035790835652,1,2.29764714087815
"Utility","RSTD",61,100,-241.79,NA,NA,489.58,501.24,0.718285634880885,0.565618214197457,0.0754858499583005,0.0532034470221565,1,1.06491599744186
"Utility","RSTD",62,100,-180.88,NA,NA,367.76,379.42,0.125127220060676,0.773224814096466,0.100202131093121,0.0820182555882421,1.03029967634394,1.58329186262563
"Utility","RSTD",63,100,-295.52,NA,NA,597.04,608.7,0.499009405029938,0.0988319513853639,0.0564869908871901,0.0443673938491707,1,1.09243298880756
"Utility","RSTD",64,100,-224.41,NA,NA,454.82,466.48,0.333673485321924,0.454882015939802,0.129845194599619,0.1078496084374,1,3.70696423376415
"Utility","RSTD",65,100,-318.85,NA,NA,643.7,655.36,0.810415166895837,0.0187283449340612,0.0547625976502076,0.0427326923631466,1,1.16512183423941
"Utility","RSTD",66,100,-265.49,NA,NA,536.98,548.64,0.461979309096932,0.296923782210797,0.0629401680618915,0.05127437995698,1,1.45804071612656
"Utility","RSTD",67,100,-259.64,NA,NA,525.28,536.94,0.285626433324069,0.528872283641249,0.0778101054195069,0.0589513908596139,1,1.1472960453744
"Utility","RSTD",68,100,-252.86,NA,NA,511.72,523.38,0.732509626774117,0.600311974063516,0.106562963270256,0.160944836205156,1,1.4492717245746
"Utility","RSTD",69,100,-262.29,NA,NA,530.58,542.24,0.977929984452203,0.529096166603267,0.0758270800781,0.0552407883786497,1,1.75178614688037
"Utility","RSTD",70,100,-260.52,NA,NA,527.04,538.7,0.98177181975916,0.159414226887748,0.0752796771364749,0.0571006527348368,1,1.47737938910723
"Utility","RSTD",71,100,-258.03,NA,NA,522.06,533.72,0.922829337418079,0.366323065012693,0.0745079336097635,0.0554113505422306,1,1.08644307602532
"Utility","RSTD",72,100,-268.94,NA,NA,543.88,555.54,0.437475311337039,0.144657690776512,0.0631262554566563,0.0528268528598645,1,2.51204245735464
"Utility","RSTD",73,100,-131.26,NA,NA,268.52,280.18,0.0812403932213783,0.858433880610391,0.0842030487899066,0.0592629886080315,1.09343961878663,2.57674626609245
"Utility","RSTD",74,100,-251.63,NA,NA,509.26,520.92,0.769064010120928,0.423705151304603,0.0722755611568536,0.0525975284453597,1,1.055009087082
"Utility","RSTD",75,100,-425.05,NA,NA,856.1,867.76,0.27233505435288,0.0992442343849689,0.01,0.01,1.01,1.01957268379492
"Utility","RSTD",76,100,-246.87,NA,NA,499.74,511.4,0.714246998308226,0.356464033480734,0.0762135214766534,0.0560927301717106,1,2.33508190601589
"Utility","RSTD",77,100,-207.44,NA,NA,420.88,432.54,0.165105299558491,0.62026000325568,0.948102646240513,0.244801048109694,7.15845811140122,3.11759630225509
"Utility","RSTD",78,100,-165.2,NA,NA,336.4,348.06,0.948594216490164,0.818483957787976,0.0610524407896605,0.0722341784584197,1.00275938142503,1.40069885704874
"Utility","RSTD",79,100,-221.01,NA,NA,448.02,459.68,0.641159480903298,0.713674181839451,0.0976872600141157,0.114242566947956,1,1.04148287150446
"Utility","RSTD",80,100,-134.8,NA,NA,275.6,287.26,0.602592710871249,0.798923129681498,0.286755283343949,0.449654007633073,6.80452804429881,2.65777598732141
"Utility","RSTD",81,100,-129.94,NA,NA,265.88,277.54,0.0268326783552766,0.983408806612715,0.0237661981241092,0.0205257100731833,1.0075769601721,2.42827125892359
"Utility","RSTD",82,100,-281.13,NA,NA,568.26,579.92,0.390374890295789,0.210965643869713,0.0569745488638053,0.0462432722965877,1,1.07093011168763
"Utility","RSTD",83,100,-286.46,NA,NA,578.92,590.58,0.909624356776476,0.0655163209885359,0.0596248233304077,0.0547780858082974,1,1.47955628430628
"Utility","RSTD",84,100,-119.65,NA,NA,245.3,256.96,0.894585720263422,0.928069569170475,0.601412430993399,0.800431500832615,1,1.78467515758694
"Utility","RSTD",85,100,-239.42,NA,NA,484.84,496.5,0.16712597804144,0.591124507132918,0.0939575827911758,0.0642971132693564,1,1.76918393555553
"Utility","RSTD",86,100,-297.57,NA,NA,601.14,612.8,0.0963515317998827,0.187938303221017,0.0603037840776524,0.0532063523736343,1,1.16646143142134
"Utility","RSTD",87,100,-90.45,NA,NA,186.9,198.56,0.812582350103185,0.879132093861699,0.282613953748748,0.615869588944522,6.82244571531856,5.4038753097219
"Utility","RSTD",88,100,-229.12,NA,NA,464.24,475.9,0.448961209738627,0.690639521926641,0.102305950801934,0.0911116070840335,1,1.12322780341732
"Utility","RSTD",89,100,-256.36,NA,NA,518.72,530.38,0.352596259210259,0.519048273330554,0.0956773208464841,0.066997486420509,1,1.77127007111431
"Utility","RSTD",90,100,-262,NA,NA,530,541.66,0.7131295024883,0.112127762287855,0.0737979319177584,0.054763749409462,1.00001719303304,4.4174234716404
"Utility","RSTD",91,100,-300.91,NA,NA,607.82,619.48,0.102771484525874,0.0985191510990262,0.0608051287695947,0.0538149137543368,1,1.34824017202482
"Utility","RSTD",92,100,-270.77,NA,NA,547.54,559.2,0.14997310237959,0.461772011825815,0.0591830086120126,0.0522304905011223,1,1.26133318960971
"Utility","RSTD",93,100,-145.52,NA,NA,297.04,308.7,0.435881547397003,0.7804279406555,0.148482518887149,0.159980167196048,1,1.68139734584838
"Utility","RSTD",94,100,-104.89,NA,NA,215.78,227.44,0.975024477113038,0.799848798895255,0.659894045886844,0.850778584873316,9.37289004845757,5.33281822849937
"Utility","RSTD",95,100,-229.47,NA,NA,464.94,476.6,0.723246149485931,0.623378630494699,0.0999256069382753,0.117035765939055,1,1.45622572209686
"Utility","RSTD",96,100,-256.32,NA,NA,518.64,530.3,0.323681306792423,0.444453429430723,0.0788812588140259,0.0603099462491576,1,1.44684312446043
"Utility","RSTD",97,100,-256,NA,NA,518,529.66,0.521510650403798,0.40949847153388,0.0746901978322278,0.0539733213409032,1,1.1181692021126
"Utility","RSTD",98,100,-289.27,NA,NA,584.54,596.2,0.418908317107707,0.978637758642435,0.01,0.01,1.01,1.21107809292153
"Utility","RSTD",99,100,-252.9,NA,NA,511.8,523.46,0.78953983867541,0.418743934947997,0.0743316795375009,0.0499221503189932,1,3.49348991278757
"Utility","RSTD",100,100,-266.15,NA,NA,538.3,549.96,0.956703607924283,0.607802340993658,0.074725917446601,0.0540804889177953,1,1.10866933899654
"Utility","Utility",1,100,-138.01,NA,NA,282.02,293.68,0.285107890376821,0.724670132622123,0.150705377511879,0.769014416358257,2.7059274797901,2.43561604238095
"Utility","Utility",2,100,-196.2,NA,NA,398.4,410.06,0.950232450617477,0.206436974462122,0.786370833376832,0.286410868247189,1.20424468853219,1.3645795173943
"Utility","Utility",3,100,-198.72,NA,NA,403.44,415.1,0.536011227406561,0.200363578274846,0.738058317476265,0,2.89223148266173,2.00568439900399
"Utility","Utility",4,100,-176.65,NA,NA,359.3,370.96,0.321220333920792,0.649332832079381,0.139734515932201,0.589399962461207,1.74507355192922,1.14288249518722
"Utility","Utility",5,100,-120.39,NA,NA,246.78,258.44,0.525106647517532,0.973066303646192,0.452862942421849,0.769008396538755,2.45645744690266,1.39299949863926
"Utility","Utility",6,100,-114.13,NA,NA,234.26,245.92,0.895209939451888,0.943225271301344,0.905764279302366,0.673085215875635,4.91680810544176,4.35385648889427
"Utility","Utility",7,100,-201.08,NA,NA,408.16,419.82,0.753931205254048,0.197620301274583,1,0.056770210752858,1.88944096004384,1.18983699940145
"Utility","Utility",8,100,-122.92,NA,NA,251.84,263.5,0.0560640415642411,0.783013365231454,0.0439595349457405,0.673230716249352,6.38159223329711,4.41441693140154
"Utility","Utility",9,100,-109.02,NA,NA,224.04,235.7,0.479448032099754,0.989872474921867,0.320239359217082,1,1,1.20800043705019
"Utility","Utility",10,100,-102.43,NA,NA,210.86,222.52,0.711294803768396,0.788163986755535,0.803566098137511,0.926265427719724,1.41590993852938,3.30973086307261
"Utility","Utility",11,100,-119.3,NA,NA,244.6,256.26,0.5048349336721,0.797194604296237,0.449077798231987,0.540456316394447,8.55983739632441,3.5054881726885
"Utility","Utility",12,100,-207.84,NA,NA,421.68,433.34,0.731893435353413,0.395451756194234,0.00361693802690056,0.0634090924284241,8.85956137008062,1.61817012401298
"Utility","Utility",13,100,-146.66,NA,NA,299.32,310.98,0.275977379642427,0.511981163173914,0.177016575641012,0.513000531914587,3.82239242338002,3.39124982816227
"Utility","Utility",14,100,-205.4,NA,NA,416.8,428.46,0.226354157319292,0.16033569118008,0.0870256074799655,0.356573845271964,1.00089439663817,1.89403793397815
"Utility","Utility",15,100,-110.99,NA,NA,227.98,239.64,0.315573724219576,0.984172471100464,0.247176900807615,0.790577341261167,2.86907556590332,2.69604673600736
"Utility","Utility",16,100,-141.41,NA,NA,288.82,300.48,0.540354023920372,0.854036244563758,0.573959566237764,0.884810969664263,1.02626878355482,1.36215214885666
"Utility","Utility",17,100,-195.09,NA,NA,396.18,407.84,0.66359161795117,0.0660558908712119,0.730494354850048,0.252870158157287,1.3823748711013,2.97567781611326
"Utility","Utility",18,100,-161.43,NA,NA,328.86,340.52,0.973287776112556,0.630256613949314,0.930623391050151,0.448143269961804,4.92902775220599,1.85552939023347
"Utility","Utility",19,100,-124.15,NA,NA,254.3,265.96,0.340647828998044,0.988910319516435,0.146774258714586,0.931715038601934,1.31953432370095,1.21139730885625
"Utility","Utility",20,100,-203.21,NA,NA,412.42,424.08,0.329378831898794,0.0628540490288287,0.565695054303218,0,2.40226791634924,3.33967715737489
"Utility","Utility",21,100,-217.99,NA,NA,441.98,453.64,0.285566801903769,0.0508385861758143,0.0230205395235837,0.0994004647715507,1.07481168860974,1.41009616898373
"Utility","Utility",22,100,-190.89,NA,NA,387.78,399.44,0.684979062527418,0.438995202770457,0.574795789821347,0.459925779973662,1,1.68512896075845
"Utility","Utility",23,100,-184.57,NA,NA,375.14,386.8,0.529962481698021,0.27115519088693,0.510626368712707,0.0578504451163933,4.99877533390052,3.69503675574873
"Utility","Utility",24,100,-158.61,NA,NA,323.22,334.88,0.779200294986367,0.728794121881947,0.81015816645276,0.689419816787108,1.32083184490673,1.16082152445602
"Utility","Utility",25,100,-207.54,NA,NA,421.08,432.74,0.0281218434683979,0.533772448310629,0.0180935441974966,0.235146885869618,1.12285537438868,1.2251683762297
"Utility","Utility",26,100,-202.64,NA,NA,411.28,422.94,0.128862570039928,0.17050133110024,0.0369348397968003,0.370162588451195,2.1580365796714,2.37515528589011
"Utility","Utility",27,100,-112.97,NA,NA,231.94,243.6,0.980796684976667,0.860091791022569,0.88553762594396,0.84882124608636,2.09673542999942,2.2001721150753
"Utility","Utility",28,100,-121.11,NA,NA,248.22,259.88,0.633000507717952,0.959949327167124,0.882825799322595,0.49109541073804,9.09435807111982,1.02402024855837
"Utility","Utility",29,100,-151.38,NA,NA,308.76,320.42,0.234798390883952,0.4054856733419,0.169380555163631,0.45027349860993,4.42619521608668,4.89528230370438
"Utility","Utility",30,100,-185.66,NA,NA,377.32,388.98,0.319981756620109,0.632078264839947,0.335698345186843,0.415543367378002,1.80706114493546,1.05595874555906
"Utility","Utility",31,100,-116.53,NA,NA,239.06,250.72,0.417691254755482,0.885661983396858,0.379483511699561,0.575963845800954,7.49972921544093,2.4762263855988
"Utility","Utility",32,100,-195.81,NA,NA,397.62,409.28,0.119032545015216,0.605491037247702,0.0603771751864565,0.586022711827758,1.3124700125662,1.04599827674373
"Utility","Utility",33,100,-101.26,NA,NA,208.52,220.18,0.824352919822559,0.753800751408562,0.888867188925456,0.614251808552219,7.05510999198988,3.89878896835935
"Utility","Utility",34,100,-124.02,NA,NA,254.04,265.7,0.080542077543214,0.69156481907703,0.0698630086996692,0.622007406136621,8.6511712207925,4.2510444371212
"Utility","Utility",35,100,-192.55,NA,NA,391.1,402.76,0.788759883260354,0.407168375095353,0.659238917406177,0.280009597409017,1.67050823102248,1.8810732345608
"Utility","Utility",36,100,-141.82,NA,NA,289.64,301.3,0.960197768406942,0.814909122884274,0.947977664145105,0.47753655313139,9.61450514099819,1.49123999522999
"Utility","Utility",37,100,-194.81,NA,NA,395.62,407.28,0.983733647270128,0.387793875532225,0.721529460841399,0.376113008106101,1.01130843128007,1.18421270139515
"Utility","Utility",38,100,-129,NA,NA,264,275.66,0.640330957481638,0.661732341628522,0.783669347514944,0.633249973522887,2.46126933854669,2.1015722423634
"Utility","Utility",39,100,-128.32,NA,NA,262.64,274.3,0.591888564871624,0.781977394130081,0.469521214475516,0.923786973003321,1,2.17335850927503
"Utility","Utility",40,100,-130.23,NA,NA,266.46,278.12,0.185236022341996,0.927017299691215,0.11871344225361,0.851831796707007,1.89273001507094,1.40621648728848
"Utility","Utility",41,100,-155.61,NA,NA,317.22,328.88,0.5952471755445,0.540940156206489,0.701337766104071,0.562219482709134,2.06763978070517,2.71158919288757
"Utility","Utility",42,100,-207.91,NA,NA,421.82,433.48,0.265401779906824,0.195171546889469,0.026654186076661,0.247582529762253,1.0074380320645,1.22695452463968
"Utility","Utility",43,100,-193.82,NA,NA,393.64,405.3,0.604935176437721,0.398145136190578,0.660466743955307,0.24701856143089,1.75163059478078,1.04858012497425
"Utility","Utility",44,100,-153.57,NA,NA,313.14,324.8,0.470244030002505,0.685449249343947,0.203931256217889,0.798440233314022,1,1.6486977073364
"Utility","Utility",45,100,-189.74,NA,NA,385.48,397.14,0.371720403432846,0.503097830805928,0.413037054028481,0.169708417213246,3.34236523221646,1.32283924566582
"Utility","Utility",46,100,-200.38,NA,NA,406.76,418.42,0.361050225095823,0.370053818682209,0.818617186002045,0.258732310605058,1,1.17356707000516
"Utility","Utility",47,100,-121.36,NA,NA,248.72,260.38,0.594613759312779,0.789667062694207,0.367776165568421,0.954709075610793,1,3.04544003671947
"Utility","Utility",48,100,-200.62,NA,NA,407.24,418.9,0.628910263301805,0.0369398219045252,0.979259022162757,0.100784975128273,1.68547477692352,2.35408596597136
"Utility","Utility",49,100,-124.01,NA,NA,254.02,265.68,0.254382238723338,0.857857148861513,0.12852316462655,0.869924337324163,1.77738680446562,1.936107955831
"Utility","Utility",50,100,-161.28,NA,NA,328.56,340.22,0.629901704145595,0.59963444317691,0.773356567283675,0.619721404117401,1.67911181865191,2.13030682034315
"Utility","Utility",51,100,-191.68,NA,NA,389.36,401.02,0.958562755258754,0.446684151422232,0.889127083747629,0.451916722322636,2.15148125615923,2.46860518856885
"Utility","Utility",52,100,-156.43,NA,NA,318.86,330.52,0.378760501742363,0.716149265645072,0.173200155445567,0.923187703584754,1.04607639986884,2.1838285959837
"Utility","Utility",53,100,-193.92,NA,NA,393.84,405.5,0.843001339351758,0.428967847023159,0.741361947912522,0.00512748311052562,3.87222260476642,1.43009595386684
"Utility","Utility",54,100,-122.9,NA,NA,251.8,263.46,0.111280993092805,0.926345025887713,0.0789720893697708,0.792696898109152,3.36565348791483,2.52358875974062
"Utility","Utility",55,100,-106.8,NA,NA,219.6,231.26,0.231767056509852,0.779834397835657,0.302336250782912,0.517851404463364,9.7940975771251,4.55762586234994
"Utility","Utility",56,100,-127.51,NA,NA,261.02,272.68,0.386252531083301,0.815260800998658,0.347327226024777,0.549919052325483,7.89825320815493,2.64474068483968
"Utility","Utility",57,100,-168.91,NA,NA,343.82,355.48,0.6529874894768,0.670282299863175,0.770464467754055,0.698550876606788,1,1.1162636061199
"Utility","Utility",58,100,-196.5,NA,NA,399,410.66,0.560497718863189,0.274772666627541,0.903497450280825,0.0232939025122948,2.86345381521865,1.5290995786691
"Utility","Utility",59,100,-165.82,NA,NA,337.64,349.3,0.597106330329552,0.589335348224267,0.873231209198393,0.324997387960552,7.99615801807346,1.93161117188157
"Utility","Utility",60,100,-140.66,NA,NA,287.32,298.98,0.987134294584394,0.800411853706464,0.0583075387186154,0.98815871901972,1.00096020114595,2.29764714087815
"Utility","Utility",61,100,-192.63,NA,NA,391.26,402.92,0.718285634880885,0.565618214197457,0.919092384854597,0.206457599537558,8.57449555023746,1.06491599744186
"Utility","Utility",62,100,-170.31,NA,NA,346.62,358.28,0.125127220060676,0.773224814096466,0.0803093884218962,0.695177897985946,3.06842844795082,1.58329186262563
"Utility","Utility",63,100,-220.86,NA,NA,447.72,459.38,0.499009405029938,0.0988319513853639,0.0114583347534652,0.0853103147805755,1,1.09243298880756
"Utility","Utility",64,100,-162.67,NA,NA,331.34,343,0.333673485321924,0.454882015939802,0.179759859966505,0.455463132245863,3.66942841475045,3.70696423376415
"Utility","Utility",65,100,-231.65,NA,NA,469.3,480.96,0.810415166895837,0.0187283449340612,0.961445975977113,0.00683605163569514,1,1.16512183423941
"Utility","Utility",66,100,-200.31,NA,NA,406.62,418.28,0.461979309096932,0.296923782210797,0.811615958163373,0.263462460652,1,1.45804071612656
"Utility","Utility",67,100,-196.26,NA,NA,398.52,410.18,0.285626433324069,0.528872283641249,0.42328543502609,0.374936198208885,1.30540571557491,1.1472960453744
"Utility","Utility",68,100,-173.57,NA,NA,353.14,364.8,0.732509626774117,0.600311974063516,0.899260116657949,0.286045662394643,9.02518005385647,1.4492717245746
"Utility","Utility",69,100,-203.11,NA,NA,412.22,423.88,0.977929984452203,0.529096166603267,0.0183053211097934,0.574926959094765,1.36967139197799,1.75178614688037
"Utility","Utility",70,100,-196.93,NA,NA,399.86,411.52,0.98177181975916,0.159414226887748,0.620945027569989,0.16223652548797,1.78248666979679,1.47737938910723
"Utility","Utility",71,100,-195.39,NA,NA,396.78,408.44,0.922829337418079,0.366323065012693,0.696899722264338,0.331743451473943,1.20215780721921,1.08644307602532
"Utility","Utility",72,100,-200.32,NA,NA,406.64,418.3,0.437475311337039,0.144657690776512,0.835851543911909,0.100009836309404,1.76589500233973,2.51204245735464
"Utility","Utility",73,100,-131.24,NA,NA,268.48,280.14,0.0812403932213783,0.858433880610391,0.0644391670542235,0.717892912161329,4.29519785949841,2.57674626609245
"Utility","Utility",74,100,-192.83,NA,NA,391.66,403.32,0.769064010120928,0.423705151304603,0.67765195946387,0.408062189405512,1,1.055009087082
"Utility","Utility",75,100,-224.79,NA,NA,455.58,467.24,0.27233505435288,0.0992442343849689,0.0121160787738949,0.0902063293671634,1,1.01957268379492
"Utility","Utility",76,100,-191.85,NA,NA,389.7,401.36,0.714246998308226,0.356464033480734,0.638030735160493,0.368725144611724,1.22722867710178,2.33508190601589
"Utility","Utility",77,100,-121.29,NA,NA,248.58,260.24,0.165105299558491,0.62026000325568,0.101244509784277,0.638397159082648,3.73376381481297,3.11759630225509
"Utility","Utility",78,100,-141.81,NA,NA,289.62,301.28,0.948594216490164,0.818483957787976,0.877647762140689,0.90886005392559,1,1.40069885704874
"Utility","Utility",79,100,-165.88,NA,NA,337.76,349.42,0.641159480903298,0.713674181839451,0.76654624843201,0.67938602504992,1.14803563518373,1.04148287150446
"Utility","Utility",80,100,-120.44,NA,NA,246.88,258.54,0.602592710871249,0.798923129681498,0.54368688891771,0.872609491825201,1.39008500774937,2.65777598732141
"Utility","Utility",81,100,-121.99,NA,NA,249.98,261.64,0.0268326783552766,0.983408806612715,0.0208610211969143,0.87799799416669,4.06679244525933,2.42827125892359
"Utility","Utility",82,100,-210.2,NA,NA,426.4,438.06,0.390374890295789,0.210965643869713,0.493336578347849,0,1.87449337216838,1.07093011168763
"Utility","Utility",83,100,-210.66,NA,NA,427.32,438.98,0.909624356776476,0.0655163209885359,1,0,1.66619206342674,1.47955628430628
"Utility","Utility",84,100,-120.23,NA,NA,246.46,258.12,0.894585720263422,0.928069569170475,0.905268403491335,0.629910525001639,5.48809216840767,1.78467515758694
"Utility","Utility",85,100,-180.28,NA,NA,366.56,378.22,0.16712597804144,0.591124507132918,0.0954644265244863,0.514961862221529,3.1279531589539,1.76918393555553
"Utility","Utility",86,100,-211.68,NA,NA,429.36,441.02,0.0963515317998827,0.187938303221017,0.023909296407492,0.174076511143138,1.07073382541132,1.16646143142134
"Utility","Utility",87,100,-90.8,NA,NA,187.6,199.26,0.812582350103185,0.879132093861699,0.819117569855486,0.971650546639656,1.57164103421824,5.4038753097219
"Utility","Utility",88,100,-171.47,NA,NA,348.94,360.6,0.448961209738627,0.690639521926641,0.202713224817702,0.680932228742744,1.20642718231968,1.12322780341732
"Utility","Utility",89,100,-186.69,NA,NA,379.38,391.04,0.352596259210259,0.519048273330554,0.351405421796722,0.419431516339053,1.65616643342458,1.77127007111431
"Utility","Utility",90,100,-194.23,NA,NA,394.46,406.12,0.7131295024883,0.112127762287855,0.692196963680948,0.0259896274940216,3.50920473851435,4.4174234716404
"Utility","Utility",91,100,-214.98,NA,NA,435.96,447.62,0.102771484525874,0.0985191510990262,0.0225600919768998,0.104924334852366,1.19013833240739,1.34824017202482
"Utility","Utility",92,100,-205.54,NA,NA,417.08,428.74,0.14997310237959,0.461772011825815,0.132871642252306,0.194278253460156,1.50426540428152,1.26133318960971
"Utility","Utility",93,100,-145.78,NA,NA,297.56,309.22,0.435881547397003,0.7804279406555,0.176388941540874,0.965198732846155,1,1.68139734584838
"Utility","Utility",94,100,-106.34,NA,NA,218.68,230.34,0.975024477113038,0.799848798895255,0.924251137794159,0.622676141899955,8.53499824632332,5.33281822849937
"Utility","Utility",95,100,-168.1,NA,NA,342.2,353.86,0.723246149485931,0.623378630494699,0.774763593062457,0.700839061448142,1,1.45622572209686
"Utility","Utility",96,100,-194.22,NA,NA,394.44,406.1,0.323681306792423,0.444453429430723,0.533429079488173,0.163555365004768,2.39628186467354,1.44684312446043
"Utility","Utility",97,100,-194.21,NA,NA,394.42,406.08,0.521510650403798,0.40949847153388,0.68622097500797,0.0520914116631814,3.45113215629713,1.1181692021126
"Utility","Utility",98,100,-123.73,NA,NA,253.46,265.12,0.418908317107707,0.978637758642435,0.153061625755382,0.983583810708769,1,1.21107809292153
"Utility","Utility",99,100,-180.33,NA,NA,366.66,378.32,0.78953983867541,0.418743934947997,0.869758276976372,0.355984979098867,4.63225144780406,3.49348991278757
"Utility","Utility",100,100,-203.88,NA,NA,413.76,425.42,0.956703607924283,0.607802340993658,0.0221376535734448,0.626854245778944,1.0090368360744,1.10866933899654
