"simulate_model","fit_model","iteration","ACC","LogL","LogPr","LogPo","AIC","BIC","input_param_1","input_param_2","output_param_1","output_param_2","output_param_3","input_param_3"
"TD","TD",1,92.5,-81.65,NA,NA,167.3,175.07,0.643091264180839,1.83357874206723,0.757637936658175,1,NA,NA
"TD","TD",2,93.06,-74.62,NA,NA,153.24,161.01,0.724670132622123,2.43561604238095,0.752433238909552,1,NA,NA
"TD","TD",3,83.06,-146.57,NA,NA,297.14,304.91,0.950232450617477,3.03779015681686,0.01,1.01,NA,NA
"TD","TD",4,91.94,-88.81,NA,NA,181.62,189.39,0.682289758697152,1.07202245481312,0.756219039645144,1,NA,NA
"TD","TD",5,87.5,-140.15,NA,NA,284.3,292.07,0.200363578274846,2.00568439900399,0.248782486236763,1.69229490345333,NA,NA
"TD","TD",6,86.39,-149.95,NA,NA,303.9,311.67,0.321220333920792,1.29866566415876,0.220506757526976,1.8823568448945,NA,NA
"TD","TD",7,90.56,-102.06,NA,NA,208.12,215.89,0.571441247593611,1.05021329503506,0.683684635411069,1,NA,NA
"TD","TD",8,93.61,-81.28,NA,NA,166.56,174.33,0.973066303646192,1.39299949863926,0.889465978970534,3.57001836915554,NA,NA
"TD","TD",9,90,-105.42,NA,NA,214.84,222.61,0.895209939451888,1.00547373959183,0.88962493830209,1,NA,NA
"TD","TD",10,84.44,-122.47,NA,NA,248.94,256.71,0.0494146177079529,1.5078624105081,0.0593988830184966,1.95375342235292,NA,NA
"TD","TD",11,86.67,-125.52,NA,NA,255.04,262.81,0.197620301274583,1.18983699940145,0.161383355262031,1.4699272294245,NA,NA
"TD","TD",12,85.28,-147.61,NA,NA,299.22,306.99,0.0560640415642411,1.56602673046291,0.148951561968109,1.96073592998908,NA,NA
"TD","TD",13,75.28,-176.61,NA,NA,357.22,364.99,0.051307131536305,2.23247370731968,0.0187490410485269,1.01733729633861,NA,NA
"TD","TD",14,93.33,-85.02,NA,NA,174.04,181.81,0.989872474921867,1.20800043705019,0.890819797301445,4.58978057785897,NA,NA
"TD","TD",15,93.61,-90.17,NA,NA,184.34,192.11,0.711294803768396,1.57632797351107,0.663918606780121,2.0958008206158,NA,NA
"TD","TD",16,85,-148.32,NA,NA,300.64,308.41,0.0768930825870484,1.0096698673442,0.11037977714814,2.11319988711904,NA,NA
"TD","TD",17,93.33,-75.1,NA,NA,154.2,161.97,0.797194604296237,3.5054881726885,0.792737026620164,1,NA,NA
"TD","TD",18,91.11,-89.38,NA,NA,182.76,190.53,0.731893435353413,2.27495420533688,0.610706828533144,1.00931072124014,NA,NA
"TD","TD",19,94.44,-78.35,NA,NA,160.7,168.47,0.809085062006488,1.79705669912965,0.832030875674022,4.66932828968232,NA,NA
"TD","TD",20,87.22,-95.77,NA,NA,195.54,203.31,0.511981163173914,3.39124982816227,0.0842100926022516,1.8294688680141,NA,NA
"TD","TD",21,92.22,-95.38,NA,NA,194.76,202.53,0.226354157319292,2.66897989056053,0.212351546257058,2.70069699422877,NA,NA
"TD","TD",22,89.44,-108.79,NA,NA,221.58,229.35,0.300222688354552,1.95544207743825,0.181454732037765,1.65694367722515,NA,NA
"TD","TD",23,93.89,-75.47,NA,NA,154.94,162.71,0.984172471100464,2.69604673600736,0.889954220751455,5.953331203581,NA,NA
"TD","TD",24,90,-106.82,NA,NA,217.64,225.41,0.540354023920372,1.23410649768987,0.679034483140067,1,NA,NA
"TD","TD",25,91.67,-93.7,NA,NA,191.4,199.17,0.870058757020161,1.32718323590234,0.864824676523964,1,NA,NA
"TD","TD",26,85.28,-118.77,NA,NA,241.54,249.31,0.0660558908712119,2.97567781611326,0.113059834877155,1.37286397702891,NA,NA
"TD","TD",27,93.33,-86.82,NA,NA,177.64,185.41,0.973287776112556,1.26051322789863,0.880512620945593,1.84823631119174,NA,NA
"TD","TD",28,92.5,-105.53,NA,NA,215.06,222.83,0.290595552418381,2.05573849655212,0.285645409262779,3.05612212221902,NA,NA
"TD","TD",29,92.78,-98.45,NA,NA,200.9,208.67,0.988910319516435,1.21139730885625,0.910506336080653,2.69281041293976,NA,NA
"TD","TD",30,91.94,-94.95,NA,NA,193.9,201.67,0.329378831898794,3.0851063261411,0.212736094870941,2.58064509816944,NA,NA
"TD","TD",31,87.78,-148.76,NA,NA,301.52,309.29,0.11878991080448,1.83541438817502,0.102240550450573,4.47808405936137,NA,NA
"TD","TD",32,88.33,-128.1,NA,NA,260.2,267.97,0.0508385861758143,1.41009616898373,0.0493414127872278,5.82574491276834,NA,NA
"TD","TD",33,93.06,-74.61,NA,NA,153.22,160.99,0.684979062527418,1.75662852577144,0.753514442248593,1,NA,NA
"TD","TD",34,91.39,-100.23,NA,NA,204.46,212.23,0.842564480379224,1.05992496339604,0.861009862916284,1,NA,NA
"TD","TD",35,92.78,-94.25,NA,NA,192.5,200.27,0.27115519088693,3.69503675574873,0.217745455277141,2.95105136666948,NA,NA
"TD","TD",36,94.17,-79.35,NA,NA,162.7,170.47,0.779200294986367,1.45758824376389,0.656317622349899,1.48746963756846,NA,NA
"TD","TD",37,82.78,-127.36,NA,NA,258.72,266.49,0.982565350597724,4.92570209977795,0.0186147103387133,1.01180742764116,NA,NA
"TD","TD",38,91.94,-105.88,NA,NA,215.76,223.53,0.533772448310629,1.2251683762297,0.57234153066654,1.40362482845189,NA,NA
"TD","TD",39,90,-124.44,NA,NA,252.88,260.65,0.128862570039928,2.75030500992181,0.217619672208054,2.58521196948895,NA,NA
"TD","TD",40,79.72,-151.6,NA,NA,307.2,314.97,0.420502026332542,1.08286330314484,0.177063383508798,1.00904834083234,NA,NA
"TD","TD",41,94.17,-80.2,NA,NA,164.4,172.17,0.860091791022569,2.2001721150753,0.678955745758026,1.65225790157948,NA,NA
"TD","TD",42,93.33,-87.24,NA,NA,178.48,186.25,0.633000507717952,1.31639195521562,0.646996105242694,1.37588289346827,NA,NA
"TD","TD",43,93.06,-98.84,NA,NA,201.68,209.45,0.512010124279186,3.01376353887389,0.38382221737494,4.34556476875716,NA,NA
"TD","TD",44,92.22,-108.06,NA,NA,220.12,227.89,0.4054856733419,4.89528230370438,0.393501887207064,5.42796392700413,NA,NA
"TD","TD",45,88.06,-108.34,NA,NA,220.68,228.45,0.319981756620109,1.26415652967989,0.154340839617505,1.44657137190272,NA,NA
"TD","TD",46,93.89,-76.58,NA,NA,157.16,164.93,0.947748523205519,2.36391219958187,0.889509945438249,3.83874568185512,NA,NA
"TD","TD",47,90.83,-94.38,NA,NA,192.76,200.53,0.885661983396858,2.4762263855988,0.864596636935305,1,NA,NA
"TD","TD",48,75.83,-165.91,NA,NA,335.82,343.59,0.119032545015216,1.2109820744954,0.0930665440695328,1,NA,NA
"TD","TD",49,94.44,-75.67,NA,NA,155.34,163.11,0.931592519162223,1.64870583964512,0.890575402328916,5.1525702588307,NA,NA
"TD","TD",50,93.89,-88.2,NA,NA,180.4,188.17,0.753800751408562,3.89878896835935,0.615505032626572,3.49610909871687,NA,NA
"TD","TD",51,74.72,-171.01,NA,NA,346.02,353.79,0.080542077543214,1.38312963815406,0.0184490221630062,1.00486463983495,NA,NA
"TD","TD",52,78.06,-148.93,NA,NA,301.86,309.63,0.0462017410900444,1.57751976652071,0.0185487138218566,1.00889876248481,NA,NA
"TD","TD",53,85,-135.69,NA,NA,275.38,283.15,0.407168375095353,1.8810732345608,0.402372209569427,1,NA,NA
"TD","TD",54,93.89,-77.75,NA,NA,159.5,167.27,0.960197768406942,1.62981824576855,0.879032009652085,1.73557454633708,NA,NA
"TD","TD",55,93.89,-85.51,NA,NA,175.02,182.79,0.745619997614995,1.08382892229572,0.647471635284476,1.43715157984577,NA,NA
"TD","TD",56,85.56,-120.81,NA,NA,245.62,253.39,0.387793875532225,1.18421270139515,0.144681832789462,1.77949688228106,NA,NA
"TD","TD",57,91.67,-90.84,NA,NA,185.68,193.45,0.640330957481638,1.32346468325704,0.727878941807635,1,NA,NA
"TD","TD",58,90.28,-127.11,NA,NA,258.22,265.99,0.46626549679786,1.18377712974325,0.327431237813289,2.45241258890336,NA,NA
"TD","TD",59,94.72,-69.19,NA,NA,142.38,150.15,0.781977394130081,2.17335850927503,0.671567221034318,1.37333787032337,NA,NA
"TD","TD",60,83.61,-150.51,NA,NA,305.02,312.79,0.185236022341996,1.16209726792475,0.100623024351887,1.54107079956045,NA,NA
"TD","TD",61,92.5,-81.67,NA,NA,167.34,175.11,0.703108243644238,1.190494351089,0.75749789711439,1,NA,NA
"TD","TD",62,91.67,-117.63,NA,NA,239.26,247.03,0.540940156206489,2.71158919288757,0.348391160009884,2.93872737092426,NA,NA
"TD","TD",63,92.22,-107.91,NA,NA,219.82,227.59,0.265401779906824,2.94766673623564,0.344155335991107,3.40971064260264,NA,NA
"TD","TD",64,92.22,-104.16,NA,NA,212.32,220.09,0.897607917198911,1.20987035287544,0.889923074756833,3.78450186999519,NA,NA
"TD","TD",65,87.22,-153.14,NA,NA,310.28,318.05,0.398145136190578,1.04858012497425,0.308952043808035,1.60442891838536,NA,NA
"TD","TD",66,85.28,-113.94,NA,NA,231.88,239.65,0.470244030002505,1.37089849868789,0.159473920870598,1.44325074928679,NA,NA
"TD","TD",67,94.44,-76.4,NA,NA,156.8,164.57,0.824348853668198,2.18002879429133,0.653617041757156,2.04181000902603,NA,NA
"TD","TD",68,89.44,-105.41,NA,NA,214.82,222.59,0.503097830805928,1.32283924566582,0.101668169460402,2.52820708113963,NA,NA
"TD","TD",69,91.11,-114.87,NA,NA,233.74,241.51,0.361050225095823,2.17336245528878,0.246492874239545,2.39656330158013,NA,NA
"TD","TD",70,93.89,-84.85,NA,NA,173.7,181.47,0.964988884748891,1.18922751862556,0.890718412437485,5.22215846438052,NA,NA
"TD","TD",71,93.06,-74.56,NA,NA,153.12,160.89,0.789667062694207,3.04544003671947,0.756931350724887,1.00060041236216,NA,NA
"TD","TD",72,92.22,-96.95,NA,NA,197.9,205.67,0.628910263301805,3.95466302318459,0.447728094931596,1.76778285169152,NA,NA
"TD","TD",73,91.67,-108.67,NA,NA,221.34,229.11,0.415234696352854,1.7106761354533,0.347462436013016,2.90067308403815,NA,NA
"TD","TD",74,79.44,-181.24,NA,NA,366.48,374.25,0.857857148861513,1.936107955831,0.01,1.01,NA,NA
"TD","TD",75,91.67,-90.83,NA,NA,185.66,193.43,0.629901704145595,1.19926888635382,0.727915256805334,1,NA,NA
"TD","TD",76,89.44,-132.91,NA,NA,269.82,277.59,0.359289909945801,1.36449700228535,0.292274688609692,1.97299657016025,NA,NA
"TD","TD",77,91.67,-102.39,NA,NA,208.78,216.55,0.446684151422232,2.46860518856885,0.335009540100743,2.60371691797193,NA,NA
"TD","TD",78,89.17,-134.39,NA,NA,272.78,280.55,0.378760501742363,1.43229853129014,0.256883471090286,4.42496555352729,NA,NA
"TD","TD",79,89.72,-89.91,NA,NA,183.82,191.59,0.372670353855938,1.68600267870352,0.142008839567977,1.42109321904465,NA,NA
"TD","TD",80,89.17,-124,NA,NA,252,259.77,0.428967847023159,1.43009595386684,0.277469172742376,1.80274825061601,NA,NA
"TD","TD",81,82.22,-175.51,NA,NA,355.02,362.79,0.111280993092805,1.04204804978253,0.118508243287852,1.89953215554084,NA,NA
"TD","TD",82,87.5,-99.23,NA,NA,202.46,210.23,0.142161799827591,2.60663627263189,0.108739511370543,1.64869277012638,NA,NA
"TD","TD",83,94.17,-78.19,NA,NA,160.38,168.15,0.779834397835657,4.55762586234994,0.852648508981474,5.08153002730755,NA,NA
"TD","TD",84,91.39,-104.57,NA,NA,213.14,220.91,0.386252531083301,1.63052160199732,0.293134876865474,1.96518272062487,NA,NA
"TD","TD",85,87.78,-148.16,NA,NA,300.32,308.09,0.23896856745705,1.3059749789536,0.359601732467335,1.40508169901083,NA,NA
"TD","TD",86,91.94,-88.94,NA,NA,181.88,189.65,0.670282299863175,1.1162636061199,0.747521866513776,1,NA,NA
"TD","TD",87,92.5,-101.71,NA,NA,207.42,215.19,0.560497718863189,1.79223784707011,0.575595219859634,2.12188114044787,NA,NA
"TD","TD",88,91.67,-90.63,NA,NA,185.26,193.03,0.915246691787615,1.1942126606591,0.905412415397122,1,NA,NA
"TD","TD",89,76.39,-200.77,NA,NA,405.54,413.31,0.589335348224267,1.93161117188157,0.01,1.01,NA,NA
"TD","TD",90,93.89,-75.68,NA,NA,155.36,163.13,0.987134294584394,1.60082370741293,0.890671769530317,5.12966568644115,NA,NA
"TD","TD",91,88.06,-137.49,NA,NA,278.98,286.75,0.401124990079552,1.43657126976177,0.295931697169603,1.67669857597727,NA,NA
"TD","TD",92,92.22,-101.43,NA,NA,206.86,214.63,0.565618214197457,1.06491599744186,0.667792305146441,1.39989644777851,NA,NA
"TD","TD",93,88.61,-137.07,NA,NA,278.14,285.91,0.125127220060676,1.54644962819293,0.109440841589219,3.16612138832531,NA,NA
"TD","TD",94,94.72,-72.6,NA,NA,149.2,156.97,0.791645931312814,1.76679624943127,0.653516762555519,1.45179218916412,NA,NA
"TD","TD",95,85.56,-145.39,NA,NA,294.78,302.55,0.0988319513853639,1.09243298880756,0.082032131591605,2.69117580072478,NA,NA
"TD","TD",96,88.89,-99.43,NA,NA,202.86,210.63,0.333673485321924,1.79963922020125,0.209708665681421,1.37633248297723,NA,NA
"TD","TD",97,82.5,-128.96,NA,NA,261.92,269.69,0.10172016825527,1.62083033379167,0.0791489838731594,1.37290129137414,NA,NA
"TD","TD",98,82.78,-109.73,NA,NA,223.46,231.23,0.0187283449340612,1.16512183423941,0.0309869407865351,1,NA,NA
"TD","TD",99,84.72,-135.1,NA,NA,274.2,281.97,0.461979309096932,1.88084230940313,0.402675350687741,1,NA,NA
"TD","TD",100,94.17,-78.38,NA,NA,160.76,168.53,0.729020358063281,1.83565291385622,0.829099408724749,3.81118634470372,NA,NA
"TD","RSTD",1,93.61,-84.19,NA,NA,174.38,186.04,0.643091264180839,1.83357874206723,0.294200504384949,0.52362027144805,1.65621701573103,NA
"TD","RSTD",2,94.72,-68.54,NA,NA,143.08,154.74,0.724670132622123,2.43561604238095,0.391229510243297,0.571523184379435,1.38096210443402,NA
"TD","RSTD",3,93.89,-74.24,NA,NA,154.48,166.14,0.950232450617477,3.03779015681686,0.52847104537018,0.827279020554903,1.40446916631672,NA
"TD","RSTD",4,93.06,-94.02,NA,NA,194.04,205.7,0.682289758697152,1.07202245481312,0.281811965394308,0.519295315633584,1.81885694965381,NA
"TD","RSTD",5,90.56,-140.26,NA,NA,286.52,298.18,0.200363578274846,2.00568439900399,0.392829584803458,0.210982423385519,3.62969837399728,NA
"TD","RSTD",6,88.61,-174.83,NA,NA,355.66,367.32,0.321220333920792,1.29866566415876,0.468553622973918,0.315614614423729,5.87849014467753,NA
"TD","RSTD",7,90.83,-99.2,NA,NA,204.4,216.06,0.571441247593611,1.05021329503506,0.852920577598805,0.701519334658574,1.02586806743601,NA
"TD","RSTD",8,93.89,-79.07,NA,NA,164.14,175.8,0.973066303646192,1.39299949863926,0.412759786848583,0.784794431298364,4.17140465595495,NA
"TD","RSTD",9,92.22,-107.68,NA,NA,221.36,233.02,0.895209939451888,1.00547373959183,0.618865190878225,0.84342575076988,3.97642101355682,NA
"TD","RSTD",10,82.5,-111.45,NA,NA,228.9,240.56,0.0494146177079529,1.5078624105081,0.0169127356685367,0,1.01033186115306,NA
"TD","RSTD",11,86.39,-163.42,NA,NA,332.84,344.5,0.197620301274583,1.18983699940145,0.737200724095816,0.441280887496676,1,NA
"TD","RSTD",12,80.56,-106.88,NA,NA,219.76,231.42,0.0560640415642411,1.56602673046291,0.0430245022258554,0.0157153415596207,1.01622255702944,NA
"TD","RSTD",13,80.83,-105.71,NA,NA,217.42,229.08,0.051307131536305,2.23247370731968,0.0389378231136781,0.0128573939038568,1.00110679181667,NA
"TD","RSTD",14,92.78,-104.66,NA,NA,215.32,226.98,0.989872474921867,1.20800043705019,0.164154790806351,0.794927066875752,2.71341311774896,NA
"TD","RSTD",15,94.72,-68.81,NA,NA,143.62,155.28,0.711294803768396,1.57632797351107,0.430243601179155,0.638475388158927,1.37934929969415,NA
"TD","RSTD",16,81.11,-120.78,NA,NA,247.56,259.22,0.0768930825870484,1.0096698673442,0.025348356071769,0.00223562093444194,1.01129934712456,NA
"TD","RSTD",17,94.72,-68.53,NA,NA,143.06,154.72,0.797194604296237,3.5054881726885,0.407684788274188,0.595834712710007,1.37665811747821,NA
"TD","RSTD",18,94.17,-76.13,NA,NA,158.26,169.92,0.731893435353413,2.27495420533688,0.280965213117576,0.503520159798019,1.88779142174567,NA
"TD","RSTD",19,93.33,-86.73,NA,NA,179.46,191.12,0.809085062006488,1.79705669912965,0.326517290320755,0.653895116505137,4.88316750468932,NA
"TD","RSTD",20,93.06,-95.31,NA,NA,196.62,208.28,0.511981163173914,3.39124982816227,0.352029518300317,0.350224068492595,2.9432790998364,NA
"TD","RSTD",21,91.39,-124.83,NA,NA,255.66,267.32,0.226354157319292,2.66897989056053,0.790093593340013,0.584126689997022,2.84556953859807,NA
"TD","RSTD",22,90,-120.84,NA,NA,247.68,259.34,0.300222688354552,1.95544207743825,0.164023639123295,0.183528533945214,4.46443807540271,NA
"TD","RSTD",23,93.89,-73.43,NA,NA,152.86,164.52,0.984172471100464,2.69604673600736,0.191536909606651,0.54380783809711,1.52111755787632,NA
"TD","RSTD",24,91.94,-111.25,NA,NA,228.5,240.16,0.540354023920372,1.23410649768987,0.400810848653804,0.503363974087814,5.59240171270466,NA
"TD","RSTD",25,92.22,-104.03,NA,NA,214.06,225.72,0.870058757020161,1.32718323590234,0.380451164669514,0.734447787521063,1.37316515414198,NA
"TD","RSTD",26,77.5,-142.74,NA,NA,291.48,303.14,0.0660558908712119,2.97567781611326,0.0360758159882882,0.0102971040610329,1,NA
"TD","RSTD",27,91.67,-87.27,NA,NA,180.54,192.2,0.973287776112556,1.26051322789863,1,0.906238123229046,1,NA
"TD","RSTD",28,91.39,-114.85,NA,NA,235.7,247.36,0.290595552418381,2.05573849655212,0.64637614231628,0.448817151908107,3.74046778817446,NA
"TD","RSTD",29,93.33,-83.76,NA,NA,173.52,185.18,0.988910319516435,1.21139730885625,0.375099543698549,0.75982014406028,3.49267843187151,NA
"TD","RSTD",30,92.5,-101.78,NA,NA,209.56,221.22,0.329378831898794,3.0851063261411,0.323787582905354,0.31736563656791,2.17303233620923,NA
"TD","RSTD",31,87.5,-193.89,NA,NA,393.78,405.44,0.11878991080448,1.83541438817502,0.555648074773682,0.182698032206433,5.51191986245322,NA
"TD","RSTD",32,82.5,-111.45,NA,NA,228.9,240.56,0.0508385861758143,1.41009616898373,0.0169127356685367,0,1.01033186115306,NA
"TD","RSTD",33,94.17,-76.63,NA,NA,159.26,170.92,0.684979062527418,1.75662852577144,0.243792162872079,0.456363204197065,1.96025969101485,NA
"TD","RSTD",34,92.5,-108.29,NA,NA,222.58,234.24,0.842564480379224,1.05992496339604,0.956227151872974,0.892485901568706,5.42696293381535,NA
"TD","RSTD",35,92.22,-109.07,NA,NA,224.14,235.8,0.27115519088693,3.69503675574873,0.663352810518693,0.46688789488719,5.98119322447787,NA
"TD","RSTD",36,94.17,-79.72,NA,NA,165.44,177.1,0.779200294986367,1.45758824376389,0.668293129164114,0.671375154380691,1.56772644034432,NA
"TD","RSTD",37,93.89,-75.22,NA,NA,156.44,168.1,0.982565350597724,4.92570209977795,0.250976022505793,0.632889779306802,2.85434133829998,NA
"TD","RSTD",38,91.94,-111.78,NA,NA,229.56,241.22,0.533772448310629,1.2251683762297,0.70987266325921,0.620937789453274,4.17656263208742,NA
"TD","RSTD",39,89.72,-115.82,NA,NA,237.64,249.3,0.128862570039928,2.75030500992181,0.354529989189575,0.279083544534367,1.42968003141249,NA
"TD","RSTD",40,86.94,-151.01,NA,NA,308.02,319.68,0.420502026332542,1.08286330314484,0.388370384039841,0.353548377786946,1.37286227447579,NA
"TD","RSTD",41,94.44,-77.24,NA,NA,160.48,172.14,0.860091791022569,2.2001721150753,0.780960400020889,0.678231933737411,1.46783810207412,NA
"TD","RSTD",42,92.78,-101.27,NA,NA,208.54,220.2,0.633000507717952,1.31639195521562,0.211436736767992,0.43078799242792,5.10069187912382,NA
"TD","RSTD",43,93.06,-87.66,NA,NA,181.32,192.98,0.512010124279186,3.01376353887389,0.655193695355144,0.448303289800109,1.37322816544195,NA
"TD","RSTD",44,77.22,-124.48,NA,NA,254.96,266.62,0.4054856733419,4.89528230370438,0.0439546832085854,0.0173012815115449,1.0000191808977,NA
"TD","RSTD",45,85.56,-162.97,NA,NA,331.94,343.6,0.319981756620109,1.26415652967989,0.129215944545293,0.141899441785717,3.64215336748879,NA
"TD","RSTD",46,94.17,-74.39,NA,NA,154.78,166.44,0.947748523205519,2.36391219958187,0.804167819498334,0.88472842209903,4.38782161540816,NA
"TD","RSTD",47,93.06,-96.53,NA,NA,199.06,210.72,0.885661983396858,2.4762263855988,0.722920392794407,0.861973647081325,1.38165616228552,NA
"TD","RSTD",48,78.89,-141.33,NA,NA,288.66,300.32,0.119032545015216,1.2109820744954,0.0377388801920065,0.0124119138047163,1.00834421494843,NA
"TD","RSTD",49,94.44,-75.01,NA,NA,156.02,167.68,0.931592519162223,1.64870583964512,0.50506491466081,0.81482982925753,2.82182270109227,NA
"TD","RSTD",50,93.61,-90.35,NA,NA,186.7,198.36,0.753800751408562,3.89878896835935,0.935631786744517,0.699850680240268,2.87906334832814,NA
"TD","RSTD",51,82.78,-102.76,NA,NA,211.52,223.18,0.080542077543214,1.38312963815406,0.0382047534647709,0.0114453303497,1.0189959932476,NA
"TD","RSTD",52,82.22,-111.03,NA,NA,228.06,239.72,0.0462017410900444,1.57751976652071,0.0169388763502759,6.39400902645214e-05,1.00997559186476,NA
"TD","RSTD",53,91.39,-122.69,NA,NA,251.38,263.04,0.407168375095353,1.8810732345608,0.266863964164473,0.277433093331182,5.22918060538741,NA
"TD","RSTD",54,94.17,-74.07,NA,NA,154.14,165.8,0.960197768406942,1.62981824576855,0.655884684129249,0.857806073914232,5.03384693338764,NA
"TD","RSTD",55,93.89,-85.23,NA,NA,176.46,188.12,0.745619997614995,1.08382892229572,0.739819929448364,0.671854387184348,1.39514911841946,NA
"TD","RSTD",56,77.5,-140.8,NA,NA,287.6,299.26,0.387793875532225,1.18421270139515,0.0357512088499146,0.0109147367767992,1.00547718124461,NA
"TD","RSTD",57,92.78,-97.11,NA,NA,200.22,211.88,0.640330957481638,1.32346468325704,0.406362068983163,0.562143402076878,2.33965717439314,NA
"TD","RSTD",58,90.28,-100.24,NA,NA,206.48,218.14,0.46626549679786,1.18377712974325,0.824681886624839,0.403866836163244,1,NA
"TD","RSTD",59,94.72,-68.87,NA,NA,143.74,155.4,0.781977394130081,2.17335850927503,0.450399641441098,0.592857436502523,1.39216379234477,NA
"TD","RSTD",60,87.78,-158.91,NA,NA,323.82,335.48,0.185236022341996,1.16209726792475,0.858033655871549,0.292363646591027,1.22574937022099,NA
"TD","RSTD",61,93.61,-86.4,NA,NA,178.8,190.46,0.703108243644238,1.190494351089,0.24621776166799,0.481955776796772,2.47566771426911,NA
"TD","RSTD",62,89.17,-112.57,NA,NA,231.14,242.8,0.540940156206489,2.71158919288757,0.127867633245884,0.16029075955901,2.04278397264876,NA
"TD","RSTD",63,92.22,-106.81,NA,NA,219.62,231.28,0.265401779906824,2.94766673623564,0.370600768958014,0.342956132813877,3.06693690036673,NA
"TD","RSTD",64,91.67,-92.69,NA,NA,191.38,203.04,0.897607917198911,1.20987035287544,0.126525189592037,0.286592468682173,1.39837561467519,NA
"TD","RSTD",65,86.11,-147.58,NA,NA,301.16,312.82,0.398145136190578,1.04858012497425,0.643970900339169,0.358336689342837,1,NA
"TD","RSTD",66,89.17,-136.61,NA,NA,279.22,290.88,0.470244030002505,1.37089849868789,0.330110381452646,0.333319949052445,2.04657970036748,NA
"TD","RSTD",67,94.72,-72.69,NA,NA,151.38,163.04,0.824348853668198,2.18002879429133,0.755829544691977,0.673871995483964,1.47552107775484,NA
"TD","RSTD",68,91.67,-106.46,NA,NA,218.92,230.58,0.503097830805928,1.32283924566582,0.907418898890638,0.488672747269309,1.3727293839543,NA
"TD","RSTD",69,86.11,-113.28,NA,NA,232.56,244.22,0.361050225095823,2.17336245528878,0.512335662471198,0.334806787369632,1,NA
"TD","RSTD",70,93.89,-82.77,NA,NA,171.54,183.2,0.964988884748891,1.18922751862556,0.456295814670281,0.800270836013352,1.42291544151269,NA
"TD","RSTD",71,94.72,-68.84,NA,NA,143.68,155.34,0.789667062694207,3.04544003671947,0.506646589915785,0.627528887740873,1.37294243968436,NA
"TD","RSTD",72,92.5,-81.05,NA,NA,168.1,179.76,0.628910263301805,3.95466302318459,0.551113321432386,0.640732295099895,1.041520194806,NA
"TD","RSTD",73,91.67,-113.39,NA,NA,232.78,244.44,0.415234696352854,1.7106761354533,0.864767296425626,0.50830241616922,3.47310191580851,NA
"TD","RSTD",74,94.44,-77.3,NA,NA,160.6,172.26,0.857857148861513,1.936107955831,0.740882385791802,0.671338572057908,1.4826368192689,NA
"TD","RSTD",75,92.78,-94.45,NA,NA,194.9,206.56,0.629901704145595,1.19926888635382,0.679098533552146,0.737255274681097,1.37552813704032,NA
"TD","RSTD",76,83.06,-115.69,NA,NA,237.38,249.04,0.359289909945801,1.36449700228535,0.104225100368699,0.0618216642116507,1.33559660804073,NA
"TD","RSTD",77,91.67,-101.39,NA,NA,208.78,220.44,0.446684151422232,2.46860518856885,0.269055953705609,0.307031758765579,3.06445533299731,NA
"TD","RSTD",78,79.72,-123.58,NA,NA,253.16,264.82,0.378760501742363,1.43229853129014,0.0450231510802684,0.0177107402256371,1.03513072451006,NA
"TD","RSTD",79,79.72,-123.57,NA,NA,253.14,264.8,0.372670353855938,1.68600267870352,0.0450111208708567,0.0177250421650523,1.03513223814491,NA
"TD","RSTD",80,87.78,-140.72,NA,NA,287.44,299.1,0.428967847023159,1.43009595386684,0.998782708381086,0.724889275332052,1,NA
"TD","RSTD",81,75.83,-175.09,NA,NA,356.18,367.84,0.111280993092805,1.04204804978253,0.0175,0.01,1.01,NA
"TD","RSTD",82,91.67,-95.14,NA,NA,196.28,207.94,0.142161799827591,2.60663627263189,0.26920114564549,0.250110185826923,1.85318817616176,NA
"TD","RSTD",83,94.72,-70.99,NA,NA,147.98,159.64,0.779834397835657,4.55762586234994,0.285007359031112,0.483048008974824,1.82592153721711,NA
"TD","RSTD",84,77.5,-123.09,NA,NA,252.18,263.84,0.386252531083301,1.63052160199732,0.0404286860133802,0.0144625480978253,1.0183185032569,NA
"TD","RSTD",85,87.22,-138.33,NA,NA,282.66,294.32,0.23896856745705,1.3059749789536,0.150322282147845,0.152170953913122,2.24724474247874,NA
"TD","RSTD",86,91.94,-88.65,NA,NA,183.3,194.96,0.670282299863175,1.1162636061199,0.746758147537307,0.710050416544857,1,NA
"TD","RSTD",87,92.78,-83.98,NA,NA,173.96,185.62,0.560497718863189,1.79223784707011,0.201858776296663,0.314600790288012,2.43151882794649,NA
"TD","RSTD",88,93.61,-86.64,NA,NA,179.28,190.94,0.915246691787615,1.1942126606591,0.265291135316689,0.660705335688301,1.38080775961704,NA
"TD","RSTD",89,91.11,-92.28,NA,NA,190.56,202.22,0.589335348224267,1.93161117188157,0.686834529432674,0.681071327396514,1,NA
"TD","RSTD",90,91.94,-88.92,NA,NA,183.84,195.5,0.987134294584394,1.60082370741293,0.491516542891098,0.802498534050096,1.17389481096321,NA
"TD","RSTD",91,88.33,-141.94,NA,NA,289.88,301.54,0.401124990079552,1.43657126976177,0.394383601820435,0.394085548582944,1.47380885440682,NA
"TD","RSTD",92,91.39,-111.52,NA,NA,229.04,240.7,0.565618214197457,1.06491599744186,0.249251143950199,0.377638903758034,2.77568449246494,NA
"TD","RSTD",93,87.22,-167.06,NA,NA,340.12,351.78,0.125127220060676,1.54644962819293,0.233656090865677,0.345033547313474,2.25785535160915,NA
"TD","RSTD",94,94.44,-76.55,NA,NA,159.1,170.76,0.791645931312814,1.76679624943127,0.779979059739547,0.676956708778129,2.34809339961147,NA
"TD","RSTD",95,80,-120.39,NA,NA,246.78,258.44,0.0988319513853639,1.09243298880756,0.0371036915940235,0.0114886566950652,1.06004743611309,NA
"TD","RSTD",96,87.5,-94.31,NA,NA,194.62,206.28,0.333673485321924,1.79963922020125,0.09385316538418,0.0948173196765264,1.82186505365929,NA
"TD","RSTD",97,85,-139.78,NA,NA,285.56,297.22,0.10172016825527,1.62083033379167,0.103710295914163,0.146492625990956,1.4986606962914,NA
"TD","RSTD",98,83.89,-102.64,NA,NA,211.28,222.94,0.0187283449340612,1.16512183423941,0.0159205287037032,0.00909963081321483,1.0099483249114,NA
"TD","RSTD",99,78.06,-125.35,NA,NA,256.7,268.36,0.461979309096932,1.88084230940313,0.0465115720871633,0.022289050008093,1,NA
"TD","RSTD",100,94.17,-77.61,NA,NA,161.22,172.88,0.729020358063281,1.83565291385622,0.627460774396846,0.791303755354558,2.58011331289282,NA
"TD","Utility",1,93.61,-85.98,NA,NA,177.96,189.62,0.643091264180839,1.83357874206723,0.861772562016582,0.757643440504092,5.46595535979177,NA
"TD","Utility",2,94.17,-75.07,NA,NA,156.14,167.8,0.724670132622123,2.43561604238095,0.771637088501136,0.868969526309989,2.54497546507053,NA
"TD","Utility",3,90.56,-83.2,NA,NA,172.4,184.06,0.950232450617477,3.03779015681686,0.984222186942582,0.916099452716015,1.15538748852348,NA
"TD","Utility",4,90.56,-88.08,NA,NA,182.16,193.82,0.682289758697152,1.07202245481312,0.794696471252698,0.676283281527145,4.13437173271565,NA
"TD","Utility",5,89.17,-131.45,NA,NA,268.9,280.56,0.200363578274846,2.00568439900399,0.215588888615892,0.83200009434165,3.03980274777275,NA
"TD","Utility",6,86.39,-184.53,NA,NA,375.06,386.72,0.321220333920792,1.29866566415876,0.58961402968136,0.910695742835163,2.12822970737804,NA
"TD","Utility",7,86.39,-107.16,NA,NA,220.32,231.98,0.571441247593611,1.05021329503506,0.706266547764356,0.683838457410761,3.18330567063578,NA
"TD","Utility",8,90,-82.34,NA,NA,170.68,182.34,0.973066303646192,1.39299949863926,0.927780912976725,0.791653744721929,2.19286590248367,NA
"TD","Utility",9,88.61,-100.45,NA,NA,206.9,218.56,0.895209939451888,1.00547373959183,0.893159669585274,0.948105569241947,1,NA
"TD","Utility",10,80.56,-118.2,NA,NA,242.4,254.06,0.0494146177079529,1.5078624105081,0.0233290272569736,0.824083786832161,2.02263784481587,NA
"TD","Utility",11,88.89,-163.69,NA,NA,333.38,345.04,0.197620301274583,1.18983699940145,0.207755639863233,0.997872755629083,5.79413888428969,NA
"TD","Utility",12,65,-174.67,NA,NA,355.34,367,0.0560640415642411,1.56602673046291,0.0666583043803758,0.714836094180969,1.0201903645484,NA
"TD","Utility",13,66.39,-167.48,NA,NA,340.96,352.62,0.051307131536305,2.23247370731968,0.0424196472614021,0.71312059000005,1.40014570760713,NA
"TD","Utility",14,89.44,-85.75,NA,NA,177.5,189.16,0.989872474921867,1.20800043705019,0.922741296034037,0.793629747252685,2.08573163653011,NA
"TD","Utility",15,93.89,-86.82,NA,NA,179.64,191.3,0.711294803768396,1.57632797351107,0.647460704600015,0.934991059848291,2.58243161272594,NA
"TD","Utility",16,67.5,-166.23,NA,NA,338.46,350.12,0.0768930825870484,1.0096698673442,0.0189987967101334,0.782013662921051,1.00295391924121,NA
"TD","Utility",17,91.67,-74.26,NA,NA,154.52,166.18,0.797194604296237,3.5054881726885,0.822525667840395,0.726069143524543,3.1704747857655,NA
"TD","Utility",18,92.78,-86.3,NA,NA,178.6,190.26,0.731893435353413,2.27495420533688,0.637116292943292,0.826634346704687,3.12044196191596,NA
"TD","Utility",19,94.72,-72.81,NA,NA,151.62,163.28,0.809085062006488,1.79705669912965,0.705104112078411,0.734308908695359,5.37555022390588,NA
"TD","Utility",20,83.33,-107.46,NA,NA,220.92,232.58,0.511981163173914,3.39124982816227,0.0729262852259526,0.873531263623344,2.4916171744108,NA
"TD","Utility",21,91.39,-102.92,NA,NA,211.84,223.5,0.226354157319292,2.66897989056053,0.231125156843199,0.947818535109571,4.28468816005428,NA
"TD","Utility",22,85,-117.67,NA,NA,241.34,253,0.300222688354552,1.95544207743825,0.588619675307396,0.609693683841265,4.67499871306448,NA
"TD","Utility",23,90.56,-81.31,NA,NA,168.62,180.28,0.984172471100464,2.69604673600736,0.966359114930401,0.690526661532002,3.71985156863642,NA
"TD","Utility",24,85.56,-110.62,NA,NA,227.24,238.9,0.540354023920372,1.23410649768987,0.584257105649096,0.900493676708383,1.09951520624779,NA
"TD","Utility",25,92.22,-106,NA,NA,218,229.66,0.870058757020161,1.32718323590234,0.878418374150463,0.962413642968753,1.72057702529752,NA
"TD","Utility",26,88.89,-116.44,NA,NA,238.88,250.54,0.0660558908712119,2.97567781611326,0.205503805110771,0.900873482197355,2.38705057491871,NA
"TD","Utility",27,90.28,-85.3,NA,NA,176.6,188.26,0.973287776112556,1.26051322789863,0.923807228874966,0.834073773122103,1.72042566797363,NA
"TD","Utility",28,86.11,-123.54,NA,NA,253.08,264.74,0.290595552418381,2.05573849655212,0.512462773315481,0.771356617682774,2.31223429783492,NA
"TD","Utility",29,90,-87.06,NA,NA,180.12,191.78,0.988910319516435,1.21139730885625,0.946976546363254,0.758446208163383,2.60407372429831,NA
"TD","Utility",30,92.22,-107.5,NA,NA,221,232.66,0.329378831898794,3.0851063261411,0.380473229240739,0.951127380274045,4.49827173332309,NA
"TD","Utility",31,85.28,-150.25,NA,NA,306.5,318.16,0.11878991080448,1.83541438817502,0.229351399793875,0.890810052479083,2.30180098201127,NA
"TD","Utility",32,69.17,-161.23,NA,NA,328.46,340.12,0.0508385861758143,1.41009616898373,0.0300894450605209,0.740572726534035,1.20673321055792,NA
"TD","Utility",33,91.94,-74.79,NA,NA,155.58,167.24,0.684979062527418,1.75662852577144,0.872538704918189,0.607165480662349,5.94041368592548,NA
"TD","Utility",34,88.89,-100.59,NA,NA,207.18,218.84,0.842564480379224,1.05992496339604,0.893903118301268,0.73824575410326,2.85777587494687,NA
"TD","Utility",35,92.5,-103.05,NA,NA,212.1,223.76,0.27115519088693,3.69503675574873,0.272708076744366,0.991438037372882,2.88262648478423,NA
"TD","Utility",36,94.17,-78.92,NA,NA,163.84,175.5,0.779200294986367,1.45758824376389,0.726376134150523,0.727034894993609,5.10879812421734,NA
"TD","Utility",37,90.56,-83.25,NA,NA,172.5,184.16,0.982565350597724,4.92570209977795,0.990397988243655,0.662824678232808,4.00070547782162,NA
"TD","Utility",38,85.83,-113.58,NA,NA,233.16,244.82,0.533772448310629,1.2251683762297,0.773449461620499,0.569516538511562,5.79750307616697,NA
"TD","Utility",39,90.28,-114.21,NA,NA,234.42,246.08,0.128862570039928,2.75030500992181,0.312788015900185,0.733552105055852,4.96689621233692,NA
"TD","Utility",40,85,-129.7,NA,NA,265.4,277.06,0.420502026332542,1.08286330314484,0.117572474250635,0.833784057629175,3.02784216104669,NA
"TD","Utility",41,94.44,-77.01,NA,NA,160.02,171.68,0.860091791022569,2.2001721150753,0.674700537626492,0.911272603384395,2.11971463269373,NA
"TD","Utility",42,90.28,-88.63,NA,NA,183.26,194.92,0.633000507717952,1.31639195521562,0.797076053917934,0.815977388105338,2.02451030996541,NA
"TD","Utility",43,93.06,-87.65,NA,NA,181.3,192.96,0.512010124279186,3.01376353887389,0.403659327072502,0.768846709062378,4.29266581945745,NA
"TD","Utility",44,86.39,-106.69,NA,NA,219.38,231.04,0.4054856733419,4.89528230370438,0.541433939500468,0.712104708845047,2.91348152857695,NA
"TD","Utility",45,85,-124.55,NA,NA,255.1,266.76,0.319981756620109,1.26415652967989,0.116323959506686,0.946235881512485,1.76415741484939,NA
"TD","Utility",46,90.56,-78.79,NA,NA,163.58,175.24,0.947748523205519,2.36391219958187,0.882086061198298,0.852240527936981,1.84892843048924,NA
"TD","Utility",47,87.5,-94.34,NA,NA,194.68,206.34,0.885661983396858,2.4762263855988,0.859886816848436,0.905512479419025,1.02903379585147,NA
"TD","Utility",48,70.28,-160.58,NA,NA,327.16,338.82,0.119032545015216,1.2109820744954,0.063336645572046,0.850690539045394,1.14489749764582,NA
"TD","Utility",49,93.61,-85.09,NA,NA,176.18,187.84,0.931592519162223,1.64870583964512,0.899837460576119,0.95160296573896,3.86760229927194,NA
"TD","Utility",50,94.17,-75.2,NA,NA,156.4,168.06,0.753800751408562,3.89878896835935,0.817338793081325,0.940566472635794,1.8209123907801,NA
"TD","Utility",51,67.22,-161.69,NA,NA,329.38,341.04,0.080542077543214,1.38312963815406,0.0263604653873506,0.746917662339021,1.52006102737024,NA
"TD","Utility",52,79.72,-120.28,NA,NA,246.56,258.22,0.0462017410900444,1.57751976652071,0.046188715183387,0.977255601673247,1.0040088226966,NA
"TD","Utility",53,89.44,-123.56,NA,NA,253.12,264.78,0.407168375095353,1.8810732345608,0.376219872204301,0.932007994305474,1.88612537518946,NA
"TD","Utility",54,93.89,-76.59,NA,NA,159.18,170.84,0.960197768406942,1.62981824576855,0.897040718078236,0.938097573847535,5.38888548250629,NA
"TD","Utility",55,91.39,-104.68,NA,NA,215.36,227.02,0.745619997614995,1.08382892229572,0.805121493368832,0.906855382145364,1.92529826941451,NA
"TD","Utility",56,80.83,-167.71,NA,NA,341.42,353.08,0.387793875532225,1.18421270139515,0.599050445644139,0.600136792106079,4.9305821871549,NA
"TD","Utility",57,87.78,-96.85,NA,NA,199.7,211.36,0.640330957481638,1.32346468325704,0.67813579597292,0.874016945371337,1.24994030564362,NA
"TD","Utility",58,90.28,-111.93,NA,NA,229.86,241.52,0.46626549679786,1.18377712974325,0.376868751318312,0.698268647247274,5.89636592292409,NA
"TD","Utility",59,94.17,-74.77,NA,NA,155.54,167.2,0.781977394130081,2.17335850927503,0.721509951828822,0.949841037095022,1.7368255223721,NA
"TD","Utility",60,79.72,-159.65,NA,NA,325.3,336.96,0.185236022341996,1.16209726792475,0.785424115668284,0.64730591882953,2.79835972355188,NA
"TD","Utility",61,93.61,-83.87,NA,NA,173.74,185.4,0.703108243644238,1.190494351089,0.847284698004271,0.784945774468982,3.83911517555064,NA
"TD","Utility",62,68.06,-159.51,NA,NA,325.02,336.68,0.540940156206489,2.71158919288757,0.0705666627126416,0.790432255354858,1.03140451553832,NA
"TD","Utility",63,78.33,-164.47,NA,NA,334.94,346.6,0.265401779906824,2.94766673623564,0.89630955071963,0.521311895456002,5.42634095034052,NA
"TD","Utility",64,56.67,-216.39,NA,NA,438.78,450.44,0.897607917198911,1.20987035287544,0.01,0.01,1.01,NA
"TD","Utility",65,78.33,-161.04,NA,NA,328.08,339.74,0.398145136190578,1.04858012497425,0.72396885726699,0.848794213044999,1.04645082944123,NA
"TD","Utility",66,85.28,-131.21,NA,NA,268.42,280.08,0.470244030002505,1.37089849868789,0.55095924192522,0.598529392510597,5.74120277392535,NA
"TD","Utility",67,93.33,-84.37,NA,NA,174.74,186.4,0.824348853668198,2.18002879429133,0.863441577694086,0.846686978174232,3.43655774515348,NA
"TD","Utility",68,91.39,-101.96,NA,NA,209.92,221.58,0.503097830805928,1.32283924566582,0.353464023432224,0.77198495833062,4.14068205389533,NA
"TD","Utility",69,88.89,-94.66,NA,NA,195.32,206.98,0.361050225095823,2.17336245528878,0.215348802675561,0.945855767355967,1.7706433790525,NA
"TD","Utility",70,78.89,-122.77,NA,NA,251.54,263.2,0.964988884748891,1.18922751862556,0.0288272231311862,0.879317540728616,1.26273219835125,NA
"TD","Utility",71,91.94,-74.74,NA,NA,155.48,167.14,0.789667062694207,3.04544003671947,0.867968502102528,0.652184676191707,4.76168492995449,NA
"TD","Utility",72,93.89,-79.42,NA,NA,164.84,176.5,0.628910263301805,3.95466302318459,0.81137288004207,0.948695114341213,1.75517571354082,NA
"TD","Utility",73,91.67,-111.85,NA,NA,229.7,241.36,0.415234696352854,1.7106761354533,0.373134655391786,0.97665015217091,3.94875330541156,NA
"TD","Utility",74,94.44,-77.25,NA,NA,160.5,172.16,0.857857148861513,1.936107955831,0.710384246444497,0.711751753467273,5.82348469876534,NA
"TD","Utility",75,91.11,-91.39,NA,NA,188.78,200.44,0.629901704145595,1.19926888635382,0.757017161154548,0.626159702006714,5.96605566083772,NA
"TD","Utility",76,80.83,-142.11,NA,NA,290.22,301.88,0.359289909945801,1.36449700228535,0.275532265054659,0.823252571278147,1.63779104607675,NA
"TD","Utility",77,91.67,-96.49,NA,NA,198.98,210.64,0.446684151422232,2.46860518856885,0.297753237660229,0.988769837990419,2.05219940166855,NA
"TD","Utility",78,80.83,-118.93,NA,NA,243.86,255.52,0.378760501742363,1.43229853129014,0.02978753937889,0.672231309595984,5.57540262847977,NA
"TD","Utility",79,80.83,-144.92,NA,NA,295.84,307.5,0.372670353855938,1.68600267870352,0.120415861368885,0.958080642006707,1.35620671186137,NA
"TD","Utility",80,82.78,-144.16,NA,NA,294.32,305.98,0.428967847023159,1.43009595386684,0.758353952043949,0.66864907827822,3.44064670292963,NA
"TD","Utility",81,74.72,-164.26,NA,NA,334.52,346.18,0.111280993092805,1.04204804978253,0.131493633449965,0.924393296952289,1,NA
"TD","Utility",82,90.28,-93.85,NA,NA,193.7,205.36,0.142161799827591,2.60663627263189,0.240097381808817,0.837566846149554,3.08578017720345,NA
"TD","Utility",83,94.17,-77.69,NA,NA,161.38,173.04,0.779834397835657,4.55762586234994,0.848785164736302,0.963187843720712,2.98200732078369,NA
"TD","Utility",84,85.56,-126.87,NA,NA,259.74,271.4,0.386252531083301,1.63052160199732,0.518504094645602,0.669307596215329,4.17364909581764,NA
"TD","Utility",85,82.78,-146.34,NA,NA,298.68,310.34,0.23896856745705,1.3059749789536,0.519273057424922,0.922517620634275,1,NA
"TD","Utility",86,90.56,-86.41,NA,NA,178.82,190.48,0.670282299863175,1.1162636061199,0.821334476054218,0.761717844166676,2.59480097747966,NA
"TD","Utility",87,87.5,-115.82,NA,NA,237.64,249.3,0.560497718863189,1.79223784707011,0.836092684606078,0.865320666726819,1.54090904226884,NA
"TD","Utility",88,89.44,-89.14,NA,NA,184.28,195.94,0.915246691787615,1.1942126606591,0.925893907776183,0.735572305357306,3.01134319716115,NA
"TD","Utility",89,90,-101.96,NA,NA,209.92,221.58,0.589335348224267,1.93161117188157,0.0892105229720225,0.886527247866484,4.36845518695443,NA
"TD","Utility",90,90,-79.71,NA,NA,165.42,177.08,0.987134294584394,1.60082370741293,0.930796315574626,0.726538858080917,3.21194092474745,NA
"TD","Utility",91,82.5,-138.65,NA,NA,283.3,294.96,0.401124990079552,1.43657126976177,0.561947943658847,0.667707391416728,3.5102798194961,NA
"TD","Utility",92,89.17,-101.09,NA,NA,208.18,219.84,0.565618214197457,1.06491599744186,0.789841899349827,0.64300981103039,4.97291875823954,NA
"TD","Utility",93,78.33,-127.45,NA,NA,260.9,272.56,0.125127220060676,1.54644962819293,0.0328917500432941,0.657265333182439,5.17947943330991,NA
"TD","Utility",94,94.44,-74.76,NA,NA,155.52,167.18,0.791645931312814,1.76679624943127,0.754160246164969,0.755465923545496,4.43192252380692,NA
"TD","Utility",95,64.72,-191.83,NA,NA,389.66,401.32,0.0988319513853639,1.09243298880756,0.340585807510878,0.661010659953057,1.0291413767225,NA
"TD","Utility",96,86.39,-103.18,NA,NA,212.36,224.02,0.333673485321924,1.79963922020125,0.0986247413415351,0.91047956851963,2.11202363084681,NA
"TD","Utility",97,79.72,-131.48,NA,NA,268.96,280.62,0.10172016825527,1.62083033379167,0.055809691098421,0.921712347433291,1.63725118014512,NA
"TD","Utility",98,82.22,-104.79,NA,NA,215.58,227.24,0.0187283449340612,1.16512183423941,0.0193744531818868,0.804386157114999,2.29154195410294,NA
"TD","Utility",99,83.89,-136.2,NA,NA,278.4,290.06,0.461979309096932,1.88084230940313,0.0641095308121189,0.704016488245581,5.78162443693107,NA
"TD","Utility",100,94.17,-75.13,NA,NA,156.26,167.92,0.729020358063281,1.83565291385622,0.803397067349041,0.888116668522847,2.32506860496515,NA
"RSTD","TD",1,93.33,-85.48,NA,NA,174.96,182.73,0.285107890376821,0.724670132622123,0.892221167462793,2.79458349397847,NA,2.43561604238095
"RSTD","TD",2,88.61,-145.68,NA,NA,295.36,303.13,0.950232450617477,0.206436974462122,0.219664009042707,4.33448605208583,NA,1.3645795173943
"RSTD","TD",3,85.56,-133.09,NA,NA,270.18,277.95,0.536011227406561,0.200363578274846,0.153489667659219,1.44250906817693,NA,2.00568439900399
"RSTD","TD",4,92.22,-112.58,NA,NA,229.16,236.93,0.321220333920792,0.649332832079381,0.879431653660977,2.7139821874655,NA,1.14288249518722
"RSTD","TD",5,93.06,-88.22,NA,NA,180.44,188.21,0.525106647517532,0.973066303646192,0.894521030208198,5.71496177046409,NA,1.39299949863926
"RSTD","TD",6,93.33,-91.62,NA,NA,187.24,195.01,0.895209939451888,0.943225271301344,0.974054082273533,1.37454922722515,NA,4.35385648889427
"RSTD","TD",7,83.89,-138.73,NA,NA,281.46,289.23,0.753931205254048,0.197620301274583,0.104310155062218,1.68884041294386,NA,1.18983699940145
"RSTD","TD",8,93.06,-51.99,NA,NA,107.98,115.75,0.0560640415642411,0.783013365231454,0.01,1.01,NA,4.41441693140154
"RSTD","TD",9,92.5,-95.97,NA,NA,195.94,203.71,0.479448032099754,0.989872474921867,0.920283245008034,1.4780654432927,NA,1.20800043705019
"RSTD","TD",10,93.61,-77.4,NA,NA,158.8,166.57,0.711294803768396,0.788163986755535,0.66668209204602,1.22020383285542,NA,3.30973086307261
"RSTD","TD",11,92.78,-103.99,NA,NA,211.98,219.75,0.5048349336721,0.797194604296237,0.886542262871138,5.7306888986417,NA,3.5054881726885
"RSTD","TD",12,91.67,-105.51,NA,NA,215.02,222.79,0.731893435353413,0.395451756194234,0.248724632017242,2.04391699700395,NA,1.61817012401298
"RSTD","TD",13,93.33,-79.12,NA,NA,162.24,170.01,0.275977379642427,0.511981163173914,0.742288013380734,1.08567586441316,NA,3.39124982816227
"RSTD","TD",14,89.72,-136.02,NA,NA,276.04,283.81,0.226354157319292,0.16033569118008,0.177683324801725,3.21643767776911,NA,1.89403793397815
"RSTD","TD",15,83.06,-146.57,NA,NA,297.14,304.91,0.315573724219576,0.984172471100464,0.01,1.01,NA,2.69604673600736
"RSTD","TD",16,93.61,-89.5,NA,NA,183,190.77,0.540354023920372,0.854036244563758,0.890714079631281,4.99885285771558,NA,1.36215214885666
"RSTD","TD",17,89.44,-141.06,NA,NA,286.12,293.89,0.66359161795117,0.0660558908712119,0.142686453059109,5.19994815952038,NA,2.97567781611326
"RSTD","TD",18,91.11,-128.94,NA,NA,261.88,269.65,0.973287776112556,0.630256613949314,0.577935142867079,2.38104425516582,NA,1.85552939023347
"RSTD","TD",19,92.5,-94.23,NA,NA,192.46,200.23,0.340647828998044,0.988910319516435,0.893403962048844,2.69386996027792,NA,1.21139730885625
"RSTD","TD",20,92.22,-103.13,NA,NA,210.26,218.03,0.329378831898794,0.0628540490288287,0.144610375446632,5.80764611525252,NA,3.33967715737489
"RSTD","TD",21,87.78,-167.02,NA,NA,338.04,345.81,0.285566801903769,0.0508385861758143,0.151031289218046,4.57973209951612,NA,1.41009616898373
"RSTD","TD",22,77.78,-140.88,NA,NA,285.76,293.53,0.684979062527418,0.438995202770457,0.0985690212343829,1.12014881429929,NA,1.68512896075845
"RSTD","TD",23,88.89,-95.58,NA,NA,195.16,202.93,0.529962481698021,0.27115519088693,0.157835782612159,1.37366105310227,NA,3.69503675574873
"RSTD","TD",24,94.17,-78.15,NA,NA,160.3,168.07,0.779200294986367,0.728794121881947,0.650120053748604,1.41972826032189,NA,1.16082152445602
"RSTD","TD",25,95,-47.77,NA,NA,99.54,107.31,0.0281218434683979,0.533772448310629,0,1.00957106781187,NA,1.2251683762297
"RSTD","TD",26,75.28,-206.11,NA,NA,416.22,423.99,0.128862570039928,0.17050133110024,0.01,1.01,NA,2.37515528589011
"RSTD","TD",27,94.44,-75.33,NA,NA,154.66,162.43,0.980796684976667,0.860091791022569,0.6815484839538,1.57143367332339,NA,2.2001721150753
"RSTD","TD",28,90.83,-89.12,NA,NA,182.24,190.01,0.633000507717952,0.959949327167124,0.865095787382289,1.00619116417818,NA,1.02402024855837
"RSTD","TD",29,93.89,-77.8,NA,NA,159.6,167.37,0.234798390883952,0.4054856733419,0.662222569958229,1.3783547623301,NA,4.89528230370438
"RSTD","TD",30,90.83,-101.26,NA,NA,206.52,214.29,0.319981756620109,0.632078264839947,0.868087651345334,1,NA,1.05595874555906
"RSTD","TD",31,93.89,-77.67,NA,NA,159.34,167.11,0.417691254755482,0.885661983396858,0.882709296696497,2.09423078493576,NA,2.4762263855988
"RSTD","TD",32,86.11,-100.45,NA,NA,204.9,212.67,0.119032545015216,0.605491037247702,0.0255895214760852,1.00309941441171,NA,1.04599827674373
"RSTD","TD",33,94.72,-69.33,NA,NA,142.66,150.43,0.824352919822559,0.753800751408562,0.671379448454713,1.39290891677503,NA,3.89878896835935
"RSTD","TD",34,93.33,-56.15,NA,NA,116.3,124.07,0.080542077543214,0.69156481907703,0.00306128675104,1.01052223894309,NA,4.2510444371212
"RSTD","TD",35,92.78,-105.17,NA,NA,214.34,222.11,0.788759883260354,0.407168375095353,0.31753511368426,5.36919150182077,NA,1.8810732345608
"RSTD","TD",36,92.78,-78.13,NA,NA,160.26,168.03,0.960197768406942,0.814909122884274,0.755864604285225,1,NA,1.49123999522999
"RSTD","TD",37,89.72,-142.23,NA,NA,288.46,296.23,0.983733647270128,0.387793875532225,0.250713025746797,2.1959113357536,NA,1.18421270139515
"RSTD","TD",38,93.06,-74.58,NA,NA,153.16,160.93,0.640330957481638,0.661732341628522,0.75715894708749,1.00311554074847,NA,2.1015722423634
"RSTD","TD",39,94.72,-73.21,NA,NA,150.42,158.19,0.591888564871624,0.781977394130081,0.640216139551366,1.64330010087882,NA,2.17335850927503
"RSTD","TD",40,93.61,-81.16,NA,NA,166.32,174.09,0.185236022341996,0.927017299691215,0.889911004793953,3.84057546245051,NA,1.40621648728848
"RSTD","TD",41,93.06,-101.34,NA,NA,206.68,214.45,0.5952471755445,0.540940156206489,0.448715016905463,5.92821792836518,NA,2.71158919288757
"RSTD","TD",42,88.61,-94.66,NA,NA,193.32,201.09,0.265401779906824,0.195171546889469,0.119588343129435,1.49423747018824,NA,1.22695452463968
"RSTD","TD",43,90.56,-118.83,NA,NA,241.66,249.43,0.604935176437721,0.398145136190578,0.248608587375298,2.47895770033632,NA,1.04858012497425
"RSTD","TD",44,94.72,-73.07,NA,NA,150.14,157.91,0.470244030002505,0.685449249343947,0.647120697250881,1.59305888752172,NA,1.6486977073364
"RSTD","TD",45,91.11,-95.16,NA,NA,194.32,202.09,0.371720403432846,0.503097830805928,0.684884550398114,1,NA,1.32283924566582
"RSTD","TD",46,86.67,-110.87,NA,NA,225.74,233.51,0.361050225095823,0.370053818682209,0.153399062179736,1.44842727603776,NA,1.17356707000516
"RSTD","TD",47,94.72,-72.99,NA,NA,149.98,157.75,0.594613759312779,0.789667062694207,0.642975541925347,1.56051030948669,NA,3.04544003671947
"RSTD","TD",48,91.67,-112.01,NA,NA,228.02,235.79,0.628910263301805,0.0369398219045252,0.144566875300825,5.71525823351169,NA,2.35408596597136
"RSTD","TD",49,93.89,-76.9,NA,NA,157.8,165.57,0.254382238723338,0.857857148861513,0.888318243846733,3.20433659612827,NA,1.936107955831
"RSTD","TD",50,91.94,-99.9,NA,NA,203.8,211.57,0.629901704145595,0.59963444317691,0.395452088649732,1.45138566294184,NA,2.13030682034315
"RSTD","TD",51,92.78,-82.27,NA,NA,168.54,176.31,0.958562755258754,0.446684151422232,0.248519558143353,2.46979864223694,NA,2.46860518856885
"RSTD","TD",52,80.83,-120.03,NA,NA,244.06,251.83,0.378760501742363,0.716149265645072,0.0530661281631717,1.00710697135882,NA,2.1838285959837
"RSTD","TD",53,89.72,-123.62,NA,NA,251.24,259.01,0.843001339351758,0.428967847023159,0.298546318606447,2.00089153965937,NA,1.43009595386684
"RSTD","TD",54,87.5,-92.98,NA,NA,189.96,197.73,0.111280993092805,0.926345025887713,0.0186138475658717,1.01164701433605,NA,2.52358875974062
"RSTD","TD",55,93.06,-84.82,NA,NA,173.64,181.41,0.231767056509852,0.779834397835657,0.892178333025371,3.60622960735835,NA,4.55762586234994
"RSTD","TD",56,93.89,-77.76,NA,NA,159.52,167.29,0.386252531083301,0.815260800998658,0.880882447646034,1.90239302985958,NA,2.64474068483968
"RSTD","TD",57,91.94,-88.79,NA,NA,181.58,189.35,0.6529874894768,0.670282299863175,0.75778317482618,1,NA,1.1162636061199
"RSTD","TD",58,87.5,-108.41,NA,NA,220.82,228.59,0.560497718863189,0.274772666627541,0.139048003127626,1.89755299217635,NA,1.5290995786691
"RSTD","TD",59,91.94,-99.21,NA,NA,202.42,210.19,0.597106330329552,0.589335348224267,0.376408861005788,1.39353425520224,NA,1.93161117188157
"RSTD","TD",60,93.06,-85.89,NA,NA,175.78,183.55,0.987134294584394,0.800411853706464,0.599334942732801,1.38110454306197,NA,2.29764714087815
"RSTD","TD",61,89.44,-121.19,NA,NA,246.38,254.15,0.718285634880885,0.565618214197457,0.635582681755404,1.11988883855685,NA,1.06491599744186
"RSTD","TD",62,86.94,-98.03,NA,NA,200.06,207.83,0.125127220060676,0.773224814096466,0.0183840570385509,1.00296736766307,NA,1.58329186262563
"RSTD","TD",63,88.33,-156.11,NA,NA,316.22,323.99,0.499009405029938,0.0988319513853639,0.135951485205243,4.62296694982595,NA,1.09243298880756
"RSTD","TD",64,91.94,-117.45,NA,NA,238.9,246.67,0.333673485321924,0.454882015939802,0.525797137178905,5.68600350116957,NA,3.70696423376415
"RSTD","TD",65,87.78,-166.98,NA,NA,337.96,345.73,0.810415166895837,0.0187283449340612,0.219686641768098,4.65710255589337,NA,1.16512183423941
"RSTD","TD",66,90.83,-116.8,NA,NA,237.6,245.37,0.461979309096932,0.296923782210797,0.194938670753274,3.01267103329396,NA,1.45804071612656
"RSTD","TD",67,93.89,-86.31,NA,NA,176.62,184.39,0.285626433324069,0.528872283641249,0.643695572671295,1.54222154111119,NA,1.1472960453744
"RSTD","TD",68,84.44,-113.13,NA,NA,230.26,238.03,0.732509626774117,0.600311974063516,0.0709906656787102,1.83742529762315,NA,1.4492717245746
"RSTD","TD",69,91.94,-101.05,NA,NA,206.1,213.87,0.977929984452203,0.529096166603267,0.356479882298597,3.16495885377035,NA,1.75178614688037
"RSTD","TD",70,84.72,-131.23,NA,NA,266.46,274.23,0.98177181975916,0.159414226887748,0.115373330818586,1.47163679148297,NA,1.47737938910723
"RSTD","TD",71,89.17,-137.22,NA,NA,278.44,286.21,0.922829337418079,0.366323065012693,0.20279212244766,2.27657993906573,NA,1.08644307602532
"RSTD","TD",72,74.17,-209,NA,NA,422,429.77,0.437475311337039,0.144657690776512,0.145787611238547,1.03019836700165,NA,2.51204245735464
"RSTD","TD",73,93.06,-62.35,NA,NA,128.7,136.47,0.0812403932213783,0.858433880610391,0.00479561802343172,1.01067747678766,NA,2.57674626609245
"RSTD","TD",74,90.56,-130.74,NA,NA,265.48,273.25,0.769064010120928,0.423705151304603,0.245355017412277,5.83539389749929,NA,1.055009087082
"RSTD","TD",75,81.67,-155.32,NA,NA,314.64,322.41,0.27233505435288,0.0992442343849689,0.121266038531079,1.40480666212977,NA,1.01957268379492
"RSTD","TD",76,92.22,-99.1,NA,NA,202.2,209.97,0.714246998308226,0.356464033480734,0.214818510159821,2.92926144604716,NA,2.33508190601589
"RSTD","TD",77,93.61,-76.34,NA,NA,156.68,164.45,0.165105299558491,0.62026000325568,0.890286318950882,4.46607902882335,NA,3.11759630225509
"RSTD","TD",78,94.44,-76.98,NA,NA,157.96,165.73,0.948594216490164,0.818483957787976,0.643591865912552,1.45680329946357,NA,1.40069885704874
"RSTD","TD",79,93.89,-85.49,NA,NA,174.98,182.75,0.641159480903298,0.713674181839451,0.644138592155747,1.43192556273783,NA,1.04148287150446
"RSTD","TD",80,94.44,-76.7,NA,NA,157.4,165.17,0.602592710871249,0.798923129681498,0.652589902557591,2.44326253212418,NA,2.65777598732141
"RSTD","TD",81,95.83,-36.96,NA,NA,77.92,85.69,0.0268326783552766,0.983408806612715,0,1.01707106781187,NA,2.42827125892359
"RSTD","TD",82,86.11,-157.46,NA,NA,318.92,326.69,0.390374890295789,0.210965643869713,0.0909683246436536,2.95356221377747,NA,1.07093011168763
"RSTD","TD",83,88.06,-165.62,NA,NA,335.24,343.01,0.909624356776476,0.0655163209885359,0.223002103511575,5.91507964254029,NA,1.47955628430628
"RSTD","TD",84,92.5,-79.93,NA,NA,163.86,171.63,0.894585720263422,0.928069569170475,0.903749708272945,1.00223947125986,NA,1.78467515758694
"RSTD","TD",85,94.44,-75.8,NA,NA,155.6,163.37,0.16712597804144,0.591124507132918,0.891399050559208,4.91294769383074,NA,1.76918393555553
"RSTD","TD",86,83.89,-110.63,NA,NA,225.26,233.03,0.0963515317998827,0.187938303221017,0.0350369210457329,1,NA,1.16646143142134
"RSTD","TD",87,93.06,-95.24,NA,NA,194.48,202.25,0.812582350103185,0.879132093861699,0.887925899674711,3.57451664480977,NA,5.4038753097219
"RSTD","TD",88,93.61,-90.01,NA,NA,184.02,191.79,0.448961209738627,0.690639521926641,0.645951281449019,1.42969681576699,NA,1.12322780341732
"RSTD","TD",89,92.5,-81.9,NA,NA,167.8,175.57,0.352596259210259,0.519048273330554,0.729683447841593,1,NA,1.77127007111431
"RSTD","TD",90,83.61,-151.51,NA,NA,307.02,314.79,0.7131295024883,0.112127762287855,0.0899034711009144,2.05252212325425,NA,4.4174234716404
"RSTD","TD",91,86.11,-126.12,NA,NA,256.24,264.01,0.102771484525874,0.0985191510990262,0.104974742489798,1.60875827932699,NA,1.34824017202482
"RSTD","TD",92,90.28,-105.28,NA,NA,214.56,222.33,0.14997310237959,0.461772011825815,0.895058987504303,1,NA,1.26133318960971
"RSTD","TD",93,90.83,-94.73,NA,NA,193.46,201.23,0.435881547397003,0.7804279406555,0.891844457731791,1,NA,1.68139734584838
"RSTD","TD",94,93.06,-74.57,NA,NA,153.14,160.91,0.975024477113038,0.799848798895255,0.755861932735298,1,NA,5.33281822849937
"RSTD","TD",95,91.39,-92.07,NA,NA,188.14,195.91,0.723246149485931,0.623378630494699,0.682025141829502,1,NA,1.45622572209686
"RSTD","TD",96,90.83,-95.77,NA,NA,195.54,203.31,0.323681306792423,0.444453429430723,0.679069507946142,1,NA,1.44684312446043
"RSTD","TD",97,88.33,-110.01,NA,NA,224.02,231.79,0.521510650403798,0.40949847153388,0.180343396079797,1.45378513029297,NA,1.1181692021126
"RSTD","TD",98,91.11,-85.56,NA,NA,175.12,182.89,0.418908317107707,0.978637758642435,0.864480819952317,1,NA,1.21107809292153
"RSTD","TD",99,93.61,-81.12,NA,NA,166.24,174.01,0.78953983867541,0.418743934947997,0.22230608208163,5.32559860068926,NA,3.49348991278757
"RSTD","TD",100,87.22,-132.4,NA,NA,268.8,276.57,0.956703607924283,0.607802340993658,0.278162566528223,1.4381012314195,NA,1.10866933899654
"RSTD","RSTD",1,93.89,-72.61,NA,NA,151.22,162.88,0.285107890376821,0.724670132622123,0.126154624456314,0.363825068446227,1.68873553513704,2.43561604238095
"RSTD","RSTD",2,93.61,-70.17,NA,NA,146.34,158,0.950232450617477,0.206436974462122,0.421800566464402,0.140746308241865,1.45009201569092,1.3645795173943
"RSTD","RSTD",3,95.28,-65.47,NA,NA,136.94,148.6,0.536011227406561,0.200363578274846,0.63819908822866,0.190931241141281,4.79324303614461,2.00568439900399
"RSTD","RSTD",4,90,-144.69,NA,NA,295.38,307.04,0.321220333920792,0.649332832079381,0.51178198022456,0.997691466866989,1.37322441602896,1.14288249518722
"RSTD","RSTD",5,93.89,-78.76,NA,NA,163.52,175.18,0.525106647517532,0.973066303646192,0.518995171300644,0.832241575576149,2.83648514486499,1.39299949863926
"RSTD","RSTD",6,93.33,-73.24,NA,NA,152.48,164.14,0.895209939451888,0.943225271301344,0.127054601148138,0.302256814579148,1.58783879272111,4.35385648889427
"RSTD","RSTD",7,88.33,-114.85,NA,NA,235.7,247.36,0.753931205254048,0.197620301274583,0.763699094356636,0.125388315372931,1,1.18983699940145
"RSTD","RSTD",8,96.11,-36.71,NA,NA,79.42,91.08,0.0560640415642411,0.783013365231454,0,0,1.06627916007993,4.41441693140154
"RSTD","RSTD",9,93.33,-83.58,NA,NA,173.16,184.82,0.479448032099754,0.989872474921867,0.451501238509485,0.798266451555424,4.02379417117649,1.20800043705019
"RSTD","RSTD",10,94.17,-77.72,NA,NA,161.44,173.1,0.711294803768396,0.788163986755535,0.412871125425457,0.722567992927265,4.99161613835701,3.30973086307261
"RSTD","RSTD",11,92.22,-102.83,NA,NA,211.66,223.32,0.5048349336721,0.797194604296237,0.162971404455153,0.457466519882071,2.23747419237626,3.5054881726885
"RSTD","RSTD",12,89.17,-117.43,NA,NA,240.86,252.52,0.731893435353413,0.395451756194234,0.687868127484934,0.424140279231701,1,1.61817012401298
"RSTD","RSTD",13,93.89,-83.18,NA,NA,172.36,184.02,0.275977379642427,0.511981163173914,0.226521280148092,0.473368181667676,4.84553009368752,3.39124982816227
"RSTD","RSTD",14,91.39,-119.52,NA,NA,245.04,256.7,0.226354157319292,0.16033569118008,0.793328658997287,0.222010942041308,1.43543421052095,1.89403793397815
"RSTD","RSTD",15,94.17,-74.61,NA,NA,155.22,166.88,0.315573724219576,0.984172471100464,0.432552449691743,0.790622892560381,4.95234377687834,2.69604673600736
"RSTD","RSTD",16,93.61,-87.95,NA,NA,181.9,193.56,0.540354023920372,0.854036244563758,0.468329170539178,0.815661709669997,1.55866058393804,1.36215214885666
"RSTD","RSTD",17,96.11,-40.89,NA,NA,87.78,99.44,0.66359161795117,0.0660558908712119,0.504000298560202,0.0265591025224221,1.07364247322351,2.97567781611326
"RSTD","RSTD",18,90.83,-116.83,NA,NA,239.66,251.32,0.973287776112556,0.630256613949314,0.222774367079231,0.344784573594132,3.12016828060657,1.85552939023347
"RSTD","RSTD",19,93.89,-82.15,NA,NA,170.3,181.96,0.340647828998044,0.988910319516435,0.387640147115218,0.793752724493474,1.39954443614008,1.21139730885625
"RSTD","RSTD",20,95.28,-49.85,NA,NA,105.7,117.36,0.329378831898794,0.0628540490288287,0.871089390043498,0.070007754488607,1.52304674056056,3.33967715737489
"RSTD","RSTD",21,96.39,-46.34,NA,NA,98.68,110.34,0.285566801903769,0.0508385861758143,0.902191415368596,0.00279048626530311,3.45784184491751,1.41009616898373
"RSTD","RSTD",22,90.28,-100.85,NA,NA,207.7,219.36,0.684979062527418,0.438995202770457,0.929948679838499,0.501069557585122,1,1.68512896075845
"RSTD","RSTD",23,91.39,-116.8,NA,NA,239.6,251.26,0.529962481698021,0.27115519088693,0.453667869963334,0.316797196180407,1.63213243743865,3.69503675574873
"RSTD","RSTD",24,93.61,-86.85,NA,NA,179.7,191.36,0.779200294986367,0.728794121881947,0.564460154911063,0.791878070873918,4.37646304934468,1.16082152445602
"RSTD","RSTD",25,95,-47.77,NA,NA,101.54,113.2,0.0281218434683979,0.533772448310629,0,0,1.01404868440672,1.2251683762297
"RSTD","RSTD",26,81.11,-142.77,NA,NA,291.54,303.2,0.128862570039928,0.17050133110024,0.161549033066477,0.127602808814809,1.04850072213452,2.37515528589011
"RSTD","RSTD",27,77.22,-143.85,NA,NA,293.7,305.36,0.980796684976667,0.860091791022569,0.0228757874450006,0.00348316033573533,1.01021463471452,2.2001721150753
"RSTD","RSTD",28,93.61,-88.78,NA,NA,183.56,195.22,0.633000507717952,0.959949327167124,0.383100800716472,0.759111656908129,2.43775484223766,1.02402024855837
"RSTD","RSTD",29,92.78,-90.72,NA,NA,187.44,199.1,0.234798390883952,0.4054856733419,0.620528323120261,0.510070727834776,1.63895745614675,4.89528230370438
"RSTD","RSTD",30,91.39,-113.05,NA,NA,232.1,243.76,0.319981756620109,0.632078264839947,0.384966445854958,0.748718575350818,3.83673107820026,1.05595874555906
"RSTD","RSTD",31,81.11,-119.98,NA,NA,245.96,257.62,0.417691254755482,0.885661983396858,0.0241454699565916,0.00818341399783741,1.00613722559584,2.4762263855988
"RSTD","RSTD",32,86.11,-103.51,NA,NA,213.02,224.68,0.119032545015216,0.605491037247702,0.0170915982244277,0.0130901452713773,1.01327431189036,1.04599827674373
"RSTD","RSTD",33,94.17,-77.94,NA,NA,161.88,173.54,0.824352919822559,0.753800751408562,0.913364170855155,0.803021080676168,2.08651378560867,3.89878896835935
"RSTD","RSTD",34,93.33,-56.24,NA,NA,118.48,130.14,0.080542077543214,0.69156481907703,0.005311314334334,0.0146591685672765,1.01274805208293,4.2510444371212
"RSTD","RSTD",35,93.33,-90.75,NA,NA,187.5,199.16,0.788759883260354,0.407168375095353,0.278222897160783,0.272577224695769,2.60954223764511,1.8810732345608
"RSTD","RSTD",36,93.89,-82.27,NA,NA,170.54,182.2,0.960197768406942,0.814909122884274,0.709300493488523,0.832740141662068,4.24589516962523,1.49123999522999
"RSTD","RSTD",37,91.67,-121.83,NA,NA,249.66,261.32,0.983733647270128,0.387793875532225,0.357011616213405,0.230948439210642,3.89005117028359,1.18421270139515
"RSTD","RSTD",38,94.72,-68.81,NA,NA,143.62,155.28,0.640330957481638,0.661732341628522,0.426992871186394,0.640927540106718,1.37269785789709,2.1015722423634
"RSTD","RSTD",39,94.72,-72.56,NA,NA,151.12,162.78,0.591888564871624,0.781977394130081,0.685715691972248,0.656658643494741,1.43557817492568,2.17335850927503
"RSTD","RSTD",40,93.61,-80.13,NA,NA,166.26,177.92,0.185236022341996,0.927017299691215,0.163681551627416,0.470787032321384,2.65405856591498,1.40621648728848
"RSTD","RSTD",41,93.06,-88.05,NA,NA,182.1,193.76,0.5952471755445,0.540940156206489,0.579635092326103,0.447779723255271,1.37516030636825,2.71158919288757
"RSTD","RSTD",42,88.06,-84.68,NA,NA,175.36,187.02,0.265401779906824,0.195171546889469,0.110496076345105,0.0789116280338707,1.40635689578235,1.22695452463968
"RSTD","RSTD",43,90,-142.12,NA,NA,290.24,301.9,0.604935176437721,0.398145136190578,0.360986249506939,0.335091964975257,4.7233177369102,1.04858012497425
"RSTD","RSTD",44,94.44,-77.17,NA,NA,160.34,172,0.470244030002505,0.685449249343947,0.405789858320878,0.568145066205629,2.73491281074596,1.6486977073364
"RSTD","RSTD",45,91.94,-106.65,NA,NA,219.3,230.96,0.371720403432846,0.503097830805928,0.213194239831009,0.362768201634442,4.67513180366098,1.32283924566582
"RSTD","RSTD",46,76.94,-139.78,NA,NA,285.56,297.22,0.361050225095823,0.370053818682209,0.0390784074878379,0.0137980307531546,1.00551007837121,1.17356707000516
"RSTD","RSTD",47,94.44,-76.89,NA,NA,159.78,171.44,0.594613759312779,0.789667062694207,0.769520876719927,0.659832544725191,4.53355594479648,3.04544003671947
"RSTD","RSTD",48,96.39,-40.44,NA,NA,86.88,98.54,0.628910263301805,0.0369398219045252,0.880400150446339,0,1.16283331986921,2.35408596597136
"RSTD","RSTD",49,93.89,-74.29,NA,NA,154.58,166.24,0.254382238723338,0.857857148861513,0.354572068791381,0.754755660109135,2.45347186420113,1.936107955831
"RSTD","RSTD",50,90.28,-101.83,NA,NA,209.66,221.32,0.629901704145595,0.59963444317691,0.795993021131157,0.545097600809311,1,2.13030682034315
"RSTD","RSTD",51,91.94,-88.51,NA,NA,183.02,194.68,0.958562755258754,0.446684151422232,0.367331595538767,0.293385770559406,2.51122770699512,2.46860518856885
"RSTD","RSTD",52,92.78,-103.01,NA,NA,212.02,223.68,0.378760501742363,0.716149265645072,0.75724163776375,0.862046258513084,3.46767470110286,2.1838285959837
"RSTD","RSTD",53,90.56,-137.83,NA,NA,281.66,293.32,0.843001339351758,0.428967847023159,0.676742743178531,0.3890529141728,4.57873741421006,1.43009595386684
"RSTD","RSTD",54,87.5,-92.95,NA,NA,191.9,203.56,0.111280993092805,0.926345025887713,0.0182646924923359,0.018857264916154,1.00976071309594,2.52358875974062
"RSTD","RSTD",55,94.17,-74.06,NA,NA,154.12,165.78,0.231767056509852,0.779834397835657,0.605266008801819,0.84830036523931,3.91951933243581,4.55762586234994
"RSTD","RSTD",56,93.89,-78.53,NA,NA,163.06,174.72,0.386252531083301,0.815260800998658,0.915929082812714,0.882521068569446,1.97894934237995,2.64474068483968
"RSTD","RSTD",57,92.5,-86.15,NA,NA,178.3,189.96,0.6529874894768,0.670282299863175,0.939009970936703,0.76152597009691,1.0249496092783,1.1162636061199
"RSTD","RSTD",58,91.67,-115.07,NA,NA,236.14,247.8,0.560497718863189,0.274772666627541,0.841931046244591,0.390571158629229,1.49242608784773,1.5290995786691
"RSTD","RSTD",59,92.22,-95.37,NA,NA,196.74,208.4,0.597106330329552,0.589335348224267,0.274618271319822,0.462086676084545,2.12728929045111,1.93161117188157
"RSTD","RSTD",60,94.17,-77.65,NA,NA,161.3,172.96,0.987134294584394,0.800411853706464,0.680282049549116,0.833783507254123,5.88716140180303,2.29764714087815
"RSTD","RSTD",61,88.33,-127.71,NA,NA,261.42,273.08,0.718285634880885,0.565618214197457,0.98215840535416,0.590312820593839,1,1.06491599744186
"RSTD","RSTD",62,85.28,-99.41,NA,NA,204.82,216.48,0.125127220060676,0.773224814096466,0.0170831183534435,0.0103689472415596,1.00966332928773,1.58329186262563
"RSTD","RSTD",63,93.89,-73.73,NA,NA,153.46,165.12,0.499009405029938,0.0988319513853639,0.165915311761134,0.0836687722747301,3.92209972713014,1.09243298880756
"RSTD","RSTD",64,91.94,-118.34,NA,NA,242.68,254.34,0.333673485321924,0.454882015939802,0.460357333266583,0.416256873582605,5.3663404871368,3.70696423376415
"RSTD","RSTD",65,92.22,-55.1,NA,NA,116.2,127.86,0.810415166895837,0.0187283449340612,0.0572388278043409,0,1.00000064115989,1.16512183423941
"RSTD","RSTD",66,90,-142.9,NA,NA,291.8,303.46,0.461979309096932,0.296923782210797,0.936706941149563,0.434377826046933,5.91156795647081,1.45804071612656
"RSTD","RSTD",67,78.61,-131.87,NA,NA,269.74,281.4,0.285626433324069,0.528872283641249,0.0378244572347972,0.0205620390925274,1.0103503291228,1.1472960453744
"RSTD","RSTD",68,92.22,-103.25,NA,NA,212.5,224.16,0.732509626774117,0.600311974063516,0.356051032749836,0.466711735768653,1.72319229712122,1.4492717245746
"RSTD","RSTD",69,91.94,-103.51,NA,NA,213.02,224.68,0.977929984452203,0.529096166603267,0.602562447043193,0.461062060384304,3.42237438989461,1.75178614688037
"RSTD","RSTD",70,93.89,-61.07,NA,NA,128.14,139.8,0.98177181975916,0.159414226887748,0.818664088716561,0.069635337911721,1,1.47737938910723
"RSTD","RSTD",71,90.28,-118.18,NA,NA,242.36,254.02,0.922829337418079,0.366323065012693,0.291586807400967,0.187156080440964,1.39352601996874,1.08644307602532
"RSTD","RSTD",72,95.28,-64.72,NA,NA,135.44,147.1,0.437475311337039,0.144657690776512,0.541190677497202,0,4.58435291087659,2.51204245735464
"RSTD","RSTD",73,92.22,-62.19,NA,NA,130.38,142.04,0.0812403932213783,0.858433880610391,0.00787752086588288,0.0159613204873329,1.00866692478903,2.57674626609245
"RSTD","RSTD",74,90,-144.64,NA,NA,295.28,306.94,0.769064010120928,0.423705151304603,0.858859370967249,0.491029502068453,5.3204071061332,1.055009087082
"RSTD","RSTD",75,91.94,-106.49,NA,NA,218.98,230.64,0.27233505435288,0.0992442343849689,0.5345034836916,0.135034051311662,5.49759624748006,1.01957268379492
"RSTD","RSTD",76,92.22,-100.61,NA,NA,207.22,218.88,0.714246998308226,0.356464033480734,0.93399836270822,0.408066444167902,1.37273611384391,2.33508190601589
"RSTD","RSTD",77,93.06,-85.93,NA,NA,177.86,189.52,0.165105299558491,0.62026000325568,0.985435444219396,0.903283479963563,2.86056214274608,3.11759630225509
"RSTD","RSTD",78,94.17,-81.36,NA,NA,168.72,180.38,0.948594216490164,0.818483957787976,0.681325841632778,0.65683212767087,2.72942882891492,1.40069885704874
"RSTD","RSTD",79,93.89,-86.42,NA,NA,178.84,190.5,0.641159480903298,0.713674181839451,0.575018149559418,0.626464147238677,1.6008274434509,1.04148287150446
"RSTD","RSTD",80,94.72,-72.54,NA,NA,151.08,162.74,0.602592710871249,0.798923129681498,0.996336977472869,0.714517798466017,1.45745920283573,2.65777598732141
"RSTD","RSTD",81,96.67,-35.84,NA,NA,77.68,89.34,0.0268326783552766,0.983408806612715,0.0496503280665345,0.569552291449245,1.50934644406961,2.42827125892359
"RSTD","RSTD",82,79.72,-148.03,NA,NA,302.06,313.72,0.390374890295789,0.210965643869713,0.038432771668209,0.00963250179658572,1,1.07093011168763
"RSTD","RSTD",83,96.67,-41.75,NA,NA,89.5,101.16,0.909624356776476,0.0655163209885359,0.94279775705682,0,5.34313675915104,1.47955628430628
"RSTD","RSTD",84,92.78,-78.3,NA,NA,162.6,174.26,0.894585720263422,0.928069569170475,0.755378400856966,0.860775452831564,1.08969912178852,1.78467515758694
"RSTD","RSTD",85,93.33,-86.46,NA,NA,178.92,190.58,0.16712597804144,0.591124507132918,0.997212532133071,0.901310516169604,5.88131594772091,1.76918393555553
"RSTD","RSTD",86,84.17,-108.66,NA,NA,223.32,234.98,0.0963515317998827,0.187938303221017,0.0178305270546008,0.0101813057724402,1.01018221119514,1.16646143142134
"RSTD","RSTD",87,93.06,-93.89,NA,NA,193.78,205.44,0.812582350103185,0.879132093861699,0.465042146037391,0.794586623942492,2.75299048624898,5.4038753097219
"RSTD","RSTD",88,93.33,-95.94,NA,NA,197.88,209.54,0.448961209738627,0.690639521926641,0.342594209941479,0.536819781148015,3.18533408883595,1.12322780341732
"RSTD","RSTD",89,94.17,-76.75,NA,NA,159.5,171.16,0.352596259210259,0.519048273330554,0.320978603459097,0.521297365061982,1.38658310701422,1.77127007111431
"RSTD","RSTD",90,95.83,-49.39,NA,NA,104.78,116.44,0.7131295024883,0.112127762287855,0.650606726542487,0,1,4.4174234716404
"RSTD","RSTD",91,79.72,-138.24,NA,NA,282.48,294.14,0.102771484525874,0.0985191510990262,0.0300605866541552,0,1.01951150013731,1.34824017202482
"RSTD","RSTD",92,92.5,-103.18,NA,NA,212.36,224.02,0.14997310237959,0.461772011825815,0.413892499631184,0.764472551209605,5.21120019103371,1.26133318960971
"RSTD","RSTD",93,93.06,-94.01,NA,NA,194.02,205.68,0.435881547397003,0.7804279406555,0.661211974722827,0.855282601042189,2.85647398109231,1.68139734584838
"RSTD","RSTD",94,94.17,-78.53,NA,NA,163.06,174.72,0.975024477113038,0.799848798895255,0.239176017449143,0.500063504822844,5.78920173145151,5.33281822849937
"RSTD","RSTD",95,90,-105.37,NA,NA,216.74,228.4,0.723246149485931,0.623378630494699,0.727083437684425,0.622082829624217,1.03373996206972,1.45622572209686
"RSTD","RSTD",96,91.11,-91.86,NA,NA,189.72,201.38,0.323681306792423,0.444453429430723,0.882471515013331,0.707804194678954,1,1.44684312446043
"RSTD","RSTD",97,88.89,-141,NA,NA,288,299.66,0.521510650403798,0.40949847153388,0.363390582557466,0.335671251944055,1.79347685124904,1.1181692021126
"RSTD","RSTD",98,91.94,-92.13,NA,NA,190.26,201.92,0.418908317107707,0.978637758642435,0.683868934529371,0.856728179566691,1.14570868666853,1.21107809292153
"RSTD","RSTD",99,92.78,-89.4,NA,NA,184.8,196.46,0.78953983867541,0.418743934947997,0.483248613177811,0.311187482640579,4.14716033787267,3.49348991278757
"RSTD","RSTD",100,77.5,-133.92,NA,NA,273.84,285.5,0.956703607924283,0.607802340993658,0.0394229670850526,0.0135056207274161,1.00048079775602,1.10866933899654
"RSTD","Utility",1,89.44,-81.59,NA,NA,169.18,180.84,0.285107890376821,0.724670132622123,0.883389878550277,0.819684310025225,1.9635044432511,2.43561604238095
"RSTD","Utility",2,58.89,-202.25,NA,NA,410.5,422.16,0.950232450617477,0.206436974462122,0.652669265866593,0.229384866583167,1.28040403069213,1.3645795173943
"RSTD","Utility",3,91.39,-93.85,NA,NA,193.7,205.36,0.536011227406561,0.200363578274846,0.229963677906606,0.880951516119042,2.5177086434574,2.00568439900399
"RSTD","Utility",4,90.83,-134.88,NA,NA,275.76,287.42,0.321220333920792,0.649332832079381,0.666017438640121,0.944033900698917,1.78370824484215,1.14288249518722
"RSTD","Utility",5,91.11,-83.35,NA,NA,172.7,184.36,0.525106647517532,0.973066303646192,0.905097082898144,0.994561737137956,1.00008540070729,1.39299949863926
"RSTD","Utility",6,87.78,-86.98,NA,NA,179.96,191.62,0.895209939451888,0.943225271301344,0.892472860042371,0.681589481548773,2.85178825082865,4.35385648889427
"RSTD","Utility",7,87.78,-103.97,NA,NA,213.94,225.6,0.753931205254048,0.197620301274583,0.119779495975654,0.703898435211899,5.72523232369363,1.18983699940145
"RSTD","Utility",8,96.67,-36.47,NA,NA,78.94,90.6,0.0560640415642411,0.783013365231454,0,0.996016776992027,1.22363195061661,4.41441693140154
"RSTD","Utility",9,89.72,-85.34,NA,NA,176.68,188.34,0.479448032099754,0.989872474921867,0.924565403034235,0.85282723418644,1.57068268329848,1.20800043705019
"RSTD","Utility",10,91.67,-74.01,NA,NA,154.02,165.68,0.711294803768396,0.788163986755535,0.804766119836145,0.828618238087303,1.94048106854929,3.30973086307261
"RSTD","Utility",11,91.39,-108.24,NA,NA,222.48,234.14,0.5048349336721,0.797194604296237,0.867420329470842,0.985513116959631,2.99814240233314,3.5054881726885
"RSTD","Utility",12,89.17,-117.37,NA,NA,240.74,252.4,0.731893435353413,0.395451756194234,0.271973849515705,0.987387525672201,1.49310056869649,1.61817012401298
"RSTD","Utility",13,93.89,-82.33,NA,NA,170.66,182.32,0.275977379642427,0.511981163173914,0.871224011332013,0.925527718184849,5.52670019773093,3.39124982816227
"RSTD","Utility",14,91.67,-101.1,NA,NA,208.2,219.86,0.226354157319292,0.16033569118008,0.222358250936548,0.769762339784517,4.76458209900249,1.89403793397815
"RSTD","Utility",15,93.89,-77.72,NA,NA,161.44,173.1,0.315573724219576,0.984172471100464,0.89316605144949,0.857385352678998,2.89773485505181,2.69604673600736
"RSTD","Utility",16,90,-88.28,NA,NA,182.56,194.22,0.540354023920372,0.854036244563758,0.945607189333836,0.597295505819747,5.7214827510617,1.36215214885666
"RSTD","Utility",17,90,-93.43,NA,NA,192.86,204.52,0.66359161795117,0.0660558908712119,0.188537807621754,0.699333629206004,5.86089197709426,2.97567781611326
"RSTD","Utility",18,90.56,-122.21,NA,NA,250.42,262.08,0.973287776112556,0.630256613949314,0.651242453235369,0.698708261677964,5.87957581900172,1.85552939023347
"RSTD","Utility",19,89.72,-85.19,NA,NA,176.38,188.04,0.340647828998044,0.988910319516435,0.863725474649195,0.965048214411116,1,1.21139730885625
"RSTD","Utility",20,66.11,-176.24,NA,NA,358.48,370.14,0.329378831898794,0.0628540490288287,0.0326227807928158,0.480057896536347,4.61576722836344,3.33967715737489
"RSTD","Utility",21,81.94,-148.37,NA,NA,302.74,314.4,0.285566801903769,0.0508385861758143,0.278339528447327,0.56826402915618,5.92398728499651,1.41009616898373
"RSTD","Utility",22,88.06,-89.38,NA,NA,184.76,196.42,0.684979062527418,0.438995202770457,0.137813468960407,0.9841683201847,1.47784264246004,1.68512896075845
"RSTD","Utility",23,84.72,-125.19,NA,NA,256.38,268.04,0.529962481698021,0.27115519088693,0.500286754380778,0.912809243398041,1.10999700707653,3.69503675574873
"RSTD","Utility",24,93.33,-97,NA,NA,200,211.66,0.779200294986367,0.728794121881947,0.642457598343945,0.910364725537298,4.48860015294892,1.16082152445602
"RSTD","Utility",25,95,-47.76,NA,NA,101.52,113.18,0.0281218434683979,0.533772448310629,0,0.943332994926675,1.2955517582249,1.2251683762297
"RSTD","Utility",26,84.17,-146.45,NA,NA,298.9,310.56,0.128862570039928,0.17050133110024,0.498014477774414,0.782607797771531,2.39465475893164,2.37515528589011
"RSTD","Utility",27,93.33,-83.19,NA,NA,172.38,184.04,0.980796684976667,0.860091791022569,0.866838345404008,0.785271882612627,3.89305256974019,2.2001721150753
"RSTD","Utility",28,93.06,-90.65,NA,NA,187.3,198.96,0.633000507717952,0.959949327167124,0.900885102505209,0.895636028306496,5.95882776409481,1.02402024855837
"RSTD","Utility",29,90.28,-90.51,NA,NA,187.02,198.68,0.234798390883952,0.4054856733419,0.144528970528144,0.963697098290762,2.04041170241516,4.89528230370438
"RSTD","Utility",30,85.83,-104.74,NA,NA,215.48,227.14,0.319981756620109,0.632078264839947,0.882554862164782,0.549314051347451,5.17426774299819,1.05595874555906
"RSTD","Utility",31,93.89,-75.72,NA,NA,157.44,169.1,0.417691254755482,0.885661983396858,0.890637132909942,0.999433010064448,4.94691173204382,2.4762263855988
"RSTD","Utility",32,86.67,-99.78,NA,NA,205.56,217.22,0.119032545015216,0.605491037247702,0.0279748708080411,0.950705502571157,1.4265548253639,1.04599827674373
"RSTD","Utility",33,94.17,-74.99,NA,NA,155.98,167.64,0.824352919822559,0.753800751408562,0.761456237711473,0.905690899926952,2.13593766084399,3.89878896835935
"RSTD","Utility",34,91.39,-57.13,NA,NA,120.26,131.92,0.080542077543214,0.69156481907703,0.00177980873620176,0.900564434358965,1.37463153076782,4.2510444371212
"RSTD","Utility",35,93.33,-88.14,NA,NA,182.28,193.94,0.788759883260354,0.407168375095353,0.310915078514555,0.807008570662888,4.35126018190306,1.8810732345608
"RSTD","Utility",36,92.22,-77.53,NA,NA,161.06,172.72,0.960197768406942,0.814909122884274,0.767904741516827,0.967969549666115,1.1025314837359,1.49123999522999
"RSTD","Utility",37,78.06,-162.94,NA,NA,331.88,343.54,0.983733647270128,0.387793875532225,0.118566920421198,0.947208880314307,1.00283868705919,1.18421270139515
"RSTD","Utility",38,94.17,-75.24,NA,NA,156.48,168.14,0.640330957481638,0.661732341628522,0.789543183993563,0.744575375479655,4.68197613152547,2.1015722423634
"RSTD","Utility",39,94.44,-77.22,NA,NA,160.44,172.1,0.591888564871624,0.781977394130081,0.639609273212748,0.962594182751298,5.44445890119314,2.17335850927503
"RSTD","Utility",40,89.17,-86.17,NA,NA,178.34,190,0.185236022341996,0.927017299691215,0.907133779763628,0.666632052157801,4.61618003399723,1.40621648728848
"RSTD","Utility",41,93.06,-86.96,NA,NA,179.92,191.58,0.5952471755445,0.540940156206489,0.386807616570975,0.79915875774416,3.61280730759421,2.71158919288757
"RSTD","Utility",42,76.67,-168.32,NA,NA,342.64,354.3,0.265401779906824,0.195171546889469,0.765957655881073,0.534497283642075,5.18989934962648,1.22695452463968
"RSTD","Utility",43,90.28,-122.62,NA,NA,251.24,262.9,0.604935176437721,0.398145136190578,0.259673682522492,0.965423941445951,3.15865218857061,1.04858012497425
"RSTD","Utility",44,94.72,-72.66,NA,NA,151.32,162.98,0.470244030002505,0.685449249343947,0.711638567092707,0.712260530797779,5.81383270353761,1.6486977073364
"RSTD","Utility",45,92.22,-103.58,NA,NA,213.16,224.82,0.371720403432846,0.503097830805928,0.838027767609461,0.732032471068192,4.98042586424669,1.32283924566582
"RSTD","Utility",46,80.56,-167.52,NA,NA,341.04,352.7,0.361050225095823,0.370053818682209,0.582007673737122,0.610533973730208,4.65508238023855,1.17356707000516
"RSTD","Utility",47,94.72,-73.1,NA,NA,152.2,163.86,0.594613759312779,0.789667062694207,0.702264551923935,0.736369836455826,5.73944967407935,3.04544003671947
"RSTD","Utility",48,65,-205.87,NA,NA,417.74,429.4,0.628910263301805,0.0369398219045252,0.732859651853898,0.373738257834369,4.30230181617404,2.35408596597136
"RSTD","Utility",49,93.06,-87.54,NA,NA,181.08,192.74,0.254382238723338,0.857857148861513,0.928775816535192,0.820513776884553,3.73508412521238,1.936107955831
"RSTD","Utility",50,87.22,-98.35,NA,NA,202.7,214.36,0.629901704145595,0.59963444317691,0.604045679423198,0.92098017538668,1.02362074995046,2.13030682034315
"RSTD","Utility",51,92.22,-81.78,NA,NA,169.56,181.22,0.958562755258754,0.446684151422232,0.30377285070473,0.758050988732283,4.89201395028682,2.46860518856885
"RSTD","Utility",52,91.11,-109.87,NA,NA,225.74,237.4,0.378760501742363,0.716149265645072,0.889114035792434,0.932576792432464,1.51893908775148,2.1838285959837
"RSTD","Utility",53,90.83,-122.41,NA,NA,250.82,262.48,0.843001339351758,0.428967847023159,0.28235577794188,0.89554251304565,5.99343923053272,1.43009595386684
"RSTD","Utility",54,83.06,-104.16,NA,NA,214.32,225.98,0.111280993092805,0.926345025887713,0.00805473109940591,0.827393038949581,1.27571839331718,2.52358875974062
"RSTD","Utility",55,93.89,-75.71,NA,NA,157.42,169.08,0.231767056509852,0.779834397835657,0.890558644667775,0.999945471916335,4.96459121425023,4.55762586234994
"RSTD","Utility",56,93.89,-77.64,NA,NA,161.28,172.94,0.386252531083301,0.815260800998658,0.901428621882753,0.861788218599037,5.01493091921368,2.64474068483968
"RSTD","Utility",57,90.83,-87.16,NA,NA,180.32,191.98,0.6529874894768,0.670282299863175,0.860022290419876,0.656562073092454,4.34884821256746,1.1162636061199
"RSTD","Utility",58,89.17,-107.38,NA,NA,220.76,232.42,0.560497718863189,0.274772666627541,0.229892555578392,0.956771008749858,2.09227173429855,1.5290995786691
"RSTD","Utility",59,86.39,-96.59,NA,NA,199.18,210.84,0.597106330329552,0.589335348224267,0.541198358024968,0.920278159930293,1.0352897355142,1.93161117188157
"RSTD","Utility",60,94.17,-76.02,NA,NA,158.04,169.7,0.987134294584394,0.800411853706464,0.85825512488167,0.824017367556539,3.31634073097686,2.29764714087815
"RSTD","Utility",61,90.83,-124.99,NA,NA,255.98,267.64,0.718285634880885,0.565618214197457,0.609172051217964,0.868033142658035,2.55618597017464,1.06491599744186
"RSTD","Utility",62,83.61,-103.22,NA,NA,212.44,224.1,0.125127220060676,0.773224814096466,0.021479750435147,0.853780797766261,1.36866541869333,1.58329186262563
"RSTD","Utility",63,65.28,-182.49,NA,NA,370.98,382.64,0.499009405029938,0.0988319513853639,0.0336370991390044,0.476160346970285,3.51367661934771,1.09243298880756
"RSTD","Utility",64,92.5,-100.97,NA,NA,207.94,219.6,0.333673485321924,0.454882015939802,0.342238779033202,0.907072751224443,2.43071817142082,3.70696423376415
"RSTD","Utility",65,65,-182.87,NA,NA,371.74,383.4,0.810415166895837,0.0187283449340612,0.0389867674024607,0.516153978052231,3.21743403744917,1.16512183423941
"RSTD","Utility",66,89.44,-134.16,NA,NA,274.32,285.98,0.461979309096932,0.296923782210797,0.273675467979798,0.986878893018051,1.88583384358812,1.45804071612656
"RSTD","Utility",67,93.89,-86.15,NA,NA,178.3,189.96,0.285626433324069,0.528872283641249,0.668143605135105,0.923803542202777,2.14562844404654,1.1472960453744
"RSTD","Utility",68,91.39,-116.95,NA,NA,239.9,251.56,0.732509626774117,0.600311974063516,0.586507001685711,0.942283341086823,1.86298206106286,1.4492717245746
"RSTD","Utility",69,85.83,-109.86,NA,NA,225.72,237.38,0.977929984452203,0.529096166603267,0.530954315161527,0.695194927520856,3.3469141184782,1.75178614688037
"RSTD","Utility",70,65,-182.49,NA,NA,370.98,382.64,0.98177181975916,0.159414226887748,0.042418182262388,0.483154101329809,2.84336390069176,1.47737938910723
"RSTD","Utility",71,90.28,-114.97,NA,NA,235.94,247.6,0.922829337418079,0.366323065012693,0.212246336646583,0.837693029083019,2.95755976022737,1.08644307602532
"RSTD","Utility",72,66.39,-197.51,NA,NA,401.02,412.68,0.437475311337039,0.144657690776512,0.460322294767323,0.588021496092486,1.39924453770767,2.51204245735464
"RSTD","Utility",73,93.06,-62.38,NA,NA,130.76,142.42,0.0812403932213783,0.858433880610391,0.00408139292323373,0.990503641125311,1.0301713631595,2.57674626609245
"RSTD","Utility",74,78.33,-152.19,NA,NA,310.38,322.04,0.769064010120928,0.423705151304603,0.248127641031048,0.792558283780269,1.31544417489479,1.055009087082
"RSTD","Utility",75,59.72,-199.59,NA,NA,405.18,416.84,0.27233505435288,0.0992442343849689,0.474072935566922,0.339415861531336,1.2626756952927,1.01957268379492
"RSTD","Utility",76,77.78,-173.69,NA,NA,353.38,365.04,0.714246998308226,0.356464033480734,0.845357150773241,0.854146795871014,1.0050775487291,2.33508190601589
"RSTD","Utility",77,92.22,-84.89,NA,NA,175.78,187.44,0.165105299558491,0.62026000325568,0.898107680805784,0.788781352264306,3.36829166865928,3.11759630225509
"RSTD","Utility",78,90.83,-85.2,NA,NA,176.4,188.06,0.948594216490164,0.818483957787976,0.862828520169095,0.667382914676482,4.28478590608296,1.40069885704874
"RSTD","Utility",79,93.89,-85.16,NA,NA,176.32,187.98,0.641159480903298,0.713674181839451,0.721631644204744,0.704081691916605,5.72703115645994,1.04148287150446
"RSTD","Utility",80,86.39,-122.83,NA,NA,251.66,263.32,0.602592710871249,0.798923129681498,0.973390052603254,0.592899552490634,5.74844028140767,2.65777598732141
"RSTD","Utility",81,96.67,-36.47,NA,NA,78.94,90.6,0.0268326783552766,0.983408806612715,0,0.996016776992027,1.22363195061661,2.42827125892359
"RSTD","Utility",82,67.22,-203.05,NA,NA,412.1,423.76,0.390374890295789,0.210965643869713,0.773776459815747,0.457939757520923,3.33786130593269,1.07093011168763
"RSTD","Utility",83,63.33,-205.72,NA,NA,417.44,429.1,0.909624356776476,0.0655163209885359,0.810956138724655,0.395798799051945,2.91519499998762,1.47955628430628
"RSTD","Utility",84,90.56,-79.73,NA,NA,165.46,177.12,0.894585720263422,0.928069569170475,0.930754695591294,0.712197354039566,3.45717991001532,1.78467515758694
"RSTD","Utility",85,90.83,-79.28,NA,NA,164.56,176.22,0.16712597804144,0.591124507132918,0.910993976981897,0.953187266781178,1.00805728039484,1.76918393555553
"RSTD","Utility",86,81.67,-111.57,NA,NA,229.14,240.8,0.0963515317998827,0.187938303221017,0.0449892475633198,0.985508946111826,1.00225409730015,1.16646143142134
"RSTD","Utility",87,87.78,-94.99,NA,NA,195.98,207.64,0.812582350103185,0.879132093861699,0.893527547952843,0.859301509114421,1.32789352129936,5.4038753097219
"RSTD","Utility",88,87.78,-98.66,NA,NA,203.32,214.98,0.448961209738627,0.690639521926641,0.812984086685181,0.785223374894809,1.9330184884607,1.12322780341732
"RSTD","Utility",89,91.39,-81.11,NA,NA,168.22,179.88,0.352596259210259,0.519048273330554,0.852442813703601,0.703505488239005,3.49042769317127,1.77127007111431
"RSTD","Utility",90,66.94,-199.23,NA,NA,404.46,416.12,0.7131295024883,0.112127762287855,0.49683553101488,0.350438394534932,3.7456679326325,4.4174234716404
"RSTD","Utility",91,73.33,-146.27,NA,NA,298.54,310.2,0.102771484525874,0.0985191510990262,0.063985929871213,0.865354477713919,1.47732613108747,1.34824017202482
"RSTD","Utility",92,87.22,-106.48,NA,NA,218.96,230.62,0.14997310237959,0.461772011825815,0.898808213851556,0.773360507220161,2.02699688879306,1.26133318960971
"RSTD","Utility",93,86.94,-94.85,NA,NA,195.7,207.36,0.435881547397003,0.7804279406555,0.913650939757664,0.550615353360114,5.8818911581964,1.68139734584838
"RSTD","Utility",94,91.94,-73.81,NA,NA,153.62,165.28,0.975024477113038,0.799848798895255,0.784290954425835,0.959387945442218,1.06171855203602,5.33281822849937
"RSTD","Utility",95,91.67,-107.49,NA,NA,220.98,232.64,0.723246149485931,0.623378630494699,0.665603761449911,0.732046999418688,4.96948078113997,1.45622572209686
"RSTD","Utility",96,91.94,-114.49,NA,NA,234.98,246.64,0.323681306792423,0.444453429430723,0.871462990582689,0.878415144207041,5.40504249763919,1.44684312446043
"RSTD","Utility",97,88.89,-138.23,NA,NA,282.46,294.12,0.521510650403798,0.40949847153388,0.422314550412385,0.779073015465071,3.93552790269315,1.1181692021126
"RSTD","Utility",98,92.5,-94.43,NA,NA,194.86,206.52,0.418908317107707,0.978637758642435,0.915577551445592,0.810415223948318,5.6432110142558,1.21107809292153
"RSTD","Utility",99,93.61,-81.42,NA,NA,168.84,180.5,0.78953983867541,0.418743934947997,0.224874172010069,0.997666351065181,5.91817857454691,3.49348991278757
"RSTD","Utility",100,90.83,-108.13,NA,NA,222.26,233.92,0.956703607924283,0.607802340993658,0.305280782084912,0.883141283438659,2.38647664089891,1.10866933899654
"Utility","TD",1,83.61,-172.35,NA,NA,348.7,356.47,0.285107890376821,0.724670132622123,0.117822527447356,1.47555831307845,NA,2.43561604238095
"Utility","TD",2,56.67,-421.15,NA,NA,846.3,854.07,0.950232450617477,0.206436974462122,0.0186544412414284,1.01344768299281,NA,1.3645795173943
"Utility","TD",3,59.72,-359.34,NA,NA,722.68,730.45,0.536011227406561,0.200363578274846,0.0717145924545636,1,NA,2.00568439900399
"Utility","TD",4,68.89,-297.56,NA,NA,599.12,606.89,0.321220333920792,0.649332832079381,0.175615613424161,1,NA,1.14288249518722
"Utility","TD",5,87.22,-122.61,NA,NA,249.22,256.99,0.525106647517532,0.973066303646192,0.47730685642454,1,NA,1.39299949863926
"Utility","TD",6,91.11,-94.66,NA,NA,193.32,201.09,0.895209939451888,0.943225271301344,0.902535584917789,1.01599442307441,NA,4.35385648889427
"Utility","TD",7,58.89,-353.47,NA,NA,710.94,718.71,0.753931205254048,0.197620301274583,0.0586753511228229,1,NA,1.18983699940145
"Utility","TD",8,88.06,-150.51,NA,NA,305.02,312.79,0.0560640415642411,0.783013365231454,0.14888171929676,5.79143570340378,NA,4.41441693140154
"Utility","TD",9,91.11,-121.08,NA,NA,246.16,253.93,0.479448032099754,0.989872474921867,0.27310749038662,3.3871947946593,NA,1.20800043705019
"Utility","TD",10,92.22,-85.5,NA,NA,175,182.77,0.711294803768396,0.788163986755535,0.729289116682664,1,NA,3.30973086307261
"Utility","TD",11,91.94,-111.04,NA,NA,226.08,233.85,0.5048349336721,0.797194604296237,0.39797535979779,5.98332605883484,NA,3.5054881726885
"Utility","TD",12,61.67,-342.68,NA,NA,689.36,697.13,0.731893435353413,0.395451756194234,0.0899812493418963,1,NA,1.61817012401298
"Utility","TD",13,76.94,-334.76,NA,NA,673.52,681.29,0.275977379642427,0.511981163173914,0.253408745962751,2.62258922943138,NA,3.39124982816227
"Utility","TD",14,60.28,-364.27,NA,NA,732.54,740.31,0.226354157319292,0.16033569118008,0.075693609150806,1,NA,1.89403793397815
"Utility","TD",15,92.78,-96.49,NA,NA,196.98,204.75,0.315573724219576,0.984172471100464,0.218721348897711,3.43313133835169,NA,2.69604673600736
"Utility","TD",16,83.61,-142.28,NA,NA,288.56,296.33,0.540354023920372,0.854036244563758,0.161589843636235,1.38970832124111,NA,1.36215214885666
"Utility","TD",17,60.83,-382.99,NA,NA,769.98,777.75,0.66359161795117,0.0660558908712119,0.128541123523965,1,NA,2.97567781611326
"Utility","TD",18,70.56,-265.96,NA,NA,535.92,543.69,0.973287776112556,0.630256613949314,0.0185684567370885,1.01103490810216,NA,1.85552939023347
"Utility","TD",19,88.06,-108.4,NA,NA,220.8,228.57,0.340647828998044,0.988910319516435,0.154814031980416,1.44919352240192,NA,1.21139730885625
"Utility","TD",20,55.83,-435.24,NA,NA,874.48,882.25,0.329378831898794,0.0628540490288287,0.0183239750385511,1,NA,3.33967715737489
"Utility","TD",21,57.5,-371.79,NA,NA,747.58,755.35,0.285566801903769,0.0508385861758143,0.0589074166672878,1,NA,1.41009616898373
"Utility","TD",22,62.22,-324.89,NA,NA,653.78,661.55,0.684979062527418,0.438995202770457,0.0898719157817296,1,NA,1.68512896075845
"Utility","TD",23,61.67,-356.44,NA,NA,716.88,724.65,0.529962481698021,0.27115519088693,0.108403572938904,1,NA,3.69503675574873
"Utility","TD",24,68.61,-288.46,NA,NA,580.92,588.69,0.779200294986367,0.728794121881947,0.0185934639223263,1.01123565875462,NA,1.16082152445602
"Utility","TD",25,58.33,-407.04,NA,NA,818.08,825.85,0.0281218434683979,0.533772448310629,0.0183166032305147,1,NA,1.2251683762297
"Utility","TD",26,61.11,-381.3,NA,NA,766.6,774.37,0.128862570039928,0.17050133110024,0.115395002050904,1,NA,2.37515528589011
"Utility","TD",27,93.89,-84.81,NA,NA,173.62,181.39,0.980796684976667,0.860091791022569,0.890584334583311,5.35352419069716,NA,2.2001721150753
"Utility","TD",28,90.56,-117.76,NA,NA,239.52,247.29,0.633000507717952,0.959949327167124,0.375204286306466,1.39234714112594,NA,1.02402024855837
"Utility","TD",29,69.72,-282.95,NA,NA,569.9,577.67,0.234798390883952,0.4054856733419,0.14761249046827,1,NA,4.89528230370438
"Utility","TD",30,66.39,-298.34,NA,NA,600.68,608.45,0.319981756620109,0.632078264839947,0.108327889763373,1,NA,1.05595874555906
"Utility","TD",31,87.78,-89.95,NA,NA,183.9,191.67,0.417691254755482,0.885661983396858,0.102933203870541,1.66007026378941,NA,2.4762263855988
"Utility","TD",32,65,-305.81,NA,NA,615.62,623.39,0.119032545015216,0.605491037247702,0.0717793625064926,1.0060722353649,NA,1.04599827674373
"Utility","TD",33,94.17,-82.43,NA,NA,168.86,176.63,0.824352919822559,0.753800751408562,0.64225722434295,1.75413870372973,NA,3.89878896835935
"Utility","TD",34,85.28,-132.56,NA,NA,269.12,276.89,0.080542077543214,0.69156481907703,0.0988934328949318,1.37432797059234,NA,4.2510444371212
"Utility","TD",35,58.61,-388.77,NA,NA,781.54,789.31,0.788759883260354,0.407168375095353,0.0183833263209894,1.00273761310962,NA,1.8810732345608
"Utility","TD",36,89.17,-121.47,NA,NA,246.94,254.71,0.960197768406942,0.814909122884274,0.906858670064509,1,NA,1.49123999522999
"Utility","TD",37,60.56,-330.89,NA,NA,665.78,673.55,0.983733647270128,0.387793875532225,0.0568808245008634,1,NA,1.18421270139515
"Utility","TD",38,82.78,-205.91,NA,NA,415.82,423.59,0.640330957481638,0.661732341628522,0.734171661813889,1,NA,2.1015722423634
"Utility","TD",39,90,-129.33,NA,NA,262.66,270.43,0.591888564871624,0.781977394130081,0.330681508477701,1.51162064200155,NA,2.17335850927503
"Utility","TD",40,86.94,-126.66,NA,NA,257.32,265.09,0.185236022341996,0.927017299691215,0.162669495142349,1.37285739731942,NA,1.40621648728848
"Utility","TD",41,65,-263.64,NA,NA,531.28,539.05,0.5952471755445,0.540940156206489,0.0685479920066911,1,NA,2.71158919288757
"Utility","TD",42,57.22,-421.38,NA,NA,846.76,854.53,0.265401779906824,0.195171546889469,0.0182937681028605,1,NA,1.22695452463968
"Utility","TD",43,57.22,-411.43,NA,NA,826.86,834.63,0.604935176437721,0.398145136190578,0.018396135607451,1.00262250875218,NA,1.04858012497425
"Utility","TD",44,69.72,-263.92,NA,NA,531.84,539.61,0.470244030002505,0.685449249343947,0.147744446451789,1.00003521243405,NA,1.6486977073364
"Utility","TD",45,61.39,-327.56,NA,NA,659.12,666.89,0.371720403432846,0.503097830805928,0.0898302927996585,1,NA,1.32283924566582
"Utility","TD",46,56.67,-426.21,NA,NA,856.42,864.19,0.361050225095823,0.370053818682209,0.0183252688464021,1,NA,1.17356707000516
"Utility","TD",47,89.72,-125.26,NA,NA,254.52,262.29,0.594613759312779,0.789667062694207,0.377901068349678,1.39754570385745,NA,3.04544003671947
"Utility","TD",48,56.67,-432.26,NA,NA,868.52,876.29,0.628910263301805,0.0369398219045252,0.0183335858557593,1.00001329760142,NA,2.35408596597136
"Utility","TD",49,88.33,-150.11,NA,NA,304.22,311.99,0.254382238723338,0.857857148861513,0.251341549776473,2.01563180990647,NA,1.936107955831
"Utility","TD",50,64.72,-338.69,NA,NA,681.38,689.15,0.629901704145595,0.59963444317691,0.01,1.01,NA,2.13030682034315
"Utility","TD",51,63.06,-349.03,NA,NA,702.06,709.83,0.958562755258754,0.446684151422232,0.0183915254162658,1.00256672885855,NA,2.46860518856885
"Utility","TD",52,77.22,-191.4,NA,NA,386.8,394.57,0.378760501742363,0.716149265645072,0.175567429926397,1,NA,2.1838285959837
"Utility","TD",53,58.06,-400.62,NA,NA,805.24,813.01,0.843001339351758,0.428967847023159,0.0183877426775873,1.00262791356256,NA,1.43009595386684
"Utility","TD",54,86.67,-141.4,NA,NA,286.8,294.57,0.111280993092805,0.926345025887713,0.247198065922268,1.66465903902878,NA,2.52358875974062
"Utility","TD",55,91.39,-112.73,NA,NA,229.46,237.23,0.231767056509852,0.779834397835657,0.192429263769188,3.94046913217295,NA,4.55762586234994
"Utility","TD",56,90.83,-119.31,NA,NA,242.62,250.39,0.386252531083301,0.815260800998658,0.242616768292138,2.30592434745868,NA,2.64474068483968
"Utility","TD",57,64.17,-275.56,NA,NA,555.12,562.89,0.6529874894768,0.670282299863175,0.0897859162738398,1.00000158193528,NA,1.1162636061199
"Utility","TD",58,54.72,-459.58,NA,NA,923.16,930.93,0.560497718863189,0.274772666627541,0.01,1.01,NA,1.5290995786691
"Utility","TD",59,63.33,-353.91,NA,NA,711.82,719.59,0.597106330329552,0.589335348224267,0.01,1.01,NA,1.93161117188157
"Utility","TD",60,93.33,-85.92,NA,NA,175.84,183.61,0.987134294584394,0.800411853706464,0.889105156062137,3.49946100351368,NA,2.29764714087815
"Utility","TD",61,60.56,-368.1,NA,NA,740.2,747.97,0.718285634880885,0.565618214197457,0.018325233266456,1.00002143803305,NA,1.06491599744186
"Utility","TD",62,64.17,-324,NA,NA,652,659.77,0.125127220060676,0.773224814096466,0.01,1.01,NA,1.58329186262563
"Utility","TD",63,56.67,-435.4,NA,NA,874.8,882.57,0.499009405029938,0.0988319513853639,0.0182916072287454,1,NA,1.09243298880756
"Utility","TD",64,64.44,-280.06,NA,NA,564.12,571.89,0.333673485321924,0.454882015939802,0.071256405694698,1,NA,3.70696423376415
"Utility","TD",65,56.94,-400.68,NA,NA,805.36,813.13,0.810415166895837,0.0187283449340612,0.0586743047654133,1,NA,1.16512183423941
"Utility","TD",66,55.56,-454.08,NA,NA,912.16,919.93,0.461979309096932,0.296923782210797,0.01,1.01,NA,1.45804071612656
"Utility","TD",67,57.22,-412.36,NA,NA,828.72,836.49,0.285626433324069,0.528872283641249,0.018332739259443,1,NA,1.1472960453744
"Utility","TD",68,74.72,-308.36,NA,NA,620.72,628.49,0.732509626774117,0.600311974063516,0.732658613467951,1,NA,1.4492717245746
"Utility","TD",69,65.83,-283.5,NA,NA,571,578.77,0.977929984452203,0.529096166603267,0.0674251843585317,1,NA,1.75178614688037
"Utility","TD",70,56.39,-424.26,NA,NA,852.52,860.29,0.98177181975916,0.159414226887748,0.0186631626432463,1.01377419051785,NA,1.47737938910723
"Utility","TD",71,61.67,-336.05,NA,NA,676.1,683.87,0.922829337418079,0.366323065012693,0.0673953174592549,1,NA,1.08644307602532
"Utility","TD",72,58.61,-366.32,NA,NA,736.64,744.41,0.437475311337039,0.144657690776512,0.0674123929928571,1,NA,2.51204245735464
"Utility","TD",73,85,-128.75,NA,NA,261.5,269.27,0.0812403932213783,0.858433880610391,0.0870336437539531,2.5731476758007,NA,2.57674626609245
"Utility","TD",74,57.78,-404.17,NA,NA,812.34,820.11,0.769064010120928,0.423705151304603,0.0183924699918085,1.00262829145932,NA,1.055009087082
"Utility","TD",75,56.11,-461.73,NA,NA,927.46,935.23,0.27233505435288,0.0992442343849689,0.01,1.01,NA,1.01957268379492
"Utility","TD",76,62.5,-333.3,NA,NA,670.6,678.37,0.714246998308226,0.356464033480734,0.0714219938170793,1.01546370520795,NA,2.33508190601589
"Utility","TD",77,82.78,-239.92,NA,NA,483.84,491.61,0.165105299558491,0.62026000325568,0.223509817555037,3.27835299166657,NA,3.11759630225509
"Utility","TD",78,79.17,-192.03,NA,NA,388.06,395.83,0.948594216490164,0.818483957787976,0.01,1.01,NA,1.40069885704874
"Utility","TD",79,65.83,-313.66,NA,NA,631.32,639.09,0.641159480903298,0.713674181839451,0.0185704610411425,1.01082875363547,NA,1.04148287150446
"Utility","TD",80,89.72,-110.77,NA,NA,225.54,233.31,0.602592710871249,0.798923129681498,0.684392142137217,1,NA,2.65777598732141
"Utility","TD",81,85.83,-100.86,NA,NA,205.72,213.49,0.0268326783552766,0.983408806612715,0.0346261216192386,3.31180643865455,NA,2.42827125892359
"Utility","TD",82,57.22,-424.72,NA,NA,853.44,861.21,0.390374890295789,0.210965643869713,0.018327836391542,1.00000341647618,NA,1.07093011168763
"Utility","TD",83,56.39,-437.85,NA,NA,879.7,887.47,0.909624356776476,0.0655163209885359,0.0183357563863948,1.00021785972675,NA,1.47955628430628
"Utility","TD",84,90.28,-105.38,NA,NA,214.76,222.53,0.894585720263422,0.928069569170475,0.880891369955751,1,NA,1.78467515758694
"Utility","TD",85,61.11,-279.55,NA,NA,563.1,570.87,0.16712597804144,0.591124507132918,0.0602351225829694,1,NA,1.76918393555553
"Utility","TD",86,57.5,-419.34,NA,NA,842.68,850.45,0.0963515317998827,0.187938303221017,0.018323042706973,1,NA,1.16646143142134
"Utility","TD",87,94.72,-69.27,NA,NA,142.54,150.31,0.812582350103185,0.879132093861699,0.660149804685292,1.3838032259659,NA,5.4038753097219
"Utility","TD",88,61.94,-340.1,NA,NA,684.2,691.97,0.448961209738627,0.690639521926641,0.0185969646165445,1.01090564161005,NA,1.12322780341732
"Utility","TD",89,65.83,-305.78,NA,NA,615.56,623.33,0.352596259210259,0.519048273330554,0.113306929031659,1,NA,1.77127007111431
"Utility","TD",90,60,-361.39,NA,NA,726.78,734.55,0.7131295024883,0.112127762287855,0.0891424943986938,1,NA,4.4174234716404
"Utility","TD",91,57.22,-423.93,NA,NA,851.86,859.63,0.102771484525874,0.0985191510990262,0.0183230001548834,1,NA,1.34824017202482
"Utility","TD",92,55.83,-436.33,NA,NA,876.66,884.43,0.14997310237959,0.461772011825815,0.0183102657659286,1,NA,1.26133318960971
"Utility","TD",93,81.67,-196.27,NA,NA,396.54,404.31,0.435881547397003,0.7804279406555,0.175285452883317,1.51730046521552,NA,1.68139734584838
"Utility","TD",94,93.89,-75.5,NA,NA,155,162.77,0.975024477113038,0.799848798895255,0.890274160888228,5.83914274484898,NA,5.33281822849937
"Utility","TD",95,65.56,-317.52,NA,NA,639.04,646.81,0.723246149485931,0.623378630494699,0.0185338156068296,1.00823030235789,NA,1.45622572209686
"Utility","TD",96,55.28,-436.55,NA,NA,877.1,884.87,0.323681306792423,0.444453429430723,0.0186304306298879,1.01363979352785,NA,1.44684312446043
"Utility","TD",97,62.22,-352.11,NA,NA,708.22,715.99,0.521510650403798,0.40949847153388,0.0867325126671091,1,NA,1.1181692021126
"Utility","TD",98,87.22,-153.2,NA,NA,310.4,318.17,0.418908317107707,0.978637758642435,0.304731398851301,1.62626111023011,NA,1.21107809292153
"Utility","TD",99,62.5,-358.43,NA,NA,720.86,728.63,0.78953983867541,0.418743934947997,0.0184801902247855,1.00619748873147,NA,3.49348991278757
"Utility","TD",100,66.11,-287.25,NA,NA,578.5,586.27,0.956703607924283,0.607802340993658,0.0677857743954539,1,NA,1.10866933899654
"Utility","RSTD",1,86.94,-199.8,NA,NA,405.6,417.26,0.285107890376821,0.724670132622123,0.599681550229254,0.452210849714154,5.44707082321864,2.43561604238095
"Utility","RSTD",2,61.67,-359.16,NA,NA,724.32,735.98,0.950232450617477,0.206436974462122,0.0523254299371894,0.0327069015298981,1.00741110505437,1.3645795173943
"Utility","RSTD",3,58.61,-389.18,NA,NA,784.36,796.02,0.536011227406561,0.200363578274846,0.0442615053726827,0.0202349565471921,1.00516438873081,2.00568439900399
"Utility","RSTD",4,68.61,-272.13,NA,NA,550.26,561.92,0.321220333920792,0.649332832079381,0.0697108828988793,0.0476482675427388,1.06812045488905,1.14288249518722
"Utility","RSTD",5,90.56,-131.87,NA,NA,269.74,281.4,0.525106647517532,0.973066303646192,0.881328214101735,0.658125547487749,5.26693032943799,1.39299949863926
"Utility","RSTD",6,93.06,-93.94,NA,NA,193.88,205.54,0.895209939451888,0.943225271301344,0.620023660733544,0.845130278379422,3.08189530069901,4.35385648889427
"Utility","RSTD",7,59.44,-380.42,NA,NA,766.84,778.5,0.753931205254048,0.197620301274583,0.0425603590371588,0.0191904185131858,1,1.18983699940145
"Utility","RSTD",8,79.44,-127.48,NA,NA,260.96,272.62,0.0560640415642411,0.783013365231454,0.0426964765410872,0.0149663786538887,1.01425158519841,4.41441693140154
"Utility","RSTD",9,91.39,-127.14,NA,NA,260.28,271.94,0.479448032099754,0.989872474921867,0.522783232359356,0.407443972334137,5.91175844955609,1.20800043705019
"Utility","RSTD",10,93.33,-91.44,NA,NA,188.88,200.54,0.711294803768396,0.788163986755535,0.654007727868965,0.826938620013664,5.83127217569288,3.30973086307261
"Utility","RSTD",11,91.94,-107.32,NA,NA,220.64,232.3,0.5048349336721,0.797194604296237,0.390991395764459,0.375539478131674,3.40977908486912,3.5054881726885
"Utility","RSTD",12,59.72,-385.77,NA,NA,777.54,789.2,0.731893435353413,0.395451756194234,0.0169016655983671,0,1.0092173625586,1.61817012401298
"Utility","RSTD",13,71.11,-262.69,NA,NA,531.38,543.04,0.275977379642427,0.511981163173914,0.0457783030378299,0.017663664799096,1,3.39124982816227
"Utility","RSTD",14,54.44,-475.75,NA,NA,957.5,969.16,0.226354157319292,0.16033569118008,0.01,0.01,1.01,1.89403793397815
"Utility","RSTD",15,92.5,-107.32,NA,NA,220.64,232.3,0.315573724219576,0.984172471100464,0.390207932149533,0.38016538266418,3.9787134726941,2.69604673600736
"Utility","RSTD",16,87.5,-172.02,NA,NA,350.04,361.7,0.540354023920372,0.854036244563758,0.259602566320744,0.295316690808452,2.24067367786369,1.36215214885666
"Utility","RSTD",17,57.22,-393.52,NA,NA,793.04,804.7,0.66359161795117,0.0660558908712119,0.0405400040298005,0.016618782498431,1.02893758968018,2.97567781611326
"Utility","RSTD",18,67.22,-256.35,NA,NA,518.7,530.36,0.973287776112556,0.630256613949314,0.021136058537206,0.00224712621456865,1.00959522003679,1.85552939023347
"Utility","RSTD",19,88.89,-148.09,NA,NA,302.18,313.84,0.340647828998044,0.988910319516435,0.145820525664189,0.189048199876081,5.43606265983962,1.21139730885625
"Utility","RSTD",20,58.61,-375.89,NA,NA,757.78,769.44,0.329378831898794,0.0628540490288287,0.0570446399909582,0.0425542960926128,1.02597320792094,3.33967715737489
"Utility","RSTD",21,58.61,-397.81,NA,NA,801.62,813.28,0.285566801903769,0.0508385861758143,0.0370013961657256,0.0126257506238331,1,1.41009616898373
"Utility","RSTD",22,62.22,-315.69,NA,NA,637.38,649.04,0.684979062527418,0.438995202770457,0.073632787407591,0.0595743078527306,1.05001306562668,1.68512896075845
"Utility","RSTD",23,59.17,-379.27,NA,NA,764.54,776.2,0.529962481698021,0.27115519088693,0.0496085918758002,0.0228000549196383,1.00024626620012,3.69503675574873
"Utility","RSTD",24,66.94,-258.37,NA,NA,522.74,534.4,0.779200294986367,0.728794121881947,0.0341091022146768,0.0108262763146571,1.01545105468073,1.16082152445602
"Utility","RSTD",25,59.72,-376.55,NA,NA,759.1,770.76,0.0281218434683979,0.533772448310629,0.0357134892452431,0.0142441975302122,1,1.2251683762297
"Utility","RSTD",26,57.22,-410.02,NA,NA,826.04,837.7,0.128862570039928,0.17050133110024,0.0430836818548277,0.0242551602021722,1,2.37515528589011
"Utility","RSTD",27,93.89,-84.18,NA,NA,174.36,186.02,0.980796684976667,0.860091791022569,0.662566242916315,0.855285315628291,4.81824558966239,2.2001721150753
"Utility","RSTD",28,78.06,-141.93,NA,NA,289.86,301.52,0.633000507717952,0.959949327167124,0.0363431393744628,0.0138850277262638,1.00247701388054,1.02402024855837
"Utility","RSTD",29,71.39,-241.91,NA,NA,489.82,501.48,0.234798390883952,0.4054856733419,0.0797252052986558,0.0378074474715453,1,4.89528230370438
"Utility","RSTD",30,65.56,-284.26,NA,NA,574.52,586.18,0.319981756620109,0.632078264839947,0.086739631276123,0.0680647547110983,1.01582528412316,1.05595874555906
"Utility","RSTD",31,91.11,-118.08,NA,NA,242.16,253.82,0.417691254755482,0.885661983396858,0.672878879147453,0.45751487791561,2.17484676889925,2.4762263855988
"Utility","RSTD",32,58.89,-377.38,NA,NA,760.76,772.42,0.119032545015216,0.605491037247702,0.0436252613216656,0.0241609758648952,1.00159102315149,1.04599827674373
"Utility","RSTD",33,94.17,-82.64,NA,NA,171.28,182.94,0.824352919822559,0.753800751408562,0.875144581859004,0.68239462044382,2.17836543445334,3.89878896835935
"Utility","RSTD",34,84.44,-124.69,NA,NA,255.38,267.04,0.080542077543214,0.69156481907703,0.0394751991507594,0.00471395911676166,1,4.2510444371212
"Utility","RSTD",35,61.11,-344.72,NA,NA,695.44,707.1,0.788759883260354,0.407168375095353,0.0408870286054095,0.0173067221869357,1.01150409723726,1.8810732345608
"Utility","RSTD",36,90,-137.49,NA,NA,280.98,292.64,0.960197768406942,0.814909122884274,0.203957541388586,0.56863155108666,3.25385428163378,1.49123999522999
"Utility","RSTD",37,61.94,-354.59,NA,NA,715.18,726.84,0.983733647270128,0.387793875532225,0.0389094585965884,0.0139162125576627,1.01013716485847,1.18421270139515
"Utility","RSTD",38,84.72,-235.53,NA,NA,477.06,488.72,0.640330957481638,0.661732341628522,0.821698540820443,0.664534306219806,3.55707752137618,2.1015722423634
"Utility","RSTD",39,91.94,-117.59,NA,NA,241.18,252.84,0.591888564871624,0.781977394130081,0.14894632420413,0.204163563545339,4.04739559402558,2.17335850927503
"Utility","RSTD",40,83.06,-123.96,NA,NA,253.92,265.58,0.185236022341996,0.927017299691215,0.0926590960346118,0.0565153352467757,1.00086531543262,1.40621648728848
"Utility","RSTD",41,66.67,-259.22,NA,NA,524.44,536.1,0.5952471755445,0.540940156206489,0.0412097148046097,0.0222215222270471,1.00026091807898,2.71158919288757
"Utility","RSTD",42,58.89,-409.23,NA,NA,824.46,836.12,0.265401779906824,0.195171546889469,0.0177677899833253,0.00165194982512032,1.00645558813032,1.22695452463968
"Utility","RSTD",43,61.11,-364.61,NA,NA,735.22,746.88,0.604935176437721,0.398145136190578,0.0432797747361682,0.0167947169680519,1,1.04858012497425
"Utility","RSTD",44,68.33,-234.32,NA,NA,474.64,486.3,0.470244030002505,0.685449249343947,0.0451872992274564,0.0206069504161052,1.00002990729372,1.6486977073364
"Utility","RSTD",45,60.83,-353.36,NA,NA,712.72,724.38,0.371720403432846,0.503097830805928,0.0444800976035771,0.0172529071380485,1.00012926884722,1.32283924566582
"Utility","RSTD",46,57.22,-390.7,NA,NA,787.4,799.06,0.361050225095823,0.370053818682209,0.0408880963764928,0.0171874031603783,1.00849071125491,1.17356707000516
"Utility","RSTD",47,90.83,-133.88,NA,NA,273.76,285.42,0.594613759312779,0.789667062694207,0.494677784520693,0.548987599197789,5.62627932364929,3.04544003671947
"Utility","RSTD",48,58.89,-377.79,NA,NA,761.58,773.24,0.628910263301805,0.0369398219045252,0.0874898778512518,0.0834942930225569,1,2.35408596597136
"Utility","RSTD",49,89.17,-152.37,NA,NA,310.74,322.4,0.254382238723338,0.857857148861513,0.650450634120502,0.261032840729389,1.67422254744106,1.936107955831
"Utility","RSTD",50,67.22,-266.95,NA,NA,539.9,551.56,0.629901704145595,0.59963444317691,0.035575791421413,0.0118260391200575,1.00639979366025,2.13030682034315
"Utility","RSTD",51,64.44,-311.29,NA,NA,628.58,640.24,0.958562755258754,0.446684151422232,0.0393185529993441,0.0202795468018652,1.00105952924711,2.46860518856885
"Utility","RSTD",52,73.33,-189.66,NA,NA,385.32,396.98,0.378760501742363,0.716149265645072,0.0435470433704745,0.0160273971325502,1.00008299638459,2.1838285959837
"Utility","RSTD",53,60,-382.18,NA,NA,770.36,782.02,0.843001339351758,0.428967847023159,0.0169046134449108,2.91097251123541e-06,1.00922905796636,1.43009595386684
"Utility","RSTD",54,79.17,-125.21,NA,NA,256.42,268.08,0.111280993092805,0.926345025887713,0.0462027929733493,0.0197748848604212,1.03792832340962,2.52358875974062
"Utility","RSTD",55,78.61,-141.49,NA,NA,288.98,300.64,0.231767056509852,0.779834397835657,0.0377422040174876,0.0138566865339883,1.00784545388209,4.55762586234994
"Utility","RSTD",56,87.22,-123.62,NA,NA,253.24,264.9,0.386252531083301,0.815260800998658,0.463679797631072,0.303456439008702,1,2.64474068483968
"Utility","RSTD",57,73.61,-285.84,NA,NA,577.68,589.34,0.6529874894768,0.670282299863175,0.436350498969328,0.437310230677376,1,1.1162636061199
"Utility","RSTD",58,58.89,-379.07,NA,NA,764.14,775.8,0.560497718863189,0.274772666627541,0.0423328230653226,0.0183971823376875,1,1.5290995786691
"Utility","RSTD",59,66.39,-276.75,NA,NA,559.5,571.16,0.597106330329552,0.589335348224267,0.0392083884900307,0.0141193782131704,1.00939330850782,1.93161117188157
"Utility","RSTD",60,93.89,-84.2,NA,NA,174.4,186.06,0.987134294584394,0.800411853706464,0.38295514748189,0.759719604702735,2.53081014596589,2.29764714087815
"Utility","RSTD",61,62.22,-325.15,NA,NA,656.3,667.96,0.718285634880885,0.565618214197457,0.0426110248597084,0.0186358560623092,1.00265329453053,1.06491599744186
"Utility","RSTD",62,77.78,-180.42,NA,NA,366.84,378.5,0.125127220060676,0.773224814096466,0.0540631571539675,0.0248726781217501,1.00411329554556,1.58329186262563
"Utility","RSTD",63,58.33,-409.05,NA,NA,824.1,835.76,0.499009405029938,0.0988319513853639,0.0337622973033816,0.0102636916085569,1.0101594803405,1.09243298880756
"Utility","RSTD",64,68.33,-278.82,NA,NA,563.64,575.3,0.333673485321924,0.454882015939802,0.0483600795673157,0.0216470016401889,1.01318493534974,3.70696423376415
"Utility","RSTD",65,58.06,-421.41,NA,NA,848.82,860.48,0.810415166895837,0.0187283449340612,0.0453219156214113,0.0251256793222029,1,1.16512183423941
"Utility","RSTD",66,59.44,-408.42,NA,NA,822.84,834.5,0.461979309096932,0.296923782210797,0.0169040107481774,5.67369424761723e-06,1.0095045073758,1.45804071612656
"Utility","RSTD",67,57.78,-367.23,NA,NA,740.46,752.12,0.285626433324069,0.528872283641249,0.0420052080469769,0.0180962246733577,1.00075800864383,1.1472960453744
"Utility","RSTD",68,65,-280.4,NA,NA,566.8,578.46,0.732509626774117,0.600311974063516,0.0474370170861301,0.0275361312702357,1.02047716874447,1.4492717245746
"Utility","RSTD",69,64.17,-307.86,NA,NA,621.72,633.38,0.977929984452203,0.529096166603267,0.038703656694915,0.0174857169094622,1.02296814943002,1.75178614688037
"Utility","RSTD",70,58.89,-373.69,NA,NA,753.38,765.04,0.98177181975916,0.159414226887748,0.0404070262240306,0.0170924349230215,1,1.47737938910723
"Utility","RSTD",71,59.72,-358.93,NA,NA,723.86,735.52,0.922829337418079,0.366323065012693,0.0379091975727328,0.015086645468211,1.00991168612231,1.08644307602532
"Utility","RSTD",72,58.61,-395.89,NA,NA,797.78,809.44,0.437475311337039,0.144657690776512,0.0382842914358922,0.013408186345592,1,2.51204245735464
"Utility","RSTD",73,86.11,-167.34,NA,NA,340.68,352.34,0.0812403932213783,0.858433880610391,0.492461303583123,0.291396662550521,1.42150291575841,2.57674626609245
"Utility","RSTD",74,59.72,-385.77,NA,NA,777.54,789.2,0.769064010120928,0.423705151304603,0.0169016655983671,0,1.0092173625586,1.055009087082
"Utility","RSTD",75,59.44,-401.56,NA,NA,809.12,820.78,0.27233505435288,0.0992442343849689,0.0391864786856277,0.0177487709571536,1,1.01957268379492
"Utility","RSTD",76,61.39,-360.99,NA,NA,727.98,739.64,0.714246998308226,0.356464033480734,0.0403524232516431,0.0147841959283881,1.00059843286161,2.33508190601589
"Utility","RSTD",77,77.78,-197.23,NA,NA,400.46,412.12,0.165105299558491,0.62026000325568,0.0465260323472524,0.0154053290350748,1,3.11759630225509
"Utility","RSTD",78,88.06,-127.81,NA,NA,261.62,273.28,0.948594216490164,0.818483957787976,0.611320030231869,0.838664623318487,1,1.40069885704874
"Utility","RSTD",79,68.06,-256.37,NA,NA,518.74,530.4,0.641159480903298,0.713674181839451,0.0540388955131958,0.0376921599399144,1.00726403853514,1.04148287150446
"Utility","RSTD",80,90.56,-115.64,NA,NA,237.28,248.94,0.602592710871249,0.798923129681498,0.935383009080654,0.678153680626835,1.12675304838001,2.65777598732141
"Utility","RSTD",81,80.56,-98.27,NA,NA,202.54,214.2,0.0268326783552766,0.983408806612715,0.0168648045394405,0,1.00929641442382,2.42827125892359
"Utility","RSTD",82,58.89,-413.76,NA,NA,833.52,845.18,0.390374890295789,0.210965643869713,0.0181702108861399,0.00242740900055243,1.00629367454426,1.07093011168763
"Utility","RSTD",83,58.89,-405.71,NA,NA,817.42,829.08,0.909624356776476,0.0655163209885359,0.0375194497469749,0.0131896009412986,1.00863727704083,1.47955628430628
"Utility","RSTD",84,91.11,-100.85,NA,NA,207.7,219.36,0.894585720263422,0.928069569170475,0.827908545696752,0.861126335023977,1.01804503040989,1.78467515758694
"Utility","RSTD",85,66.39,-282.84,NA,NA,571.68,583.34,0.16712597804144,0.591124507132918,0.0427632149878523,0.015393344072887,1.02087839452487,1.76918393555553
"Utility","RSTD",86,58.61,-390.47,NA,NA,786.94,798.6,0.0963515317998827,0.187938303221017,0.0353498981071864,0.011700072420036,1.00573880460424,1.16646143142134
"Utility","RSTD",87,94.17,-74.45,NA,NA,154.9,166.56,0.812582350103185,0.879132093861699,0.571188347585675,0.710161661399695,1.3739404445496,5.4038753097219
"Utility","RSTD",88,68.33,-267.33,NA,NA,540.66,552.32,0.448961209738627,0.690639521926641,0.0483776831552113,0.021979149721627,1.00085995580865,1.12322780341732
"Utility","RSTD",89,62.5,-330.12,NA,NA,666.24,677.9,0.352596259210259,0.519048273330554,0.0438620591972239,0.0163250040309271,1,1.77127007111431
"Utility","RSTD",90,59.17,-394.03,NA,NA,794.06,805.72,0.7131295024883,0.112127762287855,0.0419234827949294,0.0165810680507613,1.02980358942813,4.4174234716404
"Utility","RSTD",91,59.44,-381.71,NA,NA,769.42,781.08,0.102771484525874,0.0985191510990262,0.0499962895902748,0.0317154296396993,1,1.34824017202482
"Utility","RSTD",92,58.06,-404.33,NA,NA,814.66,826.32,0.14997310237959,0.461772011825815,0.0331601167257703,0.00907524382358592,1.0056980678225,1.26133318960971
"Utility","RSTD",93,76.11,-171.99,NA,NA,349.98,361.64,0.435881547397003,0.7804279406555,0.0416553228117502,0.0147100305327809,1.04824037644727,1.68139734584838
"Utility","RSTD",94,93.89,-78.89,NA,NA,163.78,175.44,0.975024477113038,0.799848798895255,0.957383434998426,0.890825137555667,3.64409501523608,5.33281822849937
"Utility","RSTD",95,65.56,-277.24,NA,NA,560.48,572.14,0.723246149485931,0.623378630494699,0.0384534166335084,0.0232905202286812,1.00316541846452,1.45622572209686
"Utility","RSTD",96,58.06,-380.7,NA,NA,767.4,779.06,0.323681306792423,0.444453429430723,0.0447348565797911,0.0203796712777382,1,1.44684312446043
"Utility","RSTD",97,59.72,-370.75,NA,NA,747.5,759.16,0.521510650403798,0.40949847153388,0.04314316153545,0.0193024515105839,1.03383195666639,1.1181692021126
"Utility","RSTD",98,90,-145.89,NA,NA,297.78,309.44,0.418908317107707,0.978637758642435,0.977956898158264,0.380383215324359,3.57831381586458,1.21107809292153
"Utility","RSTD",99,63.89,-313.72,NA,NA,633.44,645.1,0.78953983867541,0.418743934947997,0.0389501473760286,0.019780115511341,1.02170169859914,3.49348991278757
"Utility","RSTD",100,63.89,-313.95,NA,NA,633.9,645.56,0.956703607924283,0.607802340993658,0.0338540887665757,0.0106561545264458,1.00763931007765,1.10866933899654
"Utility","Utility",1,62.78,-190.72,NA,NA,387.44,399.1,0.285107890376821,0.724670132622123,0.0103467776967999,0.383525589827245,5.996132968065,2.43561604238095
"Utility","Utility",2,60.56,-209,NA,NA,424,435.66,0.950232450617477,0.206436974462122,0.341517318955767,0,2.93692124614322,1.3645795173943
"Utility","Utility",3,60.56,-209.74,NA,NA,425.48,437.14,0.536011227406561,0.200363578274846,0.22345837977193,0.00712394459074189,2.68962405560369,2.00568439900399
"Utility","Utility",4,60.28,-208.79,NA,NA,423.58,435.24,0.321220333920792,0.649332832079381,0.430631608445977,0.00756827160267079,2.39327536422863,1.14288249518722
"Utility","Utility",5,87.5,-121.36,NA,NA,248.72,260.38,0.525106647517532,0.973066303646192,0.73807052211909,0.831893436386723,2.04091945709224,1.39299949863926
"Utility","Utility",6,93.06,-95.18,NA,NA,196.36,208.02,0.895209939451888,0.943225271301344,0.89572613984963,0.933756430403926,5.53774031383431,4.35385648889427
"Utility","Utility",7,58.06,-212.55,NA,NA,431.1,442.76,0.753931205254048,0.197620301274583,0.0205916033331839,0.196881709983037,1.19231969230322,1.18983699940145
"Utility","Utility",8,64.44,-175.95,NA,NA,357.9,369.56,0.0560640415642411,0.783013365231454,0.0224957551303375,0.436770779050855,5.9181202804396,4.41441693140154
"Utility","Utility",9,80.56,-138,NA,NA,282,293.66,0.479448032099754,0.989872474921867,0.666280958042454,0.537539990893597,5.7548892399242,1.20800043705019
"Utility","Utility",10,91.11,-85.94,NA,NA,177.88,189.54,0.711294803768396,0.788163986755535,0.772795392659696,0.672660493109603,4.43791768975159,3.30973086307261
"Utility","Utility",11,91.94,-99.45,NA,NA,204.9,216.56,0.5048349336721,0.797194604296237,0.463027654678657,0.703184239873476,5.75156238883508,3.5054881726885
"Utility","Utility",12,57.5,-209.94,NA,NA,425.88,437.54,0.731893435353413,0.395451756194234,0.237328089882582,0.344229234132428,1.10125597330205,1.61817012401298
"Utility","Utility",13,58.89,-212.34,NA,NA,430.68,442.34,0.275977379642427,0.511981163173914,0.0109972704633285,0.251321018258249,1.06982116439819,3.39124982816227
"Utility","Utility",14,59.44,-210.78,NA,NA,427.56,439.22,0.226354157319292,0.16033569118008,0.0399165152260938,0.000719255740253843,3.25455248077932,1.89403793397815
"Utility","Utility",15,80.56,-155.22,NA,NA,316.44,328.1,0.315573724219576,0.984172471100464,0.824321944581557,0.677824161057316,2.49348728916985,2.69604673600736
"Utility","Utility",16,79.44,-156.71,NA,NA,319.42,331.08,0.540354023920372,0.854036244563758,0.666386152294606,0.53690474634654,5.7493808574985,1.36215214885666
"Utility","Utility",17,58.89,-209,NA,NA,424,435.66,0.66359161795117,0.0660558908712119,0.220109368346179,0.296203382394296,1.11229530393616,2.97567781611326
"Utility","Utility",18,60.83,-196.75,NA,NA,399.5,411.16,0.973287776112556,0.630256613949314,0.0117413077315049,0.642060747088386,1.22825966267829,1.85552939023347
"Utility","Utility",19,74.17,-168.5,NA,NA,343,354.66,0.340647828998044,0.988910319516435,0.443754866395298,0.742561819596143,1.38241535712053,1.21139730885625
"Utility","Utility",20,57.5,-211.42,NA,NA,428.84,440.5,0.329378831898794,0.0628540490288287,0.0846846008040913,0.242734209997177,1.16574806021602,3.33967715737489
"Utility","Utility",21,56.94,-222.81,NA,NA,451.62,463.28,0.285566801903769,0.0508385861758143,0.0141106860424845,0.109970773400065,1.02234258605181,1.41009616898373
"Utility","Utility",22,57.78,-208.2,NA,NA,422.4,434.06,0.684979062527418,0.438995202770457,0.222055162995468,0.389034882761727,1,1.68512896075845
"Utility","Utility",23,59.17,-204.77,NA,NA,415.54,427.2,0.529962481698021,0.27115519088693,0.271881978832079,0,3.80535676388347,3.69503675574873
"Utility","Utility",24,65.56,-204.23,NA,NA,414.46,426.12,0.779200294986367,0.728794121881947,0.838172387510702,0.577374394411194,1.61099694272389,1.16082152445602
"Utility","Utility",25,58.61,-212.31,NA,NA,430.62,442.28,0.0281218434683979,0.533772448310629,0.0199680150597074,0.26291696945271,1.0014993944993,1.2251683762297
"Utility","Utility",26,61.39,-207.89,NA,NA,421.78,433.44,0.128862570039928,0.17050133110024,0.037329340887748,0.139170269851521,4.51891726926706,2.37515528589011
"Utility","Utility",27,90.28,-85.34,NA,NA,176.68,188.34,0.980796684976667,0.860091791022569,0.938551981217003,0.675862172073475,3.85305189396676,2.2001721150753
"Utility","Utility",28,88.89,-102.26,NA,NA,210.52,222.18,0.633000507717952,0.959949327167124,0.801641025305025,0.672386903316176,4.17883315908478,1.02402024855837
"Utility","Utility",29,60.83,-208.2,NA,NA,422.4,434.06,0.234798390883952,0.4054856733419,0.297420060735918,0.0421919368268423,2.83297660179029,4.89528230370438
"Utility","Utility",30,60.56,-205.09,NA,NA,416.18,427.84,0.319981756620109,0.632078264839947,0.169424568039375,0.259390299930911,2.46156567952513,1.05595874555906
"Utility","Utility",31,69.44,-176.57,NA,NA,359.14,370.8,0.417691254755482,0.885661983396858,0.773313606902436,0.472577777375988,3.90739048144823,2.4762263855988
"Utility","Utility",32,63.33,-208.3,NA,NA,422.6,434.26,0.119032545015216,0.605491037247702,0.0604953252566662,0.0895702869054141,4.7645749294359,1.04599827674373
"Utility","Utility",33,93.89,-83.72,NA,NA,173.44,185.1,0.824352919822559,0.753800751408562,0.670585840068751,0.981682477657793,1.62377968861796,3.89878896835935
"Utility","Utility",34,65.28,-194.03,NA,NA,394.06,405.72,0.080542077543214,0.69156481907703,0.901360678024062,0.481010554401229,2.12967914414581,4.2510444371212
"Utility","Utility",35,56.67,-212.38,NA,NA,430.76,442.42,0.788759883260354,0.407168375095353,0.018083170642612,0.294055629137717,1.033802308326,1.8810732345608
"Utility","Utility",36,84.17,-111.77,NA,NA,229.54,241.2,0.960197768406942,0.814909122884274,0.906228923978234,0.824408106519361,1.25565525048579,1.49123999522999
"Utility","Utility",37,57.78,-212.47,NA,NA,430.94,442.6,0.983733647270128,0.387793875532225,0.0049929214489973,0,5.3075439249593,1.18421270139515
"Utility","Utility",38,66.67,-192.5,NA,NA,391,402.66,0.640330957481638,0.661732341628522,0.737163368999472,0.638441484586693,1.38166435152471,2.1015722423634
"Utility","Utility",39,88.33,-115.93,NA,NA,237.86,249.52,0.591888564871624,0.781977394130081,0.720675160283954,0.821127137726788,2.23343900960368,2.17335850927503
"Utility","Utility",40,83.06,-150.81,NA,NA,307.62,319.28,0.185236022341996,0.927017299691215,0.507196979659051,0.886813131416468,1.24749237857839,1.40621648728848
"Utility","Utility",41,60.56,-206.94,NA,NA,419.88,431.54,0.5952471755445,0.540940156206489,0.0212538760453377,0.510330827022575,1.84370393976261,2.71158919288757
"Utility","Utility",42,58.61,-212.69,NA,NA,431.38,443.04,0.265401779906824,0.195171546889469,0.0263452615172271,0.231231105131185,1.05738301561196,1.22695452463968
"Utility","Utility",43,59.17,-209.77,NA,NA,425.54,437.2,0.604935176437721,0.398145136190578,0.253785092477012,0.3043954390832,1.00712477198764,1.04858012497425
"Utility","Utility",44,60.56,-208.16,NA,NA,422.32,433.98,0.470244030002505,0.685449249343947,0.0136863289685295,0.507264021286252,1.15626300346918,1.6486977073364
"Utility","Utility",45,56.94,-206.89,NA,NA,419.78,431.44,0.371720403432846,0.503097830805928,0.192782483560278,0.353784710605985,1.13191088827763,1.32283924566582
"Utility","Utility",46,58.61,-211.73,NA,NA,429.46,441.12,0.361050225095823,0.370053818682209,0.0173693895188879,0,3.39455043945073,1.17356707000516
"Utility","Utility",47,84.17,-124.53,NA,NA,255.06,266.72,0.594613759312779,0.789667062694207,0.665270478257894,0.910851043518282,1.04681382137638,3.04544003671947
"Utility","Utility",48,58.33,-211.89,NA,NA,429.78,441.44,0.628910263301805,0.0369398219045252,0.107561174440895,0.121832643329191,1.67121228068819,2.35408596597136
"Utility","Utility",49,80.28,-159.98,NA,NA,325.96,337.62,0.254382238723338,0.857857148861513,0.66501687549102,0.824245978025361,1.25179964773081,1.936107955831
"Utility","Utility",50,61.67,-208.16,NA,NA,422.32,433.98,0.629901704145595,0.59963444317691,0.00426008865849865,0.415275146284752,1.80558247945099,2.13030682034315
"Utility","Utility",51,58.89,-210.66,NA,NA,427.32,438.98,0.958562755258754,0.446684151422232,0.008014110542881,0.437833640492329,1.17364596996782,2.46860518856885
"Utility","Utility",52,66.67,-190.15,NA,NA,386.3,397.96,0.378760501742363,0.716149265645072,0.819820268918462,0.392349593537066,5.06602671012134,2.1838285959837
"Utility","Utility",53,60,-209.36,NA,NA,424.72,436.38,0.843001339351758,0.428967847023159,0.443430131338522,0.0180466499368919,2.27006745547883,1.43009595386684
"Utility","Utility",54,78.33,-155.92,NA,NA,317.84,329.5,0.111280993092805,0.926345025887713,0.428864491308094,0.812136494610406,1.31736928497173,2.52358875974062
"Utility","Utility",55,90,-106.72,NA,NA,219.44,231.1,0.231767056509852,0.779834397835657,0.242596630769322,0.778675815791153,3.94397102184596,4.55762586234994
"Utility","Utility",56,88.89,-140.49,NA,NA,286.98,298.64,0.386252531083301,0.815260800998658,0.411865903365702,0.773890297269665,4.03765275440564,2.64474068483968
"Utility","Utility",57,60.56,-209.14,NA,NA,424.28,435.94,0.6529874894768,0.670282299863175,0.00710442046823413,0.457783062531398,1.19155909787727,1.1162636061199
"Utility","Utility",58,60,-210.58,NA,NA,427.16,438.82,0.560497718863189,0.274772666627541,0.228602386071395,0.0685042880614036,2.20374053418061,1.5290995786691
"Utility","Utility",59,60.56,-209.82,NA,NA,425.64,437.3,0.597106330329552,0.589335348224267,0.0055358504088386,0.437212815699753,1.15681725457368,1.93161117188157
"Utility","Utility",60,90.28,-83.7,NA,NA,173.4,185.06,0.987134294584394,0.800411853706464,0.943290676472703,0.621526051368857,5.06942925120981,2.29764714087815
"Utility","Utility",61,60.56,-209.88,NA,NA,425.76,437.42,0.718285634880885,0.565618214197457,0.358329593657131,0.241675064699648,1.2168627174848,1.06491599744186
"Utility","Utility",62,62.78,-194.05,NA,NA,394.1,405.76,0.125127220060676,0.773224814096466,0.0336567358878102,0.381014605939003,3.44041182092198,1.58329186262563
"Utility","Utility",63,56.11,-225.56,NA,NA,457.12,468.78,0.499009405029938,0.0988319513853639,0.00489056518698666,0.0429504738932624,1.19336272927027,1.09243298880756
"Utility","Utility",64,60.83,-207.46,NA,NA,420.92,432.58,0.333673485321924,0.454882015939802,0.0294503865942039,0.328546628989591,4.61587673205915,3.70696423376415
"Utility","Utility",65,56.67,-237.72,NA,NA,481.44,493.1,0.810415166895837,0.0187283449340612,0.263132578976199,0,1,1.16512183423941
"Utility","Utility",66,59.17,-211.72,NA,NA,429.44,441.1,0.461979309096932,0.296923782210797,0.0142836015151128,0.0249506890037073,4.27994967454563,1.45804071612656
"Utility","Utility",67,56.94,-211.91,NA,NA,429.82,441.48,0.285626433324069,0.528872283641249,0.197300712244527,0.351588014839969,1,1.1472960453744
"Utility","Utility",68,59.72,-206.09,NA,NA,418.18,429.84,0.732509626774117,0.600311974063516,0.463210629775045,0.364973320569971,1.0586360286122,1.4492717245746
"Utility","Utility",69,58.89,-209.14,NA,NA,424.28,435.94,0.977929984452203,0.529096166603267,0.00593619152075798,0.463513763893389,1.21735153562503,1.75178614688037
"Utility","Utility",70,57.22,-210.14,NA,NA,426.28,437.94,0.98177181975916,0.159414226887748,0.160413812058336,0.382671143656907,1.05530321937299,1.47737938910723
"Utility","Utility",71,60.56,-209.77,NA,NA,425.54,437.2,0.922829337418079,0.366323065012693,0.377987435976345,0,2.71483286045057,1.08644307602532
"Utility","Utility",72,57.5,-212.18,NA,NA,430.36,442.02,0.437475311337039,0.144657690776512,0.0382907752436688,0.225597109889572,1.0099145865549,2.51204245735464
"Utility","Utility",73,77.5,-134.65,NA,NA,275.3,286.96,0.0812403932213783,0.858433880610391,0.0524040270504445,0.916601320954778,1.6420798049447,2.57674626609245
"Utility","Utility",74,60.28,-209.55,NA,NA,425.1,436.76,0.769064010120928,0.423705151304603,0.482587679222895,0,2.59011346909321,1.055009087082
"Utility","Utility",75,56.11,-228.1,NA,NA,462.2,473.86,0.27233505435288,0.0992442343849689,0.00646575173896003,0.0619802957760352,1,1.01957268379492
"Utility","Utility",76,58.33,-208.01,NA,NA,422.02,433.68,0.714246998308226,0.356464033480734,0.333969691667205,0.262488124408641,1.22379099627088,2.33508190601589
"Utility","Utility",77,65.28,-201.6,NA,NA,409.2,420.86,0.165105299558491,0.62026000325568,0.437456381138359,0.406069058463384,2.53129785608794,3.11759630225509
"Utility","Utility",78,86.39,-119.45,NA,NA,244.9,256.56,0.948594216490164,0.818483957787976,0.93977057239502,0.588944038862551,5.95445121142229,1.40069885704874
"Utility","Utility",79,61.67,-208.43,NA,NA,422.86,434.52,0.641159480903298,0.713674181839451,0.00469306385302557,0.463148751678986,1.40640409492141,1.04148287150446
"Utility","Utility",80,91.11,-111.27,NA,NA,228.54,240.2,0.602592710871249,0.798923129681498,0.651168743191954,0.700077060712793,5.83691848249255,2.65777598732141
"Utility","Utility",81,70.56,-143.62,NA,NA,293.24,304.9,0.0268326783552766,0.983408806612715,0.00577380307198007,0.77014267790749,1.15187867365303,2.42827125892359
"Utility","Utility",82,58.61,-216.31,NA,NA,438.62,450.28,0.390374890295789,0.210965643869713,0.0207917729406241,0.0297751091533797,1.78286700309642,1.07093011168763
"Utility","Utility",83,56.67,-224.16,NA,NA,454.32,465.98,0.909624356776476,0.0655163209885359,0.744154058348661,0.0844813212271228,1,1.47955628430628
"Utility","Utility",84,92.5,-109.24,NA,NA,224.48,236.14,0.894585720263422,0.928069569170475,0.893367467499467,0.910318646686403,3.70633935344413,1.78467515758694
"Utility","Utility",85,59.17,-210.76,NA,NA,427.52,439.18,0.16712597804144,0.591124507132918,0.0201460061480397,0.466015460955656,1.00064004040794,1.76918393555553
"Utility","Utility",86,58.61,-216.36,NA,NA,438.72,450.38,0.0963515317998827,0.187938303221017,0.0148674108410545,0.0421017231264661,1.69689078939302,1.16646143142134
"Utility","Utility",87,90,-88.32,NA,NA,182.64,194.3,0.812582350103185,0.879132093861699,0.835014986709946,0.826513731753841,1.84961288911229,5.4038753097219
"Utility","Utility",88,60,-206.67,NA,NA,419.34,431,0.448961209738627,0.690639521926641,0.0280575351610895,0.349663137541033,4.75287735728305,1.12322780341732
"Utility","Utility",89,58.89,-206.11,NA,NA,418.22,429.88,0.352596259210259,0.519048273330554,0.17929245013173,0.40768329178403,1.01310704996863,1.77127007111431
"Utility","Utility",90,59.44,-208.39,NA,NA,422.78,434.44,0.7131295024883,0.112127762287855,0.177308329504396,0.0449498914851939,3.03617820021916,4.4174234716404
"Utility","Utility",91,57.78,-219.79,NA,NA,445.58,457.24,0.102771484525874,0.0985191510990262,0.016788538989132,0.140188546110713,1.03358874401783,1.34824017202482
"Utility","Utility",92,58.61,-211.81,NA,NA,429.62,441.28,0.14997310237959,0.461772011825815,0.031357510275187,0.191926992842407,1.47047096326896,1.26133318960971
"Utility","Utility",93,61.39,-190,NA,NA,386,397.66,0.435881547397003,0.7804279406555,0.0394451407854306,0.547195245634907,2.35489044860647,1.68139734584838
"Utility","Utility",94,93.89,-77.81,NA,NA,161.62,173.28,0.975024477113038,0.799848798895255,0.884101527625112,0.965591309042206,2.10168485071105,5.33281822849937
"Utility","Utility",95,60.83,-207.16,NA,NA,420.32,431.98,0.723246149485931,0.623378630494699,0.0182715690979594,0.520570741535,1.73330057741954,1.45622572209686
"Utility","Utility",96,59.72,-209.02,NA,NA,424.04,435.7,0.323681306792423,0.444453429430723,0.242386058872008,0,3.04099891793246,1.44684312446043
"Utility","Utility",97,59.17,-209.75,NA,NA,425.5,437.16,0.521510650403798,0.40949847153388,0.206880571212019,0.246260399777501,1.53765985149911,1.1181692021126
"Utility","Utility",98,82.5,-151.95,NA,NA,309.9,321.56,0.418908317107707,0.978637758642435,0.514484959848766,0.739349168776284,2.74739953230215,1.21107809292153
"Utility","Utility",99,59.17,-211.25,NA,NA,428.5,440.16,0.78953983867541,0.418743934947997,0.372049224890544,0.0210457663989097,2.78609864892866,3.49348991278757
"Utility","Utility",100,60,-209.24,NA,NA,424.48,436.14,0.956703607924283,0.607802340993658,0.0163993401689738,0.56197036599823,1.01514765431152,1.10866933899654
