"simulate_model","fit_model","iteration","ACC","LogL","LogPr","LogPo","AIC","BIC","input_param_1","input_param_2","output_param_1","output_param_2","output_param_3","input_param_3"
"TD","TD",1,100,-112.89,NA,NA,229.78,237.55,0.643091264180839,0.83357874206723,0.789150981953382,0.813636556655826,NA,NA
"TD","TD",2,100,-95.06,NA,NA,194.12,201.89,0.724670132622123,1.43561604238095,0.800525795133945,1.09388117585058,NA,NA
"TD","TD",3,100,-105.35,NA,NA,214.7,222.47,0.950232450617477,2.03779015681686,0.88260439726684,2.59700734177902,NA,NA
"TD","TD",4,100,-201.51,NA,NA,407.02,414.79,0.682289758697152,0.0720224548131227,0.774294060022385,0.06595450266992,NA,NA
"TD","TD",5,100,-129.68,NA,NA,263.36,271.13,0.200363578274846,1.00568439900399,0.138205830057354,0.948545086426829,NA,NA
"TD","TD",6,100,-170.49,NA,NA,344.98,352.75,0.321220333920792,0.298665664158762,0.186531691220458,0.323175106066019,NA,NA
"TD","TD",7,100,-213.85,NA,NA,431.7,439.47,0.571441247593611,0.0502132950350642,0.766815073734013,0.0446132868107315,NA,NA
"TD","TD",8,100,-140.39,NA,NA,284.78,292.55,0.973066303646192,0.392999498639256,0.84352319079229,0.417783361495382,NA,NA
"TD","TD",9,100,-249.53,NA,NA,503.06,510.83,0.895209939451888,0.0054737395918251,0.0335888592572273,1.79693369308562e-08,NA,NA
"TD","TD",10,100,-161.95,NA,NA,327.9,335.67,0.0494146177079529,0.507862410508096,0.0453896650233305,0.550942310768867,NA,NA
"TD","TD",11,100,-201.53,NA,NA,407.06,414.83,0.197620301274583,0.18983699940145,0.0886775429200247,0.186168806490294,NA,NA
"TD","TD",12,100,-194.69,NA,NA,393.38,401.15,0.0560640415642411,0.566026730462909,0.0525351553234966,0.632019228317562,NA,NA
"TD","TD",13,100,-139.11,NA,NA,282.22,289.99,0.051307131536305,1.23247370731968,0.0431926809578733,1.6262115347815,NA,NA
"TD","TD",14,100,-177.67,NA,NA,359.34,367.11,0.989872474921867,0.208000437050192,0.810896215718245,0.208227158001045,NA,NA
"TD","TD",15,100,-140.01,NA,NA,284.02,291.79,0.711294803768396,0.57632797351107,0.730478045302379,0.586987536838383,NA,NA
"TD","TD",16,100,-249.53,NA,NA,503.06,510.83,0.0768930825870484,0.00966986734420061,0.0370853409416966,5.51068691726757e-08,NA,NA
"TD","TD",17,100,-90.85,NA,NA,185.7,193.47,0.797194604296237,2.5054881726885,0.824074405000264,1.660872818793,NA,NA
"TD","TD",18,100,-98.88,NA,NA,201.76,209.53,0.731893435353413,1.27495420533688,0.804165442165019,1.11362644002999,NA,NA
"TD","TD",19,100,-106.77,NA,NA,217.54,225.31,0.809085062006488,0.797056699129653,0.798874586738295,0.89999624806666,NA,NA
"TD","TD",20,100,-111.58,NA,NA,227.16,234.93,0.511981163173914,2.39124982816227,0.20858534889138,0.921449319271881,NA,NA
"TD","TD",21,100,-116.71,NA,NA,237.42,245.19,0.226354157319292,1.66897989056053,0.146510931898263,1.09357122605767,NA,NA
"TD","TD",22,100,-127.4,NA,NA,258.8,266.57,0.300222688354552,0.955442077438247,0.154246146958439,0.930416434385259,NA,NA
"TD","TD",23,100,-105.35,NA,NA,214.7,222.47,0.984172471100464,1.69604673600736,0.88260439726684,2.59700734177902,NA,NA
"TD","TD",24,100,-174.49,NA,NA,352.98,360.75,0.540354023920372,0.234106497689865,0.233329543277731,0.257807868628603,NA,NA
"TD","TD",25,100,-157.37,NA,NA,318.74,326.51,0.870058757020161,0.327183235902339,0.815239989676688,0.319945776073277,NA,NA
"TD","TD",26,100,-109.54,NA,NA,223.08,230.85,0.0660558908712119,1.97567781611326,0.0602581454106445,2.0944668264786,NA,NA
"TD","TD",27,100,-168.49,NA,NA,340.98,348.75,0.973287776112556,0.260513227898628,0.835338710687693,0.270542438600356,NA,NA
"TD","TD",28,100,-126.34,NA,NA,256.68,264.45,0.290595552418381,1.05573849655212,0.155174352769396,0.930849893536567,NA,NA
"TD","TD",29,100,-175.23,NA,NA,354.46,362.23,0.988910319516435,0.211397308856249,0.817046923433119,0.223451462562923,NA,NA
"TD","TD",30,100,-115.18,NA,NA,234.36,242.13,0.329378831898794,2.0851063261411,0.191062120151511,1.05179662429163,NA,NA
"TD","TD",31,100,-137.1,NA,NA,278.2,285.97,0.11878991080448,0.835414388175023,0.0919079166780515,1.02164835160869,NA,NA
"TD","TD",32,100,-176.44,NA,NA,356.88,364.65,0.0508385861758143,0.410096168983728,0.0465416301008218,0.420421268106077,NA,NA
"TD","TD",33,100,-115.86,NA,NA,235.72,243.49,0.684979062527418,0.756628525771442,0.783841945977794,0.77917555853223,NA,NA
"TD","TD",34,100,-201.27,NA,NA,406.54,414.31,0.842564480379224,0.0599249633960426,0.785990431750862,0.0653452777582039,NA,NA
"TD","TD",35,100,-114.31,NA,NA,232.62,240.39,0.27115519088693,2.69503675574873,0.182475856040116,1.08435318972915,NA,NA
"TD","TD",36,100,-124.09,NA,NA,252.18,259.95,0.779200294986367,0.457588243763894,0.806905851565675,0.484062322085013,NA,NA
"TD","TD",37,100,-105.35,NA,NA,214.7,222.47,0.982565350597724,3.92570209977795,0.88260439726684,2.59700734177902,NA,NA
"TD","TD",38,100,-175.28,NA,NA,354.56,362.33,0.533772448310629,0.225168376229703,0.224124642864063,0.260082528098606,NA,NA
"TD","TD",39,100,-124.76,NA,NA,253.52,261.29,0.128862570039928,1.75030500992181,0.112305477430469,1.14911003399563,NA,NA
"TD","TD",40,100,-202.69,NA,NA,409.38,417.15,0.420502026332542,0.0828633031448371,0.682556350451131,0.062524761385703,NA,NA
"TD","TD",41,100,-110.12,NA,NA,224.24,232.01,0.860091791022569,1.2001721150753,0.833486608903688,0.941976233836929,NA,NA
"TD","TD",42,100,-157.88,NA,NA,319.76,327.53,0.633000507717952,0.316391955215622,0.698418045125564,0.299998049595764,NA,NA
"TD","TD",43,100,-111.58,NA,NA,227.16,234.93,0.512010124279186,2.01376353887389,0.20858534889138,0.921449319271881,NA,NA
"TD","TD",44,100,-112.53,NA,NA,229.06,236.83,0.4054856733419,3.89528230370438,0.281175302712551,1.0239057386139,NA,NA
"TD","TD",45,100,-177.83,NA,NA,359.66,367.43,0.319981756620109,0.264156529679894,0.177974865245378,0.288511505699283,NA,NA
"TD","TD",46,100,-112.8,NA,NA,229.6,237.37,0.947748523205519,1.36391219958187,0.863050712462743,1.03945265542758,NA,NA
"TD","TD",47,100,-116.65,NA,NA,237.3,245.07,0.885661983396858,1.4762263855988,0.846030258807455,0.950889754984763,NA,NA
"TD","TD",48,100,-199.86,NA,NA,403.72,411.49,0.119032545015216,0.210982074495405,0.0691042644258762,0.218968424380896,NA,NA
"TD","TD",49,100,-131.15,NA,NA,266.3,274.07,0.931592519162223,0.648705839645118,0.864701671991452,0.739998261313083,NA,NA
"TD","TD",50,100,-90.85,NA,NA,185.7,193.47,0.753800751408562,2.89878896835935,0.824074405000264,1.660872818793,NA,NA
"TD","TD",51,100,-178.2,NA,NA,360.4,368.17,0.080542077543214,0.38312963815406,0.0657626311884303,0.395293262674172,NA,NA
"TD","TD",52,100,-192.62,NA,NA,389.24,397.01,0.0462017410900444,0.577519766520709,0.0443814288511793,0.643409226934703,NA,NA
"TD","TD",53,100,-118.58,NA,NA,241.16,248.93,0.407168375095353,0.8810732345608,0.178282260200329,0.855383443497658,NA,NA
"TD","TD",54,100,-138.71,NA,NA,281.42,289.19,0.960197768406942,0.629818245768547,0.888528626583704,0.717275760930704,NA,NA
"TD","TD",55,100,-199.66,NA,NA,403.32,411.09,0.745619997614995,0.0838289222957155,0.747129677494597,0.0705568667090483,NA,NA
"TD","TD",56,100,-193.58,NA,NA,391.16,398.93,0.387793875532225,0.184212701395154,0.204417507849533,0.17968283871191,NA,NA
"TD","TD",57,100,-156.7,NA,NA,317.4,325.17,0.640330957481638,0.323464683257043,0.704578840658862,0.302262797173915,NA,NA
"TD","TD",58,100,-193.2,NA,NA,390.4,398.17,0.46626549679786,0.183777129743248,0.20339698651466,0.19415190051971,NA,NA
"TD","TD",59,100,-101.23,NA,NA,206.46,214.23,0.781977394130081,1.17335850927503,0.817427985426428,1.08555363227038,NA,NA
"TD","TD",60,100,-203.88,NA,NA,411.76,419.53,0.185236022341996,0.162097267924749,0.113597736480348,0.133066835589836,NA,NA
"TD","TD",61,100,-181.34,NA,NA,366.68,374.45,0.703108243644238,0.190494351089001,0.751196022003467,0.155661211601124,NA,NA
"TD","TD",62,100,-112.3,NA,NA,228.6,236.37,0.540940156206489,1.71158919288757,0.348880974809189,0.913684396999221,NA,NA
"TD","TD",63,100,-112.87,NA,NA,229.74,237.51,0.265401779906824,1.94766673623564,0.17661907423592,1.10735605254698,NA,NA
"TD","TD",64,100,-177.73,NA,NA,359.46,367.23,0.897607917198911,0.209870352875441,0.794240438207506,0.202799778816395,NA,NA
"TD","TD",65,100,-214.48,NA,NA,432.96,440.73,0.398145136190578,0.0485801249742508,0.771497850248599,0.0431485269215571,NA,NA
"TD","TD",66,100,-144.46,NA,NA,292.92,300.69,0.470244030002505,0.370898498687893,0.661855673775019,0.355403430158122,NA,NA
"TD","TD",67,100,-101.14,NA,NA,206.28,214.05,0.824348853668198,1.18002879429133,0.814729820221861,1.08460188799646,NA,NA
"TD","TD",68,100,-159.85,NA,NA,323.7,331.47,0.503097830805928,0.322839245665818,0.670986078635323,0.284927688883202,NA,NA
"TD","TD",69,100,-123.77,NA,NA,251.54,259.31,0.361050225095823,1.17336245528878,0.151505946910458,0.983164291108296,NA,NA
"TD","TD",70,100,-182.77,NA,NA,369.54,377.31,0.964988884748891,0.189227518625557,0.827589964906124,0.152647184968122,NA,NA
"TD","TD",71,100,-90.85,NA,NA,185.7,193.47,0.789667062694207,2.04544003671947,0.824074405000264,1.660872818793,NA,NA
"TD","TD",72,100,-95.3,NA,NA,194.6,202.37,0.628910263301805,2.95466302318459,0.828642921235718,1.47947369664731,NA,NA
"TD","TD",73,100,-143.95,NA,NA,291.9,299.67,0.415234696352854,0.710676135453296,0.199726426164351,0.866641221078171,NA,NA
"TD","TD",74,100,-108.25,NA,NA,220.5,228.27,0.857857148861513,0.936107955831003,0.837412872439491,0.9056921913485,NA,NA
"TD","TD",75,100,-180.09,NA,NA,364.18,371.95,0.629901704145595,0.199268886353821,0.702986640967572,0.169790534948106,NA,NA
"TD","TD",76,100,-158.15,NA,NA,320.3,328.07,0.359289909945801,0.364497002285354,0.190291808904375,0.388552333861802,NA,NA
"TD","TD",77,100,-118.88,NA,NA,241.76,249.53,0.446684151422232,1.46860518856885,0.170473643371436,0.892459810980288,NA,NA
"TD","TD",78,100,-139.06,NA,NA,282.12,289.89,0.378760501742363,0.432298531290144,0.171844648338204,0.536548946261294,NA,NA
"TD","TD",79,100,-144.32,NA,NA,292.64,300.41,0.372670353855938,0.686002678703517,0.189164872300409,0.840355335007158,NA,NA
"TD","TD",80,100,-137.8,NA,NA,279.6,287.37,0.428967847023159,0.430095953866839,0.268405086907284,0.4498187489088,NA,NA
"TD","TD",81,100,-220.96,NA,NA,445.92,453.69,0.111280993092805,0.0420480497825296,0.0281273225760842,0.0380024344566309,NA,NA
"TD","TD",82,100,-122.67,NA,NA,249.34,257.11,0.142161799827591,1.60663627263189,0.116790722288755,1.15834523594955,NA,NA
"TD","TD",83,100,-90.85,NA,NA,185.7,193.47,0.779834397835657,3.55762586234994,0.824074405000264,1.660872818793,NA,NA
"TD","TD",84,100,-153.03,NA,NA,310.06,317.83,0.386252531083301,0.630521601997316,0.154537571972023,0.827280117873446,NA,NA
"TD","TD",85,100,-178.86,NA,NA,361.72,369.49,0.23896856745705,0.3059749789536,0.144072020795567,0.322046977959435,NA,NA
"TD","TD",86,100,-194.21,NA,NA,392.42,400.19,0.670282299863175,0.116263606119901,0.533265874292036,0.112186577951296,NA,NA
"TD","TD",87,100,-122.8,NA,NA,249.6,257.37,0.560497718863189,0.79223784707011,0.703079185615455,0.679860720579066,NA,NA
"TD","TD",88,100,-182.88,NA,NA,369.76,377.53,0.915246691787615,0.194212660659105,0.818435103548072,0.157105542787156,NA,NA
"TD","TD",89,100,-114.68,NA,NA,233.36,241.13,0.589335348224267,0.931611171881569,0.71793334788043,0.743738295929997,NA,NA
"TD","TD",90,100,-138.71,NA,NA,281.42,289.19,0.987134294584394,0.600823707412928,0.888528626583704,0.717275760930704,NA,NA
"TD","TD",91,100,-135.73,NA,NA,275.46,283.23,0.401124990079552,0.436571269761771,0.249058994223628,0.482140793528038,NA,NA
"TD","TD",92,100,-202.7,NA,NA,409.4,417.17,0.565618214197457,0.0649159974418581,0.720321089873413,0.0610060308731286,NA,NA
"TD","TD",93,100,-187.25,NA,NA,378.5,386.27,0.125127220060676,0.546449628192931,0.102542752582581,0.630052982950753,NA,NA
"TD","TD",94,100,-109.98,NA,NA,223.96,231.73,0.791645931312814,0.766796249431272,0.795986621210391,0.861433414602396,NA,NA
"TD","TD",95,100,-208.15,NA,NA,420.3,428.07,0.0988319513853639,0.092432988807559,0.0232286361965665,0.0700350151781766,NA,NA
"TD","TD",96,100,-131.79,NA,NA,267.58,275.35,0.333673485321924,0.79963922020125,0.141801483926966,0.913217344125913,NA,NA
"TD","TD",97,100,-180.94,NA,NA,365.88,373.65,0.10172016825527,0.620830333791673,0.0851466210531747,0.708696271446837,NA,NA
"TD","TD",98,100,-201.56,NA,NA,407.12,414.89,0.0187283449340612,0.165121834239408,0.0144271539380964,0.137506903872741,NA,NA
"TD","TD",99,100,-129.68,NA,NA,263.36,271.13,0.461979309096932,0.880842309403134,0.200034979801128,0.754964632285943,NA,NA
"TD","TD",100,100,-106.83,NA,NA,217.66,225.43,0.729020358063281,0.83565291385622,0.794778719715599,0.910712151193545,NA,NA
"TD","RSTD",1,100,-113.63,NA,NA,233.26,244.92,0.643091264180839,0.83357874206723,0.375130525869338,0.594129431952188,0.739754850553763,NA
"TD","RSTD",2,100,-95.34,NA,NA,196.68,208.34,0.724670132622123,1.43561604238095,0.297332584409525,0.552492140539603,1.81082598467112,NA
"TD","RSTD",3,100,-101.2,NA,NA,208.4,220.06,0.950232450617477,2.03779015681686,0.148742394564896,0.43010003936433,1.09593133398768,NA
"TD","RSTD",4,100,-200.47,NA,NA,406.94,418.6,0.682289758697152,0.0720224548131227,0.636937506834703,0.974054874657109,0.0825632850822273,NA
"TD","RSTD",5,100,-143.3,NA,NA,292.6,304.26,0.200363578274846,1.00568439900399,0.426433219785167,0.255765278188515,0.93953770127146,NA
"TD","RSTD",6,100,-170.11,NA,NA,346.22,357.88,0.321220333920792,0.298665664158762,0.221361831775962,0.190033788540242,0.294672472623072,NA
"TD","RSTD",7,100,-213.76,NA,NA,433.52,445.18,0.571441247593611,0.0502132950350642,0.709897240509739,0.843565212025274,0.0511007369557364,NA
"TD","RSTD",8,100,-143,NA,NA,292,303.66,0.973066303646192,0.392999498639256,0.727492438494914,0.760009110164955,0.363665343377566,NA
"TD","RSTD",9,100,-249.53,NA,NA,505.06,516.72,0.895209939451888,0.0054737395918251,0.144779915573368,0.0774573417844946,1.07323160789178e-07,NA
"TD","RSTD",10,100,-185.07,NA,NA,376.14,387.8,0.0494146177079529,0.507862410508096,0.228818728675519,0.206884684114005,0.190858902833217,NA
"TD","RSTD",11,100,-203.01,NA,NA,412.02,423.68,0.197620301274583,0.18983699940145,0.21706705786043,0.209338663336769,0.108449065369957,NA
"TD","RSTD",12,100,-224.59,NA,NA,455.18,466.84,0.0560640415642411,0.566026730462909,0.338692237116689,0.511342357184142,0.17215718119677,NA
"TD","RSTD",13,100,-154.08,NA,NA,314.16,325.82,0.051307131536305,1.23247370731968,0.0769841807857099,0.0771118860152396,0.626358178139621,NA
"TD","RSTD",14,100,-179.78,NA,NA,365.56,377.22,0.989872474921867,0.208000437050192,0.456791763033136,0.624441778839161,0.214482566161888,NA
"TD","RSTD",15,100,-144.3,NA,NA,294.6,306.26,0.711294803768396,0.57632797351107,0.557268475399316,0.760873034322074,0.799119802195793,NA
"TD","RSTD",16,100,-249.53,NA,NA,505.06,516.72,0.0768930825870484,0.00966986734420061,0.0310396188868638,0.116169660287552,5.99956125498934e-08,NA
"TD","RSTD",17,100,-90.51,NA,NA,187.02,198.68,0.797194604296237,2.5054881726885,0.330529194994129,0.61973396284094,2.4809360603339,NA
"TD","RSTD",18,100,-99.39,NA,NA,204.78,216.44,0.731893435353413,1.27495420533688,0.661426034753651,0.786656907185046,1.30069074796554,NA
"TD","RSTD",19,100,-108.42,NA,NA,222.84,234.5,0.809085062006488,0.797056699129653,0.557268475399316,0.760873034322074,0.799119802195793,NA
"TD","RSTD",20,100,-111.31,NA,NA,228.62,240.28,0.511981163173914,2.39124982816227,0.21871212385348,0.285542193067692,0.772785076536443,NA
"TD","RSTD",21,100,-126.03,NA,NA,258.06,269.72,0.226354157319292,1.66897989056053,0.30268634154165,0.277884036114021,0.78892323409329,NA
"TD","RSTD",22,100,-128.27,NA,NA,262.54,274.2,0.300222688354552,0.955442077438247,0.196622141926483,0.192246793548611,0.823315176174869,NA
"TD","RSTD",23,100,-101.2,NA,NA,208.4,220.06,0.984172471100464,1.69604673600736,0.148742394564896,0.43010003936433,1.09593133398768,NA
"TD","RSTD",24,100,-174.7,NA,NA,355.4,367.06,0.540354023920372,0.234106497689865,0.312001371064401,0.282664266548433,0.217831956688146,NA
"TD","RSTD",25,100,-157.05,NA,NA,320.1,331.76,0.870058757020161,0.327183235902339,0.869256289445663,0.813385336879218,0.31757272407145,NA
"TD","RSTD",26,100,-119.18,NA,NA,244.36,256.02,0.0660558908712119,1.97567781611326,0.135328822352275,0.109533273368087,0.912229021098406,NA
"TD","RSTD",27,100,-168.31,NA,NA,342.62,354.28,0.973287776112556,0.260513227898628,0.899296444236893,0.832058955165884,0.267842133615275,NA
"TD","RSTD",28,100,-126.56,NA,NA,259.12,270.78,0.290595552418381,1.05573849655212,0.185975785803628,0.175131640963048,0.839598505936012,NA
"TD","RSTD",29,100,-178.4,NA,NA,362.8,374.46,0.988910319516435,0.211397308856249,0.439218108028383,0.580436408363376,0.207404547731064,NA
"TD","RSTD",30,100,-113.93,NA,NA,233.86,245.52,0.329378831898794,2.0851063261411,0.635537830893928,0.352264418263476,0.903846252605073,NA
"TD","RSTD",31,100,-147.04,NA,NA,300.08,311.74,0.11878991080448,0.835414388175023,0.1795046017865,0.160874289838359,0.583584609638625,NA
"TD","RSTD",32,100,-178.29,NA,NA,362.58,374.24,0.0508385861758143,0.410096168983728,0.0740920354262202,0.0748434104527257,0.40542146549,NA
"TD","RSTD",33,100,-116.03,NA,NA,238.06,249.72,0.684979062527418,0.756628525771442,0.525948520092579,0.697782452250472,0.865939897701011,NA
"TD","RSTD",34,100,-200.16,NA,NA,406.32,417.98,0.842564480379224,0.0599249633960426,0.655582460457446,0.982711963872986,0.0782465542148867,NA
"TD","RSTD",35,100,-114.2,NA,NA,234.4,246.06,0.27115519088693,2.69503675574873,0.669039937450199,0.323380967463347,1.00367435907218,NA
"TD","RSTD",36,100,-123.45,NA,NA,252.9,264.56,0.779200294986367,0.457588243763894,0.942884387923922,0.82210409810885,0.487094243323889,NA
"TD","RSTD",37,100,-101.2,NA,NA,208.4,220.06,0.982565350597724,3.92570209977795,0.148742394564896,0.43010003936433,1.09593133398768,NA
"TD","RSTD",38,100,-175.4,NA,NA,356.8,368.46,0.533772448310629,0.225168376229703,0.26869273811056,0.237226687695364,0.224674792438349,NA
"TD","RSTD",39,100,-123.47,NA,NA,252.94,264.6,0.128862570039928,1.75030500992181,0.145023757461686,0.127323875531691,0.940982011049545,NA
"TD","RSTD",40,100,-201.51,NA,NA,409.02,420.68,0.420502026332542,0.0828633031448371,0.616211206861588,0.946008936494002,0.065423682380125,NA
"TD","RSTD",41,100,-109.38,NA,NA,224.76,236.42,0.860091791022569,1.2001721150753,0.333762859143939,0.623088859906998,1.16411247363672,NA
"TD","RSTD",42,100,-156.52,NA,NA,319.04,330.7,0.633000507717952,0.316391955215622,0.918044933307037,0.720716219706909,0.306487857709263,NA
"TD","RSTD",43,100,-111.31,NA,NA,228.62,240.28,0.512010124279186,2.01376353887389,0.21871212385348,0.285542193067692,0.772785076536443,NA
"TD","RSTD",44,100,-110.8,NA,NA,227.6,239.26,0.4054856733419,3.89528230370438,0.622214248292279,0.405508078808356,1.33730122213221,NA
"TD","RSTD",45,100,-179.41,NA,NA,364.82,376.48,0.319981756620109,0.264156529679894,0.320099026642313,0.253840786324605,0.178340913774426,NA
"TD","RSTD",46,100,-107.92,NA,NA,221.84,233.5,0.947748523205519,1.36391219958187,0.155032892719813,0.436775501902594,1.00907450201323,NA
"TD","RSTD",47,100,-116.1,NA,NA,238.2,249.86,0.885661983396858,1.4762263855988,0.532554669900593,0.780999914003544,0.971600038451321,NA
"TD","RSTD",48,100,-203.28,NA,NA,412.56,424.22,0.119032545015216,0.210982074495405,0.233610573503827,0.288000688784593,0.10558336110331,NA
"TD","RSTD",49,100,-132.17,NA,NA,270.34,282,0.931592519162223,0.648705839645118,0.925707751832638,0.883566939066934,0.834992951136623,NA
"TD","RSTD",50,100,-90.51,NA,NA,187.02,198.68,0.753800751408562,2.89878896835935,0.330529194994129,0.61973396284094,2.4809360603339,NA
"TD","RSTD",51,100,-183.98,NA,NA,373.96,385.62,0.080542077543214,0.38312963815406,0.146202311941234,0.116387967844077,0.278293392413821,NA
"TD","RSTD",52,100,-221.94,NA,NA,449.88,461.54,0.0462017410900444,0.577519766520709,0.205562729519769,0.17201557132672,0.189371936702256,NA
"TD","RSTD",53,100,-120.1,NA,NA,246.2,257.86,0.407168375095353,0.8810732345608,0.221562857412856,0.222748086867872,0.693845279756999,NA
"TD","RSTD",54,100,-146.94,NA,NA,299.88,311.54,0.960197768406942,0.629818245768547,0.89568678624275,0.886527552916717,5.26241352772312,NA
"TD","RSTD",55,100,-200.49,NA,NA,406.98,418.64,0.745619997614995,0.0838289222957155,0.585578795737685,0.881919923555085,0.113770243182197,NA
"TD","RSTD",56,100,-190.78,NA,NA,387.56,399.22,0.387793875532225,0.184212701395154,0.362340094835874,0.281501487641812,0.153854692221869,NA
"TD","RSTD",57,100,-155.27,NA,NA,316.54,328.2,0.640330957481638,0.323464683257043,0.914337307522022,0.736920658852825,0.302717595299346,NA
"TD","RSTD",58,100,-189.63,NA,NA,385.26,396.92,0.46626549679786,0.183777129743248,0.597924466849586,0.516940809108091,0.119460348663863,NA
"TD","RSTD",59,100,-101.62,NA,NA,209.24,220.9,0.781977394130081,1.17335850927503,0.681007809897612,0.780822212380735,1.33351886343437,NA
"TD","RSTD",60,100,-204.44,NA,NA,414.88,426.54,0.185236022341996,0.162097267924749,0.441559367222778,0.741082403046514,0.0648641267337153,NA
"TD","RSTD",61,100,-180.97,NA,NA,367.94,379.6,0.703108243644238,0.190494351089001,0.845696426580229,0.736020827284841,0.157139083301918,NA
"TD","RSTD",62,100,-108.97,NA,NA,223.94,235.6,0.540940156206489,1.71158919288757,0.217535678995179,0.306964536366677,0.882571787786154,NA
"TD","RSTD",63,100,-115.86,NA,NA,237.72,249.38,0.265401779906824,1.94766673623564,0.384807482005447,0.28943649392463,2.79000535622872,NA
"TD","RSTD",64,100,-180.19,NA,NA,366.38,378.04,0.897607917198911,0.209870352875441,0.355190930752042,0.451018495309733,0.195330551408563,NA
"TD","RSTD",65,100,-213.97,NA,NA,433.94,445.6,0.398145136190578,0.0485801249742508,0.66495915275103,0.83658926985041,0.0446638768845325,NA
"TD","RSTD",66,100,-143.12,NA,NA,292.24,303.9,0.470244030002505,0.370898498687893,0.82851838208756,0.689617574619097,0.389081140783485,NA
"TD","RSTD",67,100,-101.55,NA,NA,209.1,220.76,0.824348853668198,1.18002879429133,0.702722845432951,0.78019083818979,1.26018208675104,NA
"TD","RSTD",68,100,-158.52,NA,NA,323.04,334.7,0.503097830805928,0.322839245665818,0.863819503857016,0.715127873526627,0.287678061118819,NA
"TD","RSTD",69,100,-124.98,NA,NA,255.96,267.62,0.361050225095823,1.17336245528878,0.197953943589422,0.194605069117461,0.848356829313466,NA
"TD","RSTD",70,100,-185.29,NA,NA,376.58,388.24,0.964988884748891,0.189227518625557,0.822792010619825,0.56822864122278,0.113388731575938,NA
"TD","RSTD",71,100,-90.51,NA,NA,187.02,198.68,0.789667062694207,2.04544003671947,0.330529194994129,0.61973396284094,2.4809360603339,NA
"TD","RSTD",72,100,-94.96,NA,NA,195.92,207.58,0.628910263301805,2.95466302318459,0.7122280908743,0.764804537622933,1.16664147705781,NA
"TD","RSTD",73,100,-146.61,NA,NA,299.22,310.88,0.415234696352854,0.710676135453296,0.365380184016845,0.345792606800641,0.686615446238413,NA
"TD","RSTD",74,100,-107.01,NA,NA,220.02,231.68,0.857857148861513,0.936107955831003,0.200111659137854,0.396975645184036,0.946960303070282,NA
"TD","RSTD",75,100,-181.73,NA,NA,369.46,381.12,0.629901704145595,0.199268886353821,0.387217110639995,0.42942708409562,0.182126356726052,NA
"TD","RSTD",76,100,-164.85,NA,NA,335.7,347.36,0.359289909945801,0.364497002285354,0.573263561004983,0.406080920884313,0.230068039299241,NA
"TD","RSTD",77,100,-118.99,NA,NA,243.98,255.64,0.446684151422232,1.46860518856885,0.188351905477387,0.194628372667726,0.765292610530315,NA
"TD","RSTD",78,100,-144.19,NA,NA,294.38,306.04,0.378760501742363,0.432298531290144,0.423076659633202,0.335768124401069,0.374806428575105,NA
"TD","RSTD",79,100,-148.04,NA,NA,302.08,313.74,0.372670353855938,0.686002678703517,0.452356306715956,0.316578290640699,0.631077672642615,NA
"TD","RSTD",80,100,-138.16,NA,NA,282.32,293.98,0.428967847023159,0.430095953866839,0.318754925852132,0.344744493318623,0.441273592563138,NA
"TD","RSTD",81,100,-221.86,NA,NA,449.72,461.38,0.111280993092805,0.0420480497825296,0.569112264050397,0.597067934128362,0.0309472744402008,NA
"TD","RSTD",82,100,-131.62,NA,NA,269.24,280.9,0.142161799827591,1.60663627263189,0.235078661341619,0.204915208270441,0.764226630621272,NA
"TD","RSTD",83,100,-90.51,NA,NA,187.02,198.68,0.779834397835657,3.55762586234994,0.330529194994129,0.61973396284094,2.4809360603339,NA
"TD","RSTD",84,100,-154.05,NA,NA,314.1,325.76,0.386252531083301,0.630521601997316,0.201623882096101,0.193581989366955,0.738668122288375,NA
"TD","RSTD",85,100,-177.64,NA,NA,361.28,372.94,0.23896856745705,0.3059749789536,0.213671777445247,0.163774570390345,0.264307784516235,NA
"TD","RSTD",86,100,-194.93,NA,NA,395.86,407.52,0.670282299863175,0.116263606119901,0.439676345997457,0.52826541197122,0.146257134661344,NA
"TD","RSTD",87,100,-123.05,NA,NA,252.1,263.76,0.560497718863189,0.79223784707011,0.484681702285111,0.596431871982462,0.816308372748185,NA
"TD","RSTD",88,100,-183.34,NA,NA,372.68,384.34,0.915246691787615,0.194212660659105,0.999999908419229,0.925684184908325,0.141639215292275,NA
"TD","RSTD",89,100,-118.28,NA,NA,242.56,254.22,0.589335348224267,0.931611171881569,0.657527373079481,0.791099304879406,0.818819826210113,NA
"TD","RSTD",90,100,-146.94,NA,NA,299.88,311.54,0.987134294584394,0.600823707412928,0.89568678624275,0.886527552916717,5.26241352772312,NA
"TD","RSTD",91,100,-137.66,NA,NA,281.32,292.98,0.401124990079552,0.436571269761771,0.215811067199835,0.191735622928342,0.493684280877159,NA
"TD","RSTD",92,100,-201.62,NA,NA,409.24,420.9,0.565618214197457,0.0649159974418581,0.644932948382082,0.970381758489371,0.0669135224250221,NA
"TD","RSTD",93,100,-208.84,NA,NA,423.68,435.34,0.125127220060676,0.546449628192931,0.346959640922421,0.268393414434969,0.179423420247379,NA
"TD","RSTD",94,100,-110.62,NA,NA,227.24,238.9,0.791645931312814,0.766796249431272,0.725404777990669,0.791237322261879,1.0155283061889,NA
"TD","RSTD",95,100,-210.04,NA,NA,426.08,437.74,0.0988319513853639,0.092432988807559,0.372083977074563,0.219508105201081,0.0574979367629794,NA
"TD","RSTD",96,100,-132.86,NA,NA,271.72,283.38,0.333673485321924,0.79963922020125,0.186896554060307,0.180358853339437,0.79179871128051,NA
"TD","RSTD",97,100,-211.94,NA,NA,429.88,441.54,0.10172016825527,0.620830333791673,0.343297367102235,0.460684562662003,0.17788395815594,NA
"TD","RSTD",98,100,-206.33,NA,NA,418.66,430.32,0.0187283449340612,0.165121834239408,0.142626026593701,0.112115444213281,0.129198118713586,NA
"TD","RSTD",99,100,-131.68,NA,NA,269.36,281.02,0.461979309096932,0.880842309403134,0.313999593942439,0.344003426527764,0.655033997360157,NA
"TD","RSTD",100,100,-107.28,NA,NA,220.56,232.22,0.729020358063281,0.83565291385622,0.72534340446422,0.783860463946638,1.03762857004426,NA
"TD","Utility",1,100,-112.93,NA,NA,231.86,243.52,0.643091264180839,0.83357874206723,0.850422786794542,0.742295751570142,2.79905519016922,NA
"TD","Utility",2,100,-94.95,NA,NA,195.9,207.56,0.724670132622123,1.43561604238095,0.807769738849233,0.965038601579476,1.45729720945886,NA
"TD","Utility",3,100,-105.23,NA,NA,216.46,228.12,0.950232450617477,2.03779015681686,0.88150965021121,0.999998903233517,3.1868603386249,NA
"TD","Utility",4,100,-201.92,NA,NA,409.84,421.5,0.682289758697152,0.0720224548131227,0.755112502445519,0.472394966048902,0.490128111698646,NA
"TD","Utility",5,100,-128.65,NA,NA,263.3,274.96,0.200363578274846,1.00568439900399,0.121825874880829,0.888047057512637,1.62255245255249,NA
"TD","Utility",6,100,-170.95,NA,NA,347.9,359.56,0.321220333920792,0.298665664158762,0.140431389113583,0.83647989716046,0.724163033804836,NA
"TD","Utility",7,100,-214.72,NA,NA,435.44,447.1,0.571441247593611,0.0502132950350642,0.847831617173099,0.26401495158166,0.655783284823337,NA
"TD","Utility",8,100,-140.83,NA,NA,287.66,299.32,0.973066303646192,0.392999498639256,0.937572977471689,0.431709790108798,7.63401538118831,NA
"TD","Utility",9,100,-249.53,NA,NA,505.06,516.72,0.895209939451888,0.0054737395918251,0.0130112944252776,0.632992154849844,7.00246382267082e-08,NA
"TD","Utility",10,100,-161.8,NA,NA,329.6,341.26,0.0494146177079529,0.507862410508096,0.0276184078774881,0.822577124531267,1.46325792133363,NA
"TD","Utility",11,100,-205.52,NA,NA,417.04,428.7,0.197620301274583,0.18983699940145,0.112312350577461,0.577832277638748,0.764791499093071,NA
"TD","Utility",12,100,-204.67,NA,NA,415.34,427,0.0560640415642411,0.566026730462909,0.00671311346351622,0.517966630825831,3.64681010792194,NA
"TD","Utility",13,100,-139.99,NA,NA,285.98,297.64,0.051307131536305,1.23247370731968,0.0472940319654164,0.999999629579783,1.26504702017051,NA
"TD","Utility",14,100,-177.98,NA,NA,361.96,373.62,0.989872474921867,0.208000437050192,0.951530095991238,0.301700759529485,9.15514371066594,NA
"TD","Utility",15,100,-140.37,NA,NA,286.74,298.4,0.711294803768396,0.57632797351107,0.854193661313316,0.583392981677848,4.43766318138649,NA
"TD","Utility",16,100,-249.53,NA,NA,505.06,516.72,0.0768930825870484,0.00966986734420061,0.910393439957221,0.529635597786824,1.6762748491331e-07,NA
"TD","Utility",17,100,-90.83,NA,NA,187.66,199.32,0.797194604296237,2.5054881726885,0.820795247710903,0.951453018030475,1.77235383390029,NA
"TD","Utility",18,100,-98.78,NA,NA,203.56,215.22,0.731893435353413,1.27495420533688,0.820115519227899,0.880912934177458,1.89831540597774,NA
"TD","Utility",19,100,-106.75,NA,NA,219.5,231.16,0.809085062006488,0.797056699129653,0.823099101437103,0.900194682116471,1.42389033317418,NA
"TD","Utility",20,100,-114.03,NA,NA,234.06,245.72,0.511981163173914,2.39124982816227,0.373702343465369,0.854045167394109,1.86037479096064,NA
"TD","Utility",21,100,-116.3,NA,NA,238.6,250.26,0.226354157319292,1.66897989056053,0.137146437362524,0.921975189959838,1.55330760252268,NA
"TD","Utility",22,100,-128.15,NA,NA,262.3,273.96,0.300222688354552,0.955442077438247,0.129409910135174,0.896689032054502,1.48464640447854,NA
"TD","Utility",23,100,-105.23,NA,NA,216.46,228.12,0.984172471100464,1.69604673600736,0.88150965021121,0.999998903233517,3.1868603386249,NA
"TD","Utility",24,100,-176.62,NA,NA,359.24,370.9,0.540354023920372,0.234106497689865,0.897393234439787,0.351258606083285,6.90501316630932,NA
"TD","Utility",25,100,-157.39,NA,NA,320.78,332.44,0.870058757020161,0.327183235902339,0.874088465274934,0.696151369955713,1.39235033742037,NA
"TD","Utility",26,100,-108.07,NA,NA,222.14,233.8,0.0660558908712119,1.97567781611326,0.0593607196676464,0.935316566397816,2.29950046933374,NA
"TD","Utility",27,100,-168.57,NA,NA,343.14,354.8,0.973287776112556,0.260513227898628,0.889117980036647,0.711124017475196,1.07700395098767,NA
"TD","Utility",28,100,-126.3,NA,NA,258.6,270.26,0.290595552418381,1.05573849655212,0.142196537223074,0.89679728063069,1.52170563067183,NA
"TD","Utility",29,100,-175.38,NA,NA,356.76,368.42,0.988910319516435,0.211397308856249,0.87450388611233,0.688711682495592,1.03432090358979,NA
"TD","Utility",30,100,-113.9,NA,NA,233.8,245.46,0.329378831898794,2.0851063261411,0.360283567881695,0.603693958428278,7.00071607699333,NA
"TD","Utility",31,100,-135.8,NA,NA,277.6,289.26,0.11878991080448,0.835414388175023,0.0894984460266997,0.93085797410979,1.33398528282046,NA
"TD","Utility",32,100,-190.19,NA,NA,386.38,398.04,0.0508385861758143,0.410096168983728,9.57689483579515e-08,0.544884234720289,1.83260012456633,NA
"TD","Utility",33,100,-116.02,NA,NA,238.04,249.7,0.684979062527418,0.756628525771442,0.838734500723841,0.71721817083757,2.93724649122384,NA
"TD","Utility",34,100,-202.15,NA,NA,410.3,421.96,0.842564480379224,0.0599249633960426,0.867424035273905,0.287919535643056,0.825972652282315,NA
"TD","Utility",35,100,-111.77,NA,NA,229.54,241.2,0.27115519088693,2.69503675574873,0.277314025300869,0.684320492993708,4.58568204820197,NA
"TD","Utility",36,100,-124.2,NA,NA,254.4,266.06,0.779200294986367,0.457588243763894,0.898498301217824,0.555843278843987,4.41738429553943,NA
"TD","Utility",37,100,-105.23,NA,NA,216.46,228.12,0.982565350597724,3.92570209977795,0.88150965021121,0.999998903233517,3.1868603386249,NA
"TD","Utility",38,100,-177.91,NA,NA,361.82,373.48,0.533772448310629,0.225168376229703,0.910696654686985,0.326480068170897,7.00209356580182,NA
"TD","Utility",39,100,-119.38,NA,NA,244.76,256.42,0.128862570039928,1.75030500992181,0.080120450720206,0.808463595008221,3.26890282894234,NA
"TD","Utility",40,100,-203.94,NA,NA,413.88,425.54,0.420502026332542,0.0828633031448371,0.901773400535359,0.308856851804908,0.81700104016797,NA
"TD","Utility",41,100,-110.35,NA,NA,226.7,238.36,0.860091791022569,1.2001721150753,0.868227700528733,0.823186410552534,2.19257507529179,NA
"TD","Utility",42,100,-157.58,NA,NA,321.16,332.82,0.633000507717952,0.316391955215622,0.863710328197349,0.48363070453909,3.99578435206403,NA
"TD","Utility",43,100,-114.03,NA,NA,234.06,245.72,0.512010124279186,2.01376353887389,0.373702343465369,0.854045167394109,1.86037479096064,NA
"TD","Utility",44,100,-109.98,NA,NA,225.96,237.62,0.4054856733419,3.89528230370438,0.42561011584084,0.547680394345171,9.59886231768964,NA
"TD","Utility",45,100,-178.85,NA,NA,363.7,375.36,0.319981756620109,0.264156529679894,0.167521507730479,0.755248747451078,0.756542542895467,NA
"TD","Utility",46,100,-112.99,NA,NA,231.98,243.64,0.947748523205519,1.36391219958187,0.88557666657865,0.84011391005881,2.21285087481626,NA
"TD","Utility",47,100,-116.77,NA,NA,239.54,251.2,0.885661983396858,1.4762263855988,0.877431445845034,0.806474287655414,2.41235415731304,NA
"TD","Utility",48,100,-201.33,NA,NA,408.66,420.32,0.119032545015216,0.210982074495405,0.0129766410816293,0.467335029306327,2.06452199205254,NA
"TD","Utility",49,100,-131.7,NA,NA,269.4,281.06,0.931592519162223,0.648705839645118,0.924549346030001,0.57340715107821,6.1275882469845,NA
"TD","Utility",50,100,-90.83,NA,NA,187.66,199.32,0.753800751408562,2.89878896835935,0.820795247710903,0.951453018030475,1.77235383390029,NA
"TD","Utility",51,100,-179.91,NA,NA,365.82,377.48,0.080542077543214,0.38312963815406,0.0259861268052483,0.681338462897256,1.57377901142668,NA
"TD","Utility",52,100,-216.23,NA,NA,438.46,450.12,0.0462017410900444,0.577519766520709,3.14176794565084e-07,0.489187818454229,3.11944932187956,NA
"TD","Utility",53,100,-121.93,NA,NA,249.86,261.52,0.407168375095353,0.8810732345608,0.265562866311092,0.885872461203586,1.44140405362566,NA
"TD","Utility",54,100,-139.15,NA,NA,284.3,295.96,0.960197768406942,0.629818245768547,0.942015241137043,0.530023004325319,7.41920718504674,NA
"TD","Utility",55,100,-200.53,NA,NA,407.06,418.72,0.745619997614995,0.0838289222957155,0.781633888082908,0.368313762970263,0.694699380683791,NA
"TD","Utility",56,100,-193.21,NA,NA,392.42,404.08,0.387793875532225,0.184212701395154,0.633205719158013,0.472889455656513,0.921535043362117,NA
"TD","Utility",57,100,-156.44,NA,NA,318.88,330.54,0.640330957481638,0.323464683257043,0.862364544443638,0.516719416555184,3.47143415358573,NA
"TD","Utility",58,100,-192.96,NA,NA,391.92,403.58,0.46626549679786,0.183777129743248,0.658644405854573,0.487054616136819,0.923885412662608,NA
"TD","Utility",59,100,-101.27,NA,NA,208.54,220.2,0.781977394130081,1.17335850927503,0.835176208051757,0.919941647939447,1.56398040305896,NA
"TD","Utility",60,100,-206.29,NA,NA,418.58,430.24,0.185236022341996,0.162097267924749,0.118850703862181,0.616080771357325,0.815872508503997,NA
"TD","Utility",61,100,-181.93,NA,NA,369.86,381.52,0.703108243644238,0.190494351089001,0.880763829653111,0.537535470924697,1.75869408116039,NA
"TD","Utility",62,100,-113.58,NA,NA,233.16,244.82,0.540940156206489,1.71158919288757,0.406288673991636,0.885994191260364,1.51911184909151,NA
"TD","Utility",63,100,-111.35,NA,NA,228.7,240.36,0.265401779906824,1.94766673623564,0.277224156686731,0.744163763336832,4.18219908864716,NA
"TD","Utility",64,100,-178.05,NA,NA,362.1,373.76,0.897607917198911,0.209870352875441,0.873255636600725,0.622125511339456,1.30546482142259,NA
"TD","Utility",65,100,-214.77,NA,NA,435.54,447.2,0.398145136190578,0.0485801249742508,0.870937446088075,0.269485257938125,0.598061714058386,NA
"TD","Utility",66,100,-144.89,NA,NA,295.78,307.44,0.470244030002505,0.370898498687893,0.828616005359189,0.567886487823853,2.82938568408074,NA
"TD","Utility",67,100,-101.14,NA,NA,208.28,219.94,0.824348853668198,1.18002879429133,0.823934633332354,0.942275701026904,1.44935787419561,NA
"TD","Utility",68,100,-159.76,NA,NA,325.52,337.18,0.503097830805928,0.322839245665818,0.877351303394084,0.436604937372551,5.06562905446853,NA
"TD","Utility",69,100,-124.61,NA,NA,255.22,266.88,0.361050225095823,1.17336245528878,0.136749676252718,0.914700031423663,1.53965440895008,NA
"TD","Utility",70,100,-183.38,NA,NA,372.76,384.42,0.964988884748891,0.189227518625557,0.902737985656399,0.646491178207834,1.03267367521464,NA
"TD","Utility",71,100,-90.83,NA,NA,187.66,199.32,0.789667062694207,2.04544003671947,0.820795247710903,0.951453018030475,1.77235383390029,NA
"TD","Utility",72,100,-94.95,NA,NA,195.9,207.56,0.628910263301805,2.95466302318459,0.825550974569631,0.899414909569527,1.85858912286955,NA
"TD","Utility",73,100,-146.01,NA,NA,298.02,309.68,0.415234696352854,0.710676135453296,0.27426377444987,0.927919844341571,1.09846332309439,NA
"TD","Utility",74,100,-108.46,NA,NA,222.92,234.58,0.857857148861513,0.936107955831003,0.866007484191656,0.840924380451562,1.92794059281461,NA
"TD","Utility",75,100,-180.64,NA,NA,367.28,378.94,0.629901704145595,0.199268886353821,0.862309282456698,0.577188419028948,1.46420388148721,NA
"TD","Utility",76,100,-160.05,NA,NA,326.1,337.76,0.359289909945801,0.364497002285354,0.169420888995669,0.785750219573294,0.985196515203476,NA
"TD","Utility",77,100,-122.03,NA,NA,250.06,261.72,0.446684151422232,1.46860518856885,0.130089180811655,0.903255660962178,1.54789313277996,NA
"TD","Utility",78,100,-143.52,NA,NA,293.04,304.7,0.378760501742363,0.432298531290144,0.177038699655533,0.795862994406013,1.21940447959484,NA
"TD","Utility",79,100,-149.36,NA,NA,304.72,316.38,0.372670353855938,0.686002678703517,0.284090780984901,0.821203485068519,1.78029438235275,NA
"TD","Utility",80,100,-140.43,NA,NA,286.86,298.52,0.428967847023159,0.430095953866839,0.249660892166084,0.874290529559023,0.825484205800515,NA
"TD","Utility",81,100,-220.96,NA,NA,447.92,459.58,0.111280993092805,0.0420480497825296,1.91496812949221e-06,2.72716902979882e-07,1.32046791393406,NA
"TD","Utility",82,100,-119.79,NA,NA,245.58,257.24,0.142161799827591,1.60663627263189,0.095885473234406,0.865024131117867,2.24526314829964,NA
"TD","Utility",83,100,-90.83,NA,NA,187.66,199.32,0.779834397835657,3.55762586234994,0.820795247710903,0.951453018030475,1.77235383390029,NA
"TD","Utility",84,100,-153.03,NA,NA,312.06,323.72,0.386252531083301,0.630521601997316,0.154519736458366,0.999997461003912,0.832144950614884,NA
"TD","Utility",85,100,-178.72,NA,NA,363.44,375.1,0.23896856745705,0.3059749789536,0.131123988620764,0.721948472381942,0.887404337305689,NA
"TD","Utility",86,100,-194.29,NA,NA,394.58,406.24,0.670282299863175,0.116263606119901,0.583988365675964,0.660378516113139,0.354702107017946,NA
"TD","Utility",87,100,-123.46,NA,NA,252.92,264.58,0.560497718863189,0.79223784707011,0.80304985226761,0.683468106777386,3.03080785261853,NA
"TD","Utility",88,100,-183.58,NA,NA,373.16,384.82,0.915246691787615,0.194212660659105,0.890586218619966,0.648653700910146,1.00871975049676,NA
"TD","Utility",89,100,-115.37,NA,NA,236.74,248.4,0.589335348224267,0.931611171881569,0.819014442246945,0.71000211683452,3.11913634687039,NA
"TD","Utility",90,100,-139.15,NA,NA,284.3,295.96,0.987134294584394,0.600823707412928,0.942015241137043,0.530023004325319,7.41920718504674,NA
"TD","Utility",91,100,-137.93,NA,NA,281.86,293.52,0.401124990079552,0.436571269761771,0.239486413945999,0.872248145996518,0.791563938557942,NA
"TD","Utility",92,100,-203.91,NA,NA,413.82,425.48,0.565618214197457,0.0649159974418581,0.850905340440649,0.327778486470582,0.807865202296382,NA
"TD","Utility",93,100,-188.14,NA,NA,382.28,393.94,0.125127220060676,0.546449628192931,0.121800171912625,0.856301182526819,1.16364075037178,NA
"TD","Utility",94,100,-110.18,NA,NA,226.36,238.02,0.791645931312814,0.766796249431272,0.856373512074494,0.738963781314527,2.74802567219461,NA
"TD","Utility",95,100,-207.95,NA,NA,421.9,433.56,0.0988319513853639,0.092432988807559,6.26962324766141e-10,0.241823349112775,1.20645988690716,NA
"TD","Utility",96,100,-131.97,NA,NA,269.94,281.6,0.333673485321924,0.79963922020125,0.13362959385501,0.955164073555517,1.12146994488599,NA
"TD","Utility",97,100,-181.11,NA,NA,368.22,379.88,0.10172016825527,0.620830333791673,0.0657609316513899,0.850422319973214,1.49371691135682,NA
"TD","Utility",98,100,-202.62,NA,NA,411.24,422.9,0.0187283449340612,0.165121834239408,2.74655280933249e-07,0.48284167100418,1.39944128609337,NA
"TD","Utility",99,100,-134.73,NA,NA,275.46,287.12,0.461979309096932,0.880842309403134,0.132816649073612,0.938946914073113,1.32027373927899,NA
"TD","Utility",100,100,-106.79,NA,NA,219.58,231.24,0.729020358063281,0.83565291385622,0.821533358980847,0.897853550768373,1.43115962573854,NA
"RSTD","TD",1,100,-112.8,NA,NA,229.6,237.37,0.285107890376821,0.724670132622123,0.862296689073662,1.02892729649202,NA,1.43561604238095
"RSTD","TD",2,100,-181.54,NA,NA,367.08,374.85,0.950232450617477,0.206436974462122,0.172721771602037,0.313796349204108,NA,0.364579517394304
"RSTD","TD",3,100,-159.14,NA,NA,322.28,330.05,0.536011227406561,0.200363578274846,0.154811614026915,0.656402642352628,NA,1.00568439900399
"RSTD","TD",4,100,-199.69,NA,NA,403.38,411.15,0.321220333920792,0.649332832079381,0.717412821907781,0.0736347803590247,NA,0.142882495187223
"RSTD","TD",5,100,-141.63,NA,NA,287.26,295.03,0.525106647517532,0.973066303646192,0.820990577091632,0.406729809935218,NA,0.392999498639256
"RSTD","TD",6,100,-105.35,NA,NA,214.7,222.47,0.895209939451888,0.943225271301344,0.88260439726684,2.59700734177902,NA,3.35385648889427
"RSTD","TD",7,100,-193.23,NA,NA,390.46,398.23,0.753931205254048,0.197620301274583,0.671244249348314,0.0925301159566329,NA,0.18983699940145
"RSTD","TD",8,100,-74.59,NA,NA,153.18,160.95,0.0560640415642411,0.783013365231454,7.5805703229064e-08,7.76448311444192,NA,3.41441693140154
"RSTD","TD",9,100,-176.98,NA,NA,357.96,365.73,0.479448032099754,0.989872474921867,0.758466686327743,0.204051195386061,NA,0.208000437050192
"RSTD","TD",10,100,-90.85,NA,NA,185.7,193.47,0.711294803768396,0.788163986755535,0.824074405000264,1.660872818793,NA,2.30973086307261
"RSTD","TD",11,100,-113.13,NA,NA,230.26,238.03,0.5048349336721,0.797194604296237,0.849244582832086,1.01803580319409,NA,2.5054881726885
"RSTD","TD",12,100,-152.69,NA,NA,309.38,317.15,0.731893435353413,0.395451756194234,0.115380367367254,1.40962975534457,NA,0.618170124012977
"RSTD","TD",13,100,-97.7,NA,NA,199.4,207.17,0.275977379642427,0.511981163173914,0.8102784939948,1.34492333649692,NA,2.39124982816227
"RSTD","TD",14,100,-134.94,NA,NA,273.88,281.65,0.226354157319292,0.16033569118008,0.151829674295566,0.852933750891464,NA,0.894037933978152
"RSTD","TD",15,100,-105.35,NA,NA,214.7,222.47,0.315573724219576,0.984172471100464,0.88260439726684,2.59700734177902,NA,1.69604673600736
"RSTD","TD",16,100,-154.04,NA,NA,312.08,319.85,0.540354023920372,0.854036244563758,0.797971898743016,0.355001116402069,NA,0.362152148856662
"RSTD","TD",17,100,-219.58,NA,NA,443.16,450.93,0.66359161795117,0.0660558908712119,0.0801259056426855,0.298272631971438,NA,1.97567781611326
"RSTD","TD",18,100,-126.79,NA,NA,257.58,265.35,0.973287776112556,0.630256613949314,0.231424687051274,0.74987401485387,NA,0.855529390233469
"RSTD","TD",19,100,-183.61,NA,NA,371.22,378.99,0.340647828998044,0.988910319516435,0.565382716222071,0.158362661249373,NA,0.211397308856249
"RSTD","TD",20,100,-214.62,NA,NA,433.24,441.01,0.329378831898794,0.0628540490288287,0.0818802091043884,0.331512267642564,NA,2.33967715737489
"RSTD","TD",21,100,-198.32,NA,NA,400.64,408.41,0.285566801903769,0.0508385861758143,0.108473325136253,0.191673911042829,NA,0.410096168983728
"RSTD","TD",22,100,-142.58,NA,NA,289.16,296.93,0.684979062527418,0.438995202770457,0.105753985885948,1.58019021974303,NA,0.685128960758448
"RSTD","TD",23,100,-122.58,NA,NA,249.16,256.93,0.529962481698021,0.27115519088693,0.1866143053312,0.870558253425137,NA,2.69503675574873
"RSTD","TD",24,100,-191.41,NA,NA,386.82,394.59,0.779200294986367,0.728794121881947,0.699214964339311,0.12789949998552,NA,0.160821524456017
"RSTD","TD",25,100,-194.09,NA,NA,392.18,399.95,0.0281218434683979,0.533772448310629,0.0710027667760488,0.27914186206062,NA,0.225168376229703
"RSTD","TD",26,100,-122.27,NA,NA,248.54,256.31,0.128862570039928,0.17050133110024,0.107300588779083,1.14836788408336,NA,1.37515528589011
"RSTD","TD",27,100,-101.14,NA,NA,206.28,214.05,0.980796684976667,0.860091791022569,0.814729820221861,1.08460188799646,NA,1.2001721150753
"RSTD","TD",28,100,-241.25,NA,NA,486.5,494.27,0.633000507717952,0.959949327167124,0.88083979697332,0.0194816722935623,NA,0.0240202485583723
"RSTD","TD",29,100,-98.16,NA,NA,200.32,208.09,0.234798390883952,0.4054856733419,0.61473033791199,9.5773573345323,NA,3.89528230370438
"RSTD","TD",30,100,-209.28,NA,NA,422.56,430.33,0.319981756620109,0.632078264839947,0.609266224453579,0.0541369107897613,NA,0.0559587455590604
"RSTD","TD",31,100,-109.07,NA,NA,222.14,229.91,0.417691254755482,0.885661983396858,0.866126699098346,1.10791071725108,NA,1.4762263855988
"RSTD","TD",32,100,-217.34,NA,NA,438.68,446.45,0.119032545015216,0.605491037247702,0.210606771606844,0.0422581251687799,NA,0.0459982767437321
"RSTD","TD",33,100,-90.85,NA,NA,185.7,193.47,0.824352919822559,0.753800751408562,0.824074405000264,1.660872818793,NA,2.89878896835935
"RSTD","TD",34,100,-106.75,NA,NA,217.5,225.27,0.080542077543214,0.69156481907703,0.00557461611273437,4.79237401982368,NA,3.2510444371212
"RSTD","TD",35,100,-121.63,NA,NA,247.26,255.03,0.788759883260354,0.407168375095353,0.178272696464397,0.962512421621656,NA,0.8810732345608
"RSTD","TD",36,100,-120.45,NA,NA,244.9,252.67,0.960197768406942,0.814909122884274,0.83070518722214,0.524761608724578,NA,0.491239995229989
"RSTD","TD",37,100,-185.43,NA,NA,374.86,382.63,0.983733647270128,0.387793875532225,0.342097061055134,0.185613383310042,NA,0.184212701395154
"RSTD","TD",38,100,-105.97,NA,NA,215.94,223.71,0.640330957481638,0.661732341628522,0.766435922632316,0.933129463283765,NA,1.1015722423634
"RSTD","TD",39,100,-107.8,NA,NA,219.6,227.37,0.591888564871624,0.781977394130081,0.834445882864862,1.00468409800209,NA,1.17335850927503
"RSTD","TD",40,100,-180.01,NA,NA,364.02,371.79,0.185236022341996,0.927017299691215,0.920584538694716,0.340898308571643,NA,0.406216487288475
"RSTD","TD",41,100,-105.83,NA,NA,215.66,223.43,0.5952471755445,0.540940156206489,0.335018633662775,1.05285335548497,NA,1.71158919288757
"RSTD","TD",42,100,-184.33,NA,NA,372.66,380.43,0.265401779906824,0.195171546889469,0.150301843622985,0.28248321841063,NA,0.226954524639678
"RSTD","TD",43,100,-212.52,NA,NA,429.04,436.81,0.604935176437721,0.398145136190578,0.907815701022495,0.0479071188406589,NA,0.0485801249742508
"RSTD","TD",44,100,-134.46,NA,NA,272.92,280.69,0.470244030002505,0.685449249343947,0.80622302138626,0.655444842942372,NA,0.648697707336396
"RSTD","TD",45,100,-164.02,NA,NA,332.04,339.81,0.371720403432846,0.503097830805928,0.749044660594224,0.280773109976832,NA,0.322839245665818
"RSTD","TD",46,100,-200.83,NA,NA,405.66,413.43,0.361050225095823,0.370053818682209,0.135970948641384,0.173654252175994,NA,0.173567070005157
"RSTD","TD",47,100,-93.09,NA,NA,190.18,197.95,0.594613759312779,0.789667062694207,0.863672826439787,3.22701753097118,NA,2.04544003671947
"RSTD","TD",48,100,-220.73,NA,NA,445.46,453.23,0.628910263301805,0.0369398219045252,0.0804135123225462,0.290963640212993,NA,1.35408596597136
"RSTD","TD",49,100,-110.55,NA,NA,225.1,232.87,0.254382238723338,0.857857148861513,0.866970916480314,0.973238463284768,NA,0.936107955831003
"RSTD","TD",50,100,-116.85,NA,NA,237.7,245.47,0.629901704145595,0.59963444317691,0.736066359255851,0.766346346620484,NA,1.13030682034315
"RSTD","TD",51,100,-117.35,NA,NA,238.7,246.47,0.958562755258754,0.446684151422232,0.198061261172991,1.01484631557762,NA,1.46860518856885
"RSTD","TD",52,100,-120.01,NA,NA,244.02,251.79,0.378760501742363,0.716149265645072,0.842229248876831,0.890792870361624,NA,1.1838285959837
"RSTD","TD",53,100,-131.74,NA,NA,267.48,275.25,0.843001339351758,0.428967847023159,0.176623230579667,0.632545195445487,NA,0.430095953866839
"RSTD","TD",54,100,-139.37,NA,NA,282.74,290.51,0.111280993092805,0.926345025887713,0.916557984745555,1.10996596422435,NA,1.52358875974062
"RSTD","TD",55,100,-105.35,NA,NA,214.7,222.47,0.231767056509852,0.779834397835657,0.88260439726684,2.59700734177902,NA,3.55762586234994
"RSTD","TD",56,100,-104.87,NA,NA,213.74,221.51,0.386252531083301,0.815260800998658,0.879134351170649,2.51763300191063,NA,1.64474068483968
"RSTD","TD",57,100,-193.3,NA,NA,390.6,398.37,0.6529874894768,0.670282299863175,0.550632729120636,0.111856880484912,NA,0.116263606119901
"RSTD","TD",58,100,-166.41,NA,NA,336.82,344.59,0.560497718863189,0.274772666627541,0.147265179550264,0.799037781679753,NA,0.529099578669097
"RSTD","TD",59,100,-114.68,NA,NA,233.36,241.13,0.597106330329552,0.589335348224267,0.71793334788043,0.743738295929997,NA,0.931611171881569
"RSTD","TD",60,100,-98.88,NA,NA,201.76,209.53,0.987134294584394,0.800411853706464,0.804165442165019,1.11362644002999,NA,1.29764714087815
"RSTD","TD",61,100,-205.84,NA,NA,415.68,423.45,0.718285634880885,0.565618214197457,0.694320614519227,0.0582732682520177,NA,0.0649159974418581
"RSTD","TD",62,100,-220.66,NA,NA,445.32,453.09,0.125127220060676,0.773224814096466,0.943157765905522,0.410345726311202,NA,0.583291862625629
"RSTD","TD",63,100,-207.22,NA,NA,418.44,426.21,0.499009405029938,0.0988319513853639,0.233629319050961,0.0690939241811264,NA,0.092432988807559
"RSTD","TD",64,100,-105.73,NA,NA,215.46,223.23,0.333673485321924,0.454882015939802,0.399468263529886,1.00027798575821,NA,2.70696423376415
"RSTD","TD",65,100,-210.12,NA,NA,424.24,432.01,0.810415166895837,0.0187283449340612,0.647558872765802,0.0494155123917925,NA,0.165121834239408
"RSTD","TD",66,100,-131.86,NA,NA,267.72,275.49,0.461979309096932,0.296923782210797,0.178501815781102,0.608416296007391,NA,0.458040716126561
"RSTD","TD",67,100,-200.47,NA,NA,404.94,412.71,0.285626433324069,0.528872283641249,0.535092322769125,0.0820271448226328,NA,0.147296045374405
"RSTD","TD",68,100,-128.12,NA,NA,260.24,268.01,0.732509626774117,0.600311974063516,0.727416949293669,0.451719927109015,NA,0.449271724574598
"RSTD","TD",69,100,-115.07,NA,NA,234.14,241.91,0.977929984452203,0.529096166603267,0.228916237715504,0.911162316397794,NA,0.751786146880371
"RSTD","TD",70,100,-179.91,NA,NA,363.82,371.59,0.98177181975916,0.159414226887748,0.119393668389844,0.385357542475797,NA,0.477379389107227
"RSTD","TD",71,100,-193.32,NA,NA,390.64,398.41,0.922829337418079,0.366323065012693,0.50990156016905,0.112626248819427,NA,0.0864430760253218
"RSTD","TD",72,100,-164.72,NA,NA,333.44,341.21,0.437475311337039,0.144657690776512,0.128893555651561,0.661479484986803,NA,1.51204245735464
"RSTD","TD",73,100,-120.53,NA,NA,245.06,252.83,0.0812403932213783,0.858433880610391,0.00473736534823673,4.7868314243338,NA,1.57674626609245
"RSTD","TD",74,100,-209.11,NA,NA,422.22,429.99,0.769064010120928,0.423705151304603,0.731896151785768,0.0574216321776888,NA,0.0550090870819986
"RSTD","TD",75,100,-249.53,NA,NA,503.06,510.83,0.27233505435288,0.0992442343849689,0.37063361778098,6.73327752933344e-08,NA,0.0195726837949201
"RSTD","TD",76,100,-122.75,NA,NA,249.5,257.27,0.714246998308226,0.356464033480734,0.17572392372693,0.939275608626198,NA,1.33508190601589
"RSTD","TD",77,100,-104.87,NA,NA,213.74,221.51,0.165105299558491,0.62026000325568,0.879134351170649,2.51763300191063,NA,2.11759630225509
"RSTD","TD",78,100,-132.19,NA,NA,268.38,276.15,0.948594216490164,0.818483957787976,0.805266817860335,0.440427646632109,NA,0.400698857048743
"RSTD","TD",79,100,-217.13,NA,NA,438.26,446.03,0.641159480903298,0.713674181839451,0.747917302914312,0.0386407040018211,NA,0.0414828715044559
"RSTD","TD",80,100,-100.2,NA,NA,204.4,212.17,0.602592710871249,0.798923129681498,0.842787969144582,1.19304452998792,NA,1.65777598732141
"RSTD","TD",81,100,-83.78,NA,NA,171.56,179.33,0.0268326783552766,0.983408806612715,0.0031012202538573,9.0590274573428,NA,1.42827125892359
"RSTD","TD",82,100,-206.86,NA,NA,417.72,425.49,0.390374890295789,0.210965643869713,0.445212693484883,0.0630426794406915,NA,0.0709301116876304
"RSTD","TD",83,100,-200,NA,NA,404,411.77,0.909624356776476,0.0655163209885359,0.0761034220628447,0.198220642709346,NA,0.479556284306279
"RSTD","TD",84,100,-123.38,NA,NA,250.76,258.53,0.894585720263422,0.928069569170475,0.862344707352801,0.797572907847627,NA,0.784675157586944
"RSTD","TD",85,100,-139.45,NA,NA,282.9,290.67,0.16712597804144,0.591124507132918,0.862347767451685,0.779297436783531,NA,0.76918393555553
"RSTD","TD",86,100,-199.89,NA,NA,403.78,411.55,0.0963515317998827,0.187938303221017,0.0807631755947738,0.198925683470535,NA,0.16646143142134
"RSTD","TD",87,100,-113.79,NA,NA,231.58,239.35,0.812582350103185,0.879132093861699,0.856269013895178,1.02096738156429,NA,4.4038753097219
"RSTD","TD",88,100,-198.93,NA,NA,401.86,409.63,0.448961209738627,0.690639521926641,0.70387153978818,0.0794104601772957,NA,0.123227803417321
"RSTD","TD",89,100,-123.76,NA,NA,251.52,259.29,0.352596259210259,0.519048273330554,0.759971973454909,0.699058611760647,NA,0.771270071114314
"RSTD","TD",90,100,-197,NA,NA,398,405.77,0.7131295024883,0.112127762287855,0.106556690658567,0.451225082740186,NA,3.4174234716404
"RSTD","TD",91,100,-182.16,NA,NA,368.32,376.09,0.102771484525874,0.0985191510990262,0.0769283763718911,0.360680717367633,NA,0.348240172024816
"RSTD","TD",92,100,-190.44,NA,NA,384.88,392.65,0.14997310237959,0.461772011825815,0.0635997661326803,0.284180045319466,NA,0.261333189609714
"RSTD","TD",93,100,-142.89,NA,NA,289.78,297.55,0.435881547397003,0.7804279406555,0.839431577275112,0.639218049906831,NA,0.681397345848382
"RSTD","TD",94,100,-90.85,NA,NA,185.7,193.47,0.975024477113038,0.799848798895255,0.824074405000264,1.660872818793,NA,4.33281822849937
"RSTD","TD",95,100,-126.39,NA,NA,256.78,264.55,0.723246149485931,0.623378630494699,0.72923141324016,0.454983631669326,NA,0.45622572209686
"RSTD","TD",96,100,-131.47,NA,NA,266.94,274.71,0.323681306792423,0.444453429430723,0.717641196706478,0.428013313649062,NA,0.446843124460429
"RSTD","TD",97,100,-199.06,NA,NA,402.12,409.89,0.521510650403798,0.40949847153388,0.745482839481068,0.0774622484783836,NA,0.118169202112595
"RSTD","TD",98,100,-180.56,NA,NA,365.12,372.89,0.418908317107707,0.978637758642435,0.65463478279546,0.18117725775697,NA,0.211078092921525
"RSTD","TD",99,100,-111.01,NA,NA,226.02,233.79,0.78953983867541,0.418743934947997,0.181965583253655,1.21006858769758,NA,2.49348991278757
"RSTD","TD",100,100,-193.49,NA,NA,390.98,398.75,0.956703607924283,0.607802340993658,0.621684955703205,0.108565197834254,NA,0.108669338996542
"RSTD","RSTD",1,100,-108.44,NA,NA,222.88,234.54,0.285107890376821,0.724670132622123,0.144655010518834,0.368050478899125,1.0808080363525,1.43561604238095
"RSTD","RSTD",2,100,-123.55,NA,NA,253.1,264.76,0.950232450617477,0.206436974462122,0.994009789411188,0.1792612506423,0.358225556042288,0.364579517394304
"RSTD","RSTD",3,100,-111.84,NA,NA,229.68,241.34,0.536011227406561,0.200363578274846,0.786951475702871,0.194936927976017,0.839078460721262,1.00568439900399
"RSTD","RSTD",4,100,-197.65,NA,NA,401.3,412.96,0.321220333920792,0.649332832079381,0.510381062069808,0.853462021608282,0.0935808184717198,0.142882495187223
"RSTD","RSTD",5,100,-139.92,NA,NA,285.84,297.5,0.525106647517532,0.973066303646192,0.626355077999869,0.814296167298799,0.424171630886726,0.392999498639256
"RSTD","RSTD",6,100,-101.2,NA,NA,208.4,220.06,0.895209939451888,0.943225271301344,0.148742394564896,0.43010003936433,1.09593133398768,3.35385648889427
"RSTD","RSTD",7,100,-162.24,NA,NA,330.48,342.14,0.753931205254048,0.197620301274583,0.634849921788001,0.135774410637367,0.176839630679145,0.18983699940145
"RSTD","RSTD",8,100,-73.69,NA,NA,153.38,165.04,0.0560640415642411,0.783013365231454,0.0853129092644314,0.999999840740759,5.43821566452595,3.41441693140154
"RSTD","RSTD",9,100,-175.96,NA,NA,357.92,369.58,0.479448032099754,0.989872474921867,0.429749587712341,0.65648022478711,0.224185833281683,0.208000437050192
"RSTD","RSTD",10,100,-90.51,NA,NA,187.02,198.68,0.711294803768396,0.788163986755535,0.330529194994129,0.61973396284094,2.4809360603339,2.30973086307261
"RSTD","RSTD",11,100,-113.55,NA,NA,233.1,244.76,0.5048349336721,0.797194604296237,0.516912624776529,0.800114816303403,1.04717643287791,2.5054881726885
"RSTD","RSTD",12,100,-138.93,NA,NA,283.86,295.52,0.731893435353413,0.395451756194234,0.572214342783958,0.296998954363661,0.681085430636094,0.618170124012977
"RSTD","RSTD",13,100,-97.75,NA,NA,201.5,213.16,0.275977379642427,0.511981163173914,0.549714729939735,0.747321368509981,1.69229670683616,2.39124982816227
"RSTD","RSTD",14,100,-118.64,NA,NA,243.28,254.94,0.226354157319292,0.16033569118008,0.251743504340721,0.156146144998484,1.07766447514173,0.894037933978152
"RSTD","RSTD",15,100,-101.2,NA,NA,208.4,220.06,0.315573724219576,0.984172471100464,0.148742394564896,0.43010003936433,1.09593133398768,1.69604673600736
"RSTD","RSTD",16,100,-152.8,NA,NA,311.6,323.26,0.540354023920372,0.854036244563758,0.622490466839557,0.776026839113377,0.37328747622956,0.362152148856662
"RSTD","RSTD",17,100,-70,NA,NA,146,157.66,0.66359161795117,0.0660558908712119,0.999999685905636,8.15019634919453e-08,6.42761924408629,1.97567781611326
"RSTD","RSTD",18,100,-123.7,NA,NA,253.4,265.06,0.973287776112556,0.630256613949314,0.210626879348211,0.250169717954871,0.773037597686407,0.855529390233469
"RSTD","RSTD",19,100,-180.9,NA,NA,367.8,379.46,0.340647828998044,0.988910319516435,0.289629184267405,0.42975310417242,0.216444842050183,0.211397308856249
"RSTD","RSTD",20,100,-88.07,NA,NA,182.14,193.8,0.329378831898794,0.0628540490288287,0.434420427606675,0.0625728515156196,7.63607232345296,2.33967715737489
"RSTD","RSTD",21,100,-102.49,NA,NA,210.98,222.64,0.285566801903769,0.0508385861758143,0.510712798306634,0.056373582001549,0.488156009718353,0.410096168983728
"RSTD","RSTD",22,100,-134.6,NA,NA,275.2,286.86,0.684979062527418,0.438995202770457,0.566516283951013,0.305623956962681,1.06553329266267,0.685128960758448
"RSTD","RSTD",23,100,-108.73,NA,NA,223.46,235.12,0.529962481698021,0.27115519088693,0.589886179556506,0.241471139903495,0.879608100902131,2.69503675574873
"RSTD","RSTD",24,100,-191.34,NA,NA,388.68,400.34,0.779200294986367,0.728794121881947,0.735271147074749,0.696477213328728,0.126427398190155,0.160821524456017
"RSTD","RSTD",25,100,-141.39,NA,NA,288.78,300.44,0.0281218434683979,0.533772448310629,4.40892742187191e-07,0.208827452324538,0.283933008999611,0.225168376229703
"RSTD","RSTD",26,100,-122.91,NA,NA,251.82,263.48,0.128862570039928,0.17050133110024,0.129885701753664,0.134153360933761,1.05036434754389,1.37515528589011
"RSTD","RSTD",27,100,-101.55,NA,NA,209.1,220.76,0.980796684976667,0.860091791022569,0.702722845432951,0.78019083818979,1.26018208675104,1.2001721150753
"RSTD","RSTD",28,100,-249.53,NA,NA,505.06,516.72,0.633000507717952,0.959949327167124,0.749997851060016,0.727841743654689,2.90397388400676e-07,0.0240202485583723
"RSTD","RSTD",29,100,-97.24,NA,NA,200.48,212.14,0.234798390883952,0.4054856733419,0.178907634772544,0.384568413321448,7.52265841628261,3.89528230370438
"RSTD","RSTD",30,100,-207.37,NA,NA,420.74,432.4,0.319981756620109,0.632078264839947,0.440909422609711,0.999999143155064,0.0578027917154022,0.0559587455590604
"RSTD","RSTD",31,100,-104.61,NA,NA,215.22,226.88,0.417691254755482,0.885661983396858,0.154836595208053,0.468931189628255,1.08638660530288,1.4762263855988
"RSTD","RSTD",32,100,-217.53,NA,NA,441.06,452.72,0.119032545015216,0.605491037247702,0.128380981680968,0.207741592826714,0.0763035210344148,0.0459982767437321
"RSTD","RSTD",33,100,-90.51,NA,NA,187.02,198.68,0.824352919822559,0.753800751408562,0.330529194994129,0.61973396284094,2.4809360603339,2.89878896835935
"RSTD","RSTD",34,100,-97.62,NA,NA,201.24,212.9,0.080542077543214,0.69156481907703,0.094396490660051,0.769659845408082,1.05136786257157,3.2510444371212
"RSTD","RSTD",35,100,-115.33,NA,NA,236.66,248.32,0.788759883260354,0.407168375095353,0.667430644827191,0.323694445536794,0.848346413564385,0.8810732345608
"RSTD","RSTD",36,100,-150.03,NA,NA,306.06,317.72,0.960197768406942,0.814909122884274,0.557268475399316,0.760873034322074,0.799119802195793,0.491239995229989
"RSTD","RSTD",37,100,-173.31,NA,NA,352.62,364.28,0.983733647270128,0.387793875532225,0.599915155369417,0.249842052371857,0.239530466501031,0.184212701395154
"RSTD","RSTD",38,100,-108.26,NA,NA,222.52,234.18,0.640330957481638,0.661732341628522,0.50799056450181,0.733262460226653,1.43856497798446,1.1015722423634
"RSTD","RSTD",39,100,-107.85,NA,NA,221.7,233.36,0.591888564871624,0.781977394130081,0.333762859143939,0.623088859906998,1.16411247363672,1.17335850927503
"RSTD","RSTD",40,100,-162.06,NA,NA,330.12,341.78,0.185236022341996,0.927017299691215,0.252921261606705,0.999999787605721,0.429092494093364,0.406216487288475
"RSTD","RSTD",41,100,-105.25,NA,NA,216.5,228.16,0.5952471755445,0.540940156206489,0.277989271833088,0.320694056178222,1.01088491316192,1.71158919288757
"RSTD","RSTD",42,100,-177.15,NA,NA,360.3,371.96,0.265401779906824,0.195171546889469,0.188914189121718,0.103498633385033,0.254057211814045,0.226954524639678
"RSTD","RSTD",43,100,-213.09,NA,NA,432.18,443.84,0.604935176437721,0.398145136190578,0.737161732540027,0.654239431032655,0.0413231403953429,0.0485801249742508
"RSTD","RSTD",44,100,-133.1,NA,NA,272.2,283.86,0.470244030002505,0.685449249343947,0.557268475399316,0.760873034322074,0.799119802195793,0.648697707336396
"RSTD","RSTD",45,100,-163.1,NA,NA,332.2,343.86,0.371720403432846,0.503097830805928,0.498412951649467,0.666060762575208,0.279082899441812,0.322839245665818
"RSTD","RSTD",46,100,-195.85,NA,NA,397.7,409.36,0.361050225095823,0.370053818682209,0.533392837429428,0.710437922634691,0.113471140315557,0.173567070005157
"RSTD","RSTD",47,100,-93.04,NA,NA,192.08,203.74,0.594613759312779,0.789667062694207,0.563000090608763,0.744884559093609,1.39150271804832,2.04544003671947
"RSTD","RSTD",48,100,-74.52,NA,NA,155.04,166.7,0.628910263301805,0.0369398219045252,0.932857266570703,0.0566931013844746,1.5132667016602,1.35408596597136
"RSTD","RSTD",49,100,-107.43,NA,NA,220.86,232.52,0.254382238723338,0.857857148861513,0.15955566480633,0.477680870005412,1.25897247537087,0.936107955831003
"RSTD","RSTD",50,100,-121.14,NA,NA,248.28,259.94,0.629901704145595,0.59963444317691,0.557268475399316,0.760873034322074,0.799119802195793,1.13030682034315
"RSTD","RSTD",51,100,-116.93,NA,NA,239.86,251.52,0.958562755258754,0.446684151422232,0.619420850387434,0.34034071864825,1.42476734505102,1.46860518856885
"RSTD","RSTD",52,100,-119.46,NA,NA,244.92,256.58,0.378760501742363,0.716149265645072,0.553650096478189,0.774047638500611,0.915681017831124,1.1838285959837
"RSTD","RSTD",53,100,-123.72,NA,NA,253.44,265.1,0.843001339351758,0.428967847023159,0.999999840678267,0.39455350068033,0.511784618021771,0.430095953866839
"RSTD","RSTD",54,100,-110.8,NA,NA,227.6,239.26,0.111280993092805,0.926345025887713,0.101378077339071,0.564929655695565,0.993745655349042,1.52358875974062
"RSTD","RSTD",55,100,-101.2,NA,NA,208.4,220.06,0.231767056509852,0.779834397835657,0.148742394564896,0.43010003936433,1.09593133398768,3.55762586234994
"RSTD","RSTD",56,100,-101.1,NA,NA,208.2,219.86,0.386252531083301,0.815260800998658,0.164922401465833,0.493705853588325,1.07256440764015,1.64474068483968
"RSTD","RSTD",57,100,-193.43,NA,NA,392.86,404.52,0.6529874894768,0.670282299863175,0.47950357235102,0.524916990930418,0.119432098167915,0.116263606119901
"RSTD","RSTD",58,100,-148.96,NA,NA,303.92,315.58,0.560497718863189,0.274772666627541,0.465359104154176,0.194211667878926,0.585432338158199,0.529099578669097
"RSTD","RSTD",59,100,-118.28,NA,NA,242.56,254.22,0.597106330329552,0.589335348224267,0.657527373079481,0.791099304879406,0.818819826210113,0.931611171881569
"RSTD","RSTD",60,100,-99.39,NA,NA,204.78,216.44,0.987134294584394,0.800411853706464,0.661426034753651,0.786656907185046,1.30069074796554,1.29764714087815
"RSTD","RSTD",61,100,-205.83,NA,NA,417.66,429.32,0.718285634880885,0.565618214197457,0.632154946474591,0.859587503750972,0.0683108865372842,0.0649159974418581
"RSTD","RSTD",62,100,-173.83,NA,NA,353.66,365.32,0.125127220060676,0.773224814096466,0.135589579682039,0.728430427749304,0.504673786798874,0.583291862625629
"RSTD","RSTD",63,100,-187.56,NA,NA,381.12,392.78,0.499009405029938,0.0988319513853639,0.602950331944655,0.0860114556626512,0.0900129039423088,0.092432988807559
"RSTD","RSTD",64,100,-105.43,NA,NA,216.86,228.52,0.333673485321924,0.454882015939802,0.244828249098767,0.329040628757901,1.38337606247763,2.70696423376415
"RSTD","RSTD",65,100,-122.56,NA,NA,251.12,262.78,0.810415166895837,0.0187283449340612,0.622321929841665,2.1947841079756e-08,0.136194173421211,0.165121834239408
"RSTD","RSTD",66,100,-125.01,NA,NA,256.02,267.68,0.461979309096932,0.296923782210797,0.356516200006331,0.195107775645206,0.56111380361163,0.458040716126561
"RSTD","RSTD",67,100,-198.05,NA,NA,402.1,413.76,0.285626433324069,0.528872283641249,0.492309696624294,0.85464406118198,0.094744357888653,0.147296045374405
"RSTD","RSTD",68,100,-126.12,NA,NA,258.24,269.9,0.732509626774117,0.600311974063516,0.891886950161406,0.747389189896417,0.439782729682765,0.449271724574598
"RSTD","RSTD",69,100,-116.8,NA,NA,239.6,251.26,0.977929984452203,0.529096166603267,0.666627851376586,0.394272698276903,0.945775799160091,0.751786146880371
"RSTD","RSTD",70,100,-103.86,NA,NA,213.72,225.38,0.98177181975916,0.159414226887748,0.627698547480183,0.116210477699506,0.482911060910215,0.477379389107227
"RSTD","RSTD",71,100,-188.25,NA,NA,382.5,394.16,0.922829337418079,0.366323065012693,0.587541740873928,0.265362865439064,0.123731233525303,0.0864430760253218
"RSTD","RSTD",72,100,-74.89,NA,NA,155.78,167.44,0.437475311337039,0.144657690776512,0.722274295791973,0.175341704241541,3.15905952126778,1.51204245735464
"RSTD","RSTD",73,100,-98.96,NA,NA,203.92,215.58,0.0812403932213783,0.858433880610391,0.0898553638623305,0.788957086045628,1.0447703690162,1.57674626609245
"RSTD","RSTD",74,100,-208.87,NA,NA,423.74,435.4,0.769064010120928,0.423705151304603,0.669625802912559,0.875222041237465,0.0552900224729819,0.0550090870819986
"RSTD","RSTD",75,100,-249.53,NA,NA,505.06,516.72,0.27233505435288,0.0992442343849689,0.895259439826682,0.961043427698924,1.50506557407013e-06,0.0195726837949201
"RSTD","RSTD",76,100,-112.1,NA,NA,230.2,241.86,0.714246998308226,0.356464033480734,0.596021001089936,0.274793906519692,0.859099804692282,1.33508190601589
"RSTD","RSTD",77,100,-101.1,NA,NA,208.2,219.86,0.165105299558491,0.62026000325568,0.164922401465833,0.493705853588325,1.07256440764015,2.11759630225509
"RSTD","RSTD",78,100,-131.63,NA,NA,269.26,280.92,0.948594216490164,0.818483957787976,0.887865566252698,0.801975367098587,0.459880049766268,0.400698857048743
"RSTD","RSTD",79,100,-216.61,NA,NA,439.22,450.88,0.641159480903298,0.713674181839451,0.594126117064674,0.835747741124102,0.0430071552057309,0.0414828715044559
"RSTD","RSTD",80,100,-99.67,NA,NA,205.34,217,0.602592710871249,0.798923129681498,0.569546815577008,0.777088991379386,1.17171314427403,1.65777598732141
"RSTD","RSTD",81,100,-80.87,NA,NA,167.74,179.4,0.0268326783552766,0.983408806612715,0.0802370738494929,0.941182527491034,2.70008854542579,1.42827125892359
"RSTD","RSTD",82,100,-206.87,NA,NA,419.74,431.4,0.390374890295789,0.210965643869713,0.484908471771017,0.433058849151086,0.0541834903487176,0.0709301116876304
"RSTD","RSTD",83,100,-118.07,NA,NA,242.14,253.8,0.909624356776476,0.0655163209885359,0.393474654581308,0.0573267688703547,2.17249269390065,0.479556284306279
"RSTD","RSTD",84,100,-120.44,NA,NA,246.88,258.54,0.894585720263422,0.928069569170475,0.155162267757101,0.474927454289461,0.945440952560073,0.784675157586944
"RSTD","RSTD",85,100,-132.09,NA,NA,270.18,281.84,0.16712597804144,0.591124507132918,0.198599940676453,0.605142203427347,0.753864960698847,0.76918393555553
"RSTD","RSTD",86,100,-194.52,NA,NA,395.04,406.7,0.0963515317998827,0.187938303221017,2.46893173659432e-06,0.122496396985492,0.0731260781961551,0.16646143142134
"RSTD","RSTD",87,100,-112.65,NA,NA,231.3,242.96,0.812582350103185,0.879132093861699,0.535442244065169,0.795484052429654,0.978889940842839,4.4038753097219
"RSTD","RSTD",88,100,-197.23,NA,NA,400.46,412.12,0.448961209738627,0.690639521926641,0.522592237759809,0.921873414751342,0.0918839661528024,0.123227803417321
"RSTD","RSTD",89,100,-123.03,NA,NA,252.06,263.72,0.352596259210259,0.519048273330554,0.293568234800346,0.481123979950389,0.81140618867776,0.771270071114314
"RSTD","RSTD",90,100,-71.56,NA,NA,149.12,160.78,0.7131295024883,0.112127762287855,0.446405797530662,0.0839156334099493,7.54923351980578,3.4174234716404
"RSTD","RSTD",91,100,-191.06,NA,NA,388.12,399.78,0.102771484525874,0.0985191510990262,0.184178683221127,0.262768633628861,0.247944741594997,0.348240172024816
"RSTD","RSTD",92,100,-184.64,NA,NA,375.28,386.94,0.14997310237959,0.461772011825815,0.113290000270773,0.227711127654329,0.236425033354091,0.261333189609714
"RSTD","RSTD",93,100,-141.54,NA,NA,289.08,300.74,0.435881547397003,0.7804279406555,0.557268475399316,0.760873034322074,0.799119802195793,0.681397345848382
"RSTD","RSTD",94,100,-90.51,NA,NA,187.02,198.68,0.975024477113038,0.799848798895255,0.330529194994129,0.61973396284094,2.4809360603339,4.33281822849937
"RSTD","RSTD",95,100,-125.09,NA,NA,256.18,267.84,0.723246149485931,0.623378630494699,0.856579390344962,0.773780914332267,0.454100848003987,0.45622572209686
"RSTD","RSTD",96,100,-130.71,NA,NA,267.42,279.08,0.323681306792423,0.444453429430723,0.549360847394029,0.655185991872951,0.433439092317058,0.446843124460429
"RSTD","RSTD",97,100,-200.85,NA,NA,407.7,419.36,0.521510650403798,0.40949847153388,0.474066807432768,0.535621468459738,0.131584395290755,0.118169202112595
"RSTD","RSTD",98,100,-177.83,NA,NA,361.66,373.32,0.418908317107707,0.978637758642435,0.374622440201721,0.619037300038109,0.211431190044404,0.211078092921525
"RSTD","RSTD",99,100,-106.25,NA,NA,218.5,230.16,0.78953983867541,0.418743934947997,0.566512207762074,0.32801825446402,1.84829284154698,2.49348991278757
"RSTD","RSTD",100,100,-193.39,NA,NA,392.78,404.44,0.956703607924283,0.607802340993658,0.673316713554799,0.615323197798705,0.0972453419286945,0.108669338996542
"RSTD","Utility",1,100,-112.98,NA,NA,231.96,243.62,0.285107890376821,0.724670132622123,0.886462015352851,0.850666908942362,2.07567338832921,1.43561604238095
"RSTD","Utility",2,100,-158.73,NA,NA,323.46,335.12,0.950232450617477,0.206436974462122,0.119246055714433,0.533669020440091,3.73960077612571,0.364579517394304
"RSTD","Utility",3,100,-113.21,NA,NA,232.42,244.08,0.536011227406561,0.200363578274846,0.100279653655031,0.508841741315807,9.99999264105421,1.00568439900399
"RSTD","Utility",4,100,-201.66,NA,NA,409.32,420.98,0.321220333920792,0.649332832079381,0.805938025358222,0.306183528528114,0.80729654014359,0.142882495187223
"RSTD","Utility",5,100,-142.04,NA,NA,290.08,301.74,0.525106647517532,0.973066303646192,0.906331072065378,0.544133183549286,3.88821604556629,0.392999498639256
"RSTD","Utility",6,100,-105.23,NA,NA,216.46,228.12,0.895209939451888,0.943225271301344,0.88150965021121,0.999998903233517,3.1868603386249,3.35385648889427
"RSTD","Utility",7,100,-188.69,NA,NA,383.38,395.04,0.753931205254048,0.197620301274583,0.85428376650403,2.30587430444623e-07,4.79612073209357,0.18983699940145
"RSTD","Utility",8,100,-147.05,NA,NA,300.1,311.76,0.0560640415642411,0.783013365231454,0.933322198191448,0.79551347478894,7.99560203692473,3.41441693140154
"RSTD","Utility",9,100,-177.35,NA,NA,360.7,372.36,0.479448032099754,0.989872474921867,0.92671433344016,0.358197580542804,6.18604321583983,0.208000437050192
"RSTD","Utility",10,100,-90.83,NA,NA,187.66,199.32,0.711294803768396,0.788163986755535,0.820795247710903,0.951453018030475,1.77235383390029,2.30973086307261
"RSTD","Utility",11,100,-113.23,NA,NA,232.46,244.12,0.5048349336721,0.797194604296237,0.874829531479966,0.840536811295889,2.15864067488293,2.5054881726885
"RSTD","Utility",12,100,-152.06,NA,NA,310.12,321.78,0.731893435353413,0.395451756194234,0.107462659597705,0.950607086538808,1.82195497759535,0.618170124012977
"RSTD","Utility",13,100,-97.35,NA,NA,200.7,212.36,0.275977379642427,0.511981163173914,0.831853918004843,0.935723783897619,1.55348961386525,2.39124982816227
"RSTD","Utility",14,100,-117.13,NA,NA,240.26,251.92,0.226354157319292,0.16033569118008,0.127683892855347,0.652950239495598,4.99052250693842,0.894037933978152
"RSTD","Utility",15,100,-105.23,NA,NA,216.46,228.12,0.315573724219576,0.984172471100464,0.88150965021121,0.999998903233517,3.1868603386249,1.69604673600736
"RSTD","Utility",16,100,-154.15,NA,NA,314.3,325.96,0.540354023920372,0.854036244563758,0.850563564012115,0.755926360741206,1.10176894575504,0.362152148856662
"RSTD","Utility",17,100,-140.58,NA,NA,287.16,298.82,0.66359161795117,0.0660558908712119,0.0547963202257597,0.416030130285139,9.99999887267701,1.97567781611326
"RSTD","Utility",18,100,-127.72,NA,NA,261.44,273.1,0.973287776112556,0.630256613949314,0.357295958320658,0.999999997392542,0.684178387243631,0.855529390233469
"RSTD","Utility",19,100,-186.51,NA,NA,379.02,390.68,0.340647828998044,0.988910319516435,0.918199510319446,0.401790462112522,4.73989927756305,0.211397308856249
"RSTD","Utility",20,100,-140.27,NA,NA,286.54,298.2,0.329378831898794,0.0628540490288287,0.0654941210194622,0.420338498961252,9.99997160693314,2.33967715737489
"RSTD","Utility",21,100,-154.16,NA,NA,314.32,325.98,0.285566801903769,0.0508385861758143,0.0519506426536928,0.447251677774933,6.98657102231278,0.410096168983728
"RSTD","Utility",22,100,-142.58,NA,NA,291.16,302.82,0.684979062527418,0.438995202770457,0.105830359648081,0.99999944392146,1.57742126172597,0.685128960758448
"RSTD","Utility",23,100,-109.19,NA,NA,224.38,236.04,0.529962481698021,0.27115519088693,0.203162776051974,0.570133747482529,7.15995162914805,2.69503675574873
"RSTD","Utility",24,100,-193.1,NA,NA,392.2,403.86,0.779200294986367,0.728794121881947,0.842827986532738,0.553397387836824,0.952295542787869,0.160821524456017
"RSTD","Utility",25,100,-192.1,NA,NA,390.2,401.86,0.0281218434683979,0.533772448310629,0.0663660446514928,0.746772935089299,0.806087295848601,0.225168376229703
"RSTD","Utility",26,100,-122.29,NA,NA,250.58,262.24,0.128862570039928,0.17050133110024,0.104704653416983,0.999997734208651,1.1538900011774,1.37515528589011
"RSTD","Utility",27,100,-101.14,NA,NA,208.28,219.94,0.980796684976667,0.860091791022569,0.823934633332354,0.942275701026904,1.44935787419561,1.2001721150753
"RSTD","Utility",28,100,-241.55,NA,NA,489.1,500.76,0.633000507717952,0.959949327167124,0.790972048467303,0.491076764389997,0.132943461132427,0.0240202485583723
"RSTD","Utility",29,100,-98.24,NA,NA,202.48,214.14,0.234798390883952,0.4054856733419,0.614479784185959,0.999999880332909,8.89060750375221,3.89528230370438
"RSTD","Utility",30,100,-210.24,NA,NA,426.48,438.14,0.319981756620109,0.632078264839947,0.574902646349806,0.650978717233372,0.247574114281327,0.0559587455590604
"RSTD","Utility",31,100,-109.1,NA,NA,224.2,235.86,0.417691254755482,0.885661983396858,0.868493418437081,0.974373111272401,1.27900752623951,1.4762263855988
"RSTD","Utility",32,100,-215.84,NA,NA,437.68,449.34,0.119032545015216,0.605491037247702,0.354730906707969,2.39349190265813e-07,1.67097893469089,0.0459982767437321
"RSTD","Utility",33,100,-90.83,NA,NA,187.66,199.32,0.824352919822559,0.753800751408562,0.820795247710903,0.951453018030475,1.77235383390029,2.89878896835935
"RSTD","Utility",34,100,-157.52,NA,NA,321.04,332.7,0.080542077543214,0.69156481907703,0.966756252385279,0.570059477690184,9.438273218433,3.2510444371212
"RSTD","Utility",35,100,-116.6,NA,NA,239.2,250.86,0.788759883260354,0.407168375095353,0.320250055289728,0.510652397915489,9.57831154172577,0.8810732345608
"RSTD","Utility",36,100,-121,NA,NA,248,259.66,0.960197768406942,0.814909122884274,0.918402721398139,0.514512064069276,5.86479754431742,0.491239995229989
"RSTD","Utility",37,100,-183.01,NA,NA,372.02,383.68,0.983733647270128,0.387793875532225,0.166301868023229,0.698673416157529,1.02127944386279,0.184212701395154
"RSTD","Utility",38,100,-105.88,NA,NA,217.76,229.42,0.640330957481638,0.661732341628522,0.835826471380902,0.770944365073805,2.82111169475085,1.1015722423634
"RSTD","Utility",39,100,-107.83,NA,NA,221.66,233.32,0.591888564871624,0.781977394130081,0.847865511943793,0.926565181988354,1.42523491213709,1.17335850927503
"RSTD","Utility",40,100,-180.01,NA,NA,366.02,377.68,0.185236022341996,0.927017299691215,0.946473738367927,0.698268679528549,1.4704448279303,0.406216487288475
"RSTD","Utility",41,100,-106.38,NA,NA,218.76,230.42,0.5952471755445,0.540940156206489,0.36136160605274,0.913829736767783,1.59307633826574,1.71158919288757
"RSTD","Utility",42,100,-177.67,NA,NA,361.34,373,0.265401779906824,0.195171546889469,0.0911674906875435,0.621635519645751,1.91969887526432,0.226954524639678
"RSTD","Utility",43,100,-212.96,NA,NA,431.92,443.58,0.604935176437721,0.398145136190578,0.923279416880197,0.245880351654306,0.633958269959825,0.0485801249742508
"RSTD","Utility",44,100,-134.72,NA,NA,275.44,287.1,0.470244030002505,0.685449249343947,0.875077353307831,0.672714087113735,3.15024436827272,0.648697707336396
"RSTD","Utility",45,100,-164.06,NA,NA,334.12,345.78,0.371720403432846,0.503097830805928,0.91477091948286,0.374248670824477,7.24115136252248,0.322839245665818
"RSTD","Utility",46,100,-199.07,NA,NA,404.14,415.8,0.361050225095823,0.370053818682209,0.784056933216868,0.363447507142572,0.777390634378174,0.173567070005157
"RSTD","Utility",47,100,-93.13,NA,NA,192.26,203.92,0.594613759312779,0.789667062694207,0.839387402122749,0.938728464826853,1.87008017649466,2.04544003671947
"RSTD","Utility",48,100,-143.9,NA,NA,293.8,305.46,0.628910263301805,0.0369398219045252,0.0531832678528635,0.447330351191599,9.99999929030188,1.35408596597136
"RSTD","Utility",49,100,-110.91,NA,NA,227.82,239.48,0.254382238723338,0.857857148861513,0.902594055768603,0.735267506768592,3.5128798701044,0.936107955831003
"RSTD","Utility",50,100,-117.23,NA,NA,240.46,252.12,0.629901704145595,0.59963444317691,0.814194002632317,0.748163705551744,2.55883815058457,1.13030682034315
"RSTD","Utility",51,100,-115.11,NA,NA,236.22,247.88,0.958562755258754,0.446684151422232,0.353774520558699,0.587176177592819,7.00858336581848,1.46860518856885
"RSTD","Utility",52,100,-120.09,NA,NA,246.18,257.84,0.378760501742363,0.716149265645072,0.871282611118643,0.836144167690212,1.95977824532807,1.1838285959837
"RSTD","Utility",53,100,-132.52,NA,NA,271.04,282.7,0.843001339351758,0.428967847023159,0.174366999463705,0.7534069768725,1.59181681662223,0.430095953866839
"RSTD","Utility",54,100,-139.36,NA,NA,284.72,296.38,0.111280993092805,0.926345025887713,0.955301185852882,0.561882339442119,9.58990593313624,1.52358875974062
"RSTD","Utility",55,100,-105.23,NA,NA,216.46,228.12,0.231767056509852,0.779834397835657,0.88150965021121,0.999998903233517,3.1868603386249,3.55762586234994
"RSTD","Utility",56,100,-105.1,NA,NA,216.2,227.86,0.386252531083301,0.815260800998658,0.870543082570924,0.99574720282571,1.34309601556868,1.64474068483968
"RSTD","Utility",57,100,-193.71,NA,NA,393.42,405.08,0.6529874894768,0.670282299863175,0.586263522510119,0.463471487681312,0.890701269066488,0.116263606119901
"RSTD","Utility",58,100,-161.82,NA,NA,329.64,341.3,0.560497718863189,0.274772666627541,0.116190623549488,0.810465314806195,2.32079928892132,0.529099578669097
"RSTD","Utility",59,100,-115.37,NA,NA,236.74,248.4,0.597106330329552,0.589335348224267,0.819014442246945,0.71000211683452,3.11913634687039,0.931611171881569
"RSTD","Utility",60,100,-98.78,NA,NA,203.56,215.22,0.987134294584394,0.800411853706464,0.820115519227899,0.880912934177458,1.89831540597774,1.29764714087815
"RSTD","Utility",61,100,-206.83,NA,NA,419.66,431.32,0.718285634880885,0.565618214197457,0.920941649426494,0.291662080590747,0.714483607341854,0.0649159974418581
"RSTD","Utility",62,100,-220.62,NA,NA,447.24,458.9,0.125127220060676,0.773224814096466,0.975926914071321,0.396819477673873,9.25298603242554,0.583291862625629
"RSTD","Utility",63,100,-201.05,NA,NA,408.1,419.76,0.499009405029938,0.0988319513853639,0.330070000012157,2.08623925952006e-07,3.57910096152092,0.092432988807559
"RSTD","Utility",64,100,-106.48,NA,NA,218.96,230.62,0.333673485321924,0.454882015939802,0.428966850563505,0.883195798952337,1.71845220818075,2.70696423376415
"RSTD","Utility",65,100,-188.36,NA,NA,382.72,394.38,0.810415166895837,0.0187283449340612,0.042144513741615,0.0552356516311447,8.42651137088294,0.165121834239408
"RSTD","Utility",66,100,-128.11,NA,NA,262.22,273.88,0.461979309096932,0.296923782210797,0.147749981680116,0.805718830839698,1.64721837539701,0.458040716126561
"RSTD","Utility",67,100,-202.26,NA,NA,410.52,422.18,0.285626433324069,0.528872283641249,0.803072612358016,0.34314001878023,0.793167446246728,0.147296045374405
"RSTD","Utility",68,100,-128.44,NA,NA,262.88,274.54,0.732509626774117,0.600311974063516,0.85276499109536,0.599754458392414,3.14298228363587,0.449271724574598
"RSTD","Utility",69,100,-115.73,NA,NA,237.46,249.12,0.977929984452203,0.529096166603267,0.255436923245581,0.841535481464373,2.07353982889905,0.751786146880371
"RSTD","Utility",70,100,-145.84,NA,NA,297.68,309.34,0.98177181975916,0.159414226887748,0.0815305225332625,0.496384302060475,8.13200231979101,0.477379389107227
"RSTD","Utility",71,100,-189.97,NA,NA,385.94,397.6,0.922829337418079,0.366323065012693,0.539066957986581,0.434180983187035,1.14842757342874,0.0864430760253218
"RSTD","Utility",72,100,-93.03,NA,NA,192.06,203.72,0.437475311337039,0.144657690776512,0.084668198334819,0.538543240300569,9.99997926643487,1.51204245735464
"RSTD","Utility",73,100,-153.05,NA,NA,312.1,323.76,0.0812403932213783,0.858433880610391,0.966891889347178,0.56456070341364,9.32411229198071,1.57674626609245
"RSTD","Utility",74,100,-209.24,NA,NA,424.48,436.14,0.769064010120928,0.423705151304603,0.863857325897714,0.233120907153932,0.887902008819395,0.0550090870819986
"RSTD","Utility",75,100,-248.38,NA,NA,502.76,514.42,0.27233505435288,0.0992442343849689,0.619051363724909,0.195679251249247,0.239771516777686,0.0195726837949201
"RSTD","Utility",76,100,-112.71,NA,NA,231.42,243.08,0.714246998308226,0.356464033480734,0.261748269371726,0.526511489308059,9.12593990714995,1.33508190601589
"RSTD","Utility",77,100,-105.1,NA,NA,216.2,227.86,0.165105299558491,0.62026000325568,0.870543082570924,0.99574720282571,1.34309601556868,2.11759630225509
"RSTD","Utility",78,100,-132.41,NA,NA,270.82,282.48,0.948594216490164,0.818483957787976,0.896453429192521,0.576863983878289,3.5541421252509,0.400698857048743
"RSTD","Utility",79,100,-217.96,NA,NA,441.92,453.58,0.641159480903298,0.713674181839451,0.999999901917585,0.244266933593681,0.609130364539538,0.0414828715044559
"RSTD","Utility",80,100,-100.24,NA,NA,206.48,218.14,0.602592710871249,0.798923129681498,0.854981283375981,0.950317428337255,1.52520077120991,1.65777598732141
"RSTD","Utility",81,100,-151.63,NA,NA,309.26,320.92,0.0268326783552766,0.983408806612715,0.961486447888135,0.667926108985843,8.62798512950057,1.42827125892359
"RSTD","Utility",82,100,-207.7,NA,NA,421.4,433.06,0.390374890295789,0.210965643869713,0.161049041754928,0.76016352821269,0.169516114277133,0.0709301116876304
"RSTD","Utility",83,100,-165.27,NA,NA,336.54,348.2,0.909624356776476,0.0655163209885359,0.0455375865806465,0.342030872551121,6.55484641497996,0.479556284306279
"RSTD","Utility",84,100,-123.66,NA,NA,253.32,264.98,0.894585720263422,0.928069569170475,0.901047099331096,0.732603906744392,2.87774047337366,0.784675157586944
"RSTD","Utility",85,100,-139.64,NA,NA,285.28,296.94,0.16712597804144,0.591124507132918,0.880618852237991,0.934201287105612,1.05615764952243,0.76918393555553
"RSTD","Utility",86,100,-197.19,NA,NA,400.38,412.04,0.0963515317998827,0.187938303221017,0.0671392311292816,0.650045464670695,1.09665326272952,0.16646143142134
"RSTD","Utility",87,100,-114.22,NA,NA,234.44,246.1,0.812582350103185,0.879132093861699,0.912449202040194,0.63155350057079,6.39835669085093,4.4038753097219
"RSTD","Utility",88,100,-201.51,NA,NA,409.02,420.68,0.448961209738627,0.690639521926641,0.823831094624748,0.336845584864968,0.875062552573088,0.123227803417321
"RSTD","Utility",89,100,-123.86,NA,NA,253.72,265.38,0.352596259210259,0.519048273330554,0.778884909347453,0.930460273115095,0.937753574731534,0.771270071114314
"RSTD","Utility",90,100,-110.51,NA,NA,227.02,238.68,0.7131295024883,0.112127762287855,0.0611955383593792,0.475024306557721,9.99998832604945,3.4174234716404
"RSTD","Utility",91,100,-182.68,NA,NA,371.36,383.02,0.102771484525874,0.0985191510990262,0.0483992738681246,0.743400146042166,1.32649642405518,0.348240172024816
"RSTD","Utility",92,100,-189.44,NA,NA,384.88,396.54,0.14997310237959,0.461772011825815,1.63322924257213e-07,0.420588760196841,3.71000368461216,0.261333189609714
"RSTD","Utility",93,100,-143.38,NA,NA,292.76,304.42,0.435881547397003,0.7804279406555,0.910349084675038,0.576906388697684,5.10136537905023,0.681397345848382
"RSTD","Utility",94,100,-90.83,NA,NA,187.66,199.32,0.975024477113038,0.799848798895255,0.820795247710903,0.951453018030475,1.77235383390029,4.33281822849937
"RSTD","Utility",95,100,-126.74,NA,NA,259.48,271.14,0.723246149485931,0.623378630494699,0.854859602628227,0.604304879617237,3.15296244207961,0.45622572209686
"RSTD","Utility",96,100,-131.71,NA,NA,269.42,281.08,0.323681306792423,0.444453429430723,0.858747860078437,0.542741346341901,4.1412772113488,0.446843124460429
"RSTD","Utility",97,100,-200.89,NA,NA,407.78,419.44,0.521510650403798,0.40949847153388,0.794666233221018,0.423268048435798,0.840794215565906,0.118169202112595
"RSTD","Utility",98,100,-181.83,NA,NA,369.66,381.32,0.418908317107707,0.978637758642435,0.907246072765766,0.407967915660378,4.50222246128882,0.211078092921525
"RSTD","Utility",99,100,-104.19,NA,NA,214.38,226.04,0.78953983867541,0.418743934947997,0.351770088229123,0.536236121677341,9.79386675074116,2.49348991278757
"RSTD","Utility",100,100,-193.97,NA,NA,393.94,405.6,0.956703607924283,0.607802340993658,0.779337844947368,0.432858658384935,0.971012375303071,0.108669338996542
"Utility","TD",1,100,-146.81,NA,NA,297.62,305.39,0.285107890376821,0.724670132622123,0.160089199956074,0.488507003836598,NA,1.43561604238095
"Utility","TD",2,100,-249.53,NA,NA,503.06,510.83,0.950232450617477,0.206436974462122,0.666959412960013,1.64825176206292e-07,NA,0.364579517394304
"Utility","TD",3,100,-212.93,NA,NA,429.86,437.63,0.536011227406561,0.200363578274846,0.643058069147169,0.0449868441528016,NA,1.00568439900399
"Utility","TD",4,100,-221.24,NA,NA,446.48,454.25,0.321220333920792,0.649332832079381,0.0393103046296689,0.0396011616617944,NA,0.142882495187223
"Utility","TD",5,100,-156.41,NA,NA,316.82,324.59,0.525106647517532,0.973066303646192,0.694517751050255,0.307623308981728,NA,0.392999498639256
"Utility","TD",6,100,-113.79,NA,NA,231.58,239.35,0.895209939451888,0.943225271301344,0.856269013895178,1.02096738156429,NA,3.35385648889427
"Utility","TD",7,100,-249.53,NA,NA,503.06,510.83,0.753931205254048,0.197620301274583,0.0245340330929284,3.88728053608561e-08,NA,0.18983699940145
"Utility","TD",8,100,-139.61,NA,NA,283.22,290.99,0.0560640415642411,0.783013365231454,0.0754402946068702,1.04237275859352,NA,3.41441693140154
"Utility","TD",9,100,-186.33,NA,NA,376.66,384.43,0.479448032099754,0.989872474921867,0.25857511117712,0.195454539227235,NA,0.208000437050192
"Utility","TD",10,100,-109.62,NA,NA,223.24,231.01,0.711294803768396,0.788163986755535,0.759172645639854,0.841357275617208,NA,2.30973086307261
"Utility","TD",11,100,-122.18,NA,NA,248.36,256.13,0.5048349336721,0.797194604296237,0.180689542605816,0.848309713585161,NA,2.5054881726885
"Utility","TD",12,100,-201.14,NA,NA,406.28,414.05,0.731893435353413,0.395451756194234,0.936457493589659,0.0597717132310437,NA,0.618170124012977
"Utility","TD",13,100,-177.44,NA,NA,358.88,366.65,0.275977379642427,0.511981163173914,0.19984667835997,0.269381247888259,NA,2.39124982816227
"Utility","TD",14,100,-221.29,NA,NA,446.58,454.35,0.226354157319292,0.16033569118008,0.0412070554563021,0.0369570113523891,NA,0.894037933978152
"Utility","TD",15,100,-116.55,NA,NA,237.1,244.87,0.315573724219576,0.984172471100464,0.174198375523768,1.04290822290179,NA,1.69604673600736
"Utility","TD",16,100,-187.04,NA,NA,378.08,385.85,0.540354023920372,0.854036244563758,0.615780779672173,0.132220002765811,NA,0.362152148856662
"Utility","TD",17,100,-203.24,NA,NA,410.48,418.25,0.66359161795117,0.0660558908712119,0.900034439607376,0.0579281341353173,NA,1.97567781611326
"Utility","TD",18,100,-191.42,NA,NA,386.84,394.61,0.973287776112556,0.630256613949314,0.722109095007774,0.113297755795405,NA,0.855529390233469
"Utility","TD",19,100,-189.21,NA,NA,382.42,390.19,0.340647828998044,0.988910319516435,0.156524084153272,0.240943454262764,NA,0.211397308856249
"Utility","TD",20,100,-207.98,NA,NA,419.96,427.73,0.329378831898794,0.0628540490288287,0.393360676703614,0.0587644896816754,NA,2.33967715737489
"Utility","TD",21,100,-249.53,NA,NA,503.06,510.83,0.285566801903769,0.0508385861758143,0.95470006380738,9.27977618907218e-08,NA,0.410096168983728
"Utility","TD",22,100,-200.49,NA,NA,404.98,412.75,0.684979062527418,0.438995202770457,0.71516655202501,0.0683303385462303,NA,0.685128960758448
"Utility","TD",23,100,-194.46,NA,NA,392.92,400.69,0.529962481698021,0.27115519088693,0.520009418964508,0.107191095834397,NA,2.69503675574873
"Utility","TD",24,100,-200.67,NA,NA,405.34,413.11,0.779200294986367,0.728794121881947,0.868646450711039,0.0638659658600375,NA,0.160821524456017
"Utility","TD",25,100,-220.96,NA,NA,445.92,453.69,0.0281218434683979,0.533772448310629,0.0281273225760842,0.0380024344566309,NA,0.225168376229703
"Utility","TD",26,100,-209.2,NA,NA,422.4,430.17,0.128862570039928,0.17050133110024,0.0645577178915317,0.0616389468385983,NA,1.37515528589011
"Utility","TD",27,100,-138.71,NA,NA,281.42,289.19,0.980796684976667,0.860091791022569,0.888528626583704,0.717275760930704,NA,1.2001721150753
"Utility","TD",28,100,-249.53,NA,NA,503.06,510.83,0.633000507717952,0.959949327167124,0.979545814581555,2.02365167942108e-08,NA,0.0240202485583723
"Utility","TD",29,100,-187.47,NA,NA,378.94,386.71,0.234798390883952,0.4054856733419,0.204527355436186,0.238953437504847,NA,3.89528230370438
"Utility","TD",30,100,-249.53,NA,NA,503.06,510.83,0.319981756620109,0.632078264839947,0.928812093400166,5.74787572909174e-07,NA,0.0559587455590604
"Utility","TD",31,100,-127.83,NA,NA,259.66,267.43,0.417691254755482,0.885661983396858,0.156563524825999,0.921877572787457,NA,1.4762263855988
"Utility","TD",32,100,-249.53,NA,NA,503.06,510.83,0.119032545015216,0.605491037247702,0.700913554366659,7.17083979548152e-09,NA,0.0459982767437321
"Utility","TD",33,100,-99.99,NA,NA,203.98,211.75,0.824352919822559,0.753800751408562,0.805142883085259,1.01070075846005,NA,2.89878896835935
"Utility","TD",34,100,-164.36,NA,NA,332.72,340.49,0.080542077543214,0.69156481907703,0.0919034511301673,0.709830187352633,NA,3.2510444371212
"Utility","TD",35,100,-196.69,NA,NA,397.38,405.15,0.788759883260354,0.407168375095353,0.686144699123084,0.086114649470536,NA,0.8810732345608
"Utility","TD",36,100,-178.45,NA,NA,360.9,368.67,0.960197768406942,0.814909122884274,0.804350132484962,0.198417151783328,NA,0.491239995229989
"Utility","TD",37,100,-249.53,NA,NA,503.06,510.83,0.983733647270128,0.387793875532225,0.338881457505943,3.9389197174814e-08,NA,0.184212701395154
"Utility","TD",38,100,-173.47,NA,NA,350.94,358.71,0.640330957481638,0.661732341628522,0.517469777222816,0.201345518350858,NA,1.1015722423634
"Utility","TD",39,100,-128.58,NA,NA,261.16,268.93,0.591888564871624,0.781977394130081,0.657413829595639,0.430462126789616,NA,1.17335850927503
"Utility","TD",40,100,-172.29,NA,NA,348.58,356.35,0.185236022341996,0.927017299691215,0.133986442359123,0.351315764265656,NA,0.406216487288475
"Utility","TD",41,100,-181.8,NA,NA,367.6,375.37,0.5952471755445,0.540940156206489,0.519554866317491,0.160321484008171,NA,1.71158919288757
"Utility","TD",42,100,-249.53,NA,NA,503.06,510.83,0.265401779906824,0.195171546889469,0.987322538258496,2.02009180175002e-08,NA,0.226954524639678
"Utility","TD",43,100,-249.53,NA,NA,503.06,510.83,0.604935176437721,0.398145136190578,0.0335888592572273,1.79693369308562e-08,NA,0.0485801249742508
"Utility","TD",44,100,-190.13,NA,NA,384.26,392.03,0.470244030002505,0.685449249343947,0.560518390649052,0.121685587526484,NA,0.648697707336396
"Utility","TD",45,100,-214.63,NA,NA,433.26,441.03,0.371720403432846,0.503097830805928,0.395896069860874,0.0496312102169188,NA,0.322839245665818
"Utility","TD",46,100,-249.53,NA,NA,503.06,510.83,0.361050225095823,0.370053818682209,0.64692808822804,4.51296729322922e-08,NA,0.173567070005157
"Utility","TD",47,100,-122.36,NA,NA,248.72,256.49,0.594613759312779,0.789667062694207,0.541678333241632,0.734232905217269,NA,2.04544003671947
"Utility","TD",48,100,-219.81,NA,NA,443.62,451.39,0.628910263301805,0.0369398219045252,0.757490645382854,0.034911085085544,NA,1.35408596597136
"Utility","TD",49,100,-131.55,NA,NA,267.1,274.87,0.254382238723338,0.857857148861513,0.1481862471515,0.609059056967889,NA,0.936107955831003
"Utility","TD",50,100,-186.99,NA,NA,377.98,385.75,0.629901704145595,0.59963444317691,0.517688513337372,0.1451053597401,NA,1.13030682034315
"Utility","TD",51,100,-194.38,NA,NA,392.76,400.53,0.958562755258754,0.446684151422232,0.631048346434396,0.103442818615127,NA,1.46860518856885
"Utility","TD",52,100,-166.43,NA,NA,336.86,344.63,0.378760501742363,0.716149265645072,0.240620525091114,0.317369784727114,NA,1.1838285959837
"Utility","TD",53,100,-209.98,NA,NA,423.96,431.73,0.843001339351758,0.428967847023159,0.999999326985912,0.0449649972546191,NA,0.430095953866839
"Utility","TD",54,100,-141.19,NA,NA,286.38,294.15,0.111280993092805,0.926345025887713,0.101989991063378,0.974242294014101,NA,1.52358875974062
"Utility","TD",55,100,-120.98,NA,NA,245.96,253.73,0.231767056509852,0.779834397835657,0.169411809351394,0.91478318966573,NA,3.55762586234994
"Utility","TD",56,100,-143.52,NA,NA,291.04,298.81,0.386252531083301,0.815260800998658,0.154661155904659,0.956702057716413,NA,1.64474068483968
"Utility","TD",57,100,-229.72,NA,NA,463.44,471.21,0.6529874894768,0.670282299863175,0.635796317231878,0.0302541096061043,NA,0.116263606119901
"Utility","TD",58,100,-225.67,NA,NA,455.34,463.11,0.560497718863189,0.274772666627541,0.588459778403011,0.0356396898613856,NA,0.529099578669097
"Utility","TD",59,100,-190.59,NA,NA,385.18,392.95,0.597106330329552,0.589335348224267,0.52552351659301,0.124086650772957,NA,0.931611171881569
"Utility","TD",60,100,-118.35,NA,NA,240.7,248.47,0.987134294584394,0.800411853706464,0.884376519203682,0.556837220596249,NA,1.29764714087815
"Utility","TD",61,100,-249.53,NA,NA,503.06,510.83,0.718285634880885,0.565618214197457,0.979675491200879,4.18657649695451e-08,NA,0.0649159974418581
"Utility","TD",62,100,-201.21,NA,NA,406.42,414.19,0.125127220060676,0.773224814096466,0.0928063498849725,0.176489729402822,NA,0.583291862625629
"Utility","TD",63,100,-249.53,NA,NA,503.06,510.83,0.499009405029938,0.0988319513853639,0.0330339242778178,6.45235749739255e-08,NA,0.092432988807559
"Utility","TD",64,100,-186.4,NA,NA,376.8,384.57,0.333673485321924,0.454882015939802,0.343475893728455,0.19067319872783,NA,2.70696423376415
"Utility","TD",65,100,-249.53,NA,NA,503.06,510.83,0.810415166895837,0.0187283449340612,0.0335888592572273,1.79693369308562e-08,NA,0.165121834239408
"Utility","TD",66,100,-230.37,NA,NA,464.74,472.51,0.461979309096932,0.296923782210797,0.587373824156551,0.0297670850590757,NA,0.458040716126561
"Utility","TD",67,100,-239.5,NA,NA,483,490.77,0.285626433324069,0.528872283641249,0.637651103843418,0.0213148887516553,NA,0.147296045374405
"Utility","TD",68,100,-197.28,NA,NA,398.56,406.33,0.732509626774117,0.600311974063516,0.62261285377123,0.0862959982329964,NA,0.449271724574598
"Utility","TD",69,100,-195.34,NA,NA,394.68,402.45,0.977929984452203,0.529096166603267,0.712840110430361,0.089723159965619,NA,0.751786146880371
"Utility","TD",70,100,-249.53,NA,NA,503.06,510.83,0.98177181975916,0.159414226887748,0.985404646376263,4.17491419042787e-08,NA,0.477379389107227
"Utility","TD",71,100,-249.53,NA,NA,503.06,510.83,0.922829337418079,0.366323065012693,0.0287308111816431,6.90920879106085e-09,NA,0.0864430760253218
"Utility","TD",72,100,-210.02,NA,NA,424.04,431.81,0.437475311337039,0.144657690776512,0.461283486502398,0.0556965975452751,NA,1.51204245735464
"Utility","TD",73,100,-141.99,NA,NA,287.98,295.75,0.0812403932213783,0.858433880610391,0.0744961647935905,1.00010118446952,NA,1.57674626609245
"Utility","TD",74,100,-249.53,NA,NA,503.06,510.83,0.769064010120928,0.423705151304603,0.0285997939345462,7.52231656538427e-08,NA,0.0550090870819986
"Utility","TD",75,100,-249.53,NA,NA,503.06,510.83,0.27233505435288,0.0992442343849689,0.010037302584134,4.6796457141425e-08,NA,0.0195726837949201
"Utility","TD",76,100,-195.67,NA,NA,395.34,403.11,0.714246998308226,0.356464033480734,0.653261732029422,0.0940013153516195,NA,1.33508190601589
"Utility","TD",77,100,-168.47,NA,NA,340.94,348.71,0.165105299558491,0.62026000325568,0.197458655533552,0.347196066788342,NA,2.11759630225509
"Utility","TD",78,100,-187.63,NA,NA,379.26,387.03,0.948594216490164,0.818483957787976,0.80123840898631,0.132373361233413,NA,0.400698857048743
"Utility","TD",79,100,-249.53,NA,NA,503.06,510.83,0.641159480903298,0.713674181839451,0.979675491200879,4.18657649695451e-08,NA,0.0414828715044559
"Utility","TD",80,100,-133.59,NA,NA,271.18,278.95,0.602592710871249,0.798923129681498,0.654874451498994,0.606609664260933,NA,1.65777598732141
"Utility","TD",81,100,-143.29,NA,NA,290.58,298.35,0.0268326783552766,0.983408806612715,0.0314643423281646,1.18218824490515,NA,1.42827125892359
"Utility","TD",82,100,-249.53,NA,NA,503.06,510.83,0.390374890295789,0.210965643869713,0.0330339242778178,6.45235749739255e-08,NA,0.0709301116876304
"Utility","TD",83,100,-249.53,NA,NA,503.06,510.83,0.909624356776476,0.0655163209885359,0.633858443291657,5.85792678564379e-08,NA,0.479556284306279
"Utility","TD",84,100,-151.5,NA,NA,307,314.77,0.894585720263422,0.928069569170475,0.840574607085476,0.587668654260767,NA,0.784675157586944
"Utility","TD",85,100,-207.15,NA,NA,418.3,426.07,0.16712597804144,0.591124507132918,0.235666614080254,0.0666673718230429,NA,0.76918393555553
"Utility","TD",86,100,-249.53,NA,NA,503.06,510.83,0.0963515317998827,0.187938303221017,0.928812093400166,5.74787572909174e-07,NA,0.16646143142134
"Utility","TD",87,100,-90.85,NA,NA,185.7,193.47,0.812582350103185,0.879132093861699,0.824074405000264,1.660872818793,NA,4.4038753097219
"Utility","TD",88,100,-219.5,NA,NA,443,450.77,0.448961209738627,0.690639521926641,0.566058529976404,0.040196638572986,NA,0.123227803417321
"Utility","TD",89,100,-201.87,NA,NA,407.74,415.51,0.352596259210259,0.519048273330554,0.752674468096621,0.0643753618057348,NA,0.771270071114314
"Utility","TD",90,100,-198.3,NA,NA,400.6,408.37,0.7131295024883,0.112127762287855,0.660986901177612,0.0794595430540725,NA,3.4174234716404
"Utility","TD",91,100,-249.53,NA,NA,503.06,510.83,0.102771484525874,0.0985191510990262,0.987322538258496,2.02009180175002e-08,NA,0.348240172024816
"Utility","TD",92,100,-229.69,NA,NA,463.38,471.15,0.14997310237959,0.461772011825815,0.0583680054452015,0.0312428143484798,NA,0.261333189609714
"Utility","TD",93,100,-175.24,NA,NA,354.48,362.25,0.435881547397003,0.7804279406555,0.279251416663753,0.241352949294761,NA,0.681397345848382
"Utility","TD",94,100,-105.35,NA,NA,214.7,222.47,0.975024477113038,0.799848798895255,0.88260439726684,2.59700734177902,NA,4.33281822849937
"Utility","TD",95,100,-196.43,NA,NA,396.86,404.63,0.723246149485931,0.623378630494699,0.621621023566684,0.0911821831811109,NA,0.45622572209686
"Utility","TD",96,100,-214.51,NA,NA,433.02,440.79,0.323681306792423,0.444453429430723,0.501577690469428,0.0416993177651602,NA,0.446843124460429
"Utility","TD",97,100,-249.53,NA,NA,503.06,510.83,0.521510650403798,0.40949847153388,0.311619871535235,3.90618574171319e-08,NA,0.118169202112595
"Utility","TD",98,100,-189.31,NA,NA,382.62,390.39,0.418908317107707,0.978637758642435,0.503287282667775,0.136506250527472,NA,0.211078092921525
"Utility","TD",99,100,-190.13,NA,NA,384.26,392.03,0.78953983867541,0.418743934947997,0.560224066278137,0.126609556144267,NA,2.49348991278757
"Utility","TD",100,100,-238.26,NA,NA,480.52,488.29,0.956703607924283,0.607802340993658,0.80510094746126,0.0218466940160053,NA,0.108669338996542
"Utility","RSTD",1,100,-144.13,NA,NA,294.26,305.92,0.285107890376821,0.724670132622123,0.210067869943677,0.158102387146265,0.404806318910673,1.43561604238095
"Utility","RSTD",2,100,-249.53,NA,NA,505.06,516.72,0.950232450617477,0.206436974462122,0.253261347991692,0.887811037553276,3.48634575475586e-07,0.364579517394304
"Utility","RSTD",3,100,-212.84,NA,NA,431.68,443.34,0.536011227406561,0.200363578274846,0.519625575275795,0.681242203900873,0.0445530749042297,1.00568439900399
"Utility","RSTD",4,100,-222.62,NA,NA,451.24,462.9,0.321220333920792,0.649332832079381,0.734597054448497,0.373427941378467,0.0406218886789419,0.142882495187223
"Utility","RSTD",5,100,-156.73,NA,NA,319.46,331.12,0.525106647517532,0.973066303646192,0.83633404437318,0.742479813325994,0.379718013501321,0.392999498639256
"Utility","RSTD",6,100,-112.65,NA,NA,231.3,242.96,0.895209939451888,0.943225271301344,0.535442244065169,0.795484052429654,0.978889940842839,3.35385648889427
"Utility","RSTD",7,100,-249.53,NA,NA,505.06,516.72,0.753931205254048,0.197620301274583,0.0849416398693092,0.124431258364073,1.48284698844795e-07,0.18983699940145
"Utility","RSTD",8,100,-136.52,NA,NA,279.04,290.7,0.0560640415642411,0.783013365231454,0.180693339327226,0.111508470729883,0.610917894214212,3.41441693140154
"Utility","RSTD",9,100,-186.06,NA,NA,378.12,389.78,0.479448032099754,0.989872474921867,0.24672311629492,0.213718285356363,0.199953674788452,0.208000437050192
"Utility","RSTD",10,100,-112.98,NA,NA,231.96,243.62,0.711294803768396,0.788163986755535,0.557268475399316,0.760873034322074,0.799119802195793,2.30973086307261
"Utility","RSTD",11,100,-124.62,NA,NA,255.24,266.9,0.5048349336721,0.797194604296237,0.237701375892734,0.270649124640314,0.953115736961968,2.5054881726885
"Utility","RSTD",12,100,-200.8,NA,NA,407.6,419.26,0.731893435353413,0.395451756194234,0.796901648993148,0.999999725749148,0.0725709542647568,0.618170124012977
"Utility","RSTD",13,100,-165.9,NA,NA,337.8,349.46,0.275977379642427,0.511981163173914,0.589965019766388,0.199143717229959,0.185558298856558,2.39124982816227
"Utility","RSTD",14,100,-221.36,NA,NA,448.72,460.38,0.226354157319292,0.16033569118008,0.220027434587409,0.204075388180632,0.0375991406253388,0.894037933978152
"Utility","RSTD",15,100,-122.38,NA,NA,250.76,262.42,0.315573724219576,0.984172471100464,0.385199234565075,0.265747726592749,2.7383998705157,1.69604673600736
"Utility","RSTD",16,100,-186.25,NA,NA,378.5,390.16,0.540354023920372,0.854036244563758,0.628553132072113,0.453510169328985,0.123819172548418,0.362152148856662
"Utility","RSTD",17,100,-202.94,NA,NA,411.88,423.54,0.66359161795117,0.0660558908712119,0.775284548155121,0.983155297529645,0.0578165017352632,1.97567781611326
"Utility","RSTD",18,100,-191.88,NA,NA,389.76,401.42,0.973287776112556,0.630256613949314,0.702014749180583,0.7155909095739,0.136810274832509,0.855529390233469
"Utility","RSTD",19,100,-189.24,NA,NA,384.48,396.14,0.340647828998044,0.988910319516435,0.366278011802959,0.329044739727258,0.150417786375044,0.211397308856249
"Utility","RSTD",20,100,-208.51,NA,NA,423.02,434.68,0.329378831898794,0.0628540490288287,0.372492370973002,0.557307935859727,0.0671093683278527,2.33967715737489
"Utility","RSTD",21,100,-249.53,NA,NA,505.06,516.72,0.285566801903769,0.0508385861758143,0.00490491867430938,0.140062591953098,4.95967241668163e-07,0.410096168983728
"Utility","RSTD",22,100,-201.81,NA,NA,409.62,421.28,0.684979062527418,0.438995202770457,0.536158871682058,0.717202891071369,0.108789137597587,0.685128960758448
"Utility","RSTD",23,100,-193.25,NA,NA,392.5,404.16,0.529962481698021,0.27115519088693,0.712614710012829,0.459504423205252,0.0966863932527522,2.69503675574873
"Utility","RSTD",24,100,-199.91,NA,NA,405.82,417.48,0.779200294986367,0.728794121881947,0.696771578914612,0.999999294472674,0.0847547193130818,0.160821524456017
"Utility","RSTD",25,100,-221.86,NA,NA,449.72,461.38,0.0281218434683979,0.533772448310629,0.569112264050397,0.597067934128362,0.0309472744402008,0.225168376229703
"Utility","RSTD",26,100,-210.2,NA,NA,426.4,438.06,0.128862570039928,0.17050133110024,0.081618153438344,0.160749170641884,0.050828078843139,1.37515528589011
"Utility","RSTD",27,100,-146.94,NA,NA,299.88,311.54,0.980796684976667,0.860091791022569,0.89568678624275,0.886527552916717,5.26241352772312,1.2001721150753
"Utility","RSTD",28,100,-249.53,NA,NA,505.06,516.72,0.633000507717952,0.959949327167124,0.0761213046177791,0.124473399889975,1.22014751362667e-08,0.0240202485583723
"Utility","RSTD",29,100,-174.22,NA,NA,354.44,366.1,0.234798390883952,0.4054856733419,0.572466653271275,0.200789205932681,0.16517065528584,3.89528230370438
"Utility","RSTD",30,100,-249.53,NA,NA,505.06,516.72,0.319981756620109,0.632078264839947,0.117901476047356,0.114120282603711,1.92179411122246e-07,0.0559587455590604
"Utility","RSTD",31,100,-128.84,NA,NA,263.68,275.34,0.417691254755482,0.885661983396858,0.205696392664516,0.193776973808558,0.767523617394118,1.4762263855988
"Utility","RSTD",32,100,-249.53,NA,NA,505.06,516.72,0.119032545015216,0.605491037247702,0.0721434244540585,0.103339071216316,1.2697531681016e-07,0.0459982767437321
"Utility","RSTD",33,100,-100.49,NA,NA,206.98,218.64,0.824352919822559,0.753800751408562,0.976390810981344,0.830922636507288,0.946889465246083,2.89878896835935
"Utility","RSTD",34,100,-145.76,NA,NA,297.52,309.18,0.080542077543214,0.69156481907703,0.156000787596462,0.0920539670662174,0.708534329876232,3.2510444371212
"Utility","RSTD",35,100,-196.66,NA,NA,399.32,410.98,0.788759883260354,0.407168375095353,0.729802921544976,0.675359068111818,0.0852674904829716,0.8810732345608
"Utility","RSTD",36,100,-180.37,NA,NA,366.74,378.4,0.960197768406942,0.814909122884274,0.432460853922468,0.584867456957083,0.185894213939306,0.491239995229989
"Utility","RSTD",37,100,-249.53,NA,NA,505.06,516.72,0.983733647270128,0.387793875532225,0.565513362214829,0.999997311937757,6.30861161810507e-07,0.184212701395154
"Utility","RSTD",38,100,-173.57,NA,NA,353.14,364.8,0.640330957481638,0.661732341628522,0.406700917449563,0.356940567046695,0.199408874002506,1.1015722423634
"Utility","RSTD",39,100,-130.14,NA,NA,266.28,277.94,0.591888564871624,0.781977394130081,0.457965133562579,0.526181923976887,0.526003393302646,1.17335850927503
"Utility","RSTD",40,100,-169.14,NA,NA,344.28,355.94,0.185236022341996,0.927017299691215,0.190648729332511,0.124780721875972,0.284658624996863,0.406216487288475
"Utility","RSTD",41,100,-180.36,NA,NA,366.72,378.38,0.5952471755445,0.540940156206489,0.6179889251138,0.433717922679308,0.147392891796629,1.71158919288757
"Utility","RSTD",42,100,-249.53,NA,NA,505.06,516.72,0.265401779906824,0.195171546889469,0.268959960693953,0.124043137711014,1.68091521114837e-07,0.226954524639678
"Utility","RSTD",43,100,-249.53,NA,NA,505.06,516.72,0.604935176437721,0.398145136190578,0.144779915573368,0.0774573417844946,1.07323160789178e-07,0.0485801249742508
"Utility","RSTD",44,100,-189.68,NA,NA,385.36,397.02,0.470244030002505,0.685449249343947,0.562453903500689,0.443201684717204,0.141643674774961,0.648697707336396
"Utility","RSTD",45,100,-215.8,NA,NA,437.6,449.26,0.371720403432846,0.503097830805928,0.474360933266496,0.568666517906596,0.0592320766206498,0.322839245665818
"Utility","RSTD",46,100,-249.53,NA,NA,505.06,516.72,0.361050225095823,0.370053818682209,0.0789002434314076,0.131921679179325,1.06554025305429e-07,0.173567070005157
"Utility","RSTD",47,100,-121.07,NA,NA,248.14,259.8,0.594613759312779,0.789667062694207,0.257949564148638,0.368434680046621,0.91380594959572,2.04544003671947
"Utility","RSTD",48,100,-219.44,NA,NA,444.88,456.54,0.628910263301805,0.0369398219045252,0.912594691753463,0.970715559437873,0.034330428205453,1.35408596597136
"Utility","RSTD",49,100,-131.1,NA,NA,268.2,279.86,0.254382238723338,0.857857148861513,0.208421214567679,0.163848704731361,0.476956047477472,0.936107955831003
"Utility","RSTD",50,100,-185.79,NA,NA,377.58,389.24,0.629901704145595,0.59963444317691,0.608478830466075,0.443948588571983,0.141378401330682,1.13030682034315
"Utility","RSTD",51,100,-195.21,NA,NA,396.42,408.08,0.958562755258754,0.446684151422232,0.612437373705433,0.672453084364909,0.137764588905016,1.46860518856885
"Utility","RSTD",52,100,-164.44,NA,NA,334.88,346.54,0.378760501742363,0.716149265645072,0.290510521192314,0.219877508719307,0.306659119125068,1.1838285959837
"Utility","RSTD",53,100,-210.4,NA,NA,426.8,438.46,0.843001339351758,0.428967847023159,0.908849765061403,0.999999499030677,0.0547698246670834,0.430095953866839
"Utility","RSTD",54,100,-131.94,NA,NA,269.88,281.54,0.111280993092805,0.926345025887713,0.122643129830576,0.0925861336803998,0.941715452755258,1.52358875974062
"Utility","RSTD",55,100,-113.93,NA,NA,233.86,245.52,0.231767056509852,0.779834397835657,0.610055444157534,0.29546188558636,0.8280246208299,3.55762586234994
"Utility","RSTD",56,100,-144.91,NA,NA,295.82,307.48,0.386252531083301,0.815260800998658,0.23167873918449,0.200771016675036,0.769136866519426,1.64474068483968
"Utility","RSTD",57,100,-231.17,NA,NA,468.34,480,0.6529874894768,0.670282299863175,0.215184557759084,0.118683869099568,0.0326728639733418,0.116263606119901
"Utility","RSTD",58,100,-226.68,NA,NA,459.36,471.02,0.560497718863189,0.274772666627541,0.626006033984997,0.484074391712073,0.0419818064520927,0.529099578669097
"Utility","RSTD",59,100,-190.16,NA,NA,386.32,397.98,0.597106330329552,0.589335348224267,0.505535258308552,0.378271692534839,0.141761509459433,0.931611171881569
"Utility","RSTD",60,100,-115.78,NA,NA,237.56,249.22,0.987134294584394,0.800411853706464,0.982254871632687,0.88360808399885,0.601591779487357,1.29764714087815
"Utility","RSTD",61,100,-249.53,NA,NA,505.06,516.72,0.718285634880885,0.565618214197457,0.266812542660679,0.146204575750923,1.33189048105498e-08,0.0649159974418581
"Utility","RSTD",62,100,-203.25,NA,NA,412.5,424.16,0.125127220060676,0.773224814096466,0.234517867874815,0.245238319306656,0.106181352776539,0.583291862625629
"Utility","RSTD",63,100,-249.53,NA,NA,505.06,516.72,0.499009405029938,0.0988319513853639,0.218760369100511,0.0995341890870659,1.78732080946713e-08,0.092432988807559
"Utility","RSTD",64,100,-174.02,NA,NA,354.04,365.7,0.333673485321924,0.454882015939802,0.482430736938348,0.193281610058852,0.178401853814384,2.70696423376415
"Utility","RSTD",65,100,-249.53,NA,NA,505.06,516.72,0.810415166895837,0.0187283449340612,0.144779915573368,0.0774573417844946,1.07323160789178e-07,0.165121834239408
"Utility","RSTD",66,100,-230.42,NA,NA,466.84,478.5,0.461979309096932,0.296923782210797,0.675465298987358,0.893981737478133,0.0302121691289032,0.458040716126561
"Utility","RSTD",67,100,-249.53,NA,NA,505.06,516.72,0.285626433324069,0.528872283641249,0.760710617162682,0.84884810878563,1.25112013045817e-08,0.147296045374405
"Utility","RSTD",68,100,-197.47,NA,NA,400.94,412.6,0.732509626774117,0.600311974063516,0.540375437689533,0.53740054279019,0.094153354025331,0.449271724574598
"Utility","RSTD",69,100,-195.39,NA,NA,396.78,408.44,0.977929984452203,0.529096166603267,0.695638283354311,0.700764975922399,0.0974984697012845,0.751786146880371
"Utility","RSTD",70,100,-249.53,NA,NA,505.06,516.72,0.98177181975916,0.159414226887748,0.279289525239955,0.137183286877963,1.71820566771355e-08,0.477379389107227
"Utility","RSTD",71,100,-249.53,NA,NA,505.06,516.72,0.922829337418079,0.366323065012693,0.134830693262381,0.0889437572098808,6.05440202120271e-08,0.0864430760253218
"Utility","RSTD",72,100,-210.77,NA,NA,427.54,439.2,0.437475311337039,0.144657690776512,0.210351621100973,0.0926988187496638,0.0686284313556303,1.51204245735464
"Utility","RSTD",73,100,-149.16,NA,NA,304.32,315.98,0.0812403932213783,0.858433880610391,0.149279483889451,0.127428696283108,0.702572061493002,1.57674626609245
"Utility","RSTD",74,100,-249.53,NA,NA,505.06,516.72,0.769064010120928,0.423705151304603,0.19913278160924,0.105939953204869,6.58297352294207e-07,0.0550090870819986
"Utility","RSTD",75,100,-249.53,NA,NA,505.06,516.72,0.27233505435288,0.0992442343849689,0.346347669671003,0.0558916388585944,1.5308832649016e-08,0.0195726837949201
"Utility","RSTD",76,100,-195.66,NA,NA,397.32,408.98,0.714246998308226,0.356464033480734,0.639329511432359,0.608154445321152,0.0899990990283991,1.33508190601589
"Utility","RSTD",77,100,-155.77,NA,NA,317.54,329.2,0.165105299558491,0.62026000325568,0.37773379460135,0.169421997313171,0.261423182588296,2.11759630225509
"Utility","RSTD",78,100,-187.3,NA,NA,380.6,392.26,0.948594216490164,0.818483957787976,0.942388364754422,0.805642875053775,0.145560648462257,0.400698857048743
"Utility","RSTD",79,100,-249.53,NA,NA,505.06,516.72,0.641159480903298,0.713674181839451,0.266812542660679,0.146204575750923,1.33189048105498e-08,0.0414828715044559
"Utility","RSTD",80,100,-140.05,NA,NA,286.1,297.76,0.602592710871249,0.798923129681498,0.557268475399316,0.760873034322074,0.799119802195793,1.65777598732141
"Utility","RSTD",81,100,-175.15,NA,NA,356.3,367.96,0.0268326783552766,0.983408806612715,0.113887378935843,0.371064371736485,0.504056559567779,1.42827125892359
"Utility","RSTD",82,100,-249.53,NA,NA,505.06,516.72,0.390374890295789,0.210965643869713,0.218760369100511,0.0995341890870659,1.78732080946713e-08,0.0709301116876304
"Utility","RSTD",83,100,-249.53,NA,NA,505.06,516.72,0.909624356776476,0.0655163209885359,0.0705490327484095,0.152908473919154,1.22000742851008e-08,0.479556284306279
"Utility","RSTD",84,100,-151.74,NA,NA,309.48,321.14,0.894585720263422,0.928069569170475,0.862350405850341,0.846272213931911,0.650555698320656,0.784675157586944
"Utility","RSTD",85,100,-207.31,NA,NA,420.62,432.28,0.16712597804144,0.591124507132918,0.229948183034125,0.21525324077362,0.079835751310352,0.76918393555553
"Utility","RSTD",86,100,-249.53,NA,NA,505.06,516.72,0.0963515317998827,0.187938303221017,0.0178282186899607,0.0353543484652625,3.48586754602216e-07,0.16646143142134
"Utility","RSTD",87,100,-90.51,NA,NA,187.02,198.68,0.812582350103185,0.879132093861699,0.330529194994129,0.61973396284094,2.4809360603339,4.4038753097219
"Utility","RSTD",88,100,-223.35,NA,NA,452.7,464.36,0.448961209738627,0.690639521926641,0.44582900871023,0.416320557512581,0.0642190051572515,0.123227803417321
"Utility","RSTD",89,100,-200.71,NA,NA,407.42,419.08,0.352596259210259,0.519048273330554,0.616194881027804,0.993126459182439,0.0678861290610598,0.771270071114314
"Utility","RSTD",90,100,-198.85,NA,NA,403.7,415.36,0.7131295024883,0.112127762287855,0.557863151128002,0.555198834948274,0.0995742262000734,3.4174234716404
"Utility","RSTD",91,100,-249.53,NA,NA,505.06,516.72,0.102771484525874,0.0985191510990262,0.268959960693953,0.124043137711014,1.68091521114837e-07,0.348240172024816
"Utility","RSTD",92,100,-230.14,NA,NA,466.28,477.94,0.14997310237959,0.461772011825815,0.495099380740799,0.478573689566924,0.0304424175571525,0.261333189609714
"Utility","RSTD",93,100,-175.09,NA,NA,356.18,367.84,0.435881547397003,0.7804279406555,0.483671740543053,0.344692635033432,0.21139404737039,0.681397345848382
"Utility","RSTD",94,100,-101.2,NA,NA,208.4,220.06,0.975024477113038,0.799848798895255,0.148742394564896,0.43010003936433,1.09593133398768,4.33281822849937
"Utility","RSTD",95,100,-196.97,NA,NA,399.94,411.6,0.723246149485931,0.623378630494699,0.519045889094997,0.514376345966789,0.114386099362126,0.45622572209686
"Utility","RSTD",96,100,-214.8,NA,NA,435.6,447.26,0.323681306792423,0.444453429430723,0.471334280366239,0.438533506227733,0.0510689299542152,0.446843124460429
"Utility","RSTD",97,100,-249.53,NA,NA,505.06,516.72,0.521510650403798,0.40949847153388,0.257523171044095,0.0712552627902057,1.12036680409926e-07,0.118169202112595
"Utility","RSTD",98,100,-189.38,NA,NA,384.76,396.42,0.418908317107707,0.978637758642435,0.44200652892987,0.422940365898407,0.136729860152294,0.211078092921525
"Utility","RSTD",99,100,-190.65,NA,NA,387.3,398.96,0.78953983867541,0.418743934947997,0.470995342828927,0.49115445373997,0.146954419583703,2.49348991278757
"Utility","RSTD",100,100,-241.43,NA,NA,488.86,500.52,0.956703607924283,0.607802340993658,0.555640175816382,0.0585491785581873,0.0217730332821185,0.108669338996542
"Utility","Utility",1,100,-143.98,NA,NA,293.96,305.62,0.285107890376821,0.724670132622123,0.143712580631225,0.787205003179252,1.32507946853033,1.43561604238095
"Utility","Utility",2,100,-246.66,NA,NA,499.32,510.98,0.950232450617477,0.206436974462122,0.944425831872426,0.267236198123877,0.206982856313648,0.364579517394304
"Utility","Utility",3,100,-212.5,NA,NA,431,442.66,0.536011227406561,0.200363578274846,0.530233292999269,0.0130723133656802,1.77485996043733,1.00568439900399
"Utility","Utility",4,100,-221.01,NA,NA,448.02,459.68,0.321220333920792,0.649332832079381,3.15472242432992e-07,5.73636621328302e-07,1.27435711143229,0.142882495187223
"Utility","Utility",5,100,-156.44,NA,NA,318.88,330.54,0.525106647517532,0.973066303646192,0.817709060142152,0.625654935356068,1.91818536832315,0.392999498639256
"Utility","Utility",6,100,-114.22,NA,NA,234.44,246.1,0.895209939451888,0.943225271301344,0.912449202040194,0.63155350057079,6.39835669085093,3.35385648889427
"Utility","Utility",7,100,-249.53,NA,NA,505.06,516.72,0.753931205254048,0.197620301274583,0.639678874781596,0.207512910762166,3.75007679212167e-07,0.18983699940145
"Utility","Utility",8,100,-118.93,NA,NA,243.86,255.52,0.0560640415642411,0.783013365231454,0.0491282657581904,0.715018095046121,4.82523872353982,3.41441693140154
"Utility","Utility",9,100,-187.66,NA,NA,381.32,392.98,0.479448032099754,0.989872474921867,0.142293517593571,0.729795627619305,0.878660281099219,0.208000437050192
"Utility","Utility",10,100,-109.86,NA,NA,225.72,237.38,0.711294803768396,0.788163986755535,0.819128338926659,0.75489430490048,2.71842787114916,2.30973086307261
"Utility","Utility",11,100,-125.74,NA,NA,257.48,269.14,0.5048349336721,0.797194604296237,0.122803301283428,0.887528332542743,1.64260095998727,2.5054881726885
"Utility","Utility",12,100,-200.72,NA,NA,407.44,419.1,0.731893435353413,0.395451756194234,0.934548975693217,0.329098268216702,0.777906133420284,0.618170124012977
"Utility","Utility",13,100,-167.97,NA,NA,341.94,353.6,0.275977379642427,0.511981163173914,0.174415467657587,0.473716330083906,3.04722174099505,2.39124982816227
"Utility","Utility",14,100,-221.07,NA,NA,448.14,459.8,0.226354157319292,0.16033569118008,1.33287875930232e-07,2.806153665711e-07,1.50048474556617,0.894037933978152
"Utility","Utility",15,100,-115.86,NA,NA,237.72,249.38,0.315573724219576,0.984172471100464,0.222521532669019,0.849021052733093,1.94543561448204,1.69604673600736
"Utility","Utility",16,100,-188.51,NA,NA,383.02,394.68,0.540354023920372,0.854036244563758,0.73925203836849,0.568294079106049,0.979863483256741,0.362152148856662
"Utility","Utility",17,100,-201.12,NA,NA,408.24,419.9,0.66359161795117,0.0660558908712119,0.909977801222167,0.10929410872068,1.75383695139964,1.97567781611326
"Utility","Utility",18,100,-193.59,NA,NA,393.18,404.84,0.973287776112556,0.630256613949314,0.848329008363595,0.487486144145118,1.02442263613635,0.855529390233469
"Utility","Utility",19,100,-189.49,NA,NA,384.98,396.64,0.340647828998044,0.988910319516435,0.132615881708262,0.709146867536823,0.904793229574792,0.211397308856249
"Utility","Utility",20,100,-206.43,NA,NA,418.86,430.52,0.329378831898794,0.0628540490288287,0.445157931579687,0.106241549180941,1.42835799939422,2.33967715737489
"Utility","Utility",21,100,-249.53,NA,NA,505.06,516.72,0.285566801903769,0.0508385861758143,4.02898314615663e-07,0.638915040318022,1.81798275456804e-06,0.410096168983728
"Utility","Utility",22,100,-199.87,NA,NA,405.74,417.4,0.684979062527418,0.438995202770457,0.783184683380117,0.0430456266635673,2.52751917770956,0.685128960758448
"Utility","Utility",23,100,-189.53,NA,NA,385.06,396.72,0.529962481698021,0.27115519088693,0.599025182054317,8.33578934431109e-08,4.92129462313466,2.69503675574873
"Utility","Utility",24,100,-200.91,NA,NA,407.82,419.48,0.779200294986367,0.728794121881947,0.906551142114288,0.290596535171859,0.832439636353368,0.160821524456017
"Utility","Utility",25,100,-220.96,NA,NA,447.92,459.58,0.0281218434683979,0.533772448310629,1.91496812949221e-06,2.72716902979882e-07,1.32046791393406,0.225168376229703
"Utility","Utility",26,100,-207.58,NA,NA,421.16,432.82,0.128862570039928,0.17050133110024,0.0192194328275395,0.137631005926868,1.56460816800057,1.37515528589011
"Utility","Utility",27,100,-139.15,NA,NA,284.3,295.96,0.980796684976667,0.860091791022569,0.942015241137043,0.530023004325319,7.41920718504674,1.2001721150753
"Utility","Utility",28,100,-247.65,NA,NA,501.3,512.96,0.633000507717952,0.959949327167124,0.619051363724909,0.195679251249247,0.239771516777686,0.0240202485583723
"Utility","Utility",29,100,-173.37,NA,NA,352.74,364.4,0.234798390883952,0.4054856733419,0.200463009009109,0.325124557002482,3.44766290561985,3.89528230370438
"Utility","Utility",30,100,-249.53,NA,NA,505.06,516.72,0.319981756620109,0.632078264839947,0.796709272028843,0.595222778082842,2.72029468768134e-08,0.0559587455590604
"Utility","Utility",31,100,-128.55,NA,NA,263.1,274.76,0.417691254755482,0.885661983396858,0.14410928890876,0.889669998789359,1.51353039238261,1.4762263855988
"Utility","Utility",32,100,-249.53,NA,NA,505.06,516.72,0.119032545015216,0.605491037247702,0.103580370349325,0.162428878291579,3.01558593205188e-09,0.0459982767437321
"Utility","Utility",33,100,-100,NA,NA,206,217.66,0.824352919822559,0.753800751408562,0.829396261190723,0.922474074714461,1.45743126943973,2.89878896835935
"Utility","Utility",34,100,-140.95,NA,NA,287.9,299.56,0.080542077543214,0.69156481907703,0.0624279755287792,0.616941571446804,5.66646120152753,3.2510444371212
"Utility","Utility",35,100,-195.69,NA,NA,397.38,409.04,0.788759883260354,0.407168375095353,0.806509781429417,0.371393782795825,1.04991706331075,0.8810732345608
"Utility","Utility",36,100,-178.76,NA,NA,363.52,375.18,0.960197768406942,0.814909122884274,0.919499454757869,0.458283654907292,3.16926742178957,0.491239995229989
"Utility","Utility",37,100,-247.95,NA,NA,501.9,513.56,0.983733647270128,0.387793875532225,0.619051363724909,0.195679251249247,0.239771516777686,0.184212701395154
"Utility","Utility",38,100,-173.84,NA,NA,353.68,365.34,0.640330957481638,0.661732341628522,0.813034099402085,0.503509714241465,2.2284704805869,1.1015722423634
"Utility","Utility",39,100,-128.98,NA,NA,263.96,275.62,0.591888564871624,0.781977394130081,0.832257322264779,0.558512209133672,3.69726862231163,1.17335850927503
"Utility","Utility",40,100,-169.32,NA,NA,344.64,356.3,0.185236022341996,0.927017299691215,0.102681378311734,0.754836329339245,1.14411668322433,0.406216487288475
"Utility","Utility",41,100,-181.67,NA,NA,369.34,381,0.5952471755445,0.540940156206489,0.554288894739706,0.618400029247046,0.811009951176459,1.71158919288757
"Utility","Utility",42,100,-249.53,NA,NA,505.06,516.72,0.265401779906824,0.195171546889469,0.74652290474169,0.208306930091012,3.67457950923538e-07,0.226954524639678
"Utility","Utility",43,100,-249.53,NA,NA,505.06,516.72,0.604935176437721,0.398145136190578,0.0130112944252776,0.632992154849844,7.00246382267082e-08,0.0485801249742508
"Utility","Utility",44,100,-189.87,NA,NA,385.74,397.4,0.470244030002505,0.685449249343947,0.624312886754964,0.485634429668227,1.03373314766837,0.648697707336396
"Utility","Utility",45,100,-214.17,NA,NA,434.34,446,0.371720403432846,0.503097830805928,0.442929936960292,0.231597530151066,0.748307298335092,0.322839245665818
"Utility","Utility",46,100,-248.36,NA,NA,502.72,514.38,0.361050225095823,0.370053818682209,0.619051363724909,0.195679251249247,0.239771516777686,0.173567070005157
"Utility","Utility",47,100,-123.55,NA,NA,253.1,264.76,0.594613759312779,0.789667062694207,0.689840605978991,0.692210915413951,3.08336588757155,2.04544003671947
"Utility","Utility",48,100,-219.01,NA,NA,444.02,455.68,0.628910263301805,0.0369398219045252,0.901636149102475,0.133760261058042,0.803642743353095,1.35408596597136
"Utility","Utility",49,100,-131.9,NA,NA,269.8,281.46,0.254382238723338,0.857857148861513,0.16428835053338,0.796518860649918,1.34167850880866,0.936107955831003
"Utility","Utility",50,100,-187.05,NA,NA,380.1,391.76,0.629901704145595,0.59963444317691,0.546281909896173,0.491210617088818,1.16960205608012,1.13030682034315
"Utility","Utility",51,100,-194.34,NA,NA,394.68,406.34,0.958562755258754,0.446684151422232,0.70951329742299,0.499520740826343,0.809732613830579,1.46860518856885
"Utility","Utility",52,100,-164.86,NA,NA,335.72,347.38,0.378760501742363,0.716149265645072,0.225374601045372,0.769749305257392,0.900019570645055,1.1838285959837
"Utility","Utility",53,100,-209.84,NA,NA,425.68,437.34,0.843001339351758,0.428967847023159,0.999999246511903,0.181269025744141,0.836301664173227,0.430095953866839
"Utility","Utility",54,100,-130.6,NA,NA,267.2,278.86,0.111280993092805,0.926345025887713,0.0738073427796499,0.758037392357495,3.50148290481957,1.52358875974062
"Utility","Utility",55,100,-115.15,NA,NA,236.3,247.96,0.231767056509852,0.779834397835657,0.301720655759963,0.507467982546498,9.99999512052068,3.55762586234994
"Utility","Utility",56,100,-143.58,NA,NA,293.16,304.82,0.386252531083301,0.815260800998658,0.150113459971843,0.966299936802565,1.1338877997881,1.64474068483968
"Utility","Utility",57,100,-230.09,NA,NA,466.18,477.84,0.6529874894768,0.670282299863175,0.684017514599769,0.011853683908581,1.02832229737821,0.116263606119901
"Utility","Utility",58,100,-225.6,NA,NA,457.2,468.86,0.560497718863189,0.274772666627541,0.45981265904965,0.234551022590542,0.559753105762362,0.529099578669097
"Utility","Utility",59,100,-190.09,NA,NA,386.18,397.84,0.597106330329552,0.589335348224267,0.574022093648634,0.45590277867926,1.0761042318197,0.931611171881569
"Utility","Utility",60,100,-118.9,NA,NA,243.8,255.46,0.987134294584394,0.800411853706464,0.946670952434145,0.486835706713672,7.4203681034395,1.29764714087815
"Utility","Utility",61,100,-249.53,NA,NA,505.06,516.72,0.718285634880885,0.565618214197457,0.773640708375027,0.590791967569966,2.18462528741252e-07,0.0649159974418581
"Utility","Utility",62,100,-202.47,NA,NA,410.94,422.6,0.125127220060676,0.773224814096466,0.0972318431477201,0.558308124881642,1.13911468610529,0.583291862625629
"Utility","Utility",63,100,-249.53,NA,NA,505.06,516.72,0.499009405029938,0.0988319513853639,0.795091754685799,0.576636002173686,8.37913320927151e-07,0.092432988807559
"Utility","Utility",64,100,-175.97,NA,NA,357.94,369.6,0.333673485321924,0.454882015939802,0.328907689974802,0.382554838332438,3.06699754301129,2.70696423376415
"Utility","Utility",65,100,-249.53,NA,NA,505.06,516.72,0.810415166895837,0.0187283449340612,0.0130112944252776,0.632992154849844,7.00246382267082e-08,0.165121834239408
"Utility","Utility",66,100,-230.09,NA,NA,466.18,477.84,0.461979309096932,0.296923782210797,0.735900824515624,0.00015829157448502,1.0823505677667,0.458040716126561
"Utility","Utility",67,100,-239.51,NA,NA,485.02,496.68,0.285626433324069,0.528872283641249,0.611127982484522,0.0822078193878681,0.627721949251581,0.147296045374405
"Utility","Utility",68,100,-196.89,NA,NA,399.78,411.44,0.732509626774117,0.600311974063516,0.756751395393635,0.325729529104129,0.897689479538423,0.449271724574598
"Utility","Utility",69,100,-194.8,NA,NA,395.6,407.26,0.977929984452203,0.529096166603267,0.769783833470743,0.4146813573569,0.946393567925498,0.751786146880371
"Utility","Utility",70,100,-245.61,NA,NA,497.22,508.88,0.98177181975916,0.159414226887748,0.999999297260226,0.423013667580553,0.116728938361893,0.477379389107227
"Utility","Utility",71,100,-249.53,NA,NA,505.06,516.72,0.922829337418079,0.366323065012693,0.0618555715350694,0.629650552813034,1.17324301923312e-07,0.0864430760253218
"Utility","Utility",72,100,-208.38,NA,NA,422.76,434.42,0.437475311337039,0.144657690776512,0.537096175240682,0.0160088343212114,1.91489310579673,1.51204245735464
"Utility","Utility",73,100,-138.21,NA,NA,282.42,294.08,0.0812403932213783,0.858433880610391,0.0760727666260442,0.882345469652873,1.53042177355741,1.57674626609245
"Utility","Utility",74,100,-249.53,NA,NA,505.06,516.72,0.769064010120928,0.423705151304603,0.899785494636341,0.360627211097422,7.28881674955421e-09,0.0550090870819986
"Utility","Utility",75,100,-249.53,NA,NA,505.06,516.72,0.27233505435288,0.0992442343849689,0.824112944048796,0.460246032697382,1.71942568954011e-07,0.0195726837949201
"Utility","Utility",76,100,-194.14,NA,NA,394.28,405.94,0.714246998308226,0.356464033480734,0.749761482110066,0.417690874655071,0.985404225515918,1.33508190601589
"Utility","Utility",77,100,-157.08,NA,NA,320.16,331.82,0.165105299558491,0.62026000325568,0.105235171257475,0.496595598749777,4.34756363641348,2.11759630225509
"Utility","Utility",78,100,-189.04,NA,NA,384.08,395.74,0.948594216490164,0.818483957787976,0.967242979354886,0.267526231991836,8.12512835051562,0.400698857048743
"Utility","Utility",79,100,-249.53,NA,NA,505.06,516.72,0.641159480903298,0.713674181839451,0.773640708375027,0.590791967569966,2.18462528741252e-07,0.0414828715044559
"Utility","Utility",80,100,-134.51,NA,NA,275.02,286.68,0.602592710871249,0.798923129681498,0.804466534758454,0.689641307142612,2.58595915266439,1.65777598732141
"Utility","Utility",81,100,-185.72,NA,NA,377.44,389.1,0.0268326783552766,0.983408806612715,4.98906530101813e-07,0.725450266504096,1.42032724606751,1.42827125892359
"Utility","Utility",82,100,-249.53,NA,NA,505.06,516.72,0.390374890295789,0.210965643869713,0.795091754685799,0.576636002173686,8.37913320927151e-07,0.0709301116876304
"Utility","Utility",83,100,-249.53,NA,NA,505.06,516.72,0.909624356776476,0.0655163209885359,0.236391647564359,0.0388417412284782,1.50977151289908e-06,0.479556284306279
"Utility","Utility",84,100,-151.89,NA,NA,309.78,321.44,0.894585720263422,0.928069569170475,0.922342565892892,0.506054784738425,6.85992585214947,0.784675157586944
"Utility","Utility",85,100,-205.95,NA,NA,417.9,429.56,0.16712597804144,0.591124507132918,0.205380784842792,0.336699073785975,0.751636383285363,0.76918393555553
"Utility","Utility",86,100,-249.53,NA,NA,505.06,516.72,0.0963515317998827,0.187938303221017,1.06797776124114e-06,0.643402595009276,1.05839347718745e-06,0.16646143142134
"Utility","Utility",87,100,-90.83,NA,NA,187.66,199.32,0.812582350103185,0.879132093861699,0.820795247710903,0.951453018030475,1.77235383390029,4.4038753097219
"Utility","Utility",88,100,-219.66,NA,NA,445.32,456.98,0.448961209738627,0.690639521926641,0.47387203611547,0.28251190292565,0.474743184251553,0.123227803417321
"Utility","Utility",89,100,-200.52,NA,NA,407.04,418.7,0.352596259210259,0.519048273330554,0.768930405459215,0.310381781610699,0.92208665289872,0.771270071114314
"Utility","Utility",90,100,-194.53,NA,NA,395.06,406.72,0.7131295024883,0.112127762287855,0.801814686407569,0.0533174482406348,2.9956791783132,3.4174234716404
"Utility","Utility",91,100,-249.53,NA,NA,505.06,516.72,0.102771484525874,0.0985191510990262,0.74652290474169,0.208306930091012,3.67457950923538e-07,0.348240172024816
"Utility","Utility",92,100,-229.65,NA,NA,465.3,476.96,0.14997310237959,0.461772011825815,1.39529384277214e-06,3.27124455998558e-07,1.12469646184468,0.261333189609714
"Utility","Utility",93,100,-175.08,NA,NA,356.16,367.82,0.435881547397003,0.7804279406555,0.20916232312162,0.748250841874615,0.802661520048825,0.681397345848382
"Utility","Utility",94,100,-105.23,NA,NA,216.46,228.12,0.975024477113038,0.799848798895255,0.88150965021121,0.999998903233517,3.1868603386249,4.33281822849937
"Utility","Utility",95,100,-195.47,NA,NA,396.94,408.6,0.723246149485931,0.623378630494699,0.685159975402695,0.427710470494903,0.832203378178436,0.45622572209686
"Utility","Utility",96,100,-213.93,NA,NA,433.86,445.52,0.323681306792423,0.444453429430723,0.467717488903001,0.121770516116613,1.04450575768617,0.446843124460429
"Utility","Utility",97,100,-249.53,NA,NA,505.06,516.72,0.521510650403798,0.40949847153388,0.740248470420799,0.208375189297899,3.54845297092595e-07,0.118169202112595
"Utility","Utility",98,100,-192.96,NA,NA,391.92,403.58,0.418908317107707,0.978637758642435,0.663139262684203,0.457464431074433,1.0079712024389,0.211078092921525
"Utility","Utility",99,100,-190.88,NA,NA,387.76,399.42,0.78953983867541,0.418743934947997,0.715127817558606,0.436836897814084,1.04149518574695,2.49348991278757
"Utility","Utility",100,100,-238.28,NA,NA,482.56,494.22,0.956703607924283,0.607802340993658,0.817227321262844,0.499038958312564,0.129934380971009,0.108669338996542
