"simulate_model","fit_model","iteration","ACC","LogL","LogPr","LogPo","AIC","BIC","input_param_1","input_param_2","output_param_1","output_param_2","output_param_3","input_param_3"
"TD","TD",1,100,-98.88,NA,NA,201.76,209.53,0.643091264180839,1.83357874206723,0.781260266837863,1.0000020282666,NA,NA
"TD","TD",2,100,-90.84,NA,NA,185.68,193.45,0.724670132622123,2.43561604238095,0.867035398413922,4.63987561272688,NA,NA
"TD","TD",3,100,-104.73,NA,NA,213.46,221.23,0.950232450617477,3.03779015681686,0.884256711664279,3.93550826681012,NA,NA
"TD","TD",4,100,-106.01,NA,NA,216.02,223.79,0.682289758697152,1.07202245481312,0.77973952819711,1.00000347292146,NA,NA
"TD","TD",5,100,-111.26,NA,NA,226.52,234.29,0.200363578274846,2.00568439900399,0.149589925395916,1.07757785153783,NA,NA
"TD","TD",6,100,-123.78,NA,NA,251.56,259.33,0.321220333920792,1.29866566415876,0.149672434684346,1.0000003537472,NA,NA
"TD","TD",7,100,-121.76,NA,NA,247.52,255.29,0.571441247593611,1.05021329503506,0.617733341254246,1.00000059707193,NA,NA
"TD","TD",8,100,-109.76,NA,NA,223.52,231.29,0.973066303646192,1.39299949863926,0.870681746966672,1.12102479547347,NA,NA
"TD","TD",9,100,-124.48,NA,NA,252.96,260.73,0.895209939451888,1.00547373959183,0.856086517076867,1.00000007896643,NA,NA
"TD","TD",10,100,-132.95,NA,NA,269.9,277.67,0.0494146177079529,1.5078624105081,0.0435121820332978,1.72776607453652,NA,NA
"TD","TD",11,100,-125.75,NA,NA,255.5,263.27,0.197620301274583,1.18983699940145,0.136532596176612,1.00000109406806,NA,NA
"TD","TD",12,100,-120.55,NA,NA,245.1,252.87,0.0560640415642411,1.56602673046291,0.0527578462498551,2.12829438381539,NA,NA
"TD","TD",13,100,-121.15,NA,NA,246.3,254.07,0.051307131536305,2.23247370731968,0.0520703365037659,2.28384166247747,NA,NA
"TD","TD",14,100,-113.5,NA,NA,231,238.77,0.989872474921867,1.20800043705019,0.869192602536192,1.03282081851801,NA,NA
"TD","TD",15,100,-90.84,NA,NA,185.68,193.45,0.711294803768396,1.57632797351107,0.867035398413922,4.63987561272688,NA,NA
"TD","TD",16,100,-135.6,NA,NA,275.2,282.97,0.0768930825870484,1.0096698673442,0.0730066601337257,1.07198325367925,NA,NA
"TD","TD",17,100,-90.84,NA,NA,185.68,193.45,0.797194604296237,3.5054881726885,0.867035398413922,4.63987561272688,NA,NA
"TD","TD",18,100,-90.84,NA,NA,185.68,193.45,0.731893435353413,2.27495420533688,0.867035398413922,4.63987561272688,NA,NA
"TD","TD",19,100,-93.16,NA,NA,190.32,198.09,0.809085062006488,1.79705669912965,0.867106415976048,3.69820350603598,NA,NA
"TD","TD",20,100,-110.54,NA,NA,225.08,232.85,0.511981163173914,3.39124982816227,0.285661180603232,1.0392420657714,NA,NA
"TD","TD",21,100,-112.85,NA,NA,229.7,237.47,0.226354157319292,2.66897989056053,0.173653067969284,1.14056450108861,NA,NA
"TD","TD",22,100,-115.53,NA,NA,235.06,242.83,0.300222688354552,1.95544207743825,0.175813155274982,1.06636740445359,NA,NA
"TD","TD",23,100,-104.73,NA,NA,213.46,221.23,0.984172471100464,2.69604673600736,0.884256711664279,3.93550826681012,NA,NA
"TD","TD",24,100,-118.17,NA,NA,240.34,248.11,0.540354023920372,1.23410649768987,0.450430921133897,1.0000003304198,NA,NA
"TD","TD",25,100,-110.17,NA,NA,224.34,232.11,0.870058757020161,1.32718323590234,0.836500491196714,1.00000000019494,NA,NA
"TD","TD",26,100,-116.58,NA,NA,237.16,244.93,0.0660558908712119,2.97567781611326,0.0764672816786674,1.52895284774592,NA,NA
"TD","TD",27,100,-112.8,NA,NA,229.6,237.37,0.973287776112556,1.26051322789863,0.862823920268488,1.03437951403913,NA,NA
"TD","TD",28,100,-112.86,NA,NA,229.72,237.49,0.290595552418381,2.05573849655212,0.184896374237687,1.10839766121603,NA,NA
"TD","TD",29,100,-113.5,NA,NA,231,238.77,0.988910319516435,1.21139730885625,0.869192602536192,1.03282081851801,NA,NA
"TD","TD",30,100,-112.86,NA,NA,229.72,237.49,0.329378831898794,3.0851063261411,0.184896374237687,1.10839766121603,NA,NA
"TD","TD",31,100,-126.37,NA,NA,256.74,264.51,0.11878991080448,1.83541438817502,0.105664149649501,1.19336415792427,NA,NA
"TD","TD",32,100,-132.95,NA,NA,269.9,277.67,0.0508385861758143,1.41009616898373,0.0435121820332978,1.72776607453652,NA,NA
"TD","TD",33,100,-90.84,NA,NA,185.68,193.45,0.684979062527418,1.75662852577144,0.867035398413922,4.63987561272688,NA,NA
"TD","TD",34,100,-111.36,NA,NA,226.72,234.49,0.842564480379224,1.05992496339604,0.836154775497739,1.00000261284,NA,NA
"TD","TD",35,100,-114.31,NA,NA,232.62,240.39,0.27115519088693,3.69503675574873,0.183033928681391,1.09185280562886,NA,NA
"TD","TD",36,100,-97.71,NA,NA,199.42,207.19,0.779200294986367,1.45758824376389,0.802219711531478,1.00000357230287,NA,NA
"TD","TD",37,100,-104.73,NA,NA,213.46,221.23,0.982565350597724,4.92570209977795,0.884256711664279,3.93550826681012,NA,NA
"TD","TD",38,100,-118.17,NA,NA,240.34,248.11,0.533772448310629,1.2251683762297,0.450430921133897,1.0000003304198,NA,NA
"TD","TD",39,100,-126.04,NA,NA,256.08,263.85,0.128862570039928,2.75030500992181,0.106337553548131,1.19965648771722,NA,NA
"TD","TD",40,100,-123.85,NA,NA,251.7,259.47,0.420502026332542,1.08286330314484,0.148224623922527,1.00000062126369,NA,NA
"TD","TD",41,100,-93.08,NA,NA,190.16,197.93,0.860091791022569,2.2001721150753,0.866987744806821,3.85431777860778,NA,NA
"TD","TD",42,100,-108.31,NA,NA,220.62,228.39,0.633000507717952,1.31639195521562,0.76525748548494,1.00000042926168,NA,NA
"TD","TD",43,100,-110.54,NA,NA,225.08,232.85,0.512010124279186,3.01376353887389,0.285661180603232,1.0392420657714,NA,NA
"TD","TD",44,100,-112.53,NA,NA,229.06,236.83,0.4054856733419,4.89528230370438,0.278393976617267,1.00000938454498,NA,NA
"TD","TD",45,100,-123.78,NA,NA,251.56,259.33,0.319981756620109,1.26415652967989,0.149672434684346,1.0000003537472,NA,NA
"TD","TD",46,100,-104.73,NA,NA,213.46,221.23,0.947748523205519,2.36391219958187,0.884256711664279,3.93550826681012,NA,NA
"TD","TD",47,100,-113.13,NA,NA,230.26,238.03,0.885661983396858,2.4762263855988,0.848118421065336,1.01050850207901,NA,NA
"TD","TD",48,100,-133.92,NA,NA,271.84,279.61,0.119032545015216,1.2109820744954,0.114369391343803,1.00000061044311,NA,NA
"TD","TD",49,100,-104.29,NA,NA,212.58,220.35,0.931592519162223,1.64870583964512,0.88289083166472,3.88457196067522,NA,NA
"TD","TD",50,100,-90.84,NA,NA,185.68,193.45,0.753800751408562,3.89878896835935,0.867035398413922,4.63987561272688,NA,NA
"TD","TD",51,100,-125.89,NA,NA,255.78,263.55,0.080542077543214,1.38312963815406,0.0760991139671767,1.32769130215646,NA,NA
"TD","TD",52,100,-133.76,NA,NA,271.52,279.29,0.0462017410900444,1.57751976652071,0.0429347361173513,1.7270915068655,NA,NA
"TD","TD",53,100,-114.46,NA,NA,232.92,240.69,0.407168375095353,1.8810732345608,0.178373634423896,1.00000113482223,NA,NA
"TD","TD",54,100,-104.73,NA,NA,213.46,221.23,0.960197768406942,1.62981824576855,0.884256711664279,3.93550826681012,NA,NA
"TD","TD",55,100,-104.83,NA,NA,213.66,221.43,0.745619997614995,1.08382892229572,0.801160839478257,1.00000469099083,NA,NA
"TD","TD",56,100,-123.38,NA,NA,250.76,258.53,0.387793875532225,1.18421270139515,0.148406304279671,1.00000052470242,NA,NA
"TD","TD",57,100,-108.31,NA,NA,220.62,228.39,0.640330957481638,1.32346468325704,0.76525748548494,1.00000042926168,NA,NA
"TD","TD",58,100,-116.43,NA,NA,236.86,244.63,0.46626549679786,1.18377712974325,0.316120820500861,1.00000127641938,NA,NA
"TD","TD",59,100,-90.84,NA,NA,185.68,193.45,0.781977394130081,2.17335850927503,0.867035398413922,4.63987561272688,NA,NA
"TD","TD",60,100,-128.64,NA,NA,261.28,269.05,0.185236022341996,1.16209726792475,0.130627663578891,1.00000028114581,NA,NA
"TD","TD",61,100,-98.89,NA,NA,201.78,209.55,0.703108243644238,1.190494351089,0.781906313277137,1.00000060525548,NA,NA
"TD","TD",62,100,-105.31,NA,NA,214.62,222.39,0.540940156206489,2.71158919288757,0.329327511723435,1.04219468566212,NA,NA
"TD","TD",63,100,-114.31,NA,NA,232.62,240.39,0.265401779906824,2.94766673623564,0.183033928681391,1.09185280562886,NA,NA
"TD","TD",64,100,-120.63,NA,NA,245.26,253.03,0.897607917198911,1.20987035287544,0.857921457143015,1.00000004394329,NA,NA
"TD","TD",65,100,-123.85,NA,NA,251.7,259.47,0.398145136190578,1.04858012497425,0.148224623922527,1.00000062126369,NA,NA
"TD","TD",66,100,-122.7,NA,NA,249.4,257.17,0.470244030002505,1.37089849868789,0.151448107430641,1.00000047923379,NA,NA
"TD","TD",67,100,-93.16,NA,NA,190.32,198.09,0.824348853668198,2.18002879429133,0.867106415976048,3.69820350603598,NA,NA
"TD","TD",68,100,-108.9,NA,NA,221.8,229.57,0.503097830805928,1.32283924566582,0.323362851311969,1.00000035836461,NA,NA
"TD","TD",69,100,-115.18,NA,NA,234.36,242.13,0.361050225095823,2.17336245528878,0.192609375407056,1.03096031552209,NA,NA
"TD","TD",70,100,-112.8,NA,NA,229.6,237.37,0.964988884748891,1.18922751862556,0.862823920268488,1.03437951403913,NA,NA
"TD","TD",71,100,-90.84,NA,NA,185.68,193.45,0.789667062694207,3.04544003671947,0.867035398413922,4.63987561272688,NA,NA
"TD","TD",72,100,-95.32,NA,NA,194.64,202.41,0.628910263301805,3.95466302318459,0.785518306396835,1.00000063686926,NA,NA
"TD","TD",73,100,-115.38,NA,NA,234.76,242.53,0.415234696352854,1.7106761354533,0.182118129343086,1.00000095668574,NA,NA
"TD","TD",74,100,-93.08,NA,NA,190.16,197.93,0.857857148861513,1.936107955831,0.866987744806821,3.85431777860778,NA,NA
"TD","TD",75,100,-108.31,NA,NA,220.62,228.39,0.629901704145595,1.19926888635382,0.76525748548494,1.00000042926168,NA,NA
"TD","TD",76,100,-121.24,NA,NA,246.48,254.25,0.359289909945801,1.36449700228535,0.163583239377497,1.00000122169136,NA,NA
"TD","TD",77,100,-112.53,NA,NA,229.06,236.83,0.446684151422232,2.46860518856885,0.278393976617267,1.00000938454498,NA,NA
"TD","TD",78,100,-117.78,NA,NA,239.56,247.33,0.378760501742363,1.43229853129014,0.164917099788935,1.03501976293092,NA,NA
"TD","TD",79,100,-117.78,NA,NA,239.56,247.33,0.372670353855938,1.68600267870352,0.164917099788935,1.03501976293092,NA,NA
"TD","TD",80,100,-119.14,NA,NA,242.28,250.05,0.428967847023159,1.43009595386684,0.151275050205173,1.00000259822081,NA,NA
"TD","TD",81,100,-135.22,NA,NA,274.44,282.21,0.111280993092805,1.04204804978253,0.100679076749683,1.0000008296463,NA,NA
"TD","TD",82,100,-115.33,NA,NA,234.66,242.43,0.142161799827591,2.60663627263189,0.118171647951886,1.20492387654103,NA,NA
"TD","TD",83,100,-90.84,NA,NA,185.68,193.45,0.779834397835657,4.55762586234994,0.867035398413922,4.63987561272688,NA,NA
"TD","TD",84,100,-114.46,NA,NA,232.92,240.69,0.386252531083301,1.63052160199732,0.178373634423896,1.00000113482223,NA,NA
"TD","TD",85,100,-122.38,NA,NA,248.76,256.53,0.23896856745705,1.3059749789536,0.147183272426847,1.02284177212926,NA,NA
"TD","TD",86,100,-106.01,NA,NA,216.02,223.79,0.670282299863175,1.1162636061199,0.77973952819711,1.00000347292146,NA,NA
"TD","TD",87,100,-111.36,NA,NA,226.72,234.49,0.560497718863189,1.79223784707011,0.468033481241459,1.00000064362038,NA,NA
"TD","TD",88,100,-116.38,NA,NA,236.76,244.53,0.915246691787615,1.1942126606591,0.862645705350834,1.00000031780564,NA,NA
"TD","TD",89,100,-108.74,NA,NA,221.48,229.25,0.589335348224267,1.93161117188157,0.548568577336283,1.00000173633647,NA,NA
"TD","TD",90,100,-104.73,NA,NA,213.46,221.23,0.987134294584394,1.60082370741293,0.884256711664279,3.93550826681012,NA,NA
"TD","TD",91,100,-116.07,NA,NA,236.14,243.91,0.401124990079552,1.43657126976177,0.148915048341449,1.02347928581806,NA,NA
"TD","TD",92,100,-121.76,NA,NA,247.52,255.29,0.565618214197457,1.06491599744186,0.617733341254246,1.00000059707193,NA,NA
"TD","TD",93,100,-127.12,NA,NA,258.24,266.01,0.125127220060676,1.54644962819293,0.113510629144967,1.07949069633795,NA,NA
"TD","TD",94,100,-93.16,NA,NA,190.32,198.09,0.791645931312814,1.76679624943127,0.867106415976048,3.69820350603598,NA,NA
"TD","TD",95,100,-137.31,NA,NA,278.62,286.39,0.0988319513853639,1.09243298880756,0.0854013546363973,1.08619016232629,NA,NA
"TD","TD",96,100,-115.53,NA,NA,235.06,242.83,0.333673485321924,1.79963922020125,0.18636143623873,1.04610905189695,NA,NA
"TD","TD",97,100,-132.65,NA,NA,269.3,277.07,0.10172016825527,1.62083033379167,0.104986344682304,1.00000020385954,NA,NA
"TD","TD",98,100,-140.81,NA,NA,285.62,293.39,0.0187283449340612,1.16512183423941,0.0188399765060234,1.00000028829499,NA,NA
"TD","TD",99,100,-116.87,NA,NA,237.74,245.51,0.461979309096932,1.88084230940313,0.16105950097612,1.00000109641086,NA,NA
"TD","TD",100,100,-90.84,NA,NA,185.68,193.45,0.729020358063281,1.83565291385622,0.867035398413922,4.63987561272688,NA,NA
"TD","RSTD",1,100,-99.06,NA,NA,204.12,215.78,0.643091264180839,1.83357874206723,0.699675666003366,0.740889112654695,1.00000106900112,NA
"TD","RSTD",2,100,-90.67,NA,NA,187.34,199,0.724670132622123,2.43561604238095,0.333762859143939,0.623088859906998,2.04770122627305,NA
"TD","RSTD",3,100,-101.07,NA,NA,208.14,219.8,0.950232450617477,3.03779015681686,0.149574833715123,0.46057071621044,1.09366883410335,NA
"TD","RSTD",4,100,-106.22,NA,NA,218.44,230.1,0.682289758697152,1.07202245481312,0.700004894179842,0.74021750344234,1.0000111726209,NA
"TD","RSTD",5,100,-111.11,NA,NA,228.22,239.88,0.200363578274846,2.00568439900399,0.164885536688419,0.155782376536932,1.00000230424128,NA
"TD","RSTD",6,100,-123.91,NA,NA,253.82,265.48,0.321220333920792,1.29866566415876,0.159727756305524,0.160940432976922,1.00000109925102,NA
"TD","RSTD",7,100,-117.22,NA,NA,240.44,252.1,0.571441247593611,1.05021329503506,0.210769436992202,0.325017076895604,1.00000902740948,NA
"TD","RSTD",8,100,-104.84,NA,NA,215.68,227.34,0.973066303646192,1.39299949863926,0.158797045149135,0.465652201817937,1.00000140236984,NA
"TD","RSTD",9,100,-121.86,NA,NA,249.72,261.38,0.895209939451888,1.00547373959183,0.16455281284471,0.444708965613178,1.00000293744539,NA
"TD","RSTD",10,100,-139.87,NA,NA,285.74,297.4,0.0494146177079529,1.5078624105081,0.065945287120428,0.0644767768496704,1.14034390652756,NA
"TD","RSTD",11,100,-124.35,NA,NA,254.7,266.36,0.197620301274583,1.18983699940145,0.141980368337515,0.127359412420488,1.00001463220683,NA
"TD","RSTD",12,100,-129.03,NA,NA,264.06,275.72,0.0560640415642411,1.56602673046291,0.0953943517776246,0.0912740323069633,1.00008777277116,NA
"TD","RSTD",13,100,-131.77,NA,NA,269.54,281.2,0.051307131536305,2.23247370731968,0.0982466020840816,0.0983066054048817,1.01217159089697,NA
"TD","RSTD",14,100,-108.37,NA,NA,222.74,234.4,0.989872474921867,1.20800043705019,0.155687665292056,0.467403399546265,1.00000277805951,NA
"TD","RSTD",15,100,-90.67,NA,NA,187.34,199,0.711294803768396,1.57632797351107,0.333762859143939,0.623088859906998,2.04770122627305,NA
"TD","RSTD",16,100,-135.39,NA,NA,276.78,288.44,0.0768930825870484,1.0096698673442,0.0807808233433293,0.0755739738088151,1.00000505809807,NA
"TD","RSTD",17,100,-90.67,NA,NA,187.34,199,0.797194604296237,3.5054881726885,0.333762859143939,0.623088859906998,2.04770122627305,NA
"TD","RSTD",18,100,-90.67,NA,NA,187.34,199,0.731893435353413,2.27495420533688,0.333762859143939,0.623088859906998,2.04770122627305,NA
"TD","RSTD",19,100,-93.03,NA,NA,192.06,203.72,0.809085062006488,1.79705669912965,0.557268475399316,0.760873034322074,1.71920782197621,NA
"TD","RSTD",20,100,-107.59,NA,NA,221.18,232.84,0.511981163173914,3.39124982816227,0.999999800293301,0.473397904613536,1.00002486599008,NA
"TD","RSTD",21,100,-111.24,NA,NA,228.48,240.14,0.226354157319292,2.66897989056053,0.270395456907796,0.216151431434223,1.08761350483084,NA
"TD","RSTD",22,100,-114.45,NA,NA,234.9,246.56,0.300222688354552,1.95544207743825,0.291233508296664,0.235858780473319,1.00002274409643,NA
"TD","RSTD",23,100,-101.07,NA,NA,208.14,219.8,0.984172471100464,2.69604673600736,0.149574833715123,0.46057071621044,1.09366883410335,NA
"TD","RSTD",24,100,-112.21,NA,NA,230.42,242.08,0.540354023920372,1.23410649768987,0.201843493355064,0.312878735473289,1.00000248687931,NA
"TD","RSTD",25,100,-108.15,NA,NA,222.3,233.96,0.870058757020161,1.32718323590234,0.210920929435445,0.457628988517441,1.00000197041829,NA
"TD","RSTD",26,100,-117.07,NA,NA,240.14,251.8,0.0660558908712119,2.97567781611326,0.110781587125141,0.0968026602612747,1.00000812943934,NA
"TD","RSTD",27,100,-107.93,NA,NA,221.86,233.52,0.973287776112556,1.26051322789863,0.158869385466253,0.440684096200749,1.0000098997672,NA
"TD","RSTD",28,100,-111.12,NA,NA,228.24,239.9,0.290595552418381,2.05573849655212,0.318652041935725,0.247829750451801,1.00000919931148,NA
"TD","RSTD",29,100,-108.37,NA,NA,222.74,234.4,0.988910319516435,1.21139730885625,0.155687665292056,0.467403399546265,1.00000277805951,NA
"TD","RSTD",30,100,-111.12,NA,NA,228.24,239.9,0.329378831898794,3.0851063261411,0.318652041935725,0.247829750451801,1.00000919931148,NA
"TD","RSTD",31,100,-120.09,NA,NA,246.18,257.84,0.11878991080448,1.83541438817502,0.121287014837571,0.0946701390006981,1.00000014943817,NA
"TD","RSTD",32,100,-139.87,NA,NA,285.74,297.4,0.0508385861758143,1.41009616898373,0.065945287120428,0.0644767768496704,1.14034390652756,NA
"TD","RSTD",33,100,-90.67,NA,NA,187.34,199,0.684979062527418,1.75662852577144,0.333762859143939,0.623088859906998,2.04770122627305,NA
"TD","RSTD",34,100,-110.89,NA,NA,227.78,239.44,0.842564480379224,1.05992496339604,0.591010388961621,0.779374772097306,1.00000159189858,NA
"TD","RSTD",35,100,-111.87,NA,NA,229.74,241.4,0.27115519088693,3.69503675574873,0.344253859924018,0.254136664505951,1.00000563603677,NA
"TD","RSTD",36,100,-97.53,NA,NA,201.06,212.72,0.779200294986367,1.45758824376389,0.557268475399316,0.760873034322074,1.71920782197621,NA
"TD","RSTD",37,100,-101.07,NA,NA,208.14,219.8,0.982565350597724,4.92570209977795,0.149574833715123,0.46057071621044,1.09366883410335,NA
"TD","RSTD",38,100,-112.21,NA,NA,230.42,242.08,0.533772448310629,1.2251683762297,0.201843493355064,0.312878735473289,1.00000248687931,NA
"TD","RSTD",39,100,-115.34,NA,NA,236.68,248.34,0.128862570039928,2.75030500992181,0.131122911381129,0.0957120781516825,1.00000054831597,NA
"TD","RSTD",40,100,-124.22,NA,NA,254.44,266.1,0.420502026332542,1.08286330314484,0.167201875710998,0.169110430087883,1.00000013763535,NA
"TD","RSTD",41,100,-92.95,NA,NA,191.9,203.56,0.860091791022569,2.2001721150753,0.557268475399316,0.760873034322074,1.71920782197621,NA
"TD","RSTD",42,100,-107.61,NA,NA,221.22,232.88,0.633000507717952,1.31639195521562,0.314150167398214,0.520770274047671,1.000033772346,NA
"TD","RSTD",43,100,-107.59,NA,NA,221.18,232.84,0.512010124279186,3.01376353887389,0.999999800293301,0.473397904613536,1.00002486599008,NA
"TD","RSTD",44,100,-108.73,NA,NA,223.46,235.12,0.4054856733419,4.89528230370438,0.999999892160518,0.474332649630836,1.00112668649189,NA
"TD","RSTD",45,100,-123.91,NA,NA,253.82,265.48,0.319981756620109,1.26415652967989,0.159727756305524,0.160940432976922,1.00000109925102,NA
"TD","RSTD",46,100,-101.07,NA,NA,208.14,219.8,0.947748523205519,2.36391219958187,0.149574833715123,0.46057071621044,1.09366883410335,NA
"TD","RSTD",47,100,-112.53,NA,NA,231.06,242.72,0.885661983396858,2.4762263855988,0.602388094352589,0.801258229971292,1.0000010751389,NA
"TD","RSTD",48,100,-130.79,NA,NA,267.58,279.24,0.119032545015216,1.2109820744954,0.12286453068966,0.10512740536186,1.00000226145336,NA
"TD","RSTD",49,100,-100.9,NA,NA,207.8,219.46,0.931592519162223,1.64870583964512,0.161074342786806,0.449513715334834,1.00000272257179,NA
"TD","RSTD",50,100,-90.67,NA,NA,187.34,199,0.753800751408562,3.89878896835935,0.333762859143939,0.623088859906998,2.04770122627305,NA
"TD","RSTD",51,100,-126.07,NA,NA,258.14,269.8,0.080542077543214,1.38312963815406,0.0987582757661441,0.0860324281627528,1.00000462238715,NA
"TD","RSTD",52,100,-141.72,NA,NA,289.44,301.1,0.0462017410900444,1.57751976652071,0.0648383614862034,0.0678224028409434,1.00000249303418,NA
"TD","RSTD",53,100,-114.11,NA,NA,234.22,245.88,0.407168375095353,1.8810732345608,0.965572126545525,0.443996767773526,1.00000550754955,NA
"TD","RSTD",54,100,-101.07,NA,NA,208.14,219.8,0.960197768406942,1.62981824576855,0.149574833715123,0.46057071621044,1.09366883410335,NA
"TD","RSTD",55,100,-104.89,NA,NA,215.78,227.44,0.745619997614995,1.08382892229572,0.501139038473656,0.704008385297507,1.00001298850165,NA
"TD","RSTD",56,100,-123.94,NA,NA,253.88,265.54,0.387793875532225,1.18421270139515,0.170842138442343,0.170599941754221,1.00000436853774,NA
"TD","RSTD",57,100,-107.61,NA,NA,221.22,232.88,0.640330957481638,1.32346468325704,0.314150167398214,0.520770274047671,1.000033772346,NA
"TD","RSTD",58,100,-115.7,NA,NA,237.4,249.06,0.46626549679786,1.18377712974325,0.280534958735249,0.308388187371243,1.00001659103884,NA
"TD","RSTD",59,100,-90.67,NA,NA,187.34,199,0.781977394130081,2.17335850927503,0.333762859143939,0.623088859906998,2.04770122627305,NA
"TD","RSTD",60,100,-127.61,NA,NA,261.22,272.88,0.185236022341996,1.16209726792475,0.138483070949774,0.125161572545248,1.00000072131081,NA
"TD","RSTD",61,100,-99.04,NA,NA,204.08,215.74,0.703108243644238,1.190494351089,0.606754894967784,0.715096829269112,1.12804004362041,NA
"TD","RSTD",62,100,-105,NA,NA,216,227.66,0.540940156206489,2.71158919288757,0.296394433987038,0.327399414195197,1.00000170969075,NA
"TD","RSTD",63,100,-111.87,NA,NA,229.74,241.4,0.265401779906824,2.94766673623564,0.344253859924018,0.254136664505951,1.00000563603677,NA
"TD","RSTD",64,100,-118.17,NA,NA,242.34,254,0.897607917198911,1.20987035287544,0.16192222984319,0.44642501467812,1.00000075246217,NA
"TD","RSTD",65,100,-124.22,NA,NA,254.44,266.1,0.398145136190578,1.04858012497425,0.167201875710998,0.169110430087883,1.00000013763535,NA
"TD","RSTD",66,100,-122.39,NA,NA,250.78,262.44,0.470244030002505,1.37089849868789,0.211228812626493,0.237306067249086,1.00001294017122,NA
"TD","RSTD",67,100,-93.03,NA,NA,192.06,203.72,0.824348853668198,2.18002879429133,0.557268475399316,0.760873034322074,1.71920782197621,NA
"TD","RSTD",68,100,-108.48,NA,NA,222.96,234.62,0.503097830805928,1.32283924566582,0.27196496134019,0.321265105575334,1.00000237438661,NA
"TD","RSTD",69,100,-113.51,NA,NA,233.02,244.68,0.361050225095823,2.17336245528878,0.501909429529685,0.329710556937586,1.00001501903533,NA
"TD","RSTD",70,100,-107.93,NA,NA,221.86,233.52,0.964988884748891,1.18922751862556,0.158869385466253,0.440684096200749,1.0000098997672,NA
"TD","RSTD",71,100,-90.67,NA,NA,187.34,199,0.789667062694207,3.04544003671947,0.333762859143939,0.623088859906998,2.04770122627305,NA
"TD","RSTD",72,100,-95.22,NA,NA,196.44,208.1,0.628910263301805,3.95466302318459,0.333762859143939,0.623088859906998,2.04770122627305,NA
"TD","RSTD",73,100,-113.95,NA,NA,233.9,245.56,0.415234696352854,1.7106761354533,0.893886117747797,0.430269845769062,1.00000106335804,NA
"TD","RSTD",74,100,-92.95,NA,NA,191.9,203.56,0.857857148861513,1.936107955831,0.557268475399316,0.760873034322074,1.71920782197621,NA
"TD","RSTD",75,100,-107.61,NA,NA,221.22,232.88,0.629901704145595,1.19926888635382,0.314150167398214,0.520770274047671,1.000033772346,NA
"TD","RSTD",76,100,-122.13,NA,NA,250.26,261.92,0.359289909945801,1.36449700228535,0.2530019708041,0.222733251288482,1.00000093334949,NA
"TD","RSTD",77,100,-108.73,NA,NA,223.46,235.12,0.446684151422232,2.46860518856885,0.999999892160518,0.474332649630836,1.00112668649189,NA
"TD","RSTD",78,100,-117.96,NA,NA,241.92,253.58,0.378760501742363,1.43229853129014,0.471399316651959,0.317653296464286,1.00000752946945,NA
"TD","RSTD",79,100,-117.96,NA,NA,241.92,253.58,0.372670353855938,1.68600267870352,0.471399316651959,0.317653296464286,1.00000752946945,NA
"TD","RSTD",80,100,-118.42,NA,NA,242.84,254.5,0.428967847023159,1.43009595386684,0.200774694042238,0.225807520055121,1.00000008156683,NA
"TD","RSTD",81,100,-133.32,NA,NA,272.64,284.3,0.111280993092805,1.04204804978253,0.115701626157377,0.102043181209467,1.00001220393737,NA
"TD","RSTD",82,100,-109.68,NA,NA,225.36,237.02,0.142161799827591,2.60663627263189,0.15388395289696,0.120160445879712,1.0246612324962,NA
"TD","RSTD",83,100,-90.67,NA,NA,187.34,199,0.779834397835657,4.55762586234994,0.333762859143939,0.623088859906998,2.04770122627305,NA
"TD","RSTD",84,100,-114.11,NA,NA,234.22,245.88,0.386252531083301,1.63052160199732,0.965572126545525,0.443996767773526,1.00000550754955,NA
"TD","RSTD",85,100,-121.76,NA,NA,249.52,261.18,0.23896856745705,1.3059749789536,0.155109700313001,0.14376243541153,1.00000315186436,NA
"TD","RSTD",86,100,-106.22,NA,NA,218.44,230.1,0.670282299863175,1.1162636061199,0.700004894179842,0.74021750344234,1.0000111726209,NA
"TD","RSTD",87,100,-106.06,NA,NA,218.12,229.78,0.560497718863189,1.79223784707011,0.21820763954491,0.327794585586949,1.00001514368364,NA
"TD","RSTD",88,100,-111.48,NA,NA,228.96,240.62,0.915246691787615,1.1942126606591,0.156469171597444,0.435822677131584,1.00000164742205,NA
"TD","RSTD",89,100,-105.43,NA,NA,216.86,228.52,0.589335348224267,1.93161117188157,0.250851618486929,0.386459378988451,1.00001311954999,NA
"TD","RSTD",90,100,-101.07,NA,NA,208.14,219.8,0.987134294584394,1.60082370741293,0.149574833715123,0.46057071621044,1.09366883410335,NA
"TD","RSTD",91,100,-117.29,NA,NA,240.58,252.24,0.401124990079552,1.43657126976177,0.19226007337307,0.200430016292166,1.00000034180025,NA
"TD","RSTD",92,100,-117.22,NA,NA,240.44,252.1,0.565618214197457,1.06491599744186,0.210769436992202,0.325017076895604,1.00000902740948,NA
"TD","RSTD",93,100,-125.13,NA,NA,256.26,267.92,0.125127220060676,1.54644962819293,0.122278378339969,0.106433116378115,1.00000271030586,NA
"TD","RSTD",94,100,-93.03,NA,NA,192.06,203.72,0.791645931312814,1.76679624943127,0.557268475399316,0.760873034322074,1.71920782197621,NA
"TD","RSTD",95,100,-136.85,NA,NA,279.7,291.36,0.0988319513853639,1.09243298880756,0.105432818402795,0.0952440662610666,1.00000646404252,NA
"TD","RSTD",96,100,-114.23,NA,NA,234.46,246.12,0.333673485321924,1.79963922020125,0.435827119181349,0.308051200996499,1.00003169277931,NA
"TD","RSTD",97,100,-129.55,NA,NA,265.1,276.76,0.10172016825527,1.62083033379167,0.109156133658256,0.0898430750939866,1.00001165125006,NA
"TD","RSTD",98,100,-152.2,NA,NA,310.4,322.06,0.0187283449340612,1.16512183423941,0.0492218782602038,0.0744550935165786,1.00001123771639,NA
"TD","RSTD",99,100,-115.53,NA,NA,237.06,248.72,0.461979309096932,1.88084230940313,0.202695226911777,0.226882600647905,1.00000361443047,NA
"TD","RSTD",100,100,-90.67,NA,NA,187.34,199,0.729020358063281,1.83565291385622,0.333762859143939,0.623088859906998,2.04770122627305,NA
"TD","Utility",1,100,-98.89,NA,NA,203.78,215.44,0.643091264180839,1.83357874206723,0.776114548845204,0.999999864016635,1.00000668658587,NA
"TD","Utility",2,100,-90.9,NA,NA,187.8,199.46,0.724670132622123,2.43561604238095,0.857195363819497,0.990203836831478,3.00553580004155,NA
"TD","Utility",3,100,-106.15,NA,NA,218.3,229.96,0.950232450617477,3.03779015681686,0.9094679925316,0.734130251155242,4.71688578746007,NA
"TD","Utility",4,100,-106.75,NA,NA,219.5,231.16,0.682289758697152,1.07202245481312,0.815656714813962,0.999999863256463,1.00000847546017,NA
"TD","Utility",5,100,-110.96,NA,NA,227.92,239.58,0.200363578274846,2.00568439900399,0.142175716763933,0.937120076012563,1.39821624474352,NA
"TD","Utility",6,100,-123.77,NA,NA,253.54,265.2,0.321220333920792,1.29866566415876,0.151232372127011,0.995114034200589,1.00000057337883,NA
"TD","Utility",7,100,-119.35,NA,NA,244.7,256.36,0.571441247593611,1.05021329503506,0.7272046849076,0.938419383992817,1.00000043884626,NA
"TD","Utility",8,100,-110.18,NA,NA,226.36,238.02,0.973066303646192,1.39299949863926,0.914803230060612,0.674967312459097,5.3897699559646,NA
"TD","Utility",9,100,-123.98,NA,NA,253.96,265.62,0.895209939451888,1.00547373959183,0.852390159688785,0.97152185002084,1.0000000616112,NA
"TD","Utility",10,100,-131.19,NA,NA,268.38,280.04,0.0494146177079529,1.5078624105081,0.0400840595190183,0.939407218034698,2.60238267131924,NA
"TD","Utility",11,100,-125.51,NA,NA,257.02,268.68,0.197620301274583,1.18983699940145,0.138188364744119,0.980825031295592,1.0000019285053,NA
"TD","Utility",12,100,-120.78,NA,NA,247.56,259.22,0.0560640415642411,1.56602673046291,0.0554856224375882,0.973510457365682,1.90780807302504,NA
"TD","Utility",13,100,-121.15,NA,NA,248.3,259.96,0.051307131536305,2.23247370731968,0.0526630370610257,0.99999996917969,2.23388598059443,NA
"TD","Utility",14,100,-113.87,NA,NA,233.74,245.4,0.989872474921867,1.20800043705019,0.910202140999086,0.712087162236315,4.06493470015477,NA
"TD","Utility",15,100,-90.9,NA,NA,187.8,199.46,0.711294803768396,1.57632797351107,0.857195363819497,0.990203836831478,3.00553580004155,NA
"TD","Utility",16,100,-134.73,NA,NA,275.46,287.12,0.0768930825870484,1.0096698673442,0.0669070577772013,0.924506989728287,1.60826696718988,NA
"TD","Utility",17,100,-90.9,NA,NA,187.8,199.46,0.797194604296237,3.5054881726885,0.857195363819497,0.990203836831478,3.00553580004155,NA
"TD","Utility",18,100,-90.9,NA,NA,187.8,199.46,0.731893435353413,2.27495420533688,0.857195363819497,0.990203836831478,3.00553580004155,NA
"TD","Utility",19,100,-93.25,NA,NA,192.5,204.16,0.809085062006488,1.79705669912965,0.858197360827614,0.979354173878721,2.6056941140654,NA
"TD","Utility",20,100,-108.93,NA,NA,223.86,235.52,0.511981163173914,3.39124982816227,0.446121445638403,0.551746110767214,9.99998915076733,NA
"TD","Utility",21,100,-111.11,NA,NA,228.22,239.88,0.226354157319292,2.66897989056053,0.242907005271181,0.754160785036122,3.28020476486359,NA
"TD","Utility",22,100,-114.81,NA,NA,235.62,247.28,0.300222688354552,1.95544207743825,0.294910145286157,0.666008656605785,4.96375097627877,NA
"TD","Utility",23,100,-106.15,NA,NA,218.3,229.96,0.984172471100464,2.69604673600736,0.9094679925316,0.734130251155242,4.71688578746007,NA
"TD","Utility",24,100,-116.93,NA,NA,239.86,251.52,0.540354023920372,1.23410649768987,0.491750847636241,0.956112297006929,1.00000001388422,NA
"TD","Utility",25,100,-110.14,NA,NA,226.28,237.94,0.870058757020161,1.32718323590234,0.838468558258624,0.979313049467879,1.05124412758487,NA
"TD","Utility",26,100,-112.64,NA,NA,231.28,242.94,0.0660558908712119,2.97567781611326,0.0643887396844399,0.8829973921995,2.55864527825938,NA
"TD","Utility",27,100,-113.01,NA,NA,232.02,243.68,0.973287776112556,1.26051322789863,0.889292391346697,0.814807256928742,2.48525871875276,NA
"TD","Utility",28,100,-111.25,NA,NA,228.5,240.16,0.290595552418381,2.05573849655212,0.304067406491488,0.628459486754883,6.33265330386277,NA
"TD","Utility",29,100,-113.87,NA,NA,233.74,245.4,0.988910319516435,1.21139730885625,0.910202140999086,0.712087162236315,4.06493470015477,NA
"TD","Utility",30,100,-111.25,NA,NA,228.5,240.16,0.329378831898794,3.0851063261411,0.304067406491488,0.628459486754883,6.33265330386277,NA
"TD","Utility",31,100,-117.73,NA,NA,241.46,253.12,0.11878991080448,1.83541438817502,0.0756736422166996,0.793798981096733,3.74299379035753,NA
"TD","Utility",32,100,-131.19,NA,NA,268.38,280.04,0.0508385861758143,1.41009616898373,0.0400840595190183,0.939407218034698,2.60238267131924,NA
"TD","Utility",33,100,-90.9,NA,NA,187.8,199.46,0.684979062527418,1.75662852577144,0.857195363819497,0.990203836831478,3.00553580004155,NA
"TD","Utility",34,100,-111.34,NA,NA,228.68,240.34,0.842564480379224,1.05992496339604,0.844978727680722,0.928684079079395,1.31355540918912,NA
"TD","Utility",35,100,-111.91,NA,NA,229.82,241.48,0.27115519088693,3.69503675574873,0.298764090285519,0.628077857212534,6.24316906888933,NA
"TD","Utility",36,100,-97.36,NA,NA,200.72,212.38,0.779200294986367,1.45758824376389,0.855646431471041,0.812250658729826,2.92678277680201,NA
"TD","Utility",37,100,-106.15,NA,NA,218.3,229.96,0.982565350597724,4.92570209977795,0.9094679925316,0.734130251155242,4.71688578746007,NA
"TD","Utility",38,100,-116.93,NA,NA,239.86,251.52,0.533772448310629,1.2251683762297,0.491750847636241,0.956112297006929,1.00000001388422,NA
"TD","Utility",39,100,-112.29,NA,NA,230.58,242.24,0.128862570039928,2.75030500992181,0.0731184965026165,0.754728822645623,4.90396048861452,NA
"TD","Utility",40,100,-123.73,NA,NA,253.46,265.12,0.420502026332542,1.08286330314484,0.152640571514503,0.982834081347571,1.00000194570997,NA
"TD","Utility",41,100,-93.16,NA,NA,192.32,203.98,0.860091791022569,2.2001721150753,0.858349503738048,0.849877881401446,2.90908313577753,NA
"TD","Utility",42,100,-109.04,NA,NA,224.08,235.74,0.633000507717952,1.31639195521562,0.656186841383109,0.9886760351357,1.00000014111704,NA
"TD","Utility",43,100,-108.93,NA,NA,223.86,235.52,0.512010124279186,3.01376353887389,0.446121445638403,0.551746110767214,9.99998915076733,NA
"TD","Utility",44,100,-109.86,NA,NA,225.72,237.38,0.4054856733419,4.89528230370438,0.436807696245376,0.530490868685417,9.93389333306066,NA
"TD","Utility",45,100,-123.77,NA,NA,253.54,265.2,0.319981756620109,1.26415652967989,0.151232372127011,0.995114034200589,1.00000057337883,NA
"TD","Utility",46,100,-106.15,NA,NA,218.3,229.96,0.947748523205519,2.36391219958187,0.9094679925316,0.734130251155242,4.71688578746007,NA
"TD","Utility",47,100,-113.13,NA,NA,232.26,243.92,0.885661983396858,2.4762263855988,0.848770960514778,0.999290302615184,1.01199832903537,NA
"TD","Utility",48,100,-130.91,NA,NA,267.82,279.48,0.119032545015216,1.2109820744954,0.107659273969892,0.859359145802239,1.8742992720787,NA
"TD","Utility",49,100,-105.47,NA,NA,216.94,228.6,0.931592519162223,1.64870583964512,0.88175008758636,0.999999947748728,1.82301456988603,NA
"TD","Utility",50,100,-90.9,NA,NA,187.8,199.46,0.753800751408562,3.89878896835935,0.857195363819497,0.990203836831478,3.00553580004155,NA
"TD","Utility",51,100,-123.15,NA,NA,252.3,263.96,0.080542077543214,1.38312963815406,0.0675534623056871,0.900095567226385,2.06749350560832,NA
"TD","Utility",52,100,-131.19,NA,NA,268.38,280.04,0.0462017410900444,1.57751976652071,0.0282295668311004,0.823452272004194,3.8067625279081,NA
"TD","Utility",53,100,-114.46,NA,NA,234.92,246.58,0.407168375095353,1.8810732345608,0.176230796666892,0.997573447868781,1.00000003044911,NA
"TD","Utility",54,100,-106.15,NA,NA,218.3,229.96,0.960197768406942,1.62981824576855,0.9094679925316,0.734130251155242,4.71688578746007,NA
"TD","Utility",55,100,-105.4,NA,NA,216.8,228.46,0.745619997614995,1.08382892229572,0.887040135425597,0.531869113875213,9.26074642898134,NA
"TD","Utility",56,100,-123.38,NA,NA,252.76,264.42,0.387793875532225,1.18421270139515,0.147037521753717,0.997956989925558,1.00000012991452,NA
"TD","Utility",57,100,-109.04,NA,NA,224.08,235.74,0.640330957481638,1.32346468325704,0.656186841383109,0.9886760351357,1.00000014111704,NA
"TD","Utility",58,100,-116.19,NA,NA,238.38,250.04,0.46626549679786,1.18377712974325,0.33148585789696,0.976403199076047,1.00000020723954,NA
"TD","Utility",59,100,-90.9,NA,NA,187.8,199.46,0.781977394130081,2.17335850927503,0.857195363819497,0.990203836831478,3.00553580004155,NA
"TD","Utility",60,100,-127.78,NA,NA,261.56,273.22,0.185236022341996,1.16209726792475,0.128502716086759,0.943700060833817,1.21235548651697,NA
"TD","Utility",61,100,-99.88,NA,NA,205.76,217.42,0.703108243644238,1.190494351089,0.828624554829673,0.647644297507757,5.25097326702811,NA
"TD","Utility",62,100,-105.74,NA,NA,217.48,229.14,0.540940156206489,2.71158919288757,0.310114740876089,0.985314181491044,1.00000250263879,NA
"TD","Utility",63,100,-111.91,NA,NA,229.82,241.48,0.265401779906824,2.94766673623564,0.298764090285519,0.628077857212534,6.24316906888933,NA
"TD","Utility",64,100,-120.43,NA,NA,246.86,258.52,0.897607917198911,1.20987035287544,0.858097942352521,0.980574760426448,1.0000063964835,NA
"TD","Utility",65,100,-123.73,NA,NA,253.46,265.12,0.398145136190578,1.04858012497425,0.152640571514503,0.982834081347571,1.00000194570997,NA
"TD","Utility",66,100,-122.64,NA,NA,251.28,262.94,0.470244030002505,1.37089849868789,0.157701820900577,0.984181016339244,1.00000028203071,NA
"TD","Utility",67,100,-93.25,NA,NA,192.5,204.16,0.824348853668198,2.18002879429133,0.858197360827614,0.979354173878721,2.6056941140654,NA
"TD","Utility",68,100,-108.9,NA,NA,223.8,235.46,0.503097830805928,1.32283924566582,0.321818120552179,0.999998204766882,1.00000323549895,NA
"TD","Utility",69,100,-113.85,NA,NA,233.7,245.36,0.361050225095823,2.17336245528878,0.348001639619097,0.652330196813069,5.3980692969953,NA
"TD","Utility",70,100,-113.01,NA,NA,232.02,243.68,0.964988884748891,1.18922751862556,0.889292391346697,0.814807256928742,2.48525871875276,NA
"TD","Utility",71,100,-90.9,NA,NA,187.8,199.46,0.789667062694207,3.04544003671947,0.857195363819497,0.990203836831478,3.00553580004155,NA
"TD","Utility",72,100,-95.37,NA,NA,196.74,208.4,0.628910263301805,3.95466302318459,0.766402811112684,0.999999841343712,1.01300058800607,NA
"TD","Utility",73,100,-114.93,NA,NA,235.86,247.52,0.415234696352854,1.7106761354533,0.424233249086329,0.534410992467407,9.4715634551344,NA
"TD","Utility",74,100,-93.16,NA,NA,192.32,203.98,0.857857148861513,1.936107955831,0.858349503738048,0.849877881401446,2.90908313577753,NA
"TD","Utility",75,100,-109.04,NA,NA,224.08,235.74,0.629901704145595,1.19926888635382,0.656186841383109,0.9886760351357,1.00000014111704,NA
"TD","Utility",76,100,-121.21,NA,NA,248.42,260.08,0.359289909945801,1.36449700228535,0.166398948292346,0.989725011011752,1.00000112161886,NA
"TD","Utility",77,100,-109.86,NA,NA,225.72,237.38,0.446684151422232,2.46860518856885,0.436807696245376,0.530490868685417,9.93389333306066,NA
"TD","Utility",78,100,-117.78,NA,NA,241.56,253.22,0.378760501742363,1.43229853129014,0.166306438215621,0.999999814400081,1.03135967787584,NA
"TD","Utility",79,100,-117.78,NA,NA,241.56,253.22,0.372670353855938,1.68600267870352,0.166306438215621,0.999999814400081,1.03135967787584,NA
"TD","Utility",80,100,-119.18,NA,NA,244.36,256.02,0.428967847023159,1.43009595386684,0.153266582027463,0.992758787171727,1.00000014546426,NA
"TD","Utility",81,100,-133.17,NA,NA,272.34,284,0.111280993092805,1.04204804978253,0.101866849294448,0.894670087476195,1.60833495975073,NA
"TD","Utility",82,100,-108.91,NA,NA,223.82,235.48,0.142161799827591,2.60663627263189,0.105193292170979,0.807632221924327,2.90637602391973,NA
"TD","Utility",83,100,-90.9,NA,NA,187.8,199.46,0.779834397835657,4.55762586234994,0.857195363819497,0.990203836831478,3.00553580004155,NA
"TD","Utility",84,100,-114.46,NA,NA,234.92,246.58,0.386252531083301,1.63052160199732,0.176230796666892,0.997573447868781,1.00000003044911,NA
"TD","Utility",85,100,-121.7,NA,NA,249.4,261.06,0.23896856745705,1.3059749789536,0.136912867069094,0.922944037168319,1.45308134144745,NA
"TD","Utility",86,100,-106.75,NA,NA,219.5,231.16,0.670282299863175,1.1162636061199,0.815656714813962,0.999999863256463,1.00000847546017,NA
"TD","Utility",87,100,-110.96,NA,NA,227.92,239.58,0.560497718863189,1.79223784707011,0.49537166151085,0.972103447400937,1.00000003125562,NA
"TD","Utility",88,100,-116.78,NA,NA,239.56,251.22,0.915246691787615,1.1942126606591,0.916268952036504,0.615889104886004,6.32888290581168,NA
"TD","Utility",89,100,-108.75,NA,NA,223.5,235.16,0.589335348224267,1.93161117188157,0.5420991919394,0.999999749666273,1.00001898404816,NA
"TD","Utility",90,100,-106.15,NA,NA,218.3,229.96,0.987134294584394,1.60082370741293,0.9094679925316,0.734130251155242,4.71688578746007,NA
"TD","Utility",91,100,-116.07,NA,NA,238.14,249.8,0.401124990079552,1.43657126976177,0.149751368743489,0.999977073157772,1.0000053813366,NA
"TD","Utility",92,100,-119.35,NA,NA,244.7,256.36,0.565618214197457,1.06491599744186,0.7272046849076,0.938419383992817,1.00000043884626,NA
"TD","Utility",93,100,-124.73,NA,NA,255.46,267.12,0.125127220060676,1.54644962819293,0.100146970422293,0.883550192820764,1.8859821782225,NA
"TD","Utility",94,100,-93.25,NA,NA,192.5,204.16,0.791645931312814,1.76679624943127,0.858197360827614,0.979354173878721,2.6056941140654,NA
"TD","Utility",95,100,-135.8,NA,NA,277.6,289.26,0.0988319513853639,1.09243298880756,0.0828322348864118,0.933781430758479,1.41430961539857,NA
"TD","Utility",96,100,-114.66,NA,NA,235.32,246.98,0.333673485321924,1.79963922020125,0.318583932914809,0.676258019524809,5.03990969985931,NA
"TD","Utility",97,100,-130.06,NA,NA,266.12,277.78,0.10172016825527,1.62083033379167,0.0982480519127103,0.891016712929589,1.75853260269014,NA
"TD","Utility",98,100,-173,NA,NA,352,363.66,0.0187283449340612,1.16512183423941,1.03365500797641e-06,0.82543754364993,1.0000007637351,NA
"TD","Utility",99,100,-116.87,NA,NA,239.74,251.4,0.461979309096932,1.88084230940313,0.161865769512025,0.999997103010788,1.00000280564281,NA
"TD","Utility",100,100,-90.9,NA,NA,187.8,199.46,0.729020358063281,1.83565291385622,0.857195363819497,0.990203836831478,3.00553580004155,NA
"RSTD","TD",1,100,-104.29,NA,NA,212.58,220.35,0.285107890376821,0.724670132622123,0.88289083166472,3.88457196067522,NA,2.43561604238095
"RSTD","TD",2,100,-189.55,NA,NA,383.1,390.87,0.950232450617477,0.206436974462122,0.111164833710835,1.00000007469231,NA,1.3645795173943
"RSTD","TD",3,100,-168.93,NA,NA,341.86,349.63,0.536011227406561,0.200363578274846,0.12961873130463,1.00000009452853,NA,2.00568439900399
"RSTD","TD",4,100,-120.75,NA,NA,245.5,253.27,0.321220333920792,0.649332832079381,0.845757028171706,1.00000114084381,NA,1.14288249518722
"RSTD","TD",5,100,-109.76,NA,NA,223.52,231.29,0.525106647517532,0.973066303646192,0.870681746966672,1.12102479547347,NA,1.39299949863926
"RSTD","TD",6,100,-104.73,NA,NA,213.46,221.23,0.895209939451888,0.943225271301344,0.884256711664279,3.93550826681012,NA,4.35385648889427
"RSTD","TD",7,100,-183.83,NA,NA,371.66,379.43,0.753931205254048,0.197620301274583,0.117549536536225,1.00000013803171,NA,1.18983699940145
"RSTD","TD",8,100,-74.39,NA,NA,152.78,160.55,0.0560640415642411,0.783013365231454,8.39242211843048e-09,1.49214698103696,NA,4.41441693140154
"RSTD","TD",9,100,-113.5,NA,NA,231,238.77,0.479448032099754,0.989872474921867,0.869192602536192,1.03282081851801,NA,1.20800043705019
"RSTD","TD",10,100,-90.84,NA,NA,185.68,193.45,0.711294803768396,0.788163986755535,0.867035398413922,4.63987561272688,NA,3.30973086307261
"RSTD","TD",11,100,-113.14,NA,NA,230.28,238.05,0.5048349336721,0.797194604296237,0.848306253266416,1.01658309514445,NA,3.5054881726885
"RSTD","TD",12,100,-116.37,NA,NA,236.74,244.51,0.731893435353413,0.395451756194234,0.181105590214883,1.04441007047243,NA,1.61817012401298
"RSTD","TD",13,100,-95.32,NA,NA,194.64,202.41,0.275977379642427,0.511981163173914,0.785518306396835,1.00000063686926,NA,3.39124982816227
"RSTD","TD",14,100,-131.8,NA,NA,267.6,275.37,0.226354157319292,0.16033569118008,0.14654178761381,1.00000023822124,NA,1.89403793397815
"RSTD","TD",15,100,-104.73,NA,NA,213.46,221.23,0.315573724219576,0.984172471100464,0.884256711664279,3.93550826681012,NA,2.69604673600736
"RSTD","TD",16,100,-116.38,NA,NA,236.76,244.53,0.540354023920372,0.854036244563758,0.862645705350834,1.00000031780564,NA,1.36215214885666
"RSTD","TD",17,100,-289.05,NA,NA,582.1,589.87,0.66359161795117,0.0660558908712119,0.068587976781717,1.00000046381553,NA,2.97567781611326
"RSTD","TD",18,100,-111.75,NA,NA,227.5,235.27,0.973287776112556,0.630256613949314,0.193633154701644,1.00000083305576,NA,1.85552939023347
"RSTD","TD",19,100,-113.5,NA,NA,231,238.77,0.340647828998044,0.988910319516435,0.869192602536192,1.03282081851801,NA,1.21139730885625
"RSTD","TD",20,100,-277.9,NA,NA,559.8,567.57,0.329378831898794,0.0628540490288287,0.0699534499689261,1.00000006764955,NA,3.33967715737489
"RSTD","TD",21,100,-286.87,NA,NA,577.74,585.51,0.285566801903769,0.0508385861758143,0.0690818080648198,1.00000007095233,NA,1.41009616898373
"RSTD","TD",22,100,-113.68,NA,NA,231.36,239.13,0.684979062527418,0.438995202770457,0.19661867073955,1.00000311120937,NA,1.68512896075845
"RSTD","TD",23,100,-121.61,NA,NA,247.22,254.99,0.529962481698021,0.27115519088693,0.179695591481711,1.00000064148611,NA,3.69503675574873
"RSTD","TD",24,100,-98.89,NA,NA,201.78,209.55,0.779200294986367,0.728794121881947,0.781906313277137,1.00000060525548,NA,1.16082152445602
"RSTD","TD",25,100,-86.08,NA,NA,176.16,183.93,0.0281218434683979,0.533772448310629,0.000269570779458803,1.04671872950294,NA,1.2251683762297
"RSTD","TD",26,100,-115.98,NA,NA,235.96,243.73,0.128862570039928,0.17050133110024,0.12368705129757,1.20377061254828,NA,2.37515528589011
"RSTD","TD",27,100,-93.16,NA,NA,190.32,198.09,0.980796684976667,0.860091791022569,0.867106415976048,3.69820350603598,NA,2.2001721150753
"RSTD","TD",28,100,-116.38,NA,NA,236.76,244.53,0.633000507717952,0.959949327167124,0.862568917583372,1.00000043755108,NA,1.02402024855837
"RSTD","TD",29,100,-98.12,NA,NA,200.24,208.01,0.234798390883952,0.4054856733419,0.614196941882102,9.9999818471897,NA,4.89528230370438
"RSTD","TD",30,100,-113.73,NA,NA,231.46,239.23,0.319981756620109,0.632078264839947,0.837971105243999,1.00000010301719,NA,1.05595874555906
"RSTD","TD",31,100,-104.73,NA,NA,213.46,221.23,0.417691254755482,0.885661983396858,0.884256711664279,3.93550826681012,NA,2.4762263855988
"RSTD","TD",32,100,-139.05,NA,NA,282.1,289.87,0.119032545015216,0.605491037247702,0.903714974405427,1.00000175093377,NA,1.04599827674373
"RSTD","TD",33,100,-90.84,NA,NA,185.68,193.45,0.824352919822559,0.753800751408562,0.867035398413922,4.63987561272688,NA,3.89878896835935
"RSTD","TD",34,100,-94.63,NA,NA,193.26,201.03,0.080542077543214,0.69156481907703,0.0027731778278566,1.05550858863895,NA,4.2510444371212
"RSTD","TD",35,100,-112.83,NA,NA,229.66,237.43,0.788759883260354,0.407168375095353,0.179943423802089,1.13612585241341,NA,1.8810732345608
"RSTD","TD",36,100,-95.33,NA,NA,194.66,202.43,0.960197768406942,0.814909122884274,0.778803386265723,1.00000022139894,NA,1.49123999522999
"RSTD","TD",37,100,-123.3,NA,NA,250.6,258.37,0.983733647270128,0.387793875532225,0.173344232197336,1.00000137239563,NA,1.18421270139515
"RSTD","TD",38,100,-90.84,NA,NA,185.68,193.45,0.640330957481638,0.661732341628522,0.867035398413922,4.63987561272688,NA,2.1015722423634
"RSTD","TD",39,100,-93.16,NA,NA,190.32,198.09,0.591888564871624,0.781977394130081,0.867106415976048,3.69820350603598,NA,2.17335850927503
"RSTD","TD",40,100,-109.76,NA,NA,223.52,231.29,0.185236022341996,0.927017299691215,0.870681746966672,1.12102479547347,NA,1.40621648728848
"RSTD","TD",41,100,-110.54,NA,NA,225.08,232.85,0.5952471755445,0.540940156206489,0.285661180603232,1.0392420657714,NA,2.71158919288757
"RSTD","TD",42,100,-125.4,NA,NA,254.8,262.57,0.265401779906824,0.195171546889469,0.131638510352338,1.00000157247506,NA,1.22695452463968
"RSTD","TD",43,100,-124.61,NA,NA,253.22,260.99,0.604935176437721,0.398145136190578,0.178048517608896,1.00000092209181,NA,1.04858012497425
"RSTD","TD",44,100,-93.16,NA,NA,190.32,198.09,0.470244030002505,0.685449249343947,0.867106415976048,3.69820350603598,NA,1.6486977073364
"RSTD","TD",45,100,-114.64,NA,NA,233.28,241.05,0.371720403432846,0.503097830805928,0.627886123100516,1.00000141255327,NA,1.32283924566582
"RSTD","TD",46,100,-123.38,NA,NA,250.76,258.53,0.361050225095823,0.370053818682209,0.148406304279671,1.00000052470242,NA,1.17356707000516
"RSTD","TD",47,100,-93.16,NA,NA,190.32,198.09,0.594613759312779,0.789667062694207,0.867106415976048,3.69820350603598,NA,3.04544003671947
"RSTD","TD",48,100,-289.05,NA,NA,582.1,589.87,0.628910263301805,0.0369398219045252,0.068587976781717,1.00000046381553,NA,2.35408596597136
"RSTD","TD",49,100,-104.73,NA,NA,213.46,221.23,0.254382238723338,0.857857148861513,0.884256711664279,3.93550826681012,NA,1.936107955831
"RSTD","TD",50,100,-108.74,NA,NA,221.48,229.25,0.629901704145595,0.59963444317691,0.548568577336283,1.00000173633647,NA,2.13030682034315
"RSTD","TD",51,100,-111.43,NA,NA,226.86,234.63,0.958562755258754,0.446684151422232,0.18422068001524,1.19457969572631,NA,2.46860518856885
"RSTD","TD",52,100,-113.62,NA,NA,231.24,239.01,0.378760501742363,0.716149265645072,0.845971080988232,1.01569582390295,NA,2.1838285959837
"RSTD","TD",53,100,-117.39,NA,NA,238.78,246.55,0.843001339351758,0.428967847023159,0.186005945367675,1.02796318202144,NA,1.43009595386684
"RSTD","TD",54,100,-125.93,NA,NA,255.86,263.63,0.111280993092805,0.926345025887713,0.912872504976962,1.22363598118204,NA,2.52358875974062
"RSTD","TD",55,100,-104.73,NA,NA,213.46,221.23,0.231767056509852,0.779834397835657,0.884256711664279,3.93550826681012,NA,4.55762586234994
"RSTD","TD",56,100,-104.29,NA,NA,212.58,220.35,0.386252531083301,0.815260800998658,0.88289083166472,3.88457196067522,NA,2.64474068483968
"RSTD","TD",57,100,-106.01,NA,NA,216.02,223.79,0.6529874894768,0.670282299863175,0.77973952819711,1.00000347292146,NA,1.1162636061199
"RSTD","TD",58,100,-126.34,NA,NA,256.68,264.45,0.560497718863189,0.274772666627541,0.176516336075322,1.0000000718151,NA,1.5290995786691
"RSTD","TD",59,100,-108.74,NA,NA,221.48,229.25,0.597106330329552,0.589335348224267,0.548568577336283,1.00000173633647,NA,1.93161117188157
"RSTD","TD",60,100,-90.84,NA,NA,185.68,193.45,0.987134294584394,0.800411853706464,0.867035398413922,4.63987561272688,NA,2.29764714087815
"RSTD","TD",61,100,-122.36,NA,NA,248.72,256.49,0.718285634880885,0.565618214197457,0.334004299628888,1.00000009592168,NA,1.06491599744186
"RSTD","TD",62,100,-124.75,NA,NA,253.5,261.27,0.125127220060676,0.773224814096466,0.911988046405191,1.10322041423845,NA,1.58329186262563
"RSTD","TD",63,100,-228.21,NA,NA,460.42,468.19,0.499009405029938,0.0988319513853639,0.097188248553496,1.00000008082818,NA,1.09243298880756
"RSTD","TD",64,100,-105.69,NA,NA,215.38,223.15,0.333673485321924,0.454882015939802,0.38851993898557,1.00000560084216,NA,3.70696423376415
"RSTD","TD",65,100,-292.61,NA,NA,589.22,596.99,0.810415166895837,0.0187283449340612,0.0685906012980923,1.00000011462138,NA,1.16512183423941
"RSTD","TD",66,100,-115.13,NA,NA,234.26,242.03,0.461979309096932,0.296923782210797,0.169887802366131,1.00000039488873,NA,1.45804071612656
"RSTD","TD",67,100,-101.14,NA,NA,206.28,214.05,0.285626433324069,0.528872283641249,0.810134228791024,1.1034867423233,NA,1.1472960453744
"RSTD","TD",68,100,-115.24,NA,NA,234.48,242.25,0.732509626774117,0.600311974063516,0.334893243045219,1.00000006386134,NA,1.4492717245746
"RSTD","TD",69,100,-106.38,NA,NA,216.76,224.53,0.977929984452203,0.529096166603267,0.2564712330834,1.20418944047422,NA,1.75178614688037
"RSTD","TD",70,100,-198.05,NA,NA,400.1,407.87,0.98177181975916,0.159414226887748,0.0899516208612004,1.00000019532912,NA,1.47737938910723
"RSTD","TD",71,100,-126.83,NA,NA,257.66,265.43,0.922829337418079,0.366323065012693,0.168946287808744,1.00000048503177,NA,1.08644307602532
"RSTD","TD",72,100,-182.28,NA,NA,368.56,376.33,0.437475311337039,0.144657690776512,0.0977006348862389,1.0000002838591,NA,2.51204245735464
"RSTD","TD",73,100,-100.9,NA,NA,205.8,213.57,0.0812403932213783,0.858433880610391,0.00326331085972405,1.01707236893798,NA,2.57674626609245
"RSTD","TD",74,100,-124.61,NA,NA,253.22,260.99,0.769064010120928,0.423705151304603,0.178048517608896,1.00000092209181,NA,1.055009087082
"RSTD","TD",75,100,-192.61,NA,NA,389.22,396.99,0.27233505435288,0.0992442343849689,0.0967815236818748,1.00000029360423,NA,1.01957268379492
"RSTD","TD",76,100,-113.79,NA,NA,231.58,239.35,0.714246998308226,0.356464033480734,0.176223978387232,1.02671560492005,NA,2.33508190601589
"RSTD","TD",77,100,-104.73,NA,NA,213.46,221.23,0.165105299558491,0.62026000325568,0.884256711664279,3.93550826681012,NA,3.11759630225509
"RSTD","TD",78,100,-97.71,NA,NA,199.42,207.19,0.948594216490164,0.818483957787976,0.802219711531478,1.00000357230287,NA,1.40069885704874
"RSTD","TD",79,100,-104.83,NA,NA,213.66,221.43,0.641159480903298,0.713674181839451,0.801160839478257,1.00000469099083,NA,1.04148287150446
"RSTD","TD",80,100,-93.16,NA,NA,190.32,198.09,0.602592710871249,0.798923129681498,0.867106415976048,3.69820350603598,NA,2.65777598732141
"RSTD","TD",81,100,-74.39,NA,NA,152.78,160.55,0.0268326783552766,0.983408806612715,8.39242211843048e-09,1.49214698103696,NA,2.42827125892359
"RSTD","TD",82,100,-142.03,NA,NA,288.06,295.83,0.390374890295789,0.210965643869713,0.142273909455631,1.00000017073615,NA,1.07093011168763
"RSTD","TD",83,100,-289.05,NA,NA,582.1,589.87,0.909624356776476,0.0655163209885359,0.068587976781717,1.00000046381553,NA,1.47955628430628
"RSTD","TD",84,100,-104.29,NA,NA,212.58,220.35,0.894585720263422,0.928069569170475,0.88289083166472,3.88457196067522,NA,1.78467515758694
"RSTD","TD",85,100,-104.29,NA,NA,212.58,220.35,0.16712597804144,0.591124507132918,0.88289083166472,3.88457196067522,NA,1.76918393555553
"RSTD","TD",86,100,-141.94,NA,NA,287.88,295.65,0.0963515317998827,0.187938303221017,0.0358601692326612,1.00000071135876,NA,1.16646143142134
"RSTD","TD",87,100,-113.79,NA,NA,231.58,239.35,0.812582350103185,0.879132093861699,0.85737977202575,1.02561623595523,NA,5.4038753097219
"RSTD","TD",88,100,-104.79,NA,NA,213.58,221.35,0.448961209738627,0.690639521926641,0.804985131876289,1.00000093799715,NA,1.12322780341732
"RSTD","TD",89,100,-98.88,NA,NA,201.76,209.53,0.352596259210259,0.519048273330554,0.781260266837863,1.0000020282666,NA,1.77127007111431
"RSTD","TD",90,100,-224.68,NA,NA,453.36,461.13,0.7131295024883,0.112127762287855,0.0905439303746528,1.00000008909534,NA,4.4174234716404
"RSTD","TD",91,100,-135.79,NA,NA,275.58,283.35,0.102771484525874,0.0985191510990262,0.101788485136598,1.06663406716447,NA,1.34824017202482
"RSTD","TD",92,100,-123.22,NA,NA,250.44,258.21,0.14997310237959,0.461772011825815,0.859615939825623,1.00000071415279,NA,1.26133318960971
"RSTD","TD",93,100,-113.79,NA,NA,231.58,239.35,0.435881547397003,0.7804279406555,0.85737977202575,1.02561623595523,NA,1.68139734584838
"RSTD","TD",94,100,-90.84,NA,NA,185.68,193.45,0.975024477113038,0.799848798895255,0.867035398413922,4.63987561272688,NA,5.33281822849937
"RSTD","TD",95,100,-111.59,NA,NA,227.18,234.95,0.723246149485931,0.623378630494699,0.758937838153285,1.00000198237889,NA,1.45622572209686
"RSTD","TD",96,100,-112.24,NA,NA,228.48,236.25,0.323681306792423,0.444453429430723,0.546822646062132,1.00000089432656,NA,1.44684312446043
"RSTD","TD",97,100,-123.67,NA,NA,251.34,259.11,0.521510650403798,0.40949847153388,0.188169840721213,1.00000138462645,NA,1.1181692021126
"RSTD","TD",98,100,-113.5,NA,NA,231,238.77,0.418908317107707,0.978637758642435,0.869192602536192,1.03282081851801,NA,1.21107809292153
"RSTD","TD",99,100,-90.02,NA,NA,184.04,191.81,0.78953983867541,0.418743934947997,0.17283016004897,2.68005321711841,NA,3.49348991278757
"RSTD","TD",100,100,-113,NA,NA,230,237.77,0.956703607924283,0.607802340993658,0.331972523422644,1.0000016932039,NA,1.10866933899654
"RSTD","RSTD",1,100,-100.9,NA,NA,207.8,219.46,0.285107890376821,0.724670132622123,0.161074342786806,0.449513715334834,1.00000272257179,2.43561604238095
"RSTD","RSTD",2,100,-94.89,NA,NA,195.78,207.44,0.950232450617477,0.206436974462122,0.981652389078602,0.169295599717008,1.26993233151769,1.3645795173943
"RSTD","RSTD",3,100,-94.94,NA,NA,195.88,207.54,0.536011227406561,0.200363578274846,0.999999644548422,0.189894153278557,1.25847571159837,2.00568439900399
"RSTD","RSTD",4,100,-120.23,NA,NA,246.46,258.12,0.321220333920792,0.649332832079381,0.565460752785202,0.781217066877204,1.00000026405241,1.14288249518722
"RSTD","RSTD",5,100,-104.84,NA,NA,215.68,227.34,0.525106647517532,0.973066303646192,0.158797045149135,0.465652201817937,1.00000140236984,1.39299949863926
"RSTD","RSTD",6,100,-101.07,NA,NA,208.14,219.8,0.895209939451888,0.943225271301344,0.149574833715123,0.46057071621044,1.09366883410335,4.35385648889427
"RSTD","RSTD",7,100,-96.57,NA,NA,199.14,210.8,0.753931205254048,0.197620301274583,0.989769681212937,0.177887451682322,1.16891108941368,1.18983699940145
"RSTD","RSTD",8,100,-73.57,NA,NA,153.14,164.8,0.0560640415642411,0.783013365231454,0.0548099405283089,0.602626090587272,1.77909301145872,4.41441693140154
"RSTD","RSTD",9,100,-108.37,NA,NA,222.74,234.4,0.479448032099754,0.989872474921867,0.155687665292056,0.467403399546265,1.00000277805951,1.20800043705019
"RSTD","RSTD",10,100,-90.67,NA,NA,187.34,199,0.711294803768396,0.788163986755535,0.333762859143939,0.623088859906998,2.04770122627305,3.30973086307261
"RSTD","RSTD",11,100,-112.49,NA,NA,230.98,242.64,0.5048349336721,0.797194604296237,0.589238221216638,0.793546516260826,1.00000131870653,3.5054881726885
"RSTD","RSTD",12,100,-113.47,NA,NA,232.94,244.6,0.731893435353413,0.395451756194234,0.348812534022935,0.252247888884912,1.00000454319013,1.61817012401298
"RSTD","RSTD",13,100,-95.22,NA,NA,196.44,208.1,0.275977379642427,0.511981163173914,0.333762859143939,0.623088859906998,2.04770122627305,3.39124982816227
"RSTD","RSTD",14,100,-104.11,NA,NA,214.22,225.88,0.226354157319292,0.16033569118008,0.537525721275191,0.22953040577944,1.08691296833797,1.89403793397815
"RSTD","RSTD",15,100,-101.07,NA,NA,208.14,219.8,0.315573724219576,0.984172471100464,0.149574833715123,0.46057071621044,1.09366883410335,2.69604673600736
"RSTD","RSTD",16,100,-111.48,NA,NA,228.96,240.62,0.540354023920372,0.854036244563758,0.156469171597444,0.435822677131584,1.00000164742205,1.36215214885666
"RSTD","RSTD",17,100,-70,NA,NA,146,157.66,0.66359161795117,0.0660558908712119,0.999999978076386,7.41347133850662e-08,2.35942362593815,2.97567781611326
"RSTD","RSTD",18,100,-109.3,NA,NA,224.6,236.26,0.973287776112556,0.630256613949314,0.218341362580854,0.260749102284109,1.00000138864213,1.85552939023347
"RSTD","RSTD",19,100,-108.37,NA,NA,222.74,234.4,0.340647828998044,0.988910319516435,0.155687665292056,0.467403399546265,1.00000277805951,1.21139730885625
"RSTD","RSTD",20,100,-79.41,NA,NA,164.82,176.48,0.329378831898794,0.0628540490288287,0.441707907823631,0.0603828208740263,1.44482106788591,3.33967715737489
"RSTD","RSTD",21,100,-74.59,NA,NA,155.18,166.84,0.285566801903769,0.0508385861758143,0.631051133324282,3.01954314320542e-09,8.91950680510814,1.41009616898373
"RSTD","RSTD",22,100,-111.42,NA,NA,228.84,240.5,0.684979062527418,0.438995202770457,0.891367901179009,0.420519938261257,1.00001177828898,1.68512896075845
"RSTD","RSTD",23,100,-108.54,NA,NA,223.08,234.74,0.529962481698021,0.27115519088693,0.296498508431677,0.179278670774483,1.00000304096772,3.69503675574873
"RSTD","RSTD",24,100,-99.04,NA,NA,204.08,215.74,0.779200294986367,0.728794121881947,0.606754894967784,0.715096829269112,1.12804004362041,1.16082152445602
"RSTD","RSTD",25,100,-84.8,NA,NA,175.6,187.26,0.0281218434683979,0.533772448310629,0.0451384889751342,0.79193471501996,1.0000009483588,1.2251683762297
"RSTD","RSTD",26,100,-116.49,NA,NA,238.98,250.64,0.128862570039928,0.17050133110024,0.138532118837437,0.136801205022999,1.00000283541203,2.37515528589011
"RSTD","RSTD",27,100,-93.03,NA,NA,192.06,203.72,0.980796684976667,0.860091791022569,0.557268475399316,0.760873034322074,1.71920782197621,2.2001721150753
"RSTD","RSTD",28,100,-111.48,NA,NA,228.96,240.62,0.633000507717952,0.959949327167124,0.152839347452795,0.428620840647817,1.00000637910001,1.02402024855837
"RSTD","RSTD",29,100,-96.73,NA,NA,199.46,211.12,0.234798390883952,0.4054856733419,0.227649203923306,0.422433295619238,1.12744153697692,4.89528230370438
"RSTD","RSTD",30,100,-111.68,NA,NA,229.36,241.02,0.319981756620109,0.632078264839947,0.211962152457091,0.449443179518117,1.00000050454866,1.05595874555906
"RSTD","RSTD",31,100,-101.07,NA,NA,208.14,219.8,0.417691254755482,0.885661983396858,0.149574833715123,0.46057071621044,1.09366883410335,2.4762263855988
"RSTD","RSTD",32,100,-117.53,NA,NA,241.06,252.72,0.119032545015216,0.605491037247702,0.11083247886834,0.455336996292703,1.0000055680908,1.04599827674373
"RSTD","RSTD",33,100,-90.67,NA,NA,187.34,199,0.824352919822559,0.753800751408562,0.333762859143939,0.623088859906998,2.04770122627305,3.89878896835935
"RSTD","RSTD",34,100,-92.62,NA,NA,191.24,202.9,0.080542077543214,0.69156481907703,0.0533477281076847,0.506491891445075,1.00000835192015,4.2510444371212
"RSTD","RSTD",35,100,-106.06,NA,NA,218.12,229.78,0.788759883260354,0.407168375095353,0.465286182806235,0.277225533972369,1.00000409673358,1.8810732345608
"RSTD","RSTD",36,100,-94.86,NA,NA,195.72,207.38,0.960197768406942,0.814909122884274,0.533281430074577,0.709904027785066,1.19135177937278,1.49123999522999
"RSTD","RSTD",37,100,-112.59,NA,NA,231.18,242.84,0.983733647270128,0.387793875532225,0.570937839607118,0.272123498294297,1.00000278870118,1.18421270139515
"RSTD","RSTD",38,100,-90.67,NA,NA,187.34,199,0.640330957481638,0.661732341628522,0.333762859143939,0.623088859906998,2.04770122627305,2.1015722423634
"RSTD","RSTD",39,100,-93.03,NA,NA,192.06,203.72,0.591888564871624,0.781977394130081,0.557268475399316,0.760873034322074,1.71920782197621,2.17335850927503
"RSTD","RSTD",40,100,-104.84,NA,NA,215.68,227.34,0.185236022341996,0.927017299691215,0.158797045149135,0.465652201817937,1.00000140236984,1.40621648728848
"RSTD","RSTD",41,100,-107.59,NA,NA,221.18,232.84,0.5952471755445,0.540940156206489,0.999999800293301,0.473397904613536,1.00002486599008,2.71158919288757
"RSTD","RSTD",42,100,-109.61,NA,NA,225.22,236.88,0.265401779906824,0.195171546889469,0.201062285507796,0.131820480200686,1.01587204071156,1.22695452463968
"RSTD","RSTD",43,100,-123.55,NA,NA,253.1,264.76,0.604935176437721,0.398145136190578,0.318847495770324,0.250200210429395,1.00000080302155,1.04858012497425
"RSTD","RSTD",44,100,-93.03,NA,NA,192.06,203.72,0.470244030002505,0.685449249343947,0.557268475399316,0.760873034322074,1.71920782197621,1.6486977073364
"RSTD","RSTD",45,100,-110.44,NA,NA,226.88,238.54,0.371720403432846,0.503097830805928,0.23763658515151,0.377271800208468,1.00001503170239,1.32283924566582
"RSTD","RSTD",46,100,-123.94,NA,NA,253.88,265.54,0.361050225095823,0.370053818682209,0.170842138442343,0.170599941754221,1.00000436853774,1.17356707000516
"RSTD","RSTD",47,100,-93.03,NA,NA,192.06,203.72,0.594613759312779,0.789667062694207,0.557268475399316,0.760873034322074,1.71920782197621,3.04544003671947
"RSTD","RSTD",48,100,-70,NA,NA,146,157.66,0.628910263301805,0.0369398219045252,0.999999978076386,7.41347133850662e-08,2.35942362593815,2.35408596597136
"RSTD","RSTD",49,100,-101.07,NA,NA,208.14,219.8,0.254382238723338,0.857857148861513,0.149574833715123,0.46057071621044,1.09366883410335,1.936107955831
"RSTD","RSTD",50,100,-105.43,NA,NA,216.86,228.52,0.629901704145595,0.59963444317691,0.250851618486929,0.386459378988451,1.00001311954999,2.13030682034315
"RSTD","RSTD",51,100,-103.15,NA,NA,212.3,223.96,0.958562755258754,0.446684151422232,0.81469670525411,0.366211923541553,1.00000329264036,2.46860518856885
"RSTD","RSTD",52,100,-113.11,NA,NA,232.22,243.88,0.378760501742363,0.716149265645072,0.602701770153269,0.795547446974367,1.0000111024762,2.1838285959837
"RSTD","RSTD",53,100,-115.57,NA,NA,237.14,248.8,0.843001339351758,0.428967847023159,0.471569542724727,0.312652768139795,1.00000191462324,1.43009595386684
"RSTD","RSTD",54,100,-106.97,NA,NA,219.94,231.6,0.111280993092805,0.926345025887713,0.118101568880828,0.6396695029509,1.00000038091865,2.52358875974062
"RSTD","RSTD",55,100,-101.07,NA,NA,208.14,219.8,0.231767056509852,0.779834397835657,0.149574833715123,0.46057071621044,1.09366883410335,4.55762586234994
"RSTD","RSTD",56,100,-100.9,NA,NA,207.8,219.46,0.386252531083301,0.815260800998658,0.161074342786806,0.449513715334834,1.00000272257179,2.64474068483968
"RSTD","RSTD",57,100,-106.22,NA,NA,218.44,230.1,0.6529874894768,0.670282299863175,0.700004894179842,0.74021750344234,1.0000111726209,1.1162636061199
"RSTD","RSTD",58,100,-111.6,NA,NA,229.2,240.86,0.560497718863189,0.274772666627541,0.298203794372741,0.172235602826524,1.00000232667336,1.5290995786691
"RSTD","RSTD",59,100,-105.43,NA,NA,216.86,228.52,0.597106330329552,0.589335348224267,0.250851618486929,0.386459378988451,1.00001311954999,1.93161117188157
"RSTD","RSTD",60,100,-90.67,NA,NA,187.34,199,0.987134294584394,0.800411853706464,0.333762859143939,0.623088859906998,2.04770122627305,2.29764714087815
"RSTD","RSTD",61,100,-120.91,NA,NA,247.82,259.48,0.718285634880885,0.565618214197457,0.30332246692369,0.339032265641112,1.00000278525131,1.06491599744186
"RSTD","RSTD",62,100,-108.59,NA,NA,223.18,234.84,0.125127220060676,0.773224814096466,0.122439094313212,0.556685763776314,1.00000305033386,1.58329186262563
"RSTD","RSTD",63,100,-89.65,NA,NA,185.3,196.96,0.499009405029938,0.0988319513853639,0.431629097954258,0.0794654948895842,1.00000234316827,1.09243298880756
"RSTD","RSTD",64,100,-103.42,NA,NA,212.84,224.5,0.333673485321924,0.454882015939802,0.238341220552205,0.306099801380317,1.00000964966984,3.70696423376415
"RSTD","RSTD",65,100,-74.46,NA,NA,154.92,166.58,0.810415166895837,0.0187283449340612,0.75871925111345,1.43401334983491e-08,1.27247854982285,1.16512183423941
"RSTD","RSTD",66,100,-106.4,NA,NA,218.8,230.46,0.461979309096932,0.296923782210797,0.600355642706643,0.288475809094565,1.00000299894788,1.45804071612656
"RSTD","RSTD",67,100,-101.19,NA,NA,208.38,220.04,0.285626433324069,0.528872283641249,0.714670025441195,0.792855832447719,1.01337466174049,1.1472960453744
"RSTD","RSTD",68,100,-113.92,NA,NA,233.84,245.5,0.732509626774117,0.600311974063516,0.304203937657746,0.356445787779457,1.00000163778135,1.4492717245746
"RSTD","RSTD",69,100,-103.08,NA,NA,212.16,223.82,0.977929984452203,0.529096166603267,0.970558943894089,0.445147027826849,1.00000135340014,1.75178614688037
"RSTD","RSTD",70,100,-84.67,NA,NA,175.34,187,0.98177181975916,0.159414226887748,0.768399683763528,0.139749038635936,1.2604176646906,1.47737938910723
"RSTD","RSTD",71,100,-115.56,NA,NA,237.12,248.78,0.922829337418079,0.366323065012693,0.446792718071678,0.241979974631214,1.00000208409624,1.08644307602532
"RSTD","RSTD",72,100,-79.84,NA,NA,165.68,177.34,0.437475311337039,0.144657690776512,0.312830005170968,0.110697417929376,1.9475405227341,2.51204245735464
"RSTD","RSTD",73,100,-95.98,NA,NA,197.96,209.62,0.0812403932213783,0.858433880610391,0.0651378158556532,0.588989053530436,1.00000077736393,2.57674626609245
"RSTD","RSTD",74,100,-123.55,NA,NA,253.1,264.76,0.769064010120928,0.423705151304603,0.318847495770324,0.250200210429395,1.00000080302155,1.055009087082
"RSTD","RSTD",75,100,-104.26,NA,NA,214.52,226.18,0.27233505435288,0.0992442343849689,0.307620903706731,0.0992729848604932,1.00001420893865,1.01957268379492
"RSTD","RSTD",76,100,-106.82,NA,NA,219.64,231.3,0.714246998308226,0.356464033480734,0.438750515962284,0.253190504533686,1.00000234914063,2.33508190601589
"RSTD","RSTD",77,100,-101.07,NA,NA,208.14,219.8,0.165105299558491,0.62026000325568,0.149574833715123,0.46057071621044,1.09366883410335,3.11759630225509
"RSTD","RSTD",78,100,-97.53,NA,NA,201.06,212.72,0.948594216490164,0.818483957787976,0.557268475399316,0.760873034322074,1.71920782197621,1.40069885704874
"RSTD","RSTD",79,100,-104.89,NA,NA,215.78,227.44,0.641159480903298,0.713674181839451,0.501139038473656,0.704008385297507,1.00001298850165,1.04148287150446
"RSTD","RSTD",80,100,-93.03,NA,NA,192.06,203.72,0.602592710871249,0.798923129681498,0.557268475399316,0.760873034322074,1.71920782197621,2.65777598732141
"RSTD","RSTD",81,100,-73.57,NA,NA,153.14,164.8,0.0268326783552766,0.983408806612715,0.0548099405283089,0.602626090587272,1.77909301145872,2.42827125892359
"RSTD","RSTD",82,100,-110.93,NA,NA,227.86,239.52,0.390374890295789,0.210965643869713,0.58209281867106,0.230449600979176,1.00000064796291,1.07093011168763
"RSTD","RSTD",83,100,-70,NA,NA,146,157.66,0.909624356776476,0.0655163209885359,0.999999978076386,7.41347133850662e-08,2.35942362593815,1.47955628430628
"RSTD","RSTD",84,100,-100.9,NA,NA,207.8,219.46,0.894585720263422,0.928069569170475,0.161074342786806,0.449513715334834,1.00000272257179,1.78467515758694
"RSTD","RSTD",85,100,-100.9,NA,NA,207.8,219.46,0.16712597804144,0.591124507132918,0.161074342786806,0.449513715334834,1.00000272257179,1.76918393555553
"RSTD","RSTD",86,100,-136.97,NA,NA,279.94,291.6,0.0963515317998827,0.187938303221017,0.0935551898412414,0.184436820792737,1.00000196511736,1.16646143142134
"RSTD","RSTD",87,100,-111.58,NA,NA,229.16,240.82,0.812582350103185,0.879132093861699,0.185011907266518,0.478794497763275,1.0000082462959,5.4038753097219
"RSTD","RSTD",88,100,-104.74,NA,NA,215.48,227.14,0.448961209738627,0.690639521926641,0.722217268435905,0.791224810223473,1.00350577305995,1.12322780341732
"RSTD","RSTD",89,100,-99.06,NA,NA,204.12,215.78,0.352596259210259,0.519048273330554,0.699675666003366,0.740889112654695,1.00000106900112,1.77127007111431
"RSTD","RSTD",90,100,-70.39,NA,NA,146.78,158.44,0.7131295024883,0.112127762287855,0.975935756544327,0.104854695369811,7.62262322950495,4.4174234716404
"RSTD","RSTD",91,100,-126.81,NA,NA,259.62,271.28,0.102771484525874,0.0985191510990262,0.122685817293213,0.0942284794027073,1.00001514905584,1.34824017202482
"RSTD","RSTD",92,100,-118.01,NA,NA,242.02,253.68,0.14997310237959,0.461772011825815,0.151479770851583,0.437497017729217,1.00000657932082,1.26133318960971
"RSTD","RSTD",93,100,-111.58,NA,NA,229.16,240.82,0.435881547397003,0.7804279406555,0.185011907266518,0.478794497763275,1.0000082462959,1.68139734584838
"RSTD","RSTD",94,100,-90.67,NA,NA,187.34,199,0.975024477113038,0.799848798895255,0.333762859143939,0.623088859906998,2.04770122627305,5.33281822849937
"RSTD","RSTD",95,100,-109.48,NA,NA,224.96,236.62,0.723246149485931,0.623378630494699,0.216101138434759,0.363206290611631,1.00474756154819,1.45622572209686
"RSTD","RSTD",96,100,-108.58,NA,NA,223.16,234.82,0.323681306792423,0.444453429430723,0.235585265400489,0.358964070848308,1.0000042694304,1.44684312446043
"RSTD","RSTD",97,100,-122.4,NA,NA,250.8,262.46,0.521510650403798,0.40949847153388,0.439985454666379,0.308230535730527,1.00000198443514,1.1181692021126
"RSTD","RSTD",98,100,-108.37,NA,NA,222.74,234.4,0.418908317107707,0.978637758642435,0.155687665292056,0.467403399546265,1.00000277805951,1.21107809292153
"RSTD","RSTD",99,100,-92.01,NA,NA,190.02,201.68,0.78953983867541,0.418743934947997,0.363694175290292,0.257722153421563,1.00001221197081,3.49348991278757
"RSTD","RSTD",100,100,-112.36,NA,NA,230.72,242.38,0.956703607924283,0.607802340993658,0.28534916150641,0.318012708822513,1.00001388529729,1.10866933899654
"RSTD","Utility",1,100,-105.47,NA,NA,216.94,228.6,0.285107890376821,0.724670132622123,0.88175008758636,0.999999947748728,1.82301456988603,2.43561604238095
"RSTD","Utility",2,100,-111.33,NA,NA,228.66,240.32,0.950232450617477,0.206436974462122,0.0796150647605234,0.503941580034072,9.99998919164618,1.3645795173943
"RSTD","Utility",3,100,-106.66,NA,NA,219.32,230.98,0.536011227406561,0.200363578274846,0.0865467215126664,0.517516232329438,9.99999997232939,2.00568439900399
"RSTD","Utility",4,100,-120.51,NA,NA,247.02,258.68,0.321220333920792,0.649332832079381,0.84531857342223,0.980280246641362,1.0000012975556,1.14288249518722
"RSTD","Utility",5,100,-110.18,NA,NA,226.36,238.02,0.525106647517532,0.973066303646192,0.914803230060612,0.674967312459097,5.3897699559646,1.39299949863926
"RSTD","Utility",6,100,-106.15,NA,NA,218.3,229.96,0.895209939451888,0.943225271301344,0.9094679925316,0.734130251155242,4.71688578746007,4.35385648889427
"RSTD","Utility",7,100,-111.26,NA,NA,228.52,240.18,0.753931205254048,0.197620301274583,0.0814406663338916,0.505896061119579,9.99998588494091,1.18983699940145
"RSTD","Utility",8,100,-147.05,NA,NA,300.1,311.76,0.0560640415642411,0.783013365231454,0.941091057088273,0.81110531377408,5.28204577387433,4.41441693140154
"RSTD","Utility",9,100,-113.87,NA,NA,233.74,245.4,0.479448032099754,0.989872474921867,0.910202140999086,0.712087162236315,4.06493470015477,1.20800043705019
"RSTD","Utility",10,100,-90.9,NA,NA,187.8,199.46,0.711294803768396,0.788163986755535,0.857195363819497,0.990203836831478,3.00553580004155,3.30973086307261
"RSTD","Utility",11,100,-113.15,NA,NA,232.3,243.96,0.5048349336721,0.797194604296237,0.846922175417174,0.999863444151998,1.00001373811311,3.5054881726885
"RSTD","Utility",12,100,-113.52,NA,NA,233.04,244.7,0.731893435353413,0.395451756194234,0.253139705683956,0.732523786128946,3.38841128753381,1.61817012401298
"RSTD","Utility",13,100,-95.37,NA,NA,196.74,208.4,0.275977379642427,0.511981163173914,0.766402811112684,0.999999841343712,1.01300058800607,3.39124982816227
"RSTD","Utility",14,100,-104.49,NA,NA,214.98,226.64,0.226354157319292,0.16033569118008,0.17989494995863,0.562215837322758,9.99997104644544,1.89403793397815
"RSTD","Utility",15,100,-106.15,NA,NA,218.3,229.96,0.315573724219576,0.984172471100464,0.9094679925316,0.734130251155242,4.71688578746007,2.69604673600736
"RSTD","Utility",16,100,-116.78,NA,NA,239.56,251.22,0.540354023920372,0.854036244563758,0.916268952036504,0.615889104886004,6.32888290581168,1.36215214885666
"RSTD","Utility",17,100,-140.15,NA,NA,286.3,297.96,0.66359161795117,0.0660558908712119,0.0506584839401151,0.421769086026249,9.99996992976222,2.97567781611326
"RSTD","Utility",18,100,-111.75,NA,NA,229.5,241.16,0.973287776112556,0.630256613949314,0.197218875109241,0.999999259445837,1.00000130830161,1.85552939023347
"RSTD","Utility",19,100,-113.87,NA,NA,233.74,245.4,0.340647828998044,0.988910319516435,0.910202140999086,0.712087162236315,4.06493470015477,1.21139730885625
"RSTD","Utility",20,100,-137.89,NA,NA,281.78,293.44,0.329378831898794,0.0628540490288287,0.0522102387670121,0.432072883970923,9.99999094017906,3.33967715737489
"RSTD","Utility",21,100,-140.29,NA,NA,286.58,298.24,0.285566801903769,0.0508385861758143,0.0511152718797946,0.420198029717966,9.99998539333005,1.41009616898373
"RSTD","Utility",22,100,-112.52,NA,NA,231.04,242.7,0.684979062527418,0.438995202770457,0.374073759641878,0.599895765014936,6.56023141347235,1.68512896075845
"RSTD","Utility",23,100,-108.75,NA,NA,223.5,235.16,0.529962481698021,0.27115519088693,0.200418736144069,0.577159080820219,6.97356233673258,3.69503675574873
"RSTD","Utility",24,100,-99.88,NA,NA,205.76,217.42,0.779200294986367,0.728794121881947,0.828624554829673,0.647644297507757,5.25097326702811,1.16082152445602
"RSTD","Utility",25,100,-155.92,NA,NA,317.84,329.5,0.0281218434683979,0.533772448310629,0.968118329896256,0.589343583155324,9.02950416096696,1.2251683762297
"RSTD","Utility",26,100,-115.98,NA,NA,237.96,249.62,0.128862570039928,0.17050133110024,0.123549213441776,0.999999979865835,1.19407956484768,2.37515528589011
"RSTD","Utility",27,100,-93.25,NA,NA,192.5,204.16,0.980796684976667,0.860091791022569,0.858197360827614,0.979354173878721,2.6056941140654,2.2001721150753
"RSTD","Utility",28,100,-116.74,NA,NA,239.48,251.14,0.633000507717952,0.959949327167124,0.911007027264858,0.652057998723608,5.1555731603481,1.02402024855837
"RSTD","Utility",29,100,-98.66,NA,NA,203.32,214.98,0.234798390883952,0.4054856733419,0.625821282624199,0.930703785902027,9.99999850808289,4.89528230370438
"RSTD","Utility",30,100,-113.54,NA,NA,233.08,244.74,0.319981756620109,0.632078264839947,0.840138157795256,0.952508981179624,1.12642551376994,1.05595874555906
"RSTD","Utility",31,100,-106.15,NA,NA,218.3,229.96,0.417691254755482,0.885661983396858,0.9094679925316,0.734130251155242,4.71688578746007,2.4762263855988
"RSTD","Utility",32,100,-138.98,NA,NA,283.96,295.62,0.119032545015216,0.605491037247702,0.949772297756695,0.535723466274276,9.7743274691229,1.04599827674373
"RSTD","Utility",33,100,-90.9,NA,NA,187.8,199.46,0.824352919822559,0.753800751408562,0.857195363819497,0.990203836831478,3.00553580004155,3.89878896835935
"RSTD","Utility",34,100,-157.54,NA,NA,321.08,332.74,0.080542077543214,0.69156481907703,0.965640024131799,0.566973660297907,9.46751868619289,4.2510444371212
"RSTD","Utility",35,100,-105.97,NA,NA,217.94,229.6,0.788759883260354,0.407168375095353,0.309927593367741,0.540039044620215,9.61665341034542,1.8810732345608
"RSTD","Utility",36,100,-95.34,NA,NA,196.68,208.34,0.960197768406942,0.814909122884274,0.770372879512857,0.999999860906912,1.01301995555113,1.49123999522999
"RSTD","Utility",37,100,-113.19,NA,NA,232.38,244.04,0.983733647270128,0.387793875532225,0.272152815336877,0.510985882048296,9.7303111958073,1.18421270139515
"RSTD","Utility",38,100,-90.9,NA,NA,187.8,199.46,0.640330957481638,0.661732341628522,0.857195363819497,0.990203836831478,3.00553580004155,2.1015722423634
"RSTD","Utility",39,100,-93.25,NA,NA,192.5,204.16,0.591888564871624,0.781977394130081,0.858197360827614,0.979354173878721,2.6056941140654,2.17335850927503
"RSTD","Utility",40,100,-110.18,NA,NA,226.36,238.02,0.185236022341996,0.927017299691215,0.914803230060612,0.674967312459097,5.3897699559646,1.40621648728848
"RSTD","Utility",41,100,-108.93,NA,NA,223.86,235.52,0.5952471755445,0.540940156206489,0.446121445638403,0.551746110767214,9.99998915076733,2.71158919288757
"RSTD","Utility",42,100,-109.47,NA,NA,224.94,236.6,0.265401779906824,0.195171546889469,0.11795097477132,0.683144425920758,4.88000546204588,1.22695452463968
"RSTD","Utility",43,100,-123.33,NA,NA,252.66,264.32,0.604935176437721,0.398145136190578,0.305394803523979,0.665912868042622,4.34539623838113,1.04858012497425
"RSTD","Utility",44,100,-93.25,NA,NA,192.5,204.16,0.470244030002505,0.685449249343947,0.858197360827614,0.979354173878721,2.6056941140654,1.6486977073364
"RSTD","Utility",45,100,-113.5,NA,NA,233,244.66,0.371720403432846,0.503097830805928,0.720844541383534,0.954712361161676,1.00000316445992,1.32283924566582
"RSTD","Utility",46,100,-123.38,NA,NA,252.76,264.42,0.361050225095823,0.370053818682209,0.147037521753717,0.997956989925558,1.00000012991452,1.17356707000516
"RSTD","Utility",47,100,-93.25,NA,NA,192.5,204.16,0.594613759312779,0.789667062694207,0.858197360827614,0.979354173878721,2.6056941140654,3.04544003671947
"RSTD","Utility",48,100,-140.15,NA,NA,286.3,297.96,0.628910263301805,0.0369398219045252,0.0506584839401151,0.421769086026249,9.99996992976222,2.35408596597136
"RSTD","Utility",49,100,-106.15,NA,NA,218.3,229.96,0.254382238723338,0.857857148861513,0.9094679925316,0.734130251155242,4.71688578746007,1.936107955831
"RSTD","Utility",50,100,-108.75,NA,NA,223.5,235.16,0.629901704145595,0.59963444317691,0.5420991919394,0.999999749666273,1.00001898404816,2.13030682034315
"RSTD","Utility",51,100,-103.9,NA,NA,213.8,225.46,0.958562755258754,0.446684151422232,0.350505399171906,0.538139259754809,9.99993825384755,2.46860518856885
"RSTD","Utility",52,100,-113.68,NA,NA,233.36,245.02,0.378760501742363,0.716149265645072,0.861637109203933,0.918601331320036,1.48504411093357,2.1838285959837
"RSTD","Utility",53,100,-116.1,NA,NA,238.2,249.86,0.843001339351758,0.428967847023159,0.274979283566338,0.775172605657309,2.7651768111219,1.43009595386684
"RSTD","Utility",54,100,-125.91,NA,NA,257.82,269.48,0.111280993092805,0.926345025887713,0.946895330001195,0.614566521500234,8.14473302173634,2.52358875974062
"RSTD","Utility",55,100,-106.15,NA,NA,218.3,229.96,0.231767056509852,0.779834397835657,0.9094679925316,0.734130251155242,4.71688578746007,4.55762586234994
"RSTD","Utility",56,100,-105.47,NA,NA,216.94,228.6,0.386252531083301,0.815260800998658,0.88175008758636,0.999999947748728,1.82301456988603,2.64474068483968
"RSTD","Utility",57,100,-106.75,NA,NA,219.5,231.16,0.6529874894768,0.670282299863175,0.815656714813962,0.999999863256463,1.00000847546017,1.1162636061199
"RSTD","Utility",58,100,-111.75,NA,NA,229.5,241.16,0.560497718863189,0.274772666627541,0.183220236181986,0.577603291884721,6.67565159398711,1.5290995786691
"RSTD","Utility",59,100,-108.75,NA,NA,223.5,235.16,0.597106330329552,0.589335348224267,0.5420991919394,0.999999749666273,1.00001898404816,1.93161117188157
"RSTD","Utility",60,100,-90.9,NA,NA,187.8,199.46,0.987134294584394,0.800411853706464,0.857195363819497,0.990203836831478,3.00553580004155,2.29764714087815
"RSTD","Utility",61,100,-121.35,NA,NA,248.7,260.36,0.718285634880885,0.565618214197457,0.363276427377669,0.955422437489337,1.00000341456099,1.06491599744186
"RSTD","Utility",62,100,-124.8,NA,NA,255.6,267.26,0.125127220060676,0.773224814096466,0.950409776690282,0.587033955884428,8.40814943374803,1.58329186262563
"RSTD","Utility",63,100,-117.66,NA,NA,241.32,252.98,0.499009405029938,0.0988319513853639,0.0654008549278089,0.476272895218475,9.99796031988063,1.09243298880756
"RSTD","Utility",64,100,-106.98,NA,NA,219.96,231.62,0.333673485321924,0.454882015939802,0.462770030062079,0.799196462379318,2.51085310950711,3.70696423376415
"RSTD","Utility",65,100,-142.1,NA,NA,290.2,301.86,0.810415166895837,0.0187283449340612,0.0506431229290395,0.417154308525681,9.99999266104563,1.16512183423941
"RSTD","Utility",66,100,-107.34,NA,NA,220.68,232.34,0.461979309096932,0.296923782210797,0.272702675840089,0.549963964534263,8.1868300902865,1.45804071612656
"RSTD","Utility",67,100,-101.52,NA,NA,209.04,220.7,0.285626433324069,0.528872283641249,0.867401852380527,0.655764030061847,5.27544707161225,1.1472960453744
"RSTD","Utility",68,100,-115.04,NA,NA,236.08,247.74,0.732509626774117,0.600311974063516,0.349180464930048,0.980483434124074,1.00000060826551,1.4492717245746
"RSTD","Utility",69,100,-104.09,NA,NA,214.18,225.84,0.977929984452203,0.529096166603267,0.40733704113186,0.555932111622723,9.99999797245141,1.75178614688037
"RSTD","Utility",70,100,-100.32,NA,NA,206.64,218.3,0.98177181975916,0.159414226887748,0.073216315014367,0.513267032650248,9.9999924495159,1.47737938910723
"RSTD","Utility",71,100,-115.56,NA,NA,237.12,248.78,0.922829337418079,0.366323065012693,0.271059247466051,0.500387884897752,9.99995937870451,1.08644307602532
"RSTD","Utility",72,100,-91.64,NA,NA,189.28,200.94,0.437475311337039,0.144657690776512,0.0737273103895862,0.539911068467561,9.99990650491572,2.51204245735464
"RSTD","Utility",73,100,-157.51,NA,NA,321.02,332.68,0.0812403932213783,0.858433880610391,0.96707365638709,0.572394327356205,9.32276992777699,2.57674626609245
"RSTD","Utility",74,100,-123.33,NA,NA,252.66,264.32,0.769064010120928,0.423705151304603,0.305394803523979,0.665912868042622,4.34539623838113,1.055009087082
"RSTD","Utility",75,100,-110.67,NA,NA,227.34,239,0.27233505435288,0.0992442343849689,0.0730126126661852,0.504677497490275,9.99998041455249,1.01957268379492
"RSTD","Utility",76,100,-106.98,NA,NA,219.96,231.62,0.714246998308226,0.356464033480734,0.267853885744932,0.58450646592803,7.09021541756765,2.33508190601589
"RSTD","Utility",77,100,-106.15,NA,NA,218.3,229.96,0.165105299558491,0.62026000325568,0.9094679925316,0.734130251155242,4.71688578746007,3.11759630225509
"RSTD","Utility",78,100,-97.36,NA,NA,200.72,212.38,0.948594216490164,0.818483957787976,0.855646431471041,0.812250658729826,2.92678277680201,1.40069885704874
"RSTD","Utility",79,100,-105.4,NA,NA,216.8,228.46,0.641159480903298,0.713674181839451,0.887040135425597,0.531869113875213,9.26074642898134,1.04148287150446
"RSTD","Utility",80,100,-93.25,NA,NA,192.5,204.16,0.602592710871249,0.798923129681498,0.858197360827614,0.979354173878721,2.6056941140654,2.65777598732141
"RSTD","Utility",81,100,-147.05,NA,NA,300.1,311.76,0.0268326783552766,0.983408806612715,0.941091057088273,0.81110531377408,5.28204577387433,2.42827125892359
"RSTD","Utility",82,100,-111.42,NA,NA,228.84,240.5,0.390374890295789,0.210965643869713,0.177207200836199,0.525424691504751,9.99993487317159,1.07093011168763
"RSTD","Utility",83,100,-140.15,NA,NA,286.3,297.96,0.909624356776476,0.0655163209885359,0.0506584839401151,0.421769086026249,9.99996992976222,1.47955628430628
"RSTD","Utility",84,100,-105.47,NA,NA,216.94,228.6,0.894585720263422,0.928069569170475,0.88175008758636,0.999999947748728,1.82301456988603,1.78467515758694
"RSTD","Utility",85,100,-105.47,NA,NA,216.94,228.6,0.16712597804144,0.591124507132918,0.88175008758636,0.999999947748728,1.82301456988603,1.76918393555553
"RSTD","Utility",86,100,-159.41,NA,NA,324.82,336.48,0.0963515317998827,0.187938303221017,0.918443235699293,0.571992966656409,5.92036286865088,1.16646143142134
"RSTD","Utility",87,100,-113.8,NA,NA,233.6,245.26,0.812582350103185,0.879132093861699,0.858098011673167,0.990437456142153,1.06168852391098,5.4038753097219
"RSTD","Utility",88,100,-105.25,NA,NA,216.5,228.16,0.448961209738627,0.690639521926641,0.86470544332226,0.641237512552281,5.19588573081475,1.12322780341732
"RSTD","Utility",89,100,-98.89,NA,NA,203.78,215.44,0.352596259210259,0.519048273330554,0.776114548845204,0.999999864016635,1.00000668658587,1.77127007111431
"RSTD","Utility",90,100,-111.77,NA,NA,229.54,241.2,0.7131295024883,0.112127762287855,0.0734194755169932,0.47939145854709,9.99995414124426,4.4174234716404
"RSTD","Utility",91,100,-125.05,NA,NA,256.1,267.76,0.102771484525874,0.0985191510990262,0.0755716918835411,0.774538047006099,3.65549473659761,1.34824017202482
"RSTD","Utility",92,100,-123.49,NA,NA,252.98,264.64,0.14997310237959,0.461772011825815,0.889251337304491,0.774984472468671,2.82050718183737,1.26133318960971
"RSTD","Utility",93,100,-113.8,NA,NA,233.6,245.26,0.435881547397003,0.7804279406555,0.858098011673167,0.990437456142153,1.06168852391098,1.68139734584838
"RSTD","Utility",94,100,-90.9,NA,NA,187.8,199.46,0.975024477113038,0.799848798895255,0.857195363819497,0.990203836831478,3.00553580004155,5.33281822849937
"RSTD","Utility",95,100,-111.3,NA,NA,228.6,240.26,0.723246149485931,0.623378630494699,0.769371306144803,0.876680745165864,1.63564710622721,1.45622572209686
"RSTD","Utility",96,100,-111.93,NA,NA,229.86,241.52,0.323681306792423,0.444453429430723,0.562296207780959,0.979129072155022,1.00000025283653,1.44684312446043
"RSTD","Utility",97,100,-122.33,NA,NA,250.66,262.32,0.521510650403798,0.40949847153388,0.35897793681806,0.586110634050572,6.43113912859288,1.1181692021126
"RSTD","Utility",98,100,-113.87,NA,NA,233.74,245.4,0.418908317107707,0.978637758642435,0.910202140999086,0.712087162236315,4.06493470015477,1.21107809292153
"RSTD","Utility",99,100,-90.18,NA,NA,186.36,198.02,0.78953983867541,0.418743934947997,0.181958895711028,0.999999738704818,2.5963729913099,3.49348991278757
"RSTD","Utility",100,100,-112.95,NA,NA,231.9,243.56,0.956703607924283,0.607802340993658,0.331020453467874,0.99121631700097,1.00000161397329,1.10866933899654
"Utility","TD",1,100,-144.36,NA,NA,292.72,300.49,0.285107890376821,0.724670132622123,0.160704431492644,1.00000006903292,NA,2.43561604238095
"Utility","TD",2,100,-273,NA,NA,550,557.77,0.950232450617477,0.206436974462122,0.0659697153079516,1.0000000794026,NA,1.3645795173943
"Utility","TD",3,100,-273.49,NA,NA,550.98,558.75,0.536011227406561,0.200363578274846,0.059328862782264,1.00000006427737,NA,2.00568439900399
"Utility","TD",4,100,-246.78,NA,NA,497.56,505.33,0.321220333920792,0.649332832079381,0.0909728718587533,1.00000006319217,NA,1.14288249518722
"Utility","TD",5,100,-118.8,NA,NA,241.6,249.37,0.525106647517532,0.973066303646192,0.336771275008154,1.00000168256529,NA,1.39299949863926
"Utility","TD",6,100,-113.79,NA,NA,231.58,239.35,0.895209939451888,0.943225271301344,0.85737977202575,1.02561623595523,NA,4.35385648889427
"Utility","TD",7,100,-269.13,NA,NA,542.26,550.03,0.753931205254048,0.197620301274583,0.0581876884788812,1.00000006571829,NA,1.18983699940145
"Utility","TD",8,100,-149.2,NA,NA,302.4,310.17,0.0560640415642411,0.783013365231454,0.075761987739232,1.00000030559921,NA,4.41441693140154
"Utility","TD",9,100,-109.02,NA,NA,222.04,229.81,0.479448032099754,0.989872474921867,0.327899366288707,1.00000123944826,NA,1.20800043705019
"Utility","TD",10,100,-102.45,NA,NA,208.9,216.67,0.711294803768396,0.788163986755535,0.781893075812849,1.00001073628735,NA,3.30973086307261
"Utility","TD",11,100,-120.78,NA,NA,245.56,253.33,0.5048349336721,0.797194604296237,0.265385357985733,1.00000097466178,NA,3.5054881726885
"Utility","TD",12,100,-269.59,NA,NA,543.18,550.95,0.731893435353413,0.395451756194234,0.0649505135215288,1.00000064479232,NA,1.61817012401298
"Utility","TD",13,100,-199.08,NA,NA,402.16,409.93,0.275977379642427,0.511981163173914,0.13478643566316,1.00000007016291,NA,3.39124982816227
"Utility","TD",14,100,-279.15,NA,NA,562.3,570.07,0.226354157319292,0.16033569118008,0.0545027930487043,1.00000001837016,NA,1.89403793397815
"Utility","TD",15,100,-112.86,NA,NA,229.72,237.49,0.315573724219576,0.984172471100464,0.184896374237687,1.10839766121603,NA,2.69604673600736
"Utility","TD",16,100,-144.36,NA,NA,292.72,300.49,0.540354023920372,0.854036244563758,0.370581197090694,1.00000040919936,NA,1.36215214885666
"Utility","TD",17,100,-281.6,NA,NA,567.2,574.97,0.66359161795117,0.0660558908712119,0.0658211115485174,1.00000019517223,NA,2.97567781611326
"Utility","TD",18,100,-207.39,NA,NA,418.78,426.55,0.973287776112556,0.630256613949314,0.0768722024837377,1.00000006277256,NA,1.85552939023347
"Utility","TD",19,100,-123.78,NA,NA,251.56,259.33,0.340647828998044,0.988910319516435,0.149672434684346,1.0000003537472,NA,1.21139730885625
"Utility","TD",20,100,-275.79,NA,NA,555.58,563.35,0.329378831898794,0.0628540490288287,0.0578777794083561,1.00000027091627,NA,3.33967715737489
"Utility","TD",21,100,-304.88,NA,NA,613.76,621.53,0.285566801903769,0.0508385861758143,0.0591055802047602,1.0000000913412,NA,1.41009616898373
"Utility","TD",22,100,-263.45,NA,NA,530.9,538.67,0.684979062527418,0.438995202770457,0.0714579464296122,1.00000005031261,NA,1.68512896075845
"Utility","TD",23,100,-259.86,NA,NA,523.72,531.49,0.529962481698021,0.27115519088693,0.0776316933133922,1.00000047547913,NA,3.69503675574873
"Utility","TD",24,100,-203.85,NA,NA,411.7,419.47,0.779200294986367,0.728794121881947,0.0952891880133865,1.00000036937661,NA,1.16082152445602
"Utility","TD",25,100,-286.47,NA,NA,576.94,584.71,0.0281218434683979,0.533772448310629,0.053236752815585,1.0000000868191,NA,1.2251683762297
"Utility","TD",26,100,-286.39,NA,NA,576.78,584.55,0.128862570039928,0.17050133110024,0.0596972003173813,1.00000004818232,NA,2.37515528589011
"Utility","TD",27,100,-112.8,NA,NA,229.6,237.37,0.980796684976667,0.860091791022569,0.862823920268488,1.03437951403913,NA,2.2001721150753
"Utility","TD",28,100,-124.46,NA,NA,252.92,260.69,0.633000507717952,0.959949327167124,0.746433402209123,1.00000036504874,NA,1.02402024855837
"Utility","TD",29,100,-220.93,NA,NA,445.86,453.63,0.234798390883952,0.4054856733419,0.123793784041115,1.00000006502455,NA,4.89528230370438
"Utility","TD",30,100,-264.56,NA,NA,533.12,540.89,0.319981756620109,0.632078264839947,0.095469788652663,1.00000005049143,NA,1.05595874555906
"Utility","TD",31,100,-114.65,NA,NA,233.3,241.07,0.417691254755482,0.885661983396858,0.164272814575046,1.02391540414076,NA,2.4762263855988
"Utility","TD",32,100,-278.89,NA,NA,561.78,569.55,0.119032545015216,0.605491037247702,0.063030270077441,1.00000000602498,NA,1.04599827674373
"Utility","TD",33,100,-101.27,NA,NA,206.54,214.31,0.824352919822559,0.753800751408562,0.803407176119499,1.00000013118963,NA,3.89878896835935
"Utility","TD",34,100,-148.29,NA,NA,300.58,308.35,0.080542077543214,0.69156481907703,0.10100141786013,1.00000008547352,NA,4.2510444371212
"Utility","TD",35,100,-268.32,NA,NA,540.64,548.41,0.788759883260354,0.407168375095353,0.06766785399709,1.00000011816901,NA,1.8810732345608
"Utility","TD",36,100,-145.82,NA,NA,295.64,303.41,0.960197768406942,0.814909122884274,0.887787287225348,1.00000024639022,NA,1.49123999522999
"Utility","TD",37,100,-262.54,NA,NA,529.08,536.85,0.983733647270128,0.387793875532225,0.064784810917899,1.00000029080965,NA,1.18421270139515
"Utility","TD",38,100,-153.88,NA,NA,311.76,319.53,0.640330957481638,0.661732341628522,0.112820477513736,1.00000005558283,NA,2.1015722423634
"Utility","TD",39,100,-132.15,NA,NA,268.3,276.07,0.591888564871624,0.781977394130081,0.40630118315675,1.00000006967743,NA,2.17335850927503
"Utility","TD",40,100,-132.17,NA,NA,268.34,276.11,0.185236022341996,0.927017299691215,0.13336337546427,1.00000055385766,NA,1.40621648728848
"Utility","TD",41,100,-207.14,NA,NA,418.28,426.05,0.5952471755445,0.540940156206489,0.120702190010124,1.0000000509125,NA,2.71158919288757
"Utility","TD",42,100,-283.43,NA,NA,570.86,578.63,0.265401779906824,0.195171546889469,0.0520550083287163,1.00000000817045,NA,1.22695452463968
"Utility","TD",43,100,-275.48,NA,NA,554.96,562.73,0.604935176437721,0.398145136190578,0.06566427424299,1.00000001841396,NA,1.04858012497425
"Utility","TD",44,100,-180.06,NA,NA,364.12,371.89,0.470244030002505,0.685449249343947,0.109644164856964,1.00000004973645,NA,1.6486977073364
"Utility","TD",45,100,-262.6,NA,NA,529.2,536.97,0.371720403432846,0.503097830805928,0.0761206320852564,1.00000013944675,NA,1.32283924566582
"Utility","TD",46,100,-269.93,NA,NA,543.86,551.63,0.361050225095823,0.370053818682209,0.058442973471676,1.00000000390022,NA,1.17356707000516
"Utility","TD",47,100,-122.36,NA,NA,248.72,256.49,0.594613759312779,0.789667062694207,0.334004299628888,1.00000009592168,NA,3.04544003671947
"Utility","TD",48,100,-280.53,NA,NA,565.06,572.83,0.628910263301805,0.0369398219045252,0.0559037300815611,1.00000024186325,NA,2.35408596597136
"Utility","TD",49,100,-126.06,NA,NA,256.12,263.89,0.254382238723338,0.857857148861513,0.141807300487097,1.0078919427088,NA,1.936107955831
"Utility","TD",50,100,-210.91,NA,NA,425.82,433.59,0.629901704145595,0.59963444317691,0.1051859577506,1.00000023452334,NA,2.13030682034315
"Utility","TD",51,100,-245.21,NA,NA,494.42,502.19,0.958562755258754,0.446684151422232,0.0698383045111924,1.00000008732941,NA,2.46860518856885
"Utility","TD",52,100,-159.12,NA,NA,322.24,330.01,0.378760501742363,0.716149265645072,0.144835883439504,1.00000012292979,NA,2.1838285959837
"Utility","TD",53,100,-270.11,NA,NA,544.22,551.99,0.843001339351758,0.428967847023159,0.0631598026243895,1.00000002931284,NA,1.43009595386684
"Utility","TD",54,100,-131.53,NA,NA,267.06,274.83,0.111280993092805,0.926345025887713,0.109007955040554,1.04613899914478,NA,2.52358875974062
"Utility","TD",55,100,-114.01,NA,NA,232.02,239.79,0.231767056509852,0.779834397835657,0.172807645414929,1.00000107913117,NA,4.55762586234994
"Utility","TD",56,100,-125.27,NA,NA,254.54,262.31,0.386252531083301,0.815260800998658,0.159788184796303,1.00000112444637,NA,2.64474068483968
"Utility","TD",57,100,-229.09,NA,NA,462.18,469.95,0.6529874894768,0.670282299863175,0.093784301784409,1.00000012653909,NA,1.1162636061199
"Utility","TD",58,100,-275.83,NA,NA,555.66,563.43,0.560497718863189,0.274772666627541,0.0645002504314602,1.00000001199774,NA,1.5290995786691
"Utility","TD",59,100,-225.51,NA,NA,455.02,462.79,0.597106330329552,0.589335348224267,0.0988491847176999,1.00000001382099,NA,1.93161117188157
"Utility","TD",60,100,-110.58,NA,NA,225.16,232.93,0.987134294584394,0.800411853706464,0.867793616979822,1.00000067438923,NA,2.29764714087815
"Utility","TD",61,100,-262.75,NA,NA,529.5,537.27,0.718285634880885,0.565618214197457,0.0682051933359679,1.00000001890141,NA,1.06491599744186
"Utility","TD",62,100,-186.88,NA,NA,377.76,385.53,0.125127220060676,0.773224814096466,0.095049963537811,1.00000068677639,NA,1.58329186262563
"Utility","TD",63,100,-305.14,NA,NA,614.28,622.05,0.499009405029938,0.0988319513853639,0.0494045041700839,1.00000003802981,NA,1.09243298880756
"Utility","TD",64,100,-227.05,NA,NA,458.1,465.87,0.333673485321924,0.454882015939802,0.125074295689993,1.00000005253798,NA,3.70696423376415
"Utility","TD",65,100,-328.57,NA,NA,661.14,668.91,0.810415166895837,0.0187283449340612,0.046159385881993,1.00000000846067,NA,1.16512183423941
"Utility","TD",66,100,-272.29,NA,NA,548.58,556.35,0.461979309096932,0.296923782210797,0.0570024733035923,1.00000004069014,NA,1.45804071612656
"Utility","TD",67,100,-269.57,NA,NA,543.14,550.91,0.285626433324069,0.528872283641249,0.072742621203674,1.00000004844975,NA,1.1472960453744
"Utility","TD",68,100,-245.3,NA,NA,494.6,502.37,0.732509626774117,0.600311974063516,0.088959622964588,1.00000006172943,NA,1.4492717245746
"Utility","TD",69,100,-271.13,NA,NA,546.26,554.03,0.977929984452203,0.529096166603267,0.0718417951252549,1.00000022758075,NA,1.75178614688037
"Utility","TD",70,100,-272.16,NA,NA,548.32,556.09,0.98177181975916,0.159414226887748,0.066820500250214,1.0000001267743,NA,1.47737938910723
"Utility","TD",71,100,-270.28,NA,NA,544.56,552.33,0.922829337418079,0.366323065012693,0.0658994523385054,1.00000007592733,NA,1.08644307602532
"Utility","TD",72,100,-274.24,NA,NA,552.48,560.25,0.437475311337039,0.144657690776512,0.0580284595901007,1.0000001165051,NA,2.51204245735464
"Utility","TD",73,100,-144.94,NA,NA,293.88,301.65,0.0812403932213783,0.858433880610391,0.0944296843801996,1.00000006024015,NA,2.57674626609245
"Utility","TD",74,100,-269.7,NA,NA,543.4,551.17,0.769064010120928,0.423705151304603,0.0647206209634795,1.00000052681817,NA,1.055009087082
"Utility","TD",75,100,-292.75,NA,NA,589.5,597.27,0.27233505435288,0.0992442343849689,0.0551493144529448,1.00000005514164,NA,1.01957268379492
"Utility","TD",76,100,-264.98,NA,NA,533.96,541.73,0.714246998308226,0.356464033480734,0.0694022328976406,1.00000049248795,NA,2.33508190601589
"Utility","TD",77,100,-151.55,NA,NA,307.1,314.87,0.165105299558491,0.62026000325568,0.113027997415648,1.00000040362081,NA,3.11759630225509
"Utility","TD",78,100,-148.16,NA,NA,300.32,308.09,0.948594216490164,0.818483957787976,0.872517781119115,1.00000002012589,NA,1.40069885704874
"Utility","TD",79,100,-222.45,NA,NA,448.9,456.67,0.641159480903298,0.713674181839451,0.0954942054567911,1.00000012694454,NA,1.04148287150446
"Utility","TD",80,100,-121.73,NA,NA,247.46,255.23,0.602592710871249,0.798923129681498,0.451840110518465,1.00000017043384,NA,2.65777598732141
"Utility","TD",81,100,-123.51,NA,NA,251.02,258.79,0.0268326783552766,0.983408806612715,0.0283738070311614,2.07745940874012,NA,2.42827125892359
"Utility","TD",82,100,-287.41,NA,NA,578.82,586.59,0.390374890295789,0.210965643869713,0.0516667572699007,1.00000011432071,NA,1.07093011168763
"Utility","TD",83,100,-287.55,NA,NA,579.1,586.87,0.909624356776476,0.0655163209885359,0.0569009140087441,1.00000016966149,NA,1.47955628430628
"Utility","TD",84,100,-120.26,NA,NA,244.52,252.29,0.894585720263422,0.928069569170475,0.849211801731021,1.00000039499101,NA,1.78467515758694
"Utility","TD",85,100,-251.87,NA,NA,507.74,515.51,0.16712597804144,0.591124507132918,0.0985698943531483,1.00000015004663,NA,1.76918393555553
"Utility","TD",86,100,-299.49,NA,NA,602.98,610.75,0.0963515317998827,0.187938303221017,0.0573845793217051,1.00000004983695,NA,1.16646143142134
"Utility","TD",87,100,-90.84,NA,NA,185.68,193.45,0.812582350103185,0.879132093861699,0.867035398413922,4.63987561272688,NA,5.4038753097219
"Utility","TD",88,100,-230.24,NA,NA,464.48,472.25,0.448961209738627,0.690639521926641,0.104309796347737,1.00000001307176,NA,1.12322780341732
"Utility","TD",89,100,-274.12,NA,NA,552.24,560.01,0.352596259210259,0.519048273330554,0.0943953854096884,1.0000001623215,NA,1.77127007111431
"Utility","TD",90,100,-277.32,NA,NA,558.64,566.41,0.7131295024883,0.112127762287855,0.0668460813301208,1.00000007701538,NA,4.4174234716404
"Utility","TD",91,100,-302.75,NA,NA,609.5,617.27,0.102771484525874,0.0985191510990262,0.0577121035224806,1.0000000079672,NA,1.34824017202482
"Utility","TD",92,100,-273.15,NA,NA,550.3,558.07,0.14997310237959,0.461772011825815,0.0564212346014104,1.00000002074165,NA,1.26133318960971
"Utility","TD",93,100,-146.25,NA,NA,296.5,304.27,0.435881547397003,0.7804279406555,0.157102745331537,1.00000049471623,NA,1.68139734584838
"Utility","TD",94,100,-104.73,NA,NA,213.46,221.23,0.975024477113038,0.799848798895255,0.884256711664279,3.93550826681012,NA,5.33281822849937
"Utility","TD",95,100,-230.52,NA,NA,465.04,472.81,0.723246149485931,0.623378630494699,0.0919974862384755,1.0000000146298,NA,1.45622572209686
"Utility","TD",96,100,-267.3,NA,NA,538.6,546.37,0.323681306792423,0.444453429430723,0.0721710252141582,1.00000005958225,NA,1.44684312446043
"Utility","TD",97,100,-271.85,NA,NA,547.7,555.47,0.521510650403798,0.40949847153388,0.0670101448176794,1.00000001967075,NA,1.1181692021126
"Utility","TD",98,100,-123.85,NA,NA,251.7,259.47,0.418908317107707,0.978637758642435,0.148224623922527,1.00000062126369,NA,1.21107809292153
"Utility","TD",99,100,-276.37,NA,NA,556.74,564.51,0.78953983867541,0.418743934947997,0.0703231438185712,1.00000001729523,NA,3.49348991278757
"Utility","TD",100,100,-275.75,NA,NA,555.5,563.27,0.956703607924283,0.607802340993658,0.0726536168645154,1.0000001033587,NA,1.10866933899654
"Utility","RSTD",1,100,-141.27,NA,NA,288.54,300.2,0.285107890376821,0.724670132622123,0.205567740117539,0.162690391956391,1.00000580206427,2.43561604238095
"Utility","RSTD",2,100,-259.46,NA,NA,524.92,536.58,0.950232450617477,0.206436974462122,0.0793903114720561,0.0599216754093548,1.00000307734871,1.3645795173943
"Utility","RSTD",3,100,-268.59,NA,NA,543.18,554.84,0.536011227406561,0.200363578274846,0.0723375331685075,0.061038005405687,1.00000312420599,2.00568439900399
"Utility","RSTD",4,100,-245.53,NA,NA,497.06,508.72,0.321220333920792,0.649332832079381,0.10771447849338,0.0966001840345908,1.0000031668917,1.14288249518722
"Utility","RSTD",5,100,-117.6,NA,NA,241.2,252.86,0.525106647517532,0.973066303646192,0.312221816530588,0.344958998686762,1.00000524977055,1.39299949863926
"Utility","RSTD",6,100,-111.58,NA,NA,229.16,240.82,0.895209939451888,0.943225271301344,0.185011907266518,0.478794497763275,1.0000082462959,4.35385648889427
"Utility","RSTD",7,100,-266.5,NA,NA,539,550.66,0.753931205254048,0.197620301274583,0.0678344133364345,0.0585002616530382,1.00000383621504,1.18983699940145
"Utility","RSTD",8,100,-136.28,NA,NA,278.56,290.22,0.0560640415642411,0.783013365231454,0.130811041321898,0.0926370142163174,1.00000323709359,4.41441693140154
"Utility","RSTD",9,100,-108.59,NA,NA,223.18,234.84,0.479448032099754,0.989872474921867,0.271476733718648,0.317692323355379,1.00055350186027,1.20800043705019
"Utility","RSTD",10,100,-102.66,NA,NA,211.32,222.98,0.711294803768396,0.788163986755535,0.699875072246332,0.740064928410236,1.00000609719256,3.30973086307261
"Utility","RSTD",11,100,-118.36,NA,NA,242.72,254.38,0.5048349336721,0.797194604296237,0.999999906114468,0.474466517990703,1.00002608112905,3.5054881726885
"Utility","RSTD",12,100,-253.23,NA,NA,512.46,524.12,0.731893435353413,0.395451756194234,0.0846653823609677,0.0629497372406731,1.00001677653309,1.61817012401298
"Utility","RSTD",13,100,-195.96,NA,NA,397.92,409.58,0.275977379642427,0.511981163173914,0.183539303536025,0.144743261262353,1.00000096722776,3.39124982816227
"Utility","RSTD",14,100,-271.62,NA,NA,549.24,560.9,0.226354157319292,0.16033569118008,0.0711676864358673,0.0558954662995587,1.00000435658433,1.89403793397815
"Utility","RSTD",15,100,-111.12,NA,NA,228.24,239.9,0.315573724219576,0.984172471100464,0.318652041935725,0.247829750451801,1.00000919931148,2.69604673600736
"Utility","RSTD",16,100,-144.79,NA,NA,295.58,307.24,0.540354023920372,0.854036244563758,0.315076883109501,0.31645393148275,1.00000292027114,1.36215214885666
"Utility","RSTD",17,100,-265.14,NA,NA,536.28,547.94,0.66359161795117,0.0660558908712119,0.0796934808067973,0.0593416607195635,1.00000520606759,2.97567781611326
"Utility","RSTD",18,100,-235.1,NA,NA,476.2,487.86,0.973287776112556,0.630256613949314,0.888732966137498,0.871623244129554,1.00000002339185,1.85552939023347
"Utility","RSTD",19,100,-123.91,NA,NA,253.82,265.48,0.340647828998044,0.988910319516435,0.159727756305524,0.160940432976922,1.00000109925102,1.21139730885625
"Utility","RSTD",20,100,-270.49,NA,NA,546.98,558.64,0.329378831898794,0.0628540490288287,0.0709887169357984,0.0588413174052263,1.00000285133545,3.33967715737489
"Utility","RSTD",21,100,-303.92,NA,NA,613.84,625.5,0.285566801903769,0.0508385861758143,0.0679295047039831,0.0601943379755063,1.00000394602306,1.41009616898373
"Utility","RSTD",22,100,-248.97,NA,NA,503.94,515.6,0.684979062527418,0.438995202770457,0.0825766732207808,0.0630108450333535,1.00000273504195,1.68512896075845
"Utility","RSTD",23,100,-242.62,NA,NA,491.24,502.9,0.529962481698021,0.27115519088693,0.0943496484391121,0.0700685628197426,1.00000664787931,3.69503675574873
"Utility","RSTD",24,100,-201.92,NA,NA,409.84,421.5,0.779200294986367,0.728794121881947,0.104175555893462,0.131666408702259,1.00000209526058,1.16082152445602
"Utility","RSTD",25,100,-281.78,NA,NA,569.56,581.22,0.0281218434683979,0.533772448310629,0.0614921622586178,0.0506702916338245,1.00000196135844,1.2251683762297
"Utility","RSTD",26,100,-284.54,NA,NA,575.08,586.74,0.128862570039928,0.17050133110024,0.0666656661664024,0.0601314669600121,1.00000314262416,2.37515528589011
"Utility","RSTD",27,100,-107.93,NA,NA,221.86,233.52,0.980796684976667,0.860091791022569,0.158869385466253,0.440684096200749,1.0000098997672,2.2001721150753
"Utility","RSTD",28,100,-119.86,NA,NA,245.72,257.38,0.633000507717952,0.959949327167124,0.216963996850159,0.36883924736889,1.00000801485301,1.02402024855837
"Utility","RSTD",29,100,-210.39,NA,NA,426.78,438.44,0.234798390883952,0.4054856733419,0.147811601991306,0.108959628628502,1.00000274797011,4.89528230370438
"Utility","RSTD",30,100,-249.03,NA,NA,504.06,515.72,0.319981756620109,0.632078264839947,0.111668487666696,0.0816559269530584,1.00000283654212,1.05595874555906
"Utility","RSTD",31,100,-115.82,NA,NA,237.64,249.3,0.417691254755482,0.885661983396858,0.640276521715162,0.370220615006628,1.00000644307751,2.4762263855988
"Utility","RSTD",32,100,-273.53,NA,NA,553.06,564.72,0.119032545015216,0.605491037247702,0.0689135886360009,0.0579368686894517,1.00000025049661,1.04599827674373
"Utility","RSTD",33,100,-101.31,NA,NA,208.62,220.28,0.824352919822559,0.753800751408562,0.513539099055766,0.711536415736288,1.00006327670688,3.89878896835935
"Utility","RSTD",34,100,-122.92,NA,NA,251.84,263.5,0.080542077543214,0.69156481907703,0.151030094392627,0.0976549112095963,1.00000441210326,4.2510444371212
"Utility","RSTD",35,100,-254.22,NA,NA,514.44,526.1,0.788759883260354,0.407168375095353,0.0824924104017342,0.0618258453328969,1.00000157745162,1.8810732345608
"Utility","RSTD",36,100,-142.67,NA,NA,291.34,303,0.960197768406942,0.814909122884274,0.936528810622346,0.875830105570219,1.00000145798867,1.49123999522999
"Utility","RSTD",37,100,-253.77,NA,NA,513.54,525.2,0.983733647270128,0.387793875532225,0.0844084026706999,0.0642480060212928,1.00000702437905,1.18421270139515
"Utility","RSTD",38,100,-157.34,NA,NA,320.68,332.34,0.640330957481638,0.661732341628522,0.214759305682015,0.328789362569926,1.00000006379397,2.1015722423634
"Utility","RSTD",39,100,-125.61,NA,NA,257.22,268.88,0.591888564871624,0.781977394130081,0.199468505770481,0.281832778521196,1.00000491050328,2.17335850927503
"Utility","RSTD",40,100,-130.63,NA,NA,267.26,278.92,0.185236022341996,0.927017299691215,0.148302287217223,0.128682699040441,1.00000014758375,1.40621648728848
"Utility","RSTD",41,100,-206.84,NA,NA,419.68,431.34,0.5952471755445,0.540940156206489,0.12281048003529,0.132253459630601,1.00000140792238,2.71158919288757
"Utility","RSTD",42,100,-275.02,NA,NA,556.04,567.7,0.265401779906824,0.195171546889469,0.0603509143073641,0.0481423829096648,1.00000536958366,1.22695452463968
"Utility","RSTD",43,100,-257.16,NA,NA,520.32,531.98,0.604935176437721,0.398145136190578,0.0833561873271952,0.0603617562158052,1.00001083979738,1.04858012497425
"Utility","RSTD",44,100,-180.41,NA,NA,366.82,378.48,0.470244030002505,0.685449249343947,0.123984598383304,0.129381493879123,1.00000327116338,1.6486977073364
"Utility","RSTD",45,100,-249.18,NA,NA,504.36,516.02,0.371720403432846,0.503097830805928,0.0870648816459453,0.0648984747373324,1.00000086366045,1.32283924566582
"Utility","RSTD",46,100,-265.81,NA,NA,537.62,549.28,0.361050225095823,0.370053818682209,0.0736397742289463,0.0611167325838597,1.00000949955433,1.17356707000516
"Utility","RSTD",47,100,-120.91,NA,NA,247.82,259.48,0.594613759312779,0.789667062694207,0.30332246692369,0.339032265641112,1.00000278525131,3.04544003671947
"Utility","RSTD",48,100,-273.24,NA,NA,552.48,564.14,0.628910263301805,0.0369398219045252,0.0648298442758046,0.0528716849858923,1.00000269032349,2.35408596597136
"Utility","RSTD",49,100,-124.16,NA,NA,254.32,265.98,0.254382238723338,0.857857148861513,0.153626495496339,0.133079641443208,1.00000355053535,1.936107955831
"Utility","RSTD",50,100,-208.71,NA,NA,423.42,435.08,0.629901704145595,0.59963444317691,0.111253598678542,0.137653773212665,1.00000338750937,2.13030682034315
"Utility","RSTD",51,100,-239.25,NA,NA,484.5,496.16,0.958562755258754,0.446684151422232,0.0883653054263829,0.0701355937161632,1.0000010067696,2.46860518856885
"Utility","RSTD",52,100,-160.82,NA,NA,327.64,339.3,0.378760501742363,0.716149265645072,0.180551795835973,0.171188616262273,1.00000010158887,2.1838285959837
"Utility","RSTD",53,100,-251.76,NA,NA,509.52,521.18,0.843001339351758,0.428967847023159,0.0840970001540987,0.0626787912230939,1.00000505719295,1.43009595386684
"Utility","RSTD",54,100,-124.62,NA,NA,255.24,266.9,0.111280993092805,0.926345025887713,0.125091403681629,0.0986839431421351,1.00000042649027,2.52358875974062
"Utility","RSTD",55,100,-106.02,NA,NA,218.04,229.7,0.231767056509852,0.779834397835657,0.606388903459749,0.295469981653771,1.00000508203051,4.55762586234994
"Utility","RSTD",56,100,-126.25,NA,NA,258.5,270.16,0.386252531083301,0.815260800998658,0.243640677593923,0.208410384390011,1.00001903267546,2.64474068483968
"Utility","RSTD",57,100,-228.11,NA,NA,462.22,473.88,0.6529874894768,0.670282299863175,0.0994642283351349,0.110816573135698,1.00000183464324,1.1162636061199
"Utility","RSTD",58,100,-258.67,NA,NA,523.34,535,0.560497718863189,0.274772666627541,0.074770719124546,0.0543187221779138,1.0000018446978,1.5290995786691
"Utility","RSTD",59,100,-223.95,NA,NA,453.9,465.56,0.597106330329552,0.589335348224267,0.106275083576855,0.130274607096751,1.00000015247971,1.93161117188157
"Utility","RSTD",60,100,-106.41,NA,NA,218.82,230.48,0.987134294584394,0.800411853706464,0.177503100970358,0.504521343196771,1.00000242235964,2.29764714087815
"Utility","RSTD",61,100,-242.26,NA,NA,490.52,502.18,0.718285634880885,0.565618214197457,0.083065003031847,0.0589551465368394,1.00000013135472,1.06491599744186
"Utility","RSTD",62,100,-180.36,NA,NA,366.72,378.38,0.125127220060676,0.773224814096466,0.116910183042006,0.0941515637243817,1.00000140120237,1.58329186262563
"Utility","RSTD",63,100,-295.52,NA,NA,597.04,608.7,0.499009405029938,0.0988319513853639,0.0571515489232124,0.0445736152399291,1.00000083145257,1.09243298880756
"Utility","RSTD",64,100,-224.43,NA,NA,454.86,466.52,0.333673485321924,0.454882015939802,0.131485454690284,0.109742174748976,1.00000116729412,3.70696423376415
"Utility","RSTD",65,100,-319.43,NA,NA,644.86,656.52,0.810415166895837,0.0187283449340612,0.0604715285662277,0.0464815820273657,1.00000016413221,1.16512183423941
"Utility","RSTD",66,100,-265.83,NA,NA,537.66,549.32,0.461979309096932,0.296923782210797,0.067480245078749,0.0547320330012328,1.00000380225317,1.45804071612656
"Utility","RSTD",67,100,-259.73,NA,NA,525.46,537.12,0.285626433324069,0.528872283641249,0.0798476643147537,0.0617193017313121,1.00000213412007,1.1472960453744
"Utility","RSTD",68,100,-245.09,NA,NA,496.18,507.84,0.732509626774117,0.600311974063516,0.0938761862121078,0.10169304244599,1.00000146651155,1.4492717245746
"Utility","RSTD",69,100,-346.01,NA,NA,698.02,709.68,0.977929984452203,0.529096166603267,0.891412569007849,0.865993372235599,1.00000001370757,1.75178614688037
"Utility","RSTD",70,100,-260.85,NA,NA,527.7,539.36,0.98177181975916,0.159414226887748,0.0801331198197541,0.0617611900569973,1.00000398518634,1.47737938910723
"Utility","RSTD",71,100,-258.71,NA,NA,523.42,535.08,0.922829337418079,0.366323065012693,0.0816242876437948,0.06156199647931,1.00000831761233,1.08644307602532
"Utility","RSTD",72,100,-269.3,NA,NA,544.6,556.26,0.437475311337039,0.144657690776512,0.0677824085096712,0.0553379642851007,1.00000110812708,2.51204245735464
"Utility","RSTD",73,100,-133.13,NA,NA,272.26,283.92,0.0812403932213783,0.858433880610391,0.11111668504367,0.0830017216747691,1.00000616505648,2.57674626609245
"Utility","RSTD",74,100,-252.63,NA,NA,511.26,522.92,0.769064010120928,0.423705151304603,0.0819076452753358,0.0603225700804529,1.00000210155334,1.055009087082
"Utility","RSTD",75,100,-290.71,NA,NA,587.42,599.08,0.27233505435288,0.0992442343849689,0.0594836775424343,0.0529067220432591,1.0000022612058,1.01957268379492
"Utility","RSTD",76,100,-249.78,NA,NA,505.56,517.22,0.714246998308226,0.356464033480734,0.0909950830128761,0.0708006304597876,1.00000142589403,2.33508190601589
"Utility","RSTD",77,100,-135.8,NA,NA,277.6,289.26,0.165105299558491,0.62026000325568,0.152259158900033,0.104120412989174,1.00000264646135,3.11759630225509
"Utility","RSTD",78,100,-148.05,NA,NA,302.1,313.76,0.948594216490164,0.818483957787976,0.885731592588004,0.871009274873717,1.00000319302245,1.40069885704874
"Utility","RSTD",79,100,-221.03,NA,NA,448.06,459.72,0.641159480903298,0.713674181839451,0.0992933893411229,0.11776116983939,1.0000018601489,1.04148287150446
"Utility","RSTD",80,100,-115.71,NA,NA,237.42,249.08,0.602592710871249,0.798923129681498,0.200052763229718,0.308920266667148,1.00000705564785,2.65777598732141
"Utility","RSTD",81,100,-134.78,NA,NA,275.56,287.22,0.0268326783552766,0.983408806612715,0.0473424837658991,0.0567238923566043,1.00010466207653,2.42827125892359
"Utility","RSTD",82,100,-281.24,NA,NA,568.48,580.14,0.390374890295789,0.210965643869713,0.0594450037684281,0.0492154178571275,1.00000206558986,1.07093011168763
"Utility","RSTD",83,100,-286.63,NA,NA,579.26,590.92,0.909624356776476,0.0655163209885359,0.0622359737425885,0.0568867731638707,1.00000607792558,1.47955628430628
"Utility","RSTD",84,100,-119.64,NA,NA,245.28,256.94,0.894585720263422,0.928069569170475,0.566486711395245,0.788006686630782,1.00000058241806,1.78467515758694
"Utility","RSTD",85,100,-240.49,NA,NA,486.98,498.64,0.16712597804144,0.591124507132918,0.109154446547343,0.0771004579221605,1.00000396525784,1.76918393555553
"Utility","RSTD",86,100,-297.59,NA,NA,601.18,612.84,0.0963515317998827,0.187938303221017,0.0613306744554858,0.0542588081286499,1.00000134772892,1.16646143142134
"Utility","RSTD",87,100,-90.67,NA,NA,187.34,199,0.812582350103185,0.879132093861699,0.333762859143939,0.623088859906998,2.04770122627305,5.4038753097219
"Utility","RSTD",88,100,-232.44,NA,NA,470.88,482.54,0.448961209738627,0.690639521926641,0.136312278833977,0.132369653819605,1.00000002073074,1.12322780341732
"Utility","RSTD",89,100,-258.76,NA,NA,523.52,535.18,0.352596259210259,0.519048273330554,0.113243485378972,0.0842704907371938,1.00000401495787,1.77127007111431
"Utility","RSTD",90,100,-262.07,NA,NA,530.14,541.8,0.7131295024883,0.112127762287855,0.0772852071003407,0.0573823866303347,1.00000259766689,4.4174234716404
"Utility","RSTD",91,100,-301.08,NA,NA,608.16,619.82,0.102771484525874,0.0985191510990262,0.0632903358102557,0.0566591251629686,1.000001995551,1.34824017202482
"Utility","RSTD",92,100,-272,NA,NA,550,561.66,0.14997310237959,0.461772011825815,0.0660485807622991,0.0603818020320704,1.00000224820835,1.26133318960971
"Utility","RSTD",93,100,-149.46,NA,NA,304.92,316.58,0.435881547397003,0.7804279406555,0.240116698662619,0.228932005270816,1.0000042040501,1.68139734584838
"Utility","RSTD",94,100,-101.07,NA,NA,208.14,219.8,0.975024477113038,0.799848798895255,0.149574833715123,0.46057071621044,1.09366883410335,5.33281822849937
"Utility","RSTD",95,100,-229.9,NA,NA,465.8,477.46,0.723246149485931,0.623378630494699,0.10179034505066,0.127934699096035,1.0000001564471,1.45622572209686
"Utility","RSTD",96,100,-256.37,NA,NA,518.74,530.4,0.323681306792423,0.444453429430723,0.0805070349936658,0.061650840837517,1.00000040155833,1.44684312446043
"Utility","RSTD",97,100,-256.48,NA,NA,518.96,530.62,0.521510650403798,0.40949847153388,0.0802953287646819,0.0598564391507021,1.00000272323252,1.1181692021126
"Utility","RSTD",98,100,-124.22,NA,NA,254.44,266.1,0.418908317107707,0.978637758642435,0.167201875710998,0.169110430087883,1.00000013763535,1.21107809292153
"Utility","RSTD",99,100,-259.58,NA,NA,525.16,536.82,0.78953983867541,0.418743934947997,0.107358047662784,0.0774845992562998,1.00000148830143,3.49348991278757
"Utility","RSTD",100,100,-269.05,NA,NA,544.1,555.76,0.956703607924283,0.607802340993658,0.0925438587739404,0.073391675524982,1.00000215162092,1.10866933899654
"Utility","Utility",1,100,-137.99,NA,NA,281.98,293.64,0.285107890376821,0.724670132622123,0.148217695983894,0.779010915338469,2.5717582822106,2.43561604238095
"Utility","Utility",2,100,-196.15,NA,NA,398.3,409.96,0.950232450617477,0.206436974462122,0.792219411171751,0.169664316817581,1.87119506034683,1.3645795173943
"Utility","Utility",3,100,-198.8,NA,NA,403.6,415.26,0.536011227406561,0.200363578274846,0.72089344928815,1.52736596671951e-08,2.60386127273594,2.00568439900399
"Utility","Utility",4,100,-176.68,NA,NA,359.36,371.02,0.321220333920792,0.649332832079381,0.139502282796067,0.572378849620171,1.8385164239874,1.14288249518722
"Utility","Utility",5,100,-118.27,NA,NA,242.54,254.2,0.525106647517532,0.973066303646192,0.35442015960577,0.966492450423956,1.00000168366381,1.39299949863926
"Utility","Utility",6,100,-113.8,NA,NA,233.6,245.26,0.895209939451888,0.943225271301344,0.858098011673167,0.990437456142153,1.06168852391098,4.35385648889427
"Utility","Utility",7,100,-201.08,NA,NA,408.16,419.82,0.753931205254048,0.197620301274583,0.999999630909377,0.0824234641671833,1.76365077727011,1.18983699940145
"Utility","Utility",8,100,-123.63,NA,NA,253.26,264.92,0.0560640415642411,0.783013365231454,0.0502746326516556,0.671186159775065,5.58497121046759,4.41441693140154
"Utility","Utility",9,100,-109.02,NA,NA,224.04,235.7,0.479448032099754,0.989872474921867,0.321447973079366,0.99853427676371,1.00000024022937,1.20800043705019
"Utility","Utility",10,100,-102.48,NA,NA,210.96,222.62,0.711294803768396,0.788163986755535,0.790420746914727,0.999998446552326,1.03800601469264,3.30973086307261
"Utility","Utility",11,100,-119.26,NA,NA,244.52,256.18,0.5048349336721,0.797194604296237,0.45780408841862,0.512976442576925,9.965721507308,3.5054881726885
"Utility","Utility",12,100,-192.94,NA,NA,391.88,403.54,0.731893435353413,0.395451756194234,0.733737355848601,0.364197610952773,1.18854117082623,1.61817012401298
"Utility","Utility",13,100,-146.62,NA,NA,299.24,310.9,0.275977379642427,0.511981163173914,0.178289421572701,0.526777793479253,3.54703940424335,3.39124982816227
"Utility","Utility",14,100,-205,NA,NA,416,427.66,0.226354157319292,0.16033569118008,0.209111309748373,0.0565269918592936,2.22833735683555,1.89403793397815
"Utility","Utility",15,100,-111.25,NA,NA,228.5,240.16,0.315573724219576,0.984172471100464,0.304067406491488,0.628459486754883,6.33265330386277,2.69604673600736
"Utility","Utility",16,100,-141.68,NA,NA,289.36,301.02,0.540354023920372,0.854036244563758,0.551046449079639,0.753441227367676,1.95220092427816,1.36215214885666
"Utility","Utility",17,100,-194.79,NA,NA,395.58,407.24,0.66359161795117,0.0660558908712119,0.769101804466727,0.0748651691098378,2.70558332209147,2.97567781611326
"Utility","Utility",18,100,-161.36,NA,NA,328.72,340.38,0.973287776112556,0.630256613949314,0.888903758176932,0.716748515492582,1.17572559738782,1.85552939023347
"Utility","Utility",19,100,-123.77,NA,NA,253.54,265.2,0.340647828998044,0.988910319516435,0.151232372127011,0.995114034200589,1.00000057337883,1.21139730885625
"Utility","Utility",20,100,-203.35,NA,NA,412.7,424.36,0.329378831898794,0.0628540490288287,0.56070077019272,0.0934776003049225,1.83460411027215,3.33967715737489
"Utility","Utility",21,100,-218.03,NA,NA,442.06,453.72,0.285566801903769,0.0508385861758143,0.079108880633443,0.13609225708161,1.00000140887156,1.41009616898373
"Utility","Utility",22,100,-191.01,NA,NA,388.02,399.68,0.684979062527418,0.438995202770457,0.548318780863282,0.438901923945181,1.00000004121649,1.68512896075845
"Utility","Utility",23,100,-184.54,NA,NA,375.08,386.74,0.529962481698021,0.27115519088693,0.511419227666122,0.0952537392934873,4.40492658597142,3.69503675574873
"Utility","Utility",24,100,-158.62,NA,NA,323.24,334.9,0.779200294986367,0.728794121881947,0.880266035985989,0.439964620313816,5.07142420492,1.16082152445602
"Utility","Utility",25,100,-207.73,NA,NA,421.46,433.12,0.0281218434683979,0.533772448310629,0.0185140224851536,0.113214419508788,1.47306356067331,1.2251683762297
"Utility","Utility",26,100,-202.88,NA,NA,411.76,423.42,0.128862570039928,0.17050133110024,0.0393218179278873,0.173710910595939,2.82656779047293,2.37515528589011
"Utility","Utility",27,100,-113.01,NA,NA,232.02,243.68,0.980796684976667,0.860091791022569,0.889292391346697,0.814807256928742,2.48525871875276,2.2001721150753
"Utility","Utility",28,100,-120.34,NA,NA,246.68,258.34,0.633000507717952,0.959949327167124,0.744532268101028,0.928829186374632,1.00000065296456,1.02402024855837
"Utility","Utility",29,100,-151.42,NA,NA,308.84,320.5,0.234798390883952,0.4054856733419,0.175076653778484,0.434729168907748,4.71875546239686,4.89528230370438
"Utility","Utility",30,100,-185.7,NA,NA,377.4,389.06,0.319981756620109,0.632078264839947,0.325087640326967,0.427248928493838,1.85862884147716,1.05595874555906
"Utility","Utility",31,100,-114.7,NA,NA,235.4,247.06,0.417691254755482,0.885661983396858,0.175303235978751,0.995868022926105,1.00000720479648,2.4762263855988
"Utility","Utility",32,100,-197.58,NA,NA,401.16,412.82,0.119032545015216,0.605491037247702,0.0303907534389935,0.236518394852948,5.26801881087197,1.04599827674373
"Utility","Utility",33,100,-101.68,NA,NA,209.36,221.02,0.824352919822559,0.753800751408562,0.864160308136124,0.653805119862561,5.21872852740419,3.89878896835935
"Utility","Utility",34,100,-121.13,NA,NA,248.26,259.92,0.080542077543214,0.69156481907703,0.0759509777444474,0.656406132169341,5.59155401924312,4.2510444371212
"Utility","Utility",35,100,-192.14,NA,NA,390.28,401.94,0.788759883260354,0.407168375095353,0.622783544159153,0.414009134998499,1.00000603265986,1.8810732345608
"Utility","Utility",36,100,-141.77,NA,NA,289.54,301.2,0.960197768406942,0.814909122884274,0.940618977939621,0.560080629362223,6.08893813193718,1.49123999522999
"Utility","Utility",37,100,-194.98,NA,NA,395.96,407.62,0.983733647270128,0.387793875532225,0.744481399885768,0.294258006588753,1.29963412267671,1.18421270139515
"Utility","Utility",38,100,-128.94,NA,NA,263.88,275.54,0.640330957481638,0.661732341628522,0.804776490480466,0.617090659321553,2.72744126154127,2.1015722423634
"Utility","Utility",39,100,-128.32,NA,NA,262.64,274.3,0.591888564871624,0.781977394130081,0.477164502541867,0.92127012944077,1.00000081613053,2.17335850927503
"Utility","Utility",40,100,-130.75,NA,NA,267.5,279.16,0.185236022341996,0.927017299691215,0.133251367198601,0.929902774531013,1.22149617822034,1.40621648728848
"Utility","Utility",41,100,-155.52,NA,NA,317.04,328.7,0.5952471755445,0.540940156206489,0.647090552060257,0.626725263145681,1.45326858912633,2.71158919288757
"Utility","Utility",42,100,-207.76,NA,NA,421.52,433.18,0.265401779906824,0.195171546889469,0.372254346746987,0.117182661531132,1.44111964580815,1.22695452463968
"Utility","Utility",43,100,-193.9,NA,NA,393.8,405.46,0.604935176437721,0.398145136190578,0.674530045252241,0.288321011380204,1.70621529092285,1.04858012497425
"Utility","Utility",44,100,-153.79,NA,NA,313.58,325.24,0.470244030002505,0.685449249343947,0.217330061303916,0.766997718857339,1.07061842582296,1.6486977073364
"Utility","Utility",45,100,-189.7,NA,NA,385.4,397.06,0.371720403432846,0.503097830805928,0.449556546786284,0.201447074723289,3.19772074685962,1.32283924566582
"Utility","Utility",46,100,-200.25,NA,NA,406.5,418.16,0.361050225095823,0.370053818682209,0.851801131452838,0.0379694887799258,2.11972330900383,1.17356707000516
"Utility","Utility",47,100,-121.35,NA,NA,248.7,260.36,0.594613759312779,0.789667062694207,0.363276427377669,0.955422437489337,1.00000341456099,3.04544003671947
"Utility","Utility",48,100,-200.47,NA,NA,406.94,418.6,0.628910263301805,0.0369398219045252,0.922354206243937,0.0234799798738973,2.09563712727394,2.35408596597136
"Utility","Utility",49,100,-124.45,NA,NA,254.9,266.56,0.254382238723338,0.857857148861513,0.137855150210584,0.822856328308009,2.09252029820516,1.936107955831
"Utility","Utility",50,100,-161.35,NA,NA,328.7,340.36,0.629901704145595,0.59963444317691,0.761857529792881,0.553412352775198,2.3477968048204,2.13030682034315
"Utility","Utility",51,100,-191.64,NA,NA,389.28,400.94,0.958562755258754,0.446684151422232,0.916059495431403,0.337101207727298,4.35404781683371,2.46860518856885
"Utility","Utility",52,100,-156.73,NA,NA,319.46,331.12,0.378760501742363,0.716149265645072,0.164458293247239,0.883596676347976,1.26683117709667,2.1838285959837
"Utility","Utility",53,100,-192.86,NA,NA,391.72,403.38,0.843001339351758,0.428967847023159,0.730598713519074,0.430312813561051,1.00000225218763,1.43009595386684
"Utility","Utility",54,100,-122.85,NA,NA,251.7,263.36,0.111280993092805,0.926345025887713,0.0782096257486573,0.782350398025003,3.64054769707639,2.52358875974062
"Utility","Utility",55,100,-106.8,NA,NA,219.6,231.26,0.231767056509852,0.779834397835657,0.304823929517139,0.516231704615601,9.99999340892861,4.55762586234994
"Utility","Utility",56,100,-125.07,NA,NA,256.14,267.8,0.386252531083301,0.815260800998658,0.166772978759367,0.975402360370375,1.00000494244596,2.64474068483968
"Utility","Utility",57,100,-168.69,NA,NA,343.38,355.04,0.6529874894768,0.670282299863175,0.871467873433684,0.406762498292601,4.83456198670727,1.1162636061199
"Utility","Utility",58,100,-196.52,NA,NA,399.04,410.7,0.560497718863189,0.274772666627541,0.760941278770912,1.18110020223599e-07,3.14650854979058,1.5290995786691
"Utility","Utility",59,100,-165.91,NA,NA,337.82,349.48,0.597106330329552,0.589335348224267,0.816236822494604,0.423764089825943,4.26315627231681,1.93161117188157
"Utility","Utility",60,100,-110.87,NA,NA,227.74,239.4,0.987134294584394,0.800411853706464,0.904162044974889,0.741267568464398,3.33542533079883,2.29764714087815
"Utility","Utility",61,100,-191.62,NA,NA,389.24,400.9,0.718285634880885,0.565618214197457,0.672564236001796,0.490757170967073,1.00000233445072,1.06491599744186
"Utility","Utility",62,100,-170.22,NA,NA,346.44,358.1,0.125127220060676,0.773224814096466,0.081511388859544,0.713458756352797,2.85751642653796,1.58329186262563
"Utility","Utility",63,100,-219.76,NA,NA,445.52,457.18,0.499009405029938,0.0988319513853639,0.605407277119705,0.0792540306672577,1.00000058095057,1.09243298880756
"Utility","Utility",64,100,-162,NA,NA,330,341.66,0.333673485321924,0.454882015939802,0.179820781343902,0.543114620779192,2.65956822594671,3.70696423376415
"Utility","Utility",65,100,-231.59,NA,NA,469.18,480.84,0.810415166895837,0.0187283449340612,0.999999079485013,0.00236272233000263,1.02563721404536,1.16512183423941
"Utility","Utility",66,100,-200.25,NA,NA,406.5,418.16,0.461979309096932,0.296923782210797,0.900044601851303,0.0383189365658615,2.19270352997703,1.45804071612656
"Utility","Utility",67,100,-196.34,NA,NA,398.68,410.34,0.285626433324069,0.528872283641249,0.490457115141758,0.354865825243537,1.44741375680525,1.1472960453744
"Utility","Utility",68,100,-173.68,NA,NA,353.36,365.02,0.732509626774117,0.600311974063516,0.874098401121419,0.332857930398808,6.41425280948235,1.4492717245746
"Utility","Utility",69,100,-192.39,NA,NA,390.78,402.44,0.977929984452203,0.529096166603267,0.916431538220014,0.560476743878498,1.2576962274545,1.75178614688037
"Utility","Utility",70,100,-196.27,NA,NA,398.54,410.2,0.98177181975916,0.159414226887748,0.768058846490836,0.0831530108333089,2.76447596260489,1.47737938910723
"Utility","Utility",71,100,-195.55,NA,NA,397.1,408.76,0.922829337418079,0.366323065012693,0.746909339978811,0.305429692627771,1.4723856985992,1.08644307602532
"Utility","Utility",72,100,-200.42,NA,NA,406.84,418.5,0.437475311337039,0.144657690776512,0.73586335961387,3.35714354721015e-08,2.46206566181145,2.51204245735464
"Utility","Utility",73,100,-132.38,NA,NA,270.76,282.42,0.0812403932213783,0.858433880610391,0.0778886839066628,0.753380563350849,3.16357391614071,2.57674626609245
"Utility","Utility",74,100,-193.2,NA,NA,392.4,404.06,0.769064010120928,0.423705151304603,0.770075533884214,0.420901082496108,1.00000380781185,1.055009087082
"Utility","Utility",75,100,-224.89,NA,NA,455.78,467.44,0.27233505435288,0.0992442343849689,0.0271569398077354,0.081384187019482,1.00000151813544,1.01957268379492
"Utility","Utility",76,100,-192.11,NA,NA,390.22,401.88,0.714246998308226,0.356464033480734,0.5939072527795,0.466122472035859,1.00000135997932,2.33508190601589
"Utility","Utility",77,100,-121.14,NA,NA,248.28,259.94,0.165105299558491,0.62026000325568,0.0968227235714131,0.61802557264696,4.24041661129849,3.11759630225509
"Utility","Utility",78,100,-142.23,NA,NA,290.46,302.12,0.948594216490164,0.818483957787976,0.933822954001794,0.504069926128347,7.87183189705276,1.40069885704874
"Utility","Utility",79,100,-165.73,NA,NA,337.46,349.12,0.641159480903298,0.713674181839451,0.872174278792658,0.421011568911413,4.67458260240245,1.04148287150446
"Utility","Utility",80,100,-119.85,NA,NA,245.7,257.36,0.602592710871249,0.798923129681498,0.506489328891362,0.944432897469064,1.00000068985718,2.65777598732141
"Utility","Utility",81,100,-123.25,NA,NA,252.5,264.16,0.0268326783552766,0.983408806612715,0.0274382418759355,0.988059378892888,2.12326893302208,2.42827125892359
"Utility","Utility",82,100,-210.18,NA,NA,426.36,438.02,0.390374890295789,0.210965643869713,0.527638490748568,0.176216660610788,1.00000245325452,1.07093011168763
"Utility","Utility",83,100,-210.67,NA,NA,427.34,439,0.909624356776476,0.0655163209885359,0.999999304213024,0.055076350325353,1.38705108247836,1.47955628430628
"Utility","Utility",84,100,-120.02,NA,NA,246.04,257.7,0.894585720263422,0.928069569170475,0.847213699421604,0.978440108294222,1.0000018946755,1.78467515758694
"Utility","Utility",85,100,-180.12,NA,NA,366.24,377.9,0.16712597804144,0.591124507132918,0.098767663311418,0.548959173220607,2.70788445000655,1.76918393555553
"Utility","Utility",86,100,-211.82,NA,NA,429.64,441.3,0.0963515317998827,0.187938303221017,0.00412822280979491,0.0154594697141018,1.74092480315183,1.16646143142134
"Utility","Utility",87,100,-90.9,NA,NA,187.8,199.46,0.812582350103185,0.879132093861699,0.857195363819497,0.990203836831478,3.00553580004155,5.4038753097219
"Utility","Utility",88,100,-171.8,NA,NA,349.6,361.26,0.448961209738627,0.690639521926641,0.203894604719014,0.608092173286594,1.61822230463968,1.12322780341732
"Utility","Utility",89,100,-186.7,NA,NA,379.4,391.06,0.352596259210259,0.519048273330554,0.375885331568465,0.362786675847397,2.0016189891833,1.77127007111431
"Utility","Utility",90,100,-194.34,NA,NA,394.68,406.34,0.7131295024883,0.112127762287855,0.637143869947405,0.0222384755463684,3.47938956166242,4.4174234716404
"Utility","Utility",91,100,-215.04,NA,NA,436.08,447.74,0.102771484525874,0.0985191510990262,0.031025856711568,0.0575819802590655,1.50509913154082,1.34824017202482
"Utility","Utility",92,100,-205.56,NA,NA,417.12,428.78,0.14997310237959,0.461772011825815,0.183056167868529,0.106031062922477,1.76394609769201,1.26133318960971
"Utility","Utility",93,100,-149.6,NA,NA,305.2,316.86,0.435881547397003,0.7804279406555,0.280047118172967,0.789196021818456,1.83693033268952,1.68139734584838
"Utility","Utility",94,100,-106.15,NA,NA,218.3,229.96,0.975024477113038,0.799848798895255,0.9094679925316,0.734130251155242,4.71688578746007,5.33281822849937
"Utility","Utility",95,100,-167.82,NA,NA,341.64,353.3,0.723246149485931,0.623378630494699,0.872775940675579,0.406213182709822,5.00624491701648,1.45622572209686
"Utility","Utility",96,100,-194.34,NA,NA,394.68,406.34,0.323681306792423,0.444453429430723,0.522795417815492,0.199876797987575,1.94918143753352,1.44684312446043
"Utility","Utility",97,100,-193.87,NA,NA,393.74,405.4,0.521510650403798,0.40949847153388,0.612078327298293,0.342678576354232,1.21930663541609,1.1181692021126
"Utility","Utility",98,100,-123.73,NA,NA,253.46,265.12,0.418908317107707,0.978637758642435,0.152640571514503,0.982834081347571,1.00000194570997,1.21107809292153
"Utility","Utility",99,100,-180.29,NA,NA,366.58,378.24,0.78953983867541,0.418743934947997,0.897894716976022,0.242253285451476,9.99999778105942,3.49348991278757
"Utility","Utility",100,100,-193.56,NA,NA,393.12,404.78,0.956703607924283,0.607802340993658,0.907456215692854,0.577196614346247,1.00000219747849,1.10866933899654
