"simulate_model","fit_model","iteration","ACC","LogL","LogPr","LogPo","AIC","BIC","input_param_1","input_param_2","output_param_1","output_param_2","output_param_3","input_param_3"
"TD","TD",1,100,-98.78,NA,NA,201.56,209.33,0.643091264180839,1.83357874206723,0.789129975980081,1.06996461406035,NA,NA
"TD","TD",2,100,-90.76,NA,NA,185.52,193.29,0.724670132622123,2.43561604238095,0.878091714095037,9.93892371048648,NA,NA
"TD","TD",3,100,-103.58,NA,NA,211.16,218.93,0.950232450617477,3.03779015681686,0.887901140652981,9.96470820569235,NA,NA
"TD","TD",4,100,-106.01,NA,NA,216.02,223.79,0.682289758697152,1.07202245481312,0.780324686080404,1.00050496022066,NA,NA
"TD","TD",5,100,-111.26,NA,NA,226.52,234.29,0.200363578274846,2.00568439900399,0.150767564892789,1.07317478726823,NA,NA
"TD","TD",6,100,-123.78,NA,NA,251.56,259.33,0.321220333920792,1.29866566415876,0.150095726011567,1.00006151615418,NA,NA
"TD","TD",7,100,-121.76,NA,NA,247.52,255.29,0.571441247593611,1.05021329503506,0.624574620060065,1.00007496948738,NA,NA
"TD","TD",8,100,-108.18,NA,NA,220.36,228.13,0.973066303646192,1.39299949863926,0.888014337590822,9.91300999327505,NA,NA
"TD","TD",9,100,-124.48,NA,NA,252.96,260.73,0.895209939451888,1.00547373959183,0.856529656060229,1.00016082071249,NA,NA
"TD","TD",10,100,-132.95,NA,NA,269.9,277.67,0.0494146177079529,1.5078624105081,0.043716840092827,1.75604825556066,NA,NA
"TD","TD",11,100,-125.75,NA,NA,255.5,263.27,0.197620301274583,1.18983699940145,0.135102618819699,1.0039429826061,NA,NA
"TD","TD",12,100,-120.55,NA,NA,245.1,252.87,0.0560640415642411,1.56602673046291,0.0531635180070226,2.1105511387618,NA,NA
"TD","TD",13,100,-121.15,NA,NA,246.3,254.07,0.051307131536305,2.23247370731968,0.0520195142385117,2.23950770247714,NA,NA
"TD","TD",14,100,-112.77,NA,NA,229.54,237.31,0.989872474921867,1.20800043705019,0.887927511232067,9.96843199383608,NA,NA
"TD","TD",15,100,-90.76,NA,NA,185.52,193.29,0.711294803768396,1.57632797351107,0.878091714095037,9.93892371048648,NA,NA
"TD","TD",16,100,-135.6,NA,NA,275.2,282.97,0.0768930825870484,1.0096698673442,0.0730440732917923,1.07461619191441,NA,NA
"TD","TD",17,100,-90.76,NA,NA,185.52,193.29,0.797194604296237,3.5054881726885,0.878091714095037,9.93892371048648,NA,NA
"TD","TD",18,100,-90.76,NA,NA,185.52,193.29,0.731893435353413,2.27495420533688,0.878091714095037,9.93892371048648,NA,NA
"TD","TD",19,100,-93.01,NA,NA,190.02,197.79,0.809085062006488,1.79705669912965,0.880049541944484,9.93298114046809,NA,NA
"TD","TD",20,100,-110.54,NA,NA,225.08,232.85,0.511981163173914,3.39124982816227,0.286851717350659,1.03800158849636,NA,NA
"TD","TD",21,100,-112.85,NA,NA,229.7,237.47,0.226354157319292,2.66897989056053,0.171582148300011,1.15457802062812,NA,NA
"TD","TD",22,100,-115.53,NA,NA,235.06,242.83,0.300222688354552,1.95544207743825,0.177358381874542,1.05189135767749,NA,NA
"TD","TD",23,100,-103.58,NA,NA,211.16,218.93,0.984172471100464,2.69604673600736,0.887901140652981,9.96470820569235,NA,NA
"TD","TD",24,100,-118.17,NA,NA,240.34,248.11,0.540354023920372,1.23410649768987,0.455049164873772,1.0004995134676,NA,NA
"TD","TD",25,100,-110.17,NA,NA,224.34,232.11,0.870058757020161,1.32718323590234,0.836940904540999,1.00120873391979,NA,NA
"TD","TD",26,100,-116.58,NA,NA,237.16,244.93,0.0660558908712119,2.97567781611326,0.0763432593604949,1.53594034497753,NA,NA
"TD","TD",27,100,-112.55,NA,NA,229.1,236.87,0.973287776112556,1.26051322789863,0.886988948214004,9.98115378950897,NA,NA
"TD","TD",28,100,-112.86,NA,NA,229.72,237.49,0.290595552418381,2.05573849655212,0.181306210103407,1.11285299434314,NA,NA
"TD","TD",29,100,-112.77,NA,NA,229.54,237.31,0.988910319516435,1.21139730885625,0.887927511232067,9.96843199383608,NA,NA
"TD","TD",30,100,-112.86,NA,NA,229.72,237.49,0.329378831898794,3.0851063261411,0.181306210103407,1.11285299434314,NA,NA
"TD","TD",31,100,-126.37,NA,NA,256.74,264.51,0.11878991080448,1.83541438817502,0.104441552532025,1.20742883515967,NA,NA
"TD","TD",32,100,-132.95,NA,NA,269.9,277.67,0.0508385861758143,1.41009616898373,0.043716840092827,1.75604825556066,NA,NA
"TD","TD",33,100,-90.76,NA,NA,185.52,193.29,0.684979062527418,1.75662852577144,0.878091714095037,9.93892371048648,NA,NA
"TD","TD",34,100,-111.36,NA,NA,226.72,234.49,0.842564480379224,1.05992496339604,0.833223649309179,1.00047290631011,NA,NA
"TD","TD",35,100,-114.31,NA,NA,232.62,240.39,0.27115519088693,3.69503675574873,0.183579337388828,1.08723242546783,NA,NA
"TD","TD",36,100,-97.31,NA,NA,198.62,206.39,0.779200294986367,1.45758824376389,0.817758580411539,1.18762250486781,NA,NA
"TD","TD",37,100,-103.58,NA,NA,211.16,218.93,0.982565350597724,4.92570209977795,0.887901140652981,9.96470820569235,NA,NA
"TD","TD",38,100,-118.17,NA,NA,240.34,248.11,0.533772448310629,1.2251683762297,0.455049164873772,1.0004995134676,NA,NA
"TD","TD",39,100,-126.04,NA,NA,256.08,263.85,0.128862570039928,2.75030500992181,0.10662820269459,1.1975199237826,NA,NA
"TD","TD",40,100,-123.85,NA,NA,251.7,259.47,0.420502026332542,1.08286330314484,0.148248866801953,1.00013712448692,NA,NA
"TD","TD",41,100,-92.9,NA,NA,189.8,197.57,0.860091791022569,2.2001721150753,0.880216971678146,9.79416789803402,NA,NA
"TD","TD",42,100,-108.31,NA,NA,220.62,228.39,0.633000507717952,1.31639195521562,0.765017874206215,1.00017487957338,NA,NA
"TD","TD",43,100,-110.54,NA,NA,225.08,232.85,0.512010124279186,3.01376353887389,0.286851717350659,1.03800158849636,NA,NA
"TD","TD",44,100,-112.52,NA,NA,229.04,236.81,0.4054856733419,4.89528230370438,0.277312325674743,1.01341350523182,NA,NA
"TD","TD",45,100,-123.78,NA,NA,251.56,259.33,0.319981756620109,1.26415652967989,0.150095726011567,1.00006151615418,NA,NA
"TD","TD",46,100,-103.58,NA,NA,211.16,218.93,0.947748523205519,2.36391219958187,0.887901140652981,9.96470820569235,NA,NA
"TD","TD",47,100,-113.13,NA,NA,230.26,238.03,0.885661983396858,2.4762263855988,0.849461522560331,1.014177081487,NA,NA
"TD","TD",48,100,-133.92,NA,NA,271.84,279.61,0.119032545015216,1.2109820744954,0.114239645146487,1.00002301209949,NA,NA
"TD","TD",49,100,-103.36,NA,NA,210.72,218.49,0.931592519162223,1.64870583964512,0.887010668510088,9.95300994000035,NA,NA
"TD","TD",50,100,-90.76,NA,NA,185.52,193.29,0.753800751408562,3.89878896835935,0.878091714095037,9.93892371048648,NA,NA
"TD","TD",51,100,-125.89,NA,NA,255.78,263.55,0.080542077543214,1.38312963815406,0.0762710797964296,1.31479909009296,NA,NA
"TD","TD",52,100,-133.76,NA,NA,271.52,279.29,0.0462017410900444,1.57751976652071,0.0431559363651189,1.70188472286248,NA,NA
"TD","TD",53,100,-114.46,NA,NA,232.92,240.69,0.407168375095353,1.8810732345608,0.175151969132475,1.00040883154129,NA,NA
"TD","TD",54,100,-103.58,NA,NA,211.16,218.93,0.960197768406942,1.62981824576855,0.887901140652981,9.96470820569235,NA,NA
"TD","TD",55,100,-104.83,NA,NA,213.66,221.43,0.745619997614995,1.08382892229572,0.803020758942863,1.01139542585745,NA,NA
"TD","TD",56,100,-123.38,NA,NA,250.76,258.53,0.387793875532225,1.18421270139515,0.146847570746466,1.00127370206201,NA,NA
"TD","TD",57,100,-108.31,NA,NA,220.62,228.39,0.640330957481638,1.32346468325704,0.765017874206215,1.00017487957338,NA,NA
"TD","TD",58,100,-116.43,NA,NA,236.86,244.63,0.46626549679786,1.18377712974325,0.323555719707951,1.00070285124317,NA,NA
"TD","TD",59,100,-90.76,NA,NA,185.52,193.29,0.781977394130081,2.17335850927503,0.878091714095037,9.93892371048648,NA,NA
"TD","TD",60,100,-128.64,NA,NA,261.28,269.05,0.185236022341996,1.16209726792475,0.130746651401516,1.00086681774383,NA,NA
"TD","TD",61,100,-98.79,NA,NA,201.58,209.35,0.703108243644238,1.190494351089,0.791026561785162,1.0834882933059,NA,NA
"TD","TD",62,100,-105.31,NA,NA,214.62,222.39,0.540940156206489,2.71158919288757,0.329822398489722,1.0373812842437,NA,NA
"TD","TD",63,100,-114.31,NA,NA,232.62,240.39,0.265401779906824,2.94766673623564,0.183579337388828,1.08723242546783,NA,NA
"TD","TD",64,100,-120.63,NA,NA,245.26,253.03,0.897607917198911,1.20987035287544,0.858731586266596,1.00007896733655,NA,NA
"TD","TD",65,100,-123.85,NA,NA,251.7,259.47,0.398145136190578,1.04858012497425,0.148248866801953,1.00013712448692,NA,NA
"TD","TD",66,100,-122.7,NA,NA,249.4,257.17,0.470244030002505,1.37089849868789,0.154439806445223,1.00036515575014,NA,NA
"TD","TD",67,100,-93.01,NA,NA,190.02,197.79,0.824348853668198,2.18002879429133,0.880049541944484,9.93298114046809,NA,NA
"TD","TD",68,100,-108.9,NA,NA,221.8,229.57,0.503097830805928,1.32283924566582,0.32384616709113,1.00485954783243,NA,NA
"TD","TD",69,100,-115.18,NA,NA,234.36,242.13,0.361050225095823,2.17336245528878,0.193549610914842,1.04522084322726,NA,NA
"TD","TD",70,100,-112.55,NA,NA,229.1,236.87,0.964988884748891,1.18922751862556,0.886988948214004,9.98115378950897,NA,NA
"TD","TD",71,100,-90.76,NA,NA,185.52,193.29,0.789667062694207,3.04544003671947,0.878091714095037,9.93892371048648,NA,NA
"TD","TD",72,100,-94.92,NA,NA,193.84,201.61,0.628910263301805,3.95466302318459,0.800489684009133,1.20005778140036,NA,NA
"TD","TD",73,100,-115.38,NA,NA,234.76,242.53,0.415234696352854,1.7106761354533,0.182797121572161,1.00035983758893,NA,NA
"TD","TD",74,100,-92.9,NA,NA,189.8,197.57,0.857857148861513,1.936107955831,0.880216971678146,9.79416789803402,NA,NA
"TD","TD",75,100,-108.31,NA,NA,220.62,228.39,0.629901704145595,1.19926888635382,0.765017874206215,1.00017487957338,NA,NA
"TD","TD",76,100,-121.24,NA,NA,246.48,254.25,0.359289909945801,1.36449700228535,0.162040345489226,1.00870290517596,NA,NA
"TD","TD",77,100,-112.52,NA,NA,229.04,236.81,0.446684151422232,2.46860518856885,0.277312325674743,1.01341350523182,NA,NA
"TD","TD",78,100,-117.78,NA,NA,239.56,247.33,0.378760501742363,1.43229853129014,0.1641303766749,1.0336811031683,NA,NA
"TD","TD",79,100,-117.78,NA,NA,239.56,247.33,0.372670353855938,1.68600267870352,0.1641303766749,1.0336811031683,NA,NA
"TD","TD",80,100,-119.14,NA,NA,242.28,250.05,0.428967847023159,1.43009595386684,0.152080222467619,1.00111918985592,NA,NA
"TD","TD",81,100,-135.22,NA,NA,274.44,282.21,0.111280993092805,1.04204804978253,0.101765555201503,1.00054338155922,NA,NA
"TD","TD",82,100,-115.33,NA,NA,234.66,242.43,0.142161799827591,2.60663627263189,0.119738089491422,1.1729426718587,NA,NA
"TD","TD",83,100,-90.76,NA,NA,185.52,193.29,0.779834397835657,4.55762586234994,0.878091714095037,9.93892371048648,NA,NA
"TD","TD",84,100,-114.46,NA,NA,232.92,240.69,0.386252531083301,1.63052160199732,0.175151969132475,1.00040883154129,NA,NA
"TD","TD",85,100,-122.38,NA,NA,248.76,256.53,0.23896856745705,1.3059749789536,0.148495249394587,1.02427946441958,NA,NA
"TD","TD",86,100,-106.01,NA,NA,216.02,223.79,0.670282299863175,1.1162636061199,0.780324686080404,1.00050496022066,NA,NA
"TD","TD",87,100,-111.36,NA,NA,226.72,234.49,0.560497718863189,1.79223784707011,0.46730394597074,1.00042731111876,NA,NA
"TD","TD",88,100,-116.38,NA,NA,236.76,244.53,0.915246691787615,1.1942126606591,0.862586013546486,1.00223277126771,NA,NA
"TD","TD",89,100,-108.74,NA,NA,221.48,229.25,0.589335348224267,1.93161117188157,0.551831562433484,1.00075577199081,NA,NA
"TD","TD",90,100,-103.58,NA,NA,211.16,218.93,0.987134294584394,1.60082370741293,0.887901140652981,9.96470820569235,NA,NA
"TD","TD",91,100,-116.07,NA,NA,236.14,243.91,0.401124990079552,1.43657126976177,0.14780849506582,1.02448520837032,NA,NA
"TD","TD",92,100,-121.76,NA,NA,247.52,255.29,0.565618214197457,1.06491599744186,0.624574620060065,1.00007496948738,NA,NA
"TD","TD",93,100,-127.12,NA,NA,258.24,266.01,0.125127220060676,1.54644962819293,0.114450960378015,1.0699437840281,NA,NA
"TD","TD",94,100,-93.01,NA,NA,190.02,197.79,0.791645931312814,1.76679624943127,0.880049541944484,9.93298114046809,NA,NA
"TD","TD",95,100,-137.31,NA,NA,278.62,286.39,0.0988319513853639,1.09243298880756,0.0860661158070468,1.08036893593414,NA,NA
"TD","TD",96,100,-115.53,NA,NA,235.06,242.83,0.333673485321924,1.79963922020125,0.185923322287769,1.04852194257551,NA,NA
"TD","TD",97,100,-132.63,NA,NA,269.26,277.03,0.10172016825527,1.62083033379167,0.103380515047855,1.01648480256425,NA,NA
"TD","TD",98,100,-140.45,NA,NA,284.9,292.67,0.0187283449340612,1.16512183423941,0.019618928121641,1.14644520557062,NA,NA
"TD","TD",99,100,-116.87,NA,NA,237.74,245.51,0.461979309096932,1.88084230940313,0.162085747503289,1.0004309584587,NA,NA
"TD","TD",100,100,-90.76,NA,NA,185.52,193.29,0.729020358063281,1.83565291385622,0.878091714095037,9.93892371048648,NA,NA
"TD","RSTD",1,100,-98.72,NA,NA,203.44,215.1,0.643091264180839,1.83357874206723,0.641089729392177,0.748838530689006,1.08309530783572,NA
"TD","RSTD",2,100,-90.39,NA,NA,186.78,198.44,0.724670132622123,2.43561604238095,0.37237077375858,0.711431475656099,8.20866774555772,NA
"TD","RSTD",3,100,-101.06,NA,NA,208.12,219.78,0.950232450617477,3.03779015681686,0.151659227941454,0.456025502449755,1.12057247251713,NA
"TD","RSTD",4,100,-106.01,NA,NA,218.02,229.68,0.682289758697152,1.07202245481312,0.716927593334805,0.767545282182193,1.00787011376774,NA
"TD","RSTD",5,100,-110.95,NA,NA,227.9,239.56,0.200363578274846,2.00568439900399,0.151978941434402,0.142072386708264,1.05403712037036,NA
"TD","RSTD",6,100,-123.78,NA,NA,253.56,265.22,0.321220333920792,1.29866566415876,0.150609957663191,0.148210363902109,1.0018964245785,NA
"TD","RSTD",7,100,-116.96,NA,NA,239.92,251.58,0.571441247593611,1.05021329503506,0.189112225534529,0.305852392328019,1.00110850911743,NA
"TD","RSTD",8,100,-104.76,NA,NA,215.52,227.18,0.973066303646192,1.39299949863926,0.150667625053277,0.453808347399485,1.05368016631534,NA
"TD","RSTD",9,100,-121.9,NA,NA,249.8,261.46,0.895209939451888,1.00547373959183,0.162777580942804,0.432604830876958,1.00080117384479,NA
"TD","RSTD",10,100,-130.5,NA,NA,267,278.66,0.0494146177079529,1.5078624105081,0.0376169473658187,0.0334800669118578,1.919888120596,NA
"TD","RSTD",11,100,-124.22,NA,NA,254.44,266.1,0.197620301274583,1.18983699940145,0.134991210409334,0.118749530904753,1.01009945017936,NA
"TD","RSTD",12,100,-120.42,NA,NA,246.84,258.5,0.0560640415642411,1.56602673046291,0.0532687856845618,0.0516684395195752,1.92496061229877,NA
"TD","RSTD",13,100,-120.13,NA,NA,246.26,257.92,0.051307131536305,2.23247370731968,0.050266224704922,0.0468084328937247,1.98625769215427,NA
"TD","RSTD",14,100,-108.37,NA,NA,222.74,234.4,0.989872474921867,1.20800043705019,0.155226835591691,0.463445671411854,1.00897552115589,NA
"TD","RSTD",15,100,-90.39,NA,NA,186.78,198.44,0.711294803768396,1.57632797351107,0.37237077375858,0.711431475656099,8.20866774555772,NA
"TD","RSTD",16,100,-134.39,NA,NA,274.78,286.44,0.0768930825870484,1.0096698673442,0.0653792957993839,0.0571078923948274,1.12441715932202,NA
"TD","RSTD",17,100,-90.39,NA,NA,186.78,198.44,0.797194604296237,3.5054881726885,0.37237077375858,0.711431475656099,8.20866774555772,NA
"TD","RSTD",18,100,-90.39,NA,NA,186.78,198.44,0.731893435353413,2.27495420533688,0.37237077375858,0.711431475656099,8.20866774555772,NA
"TD","RSTD",19,100,-92.96,NA,NA,191.92,203.58,0.809085062006488,1.79705669912965,0.744215397765532,0.855540526226327,6.95107817240579,NA
"TD","RSTD",20,100,-107.5,NA,NA,221,232.66,0.511981163173914,3.39124982816227,0.99971395722025,0.478298835718291,1.09373160025962,NA
"TD","RSTD",21,100,-111.18,NA,NA,228.36,240.02,0.226354157319292,2.66897989056053,0.283396125052217,0.224691391408399,1.07741804076452,NA
"TD","RSTD",22,100,-114.43,NA,NA,234.86,246.52,0.300222688354552,1.95544207743825,0.294145888686174,0.236824282955299,1.0227617533307,NA
"TD","RSTD",23,100,-101.06,NA,NA,208.12,219.78,0.984172471100464,2.69604673600736,0.151659227941454,0.456025502449755,1.12057247251713,NA
"TD","RSTD",24,100,-111.94,NA,NA,229.88,241.54,0.540354023920372,1.23410649768987,0.183964577792093,0.278987193254556,1.00132832987912,NA
"TD","RSTD",25,100,-107.52,NA,NA,221.04,232.7,0.870058757020161,1.32718323590234,0.165866619373159,0.35264022873445,1.03658604277997,NA
"TD","RSTD",26,100,-112.29,NA,NA,230.58,242.24,0.0660558908712119,2.97567781611326,0.0685338671690145,0.0578771537036168,1.63252551254446,NA
"TD","RSTD",27,100,-111,NA,NA,228,239.66,0.973287776112556,1.26051322789863,0.391614612649603,0.73524633798551,1.04125933311064,NA
"TD","RSTD",28,100,-111.05,NA,NA,228.1,239.76,0.290595552418381,2.05573849655212,0.321730385764377,0.248934126251245,1.0674227453513,NA
"TD","RSTD",29,100,-108.37,NA,NA,222.74,234.4,0.988910319516435,1.21139730885625,0.155226835591691,0.463445671411854,1.00897552115589,NA
"TD","RSTD",30,100,-111.05,NA,NA,228.1,239.76,0.329378831898794,3.0851063261411,0.321730385764377,0.248934126251245,1.0674227453513,NA
"TD","RSTD",31,100,-117.77,NA,NA,241.54,253.2,0.11878991080448,1.83541438817502,0.0952962331136427,0.0754324083349851,1.42650825150179,NA
"TD","RSTD",32,100,-130.5,NA,NA,267,278.66,0.0508385861758143,1.41009616898373,0.0376169473658187,0.0334800669118578,1.919888120596,NA
"TD","RSTD",33,100,-90.39,NA,NA,186.78,198.44,0.684979062527418,1.75662852577144,0.37237077375858,0.711431475656099,8.20866774555772,NA
"TD","RSTD",34,100,-110.87,NA,NA,227.74,239.4,0.842564480379224,1.05992496339604,0.529268032366852,0.7506241006377,1.00472627567745,NA
"TD","RSTD",35,100,-111.85,NA,NA,229.7,241.36,0.27115519088693,3.69503675574873,0.33407318016431,0.249734624857279,1.03850220675996,NA
"TD","RSTD",36,100,-97.17,NA,NA,200.34,212,0.779200294986367,1.45758824376389,0.653572787791437,0.778134285994826,1.17925558093771,NA
"TD","RSTD",37,100,-101.06,NA,NA,208.12,219.78,0.982565350597724,4.92570209977795,0.151659227941454,0.456025502449755,1.12057247251713,NA
"TD","RSTD",38,100,-111.94,NA,NA,229.88,241.54,0.533772448310629,1.2251683762297,0.183964577792093,0.278987193254556,1.00132832987912,NA
"TD","RSTD",39,100,-112.31,NA,NA,230.62,242.28,0.128862570039928,2.75030500992181,0.0956409172219963,0.071563602932858,1.50237678938067,NA
"TD","RSTD",40,100,-123.8,NA,NA,253.6,265.26,0.420502026332542,1.08286330314484,0.147490801260451,0.152410783645283,1.00083560795,NA
"TD","RSTD",41,100,-92.84,NA,NA,191.68,203.34,0.860091791022569,2.2001721150753,0.689274169054239,0.844900057924654,7.49952692441216,NA
"TD","RSTD",42,100,-107.51,NA,NA,221.02,232.68,0.633000507717952,1.31639195521562,0.365357093628274,0.56324151311262,1.0015825842812,NA
"TD","RSTD",43,100,-107.5,NA,NA,221,232.66,0.512010124279186,3.01376353887389,0.99971395722025,0.478298835718291,1.09373160025962,NA
"TD","RSTD",44,100,-108.64,NA,NA,223.28,234.94,0.4054856733419,4.89528230370438,0.998955085967798,0.465882741453234,1.00066071325915,NA
"TD","RSTD",45,100,-123.78,NA,NA,253.56,265.22,0.319981756620109,1.26415652967989,0.150609957663191,0.148210363902109,1.0018964245785,NA
"TD","RSTD",46,100,-101.06,NA,NA,208.12,219.78,0.947748523205519,2.36391219958187,0.151659227941454,0.456025502449755,1.12057247251713,NA
"TD","RSTD",47,100,-112.51,NA,NA,231.02,242.68,0.885661983396858,2.4762263855988,0.576553114587721,0.792832280031919,1.03172139146652,NA
"TD","RSTD",48,100,-130.15,NA,NA,266.3,277.96,0.119032545015216,1.2109820744954,0.105526744887178,0.0864775945575391,1.05953918937805,NA
"TD","RSTD",49,100,-100.58,NA,NA,207.16,218.82,0.931592519162223,1.64870583964512,0.148657708208035,0.419485329170856,1.12932026411919,NA
"TD","RSTD",50,100,-90.39,NA,NA,186.78,198.44,0.753800751408562,3.89878896835935,0.37237077375858,0.711431475656099,8.20866774555772,NA
"TD","RSTD",51,100,-123.02,NA,NA,252.04,263.7,0.080542077543214,1.38312963815406,0.0707049441737078,0.0621385419061033,1.33657441842107,NA
"TD","RSTD",52,100,-130.6,NA,NA,267.2,278.86,0.0462017410900444,1.57751976652071,0.0377341686319576,0.0336019805569262,1.79297800289146,NA
"TD","RSTD",53,100,-114.06,NA,NA,234.12,245.78,0.407168375095353,1.8810732345608,0.995625680060679,0.441952114346061,1.00143115338985,NA
"TD","RSTD",54,100,-101.06,NA,NA,208.12,219.78,0.960197768406942,1.62981824576855,0.151659227941454,0.456025502449755,1.12057247251713,NA
"TD","RSTD",55,100,-104.74,NA,NA,215.48,227.14,0.745619997614995,1.08382892229572,0.680085645898942,0.773047916676165,1.01092866812395,NA
"TD","RSTD",56,100,-123.38,NA,NA,252.76,264.42,0.387793875532225,1.18421270139515,0.147255416771466,0.146935172573822,1.00185722627644,NA
"TD","RSTD",57,100,-107.51,NA,NA,221.02,232.68,0.640330957481638,1.32346468325704,0.365357093628274,0.56324151311262,1.0015825842812,NA
"TD","RSTD",58,100,-113.43,NA,NA,232.86,244.52,0.46626549679786,1.18377712974325,0.165560955307752,0.212228172323014,1.0114134001377,NA
"TD","RSTD",59,100,-90.39,NA,NA,186.78,198.44,0.781977394130081,2.17335850927503,0.37237077375858,0.711431475656099,8.20866774555772,NA
"TD","RSTD",60,100,-127.48,NA,NA,260.96,272.62,0.185236022341996,1.16209726792475,0.128628595538428,0.11396008642252,1.00058123997032,NA
"TD","RSTD",61,100,-98.74,NA,NA,203.48,215.14,0.703108243644238,1.190494351089,0.659484435166857,0.755017070631967,1.09726890024125,NA
"TD","RSTD",62,100,-102.27,NA,NA,210.54,222.2,0.540940156206489,2.71158919288757,0.155602602148302,0.208702519575903,1.22594823236703,NA
"TD","RSTD",63,100,-111.85,NA,NA,229.7,241.36,0.265401779906824,2.94766673623564,0.33407318016431,0.249734624857279,1.03850220675996,NA
"TD","RSTD",64,100,-119.3,NA,NA,244.6,256.26,0.897607917198911,1.20987035287544,0.459157203305237,0.760318470990257,1.00105246268374,NA
"TD","RSTD",65,100,-123.8,NA,NA,253.6,265.26,0.398145136190578,1.04858012497425,0.147490801260451,0.152410783645283,1.00083560795,NA
"TD","RSTD",66,100,-120.92,NA,NA,247.84,259.5,0.470244030002505,1.37089849868789,0.163013081613597,0.192425379230566,1.00193429990515,NA
"TD","RSTD",67,100,-92.96,NA,NA,191.92,203.58,0.824348853668198,2.18002879429133,0.744215397765532,0.855540526226327,6.95107817240579,NA
"TD","RSTD",68,100,-106.21,NA,NA,218.42,230.08,0.503097830805928,1.32283924566582,0.162636106428734,0.216178234717419,1.12702894158849,NA
"TD","RSTD",69,100,-113.49,NA,NA,232.98,244.64,0.361050225095823,2.17336245528878,0.461893948164993,0.321108555478744,1.00214266171504,NA
"TD","RSTD",70,100,-111,NA,NA,228,239.66,0.964988884748891,1.18922751862556,0.391614612649603,0.73524633798551,1.04125933311064,NA
"TD","RSTD",71,100,-90.39,NA,NA,186.78,198.44,0.789667062694207,3.04544003671947,0.37237077375858,0.711431475656099,8.20866774555772,NA
"TD","RSTD",72,100,-94.81,NA,NA,195.62,207.28,0.628910263301805,3.95466302318459,0.568612805462233,0.728128970872923,1.21272703376627,NA
"TD","RSTD",73,100,-113.75,NA,NA,233.5,245.16,0.415234696352854,1.7106761354533,0.999282121876943,0.45410695460043,1.0020346385183,NA
"TD","RSTD",74,100,-92.84,NA,NA,191.68,203.34,0.857857148861513,1.936107955831,0.689274169054239,0.844900057924654,7.49952692441216,NA
"TD","RSTD",75,100,-107.51,NA,NA,221.02,232.68,0.629901704145595,1.19926888635382,0.365357093628274,0.56324151311262,1.0015825842812,NA
"TD","RSTD",76,100,-121.12,NA,NA,248.24,259.9,0.359289909945801,1.36449700228535,0.171110293931491,0.163953432074926,1.01322312858216,NA
"TD","RSTD",77,100,-108.64,NA,NA,223.28,234.94,0.446684151422232,2.46860518856885,0.998955085967798,0.465882741453234,1.00066071325915,NA
"TD","RSTD",78,100,-117.95,NA,NA,241.9,253.56,0.378760501742363,1.43229853129014,0.512145712946424,0.330079003585169,1.00003092224719,NA
"TD","RSTD",79,100,-117.95,NA,NA,241.9,253.56,0.372670353855938,1.68600267870352,0.512145712946424,0.330079003585169,1.00003092224719,NA
"TD","RSTD",80,100,-117.35,NA,NA,240.7,252.36,0.428967847023159,1.43009595386684,0.16133376268455,0.189915368157151,1.00022382704072,NA
"TD","RSTD",81,100,-132.15,NA,NA,270.3,281.96,0.111280993092805,1.04204804978253,0.095420735182199,0.0803234040426904,1.01537800865854,NA
"TD","RSTD",82,100,-108.85,NA,NA,223.7,235.36,0.142161799827591,2.60663627263189,0.124752789357418,0.09980537123879,1.18978222219855,NA
"TD","RSTD",83,100,-90.39,NA,NA,186.78,198.44,0.779834397835657,4.55762586234994,0.37237077375858,0.711431475656099,8.20866774555772,NA
"TD","RSTD",84,100,-114.06,NA,NA,234.12,245.78,0.386252531083301,1.63052160199732,0.995625680060679,0.441952114346061,1.00143115338985,NA
"TD","RSTD",85,100,-121.7,NA,NA,249.4,261.06,0.23896856745705,1.3059749789536,0.147572803745414,0.134313940839712,1.00846309123573,NA
"TD","RSTD",86,100,-106.01,NA,NA,218.02,229.68,0.670282299863175,1.1162636061199,0.716927593334805,0.767545282182193,1.00787011376774,NA
"TD","RSTD",87,100,-105.77,NA,NA,217.54,229.2,0.560497718863189,1.79223784707011,0.187352440406742,0.289888238512628,1.00621532923884,NA
"TD","RSTD",88,100,-111.48,NA,NA,228.96,240.62,0.915246691787615,1.1942126606591,0.15425418824518,0.433433444401398,1.00250510929847,NA
"TD","RSTD",89,100,-105.14,NA,NA,216.28,227.94,0.589335348224267,1.93161117188157,0.19849047692162,0.323446724697719,1.06291331691254,NA
"TD","RSTD",90,100,-101.06,NA,NA,208.12,219.78,0.987134294584394,1.60082370741293,0.151659227941454,0.456025502449755,1.12057247251713,NA
"TD","RSTD",91,100,-115.79,NA,NA,237.58,249.24,0.401124990079552,1.43657126976177,0.147198297169411,0.156160534855009,1.03980757182036,NA
"TD","RSTD",92,100,-116.96,NA,NA,239.92,251.58,0.565618214197457,1.06491599744186,0.189112225534529,0.305852392328019,1.00110850911743,NA
"TD","RSTD",93,100,-124.35,NA,NA,254.7,266.36,0.125127220060676,1.54644962819293,0.10218479020682,0.0860123500925848,1.15754656822071,NA
"TD","RSTD",94,100,-92.96,NA,NA,191.92,203.58,0.791645931312814,1.76679624943127,0.744215397765532,0.855540526226327,6.95107817240579,NA
"TD","RSTD",95,100,-135.47,NA,NA,276.94,288.6,0.0988319513853639,1.09243298880756,0.0839102355850173,0.0742914752201417,1.06939769043948,NA
"TD","RSTD",96,100,-114.22,NA,NA,234.44,246.1,0.333673485321924,1.79963922020125,0.424588561275664,0.304522436906095,1.00046341172766,NA
"TD","RSTD",97,100,-128.42,NA,NA,262.84,274.5,0.10172016825527,1.62083033379167,0.087241613611978,0.0695494969969224,1.17931244334299,NA
"TD","RSTD",98,100,-139.72,NA,NA,285.44,297.1,0.0187283449340612,1.16512183423941,0.0137218712099726,0.00960786986754324,1.1451272931642,NA
"TD","RSTD",99,100,-114.55,NA,NA,235.1,246.76,0.461979309096932,1.88084230940313,0.167644964506408,0.200945710534229,1.00006082042421,NA
"TD","RSTD",100,100,-90.39,NA,NA,186.78,198.44,0.729020358063281,1.83565291385622,0.37237077375858,0.711431475656099,8.20866774555772,NA
"TD","Utility",1,100,-98.78,NA,NA,203.56,215.22,0.643091264180839,1.83357874206723,0.849978199019735,0.745914043892143,3.63355865754334,NA
"TD","Utility",2,100,-90.79,NA,NA,187.58,199.24,0.724670132622123,2.43561604238095,0.875466848537495,0.999520318464688,7.93365195297839,NA
"TD","Utility",3,100,-103.59,NA,NA,213.18,224.84,0.950232450617477,3.03779015681686,0.888670660438873,0.993782396214452,9.83580895811715,NA
"TD","Utility",4,100,-105.86,NA,NA,217.72,229.38,0.682289758697152,1.07202245481312,0.879064101588135,0.571623048664373,7.70889583143005,NA
"TD","Utility",5,100,-110.96,NA,NA,227.92,239.58,0.200363578274846,2.00568439900399,0.142255772234865,0.942982076135865,1.36504437262965,NA
"TD","Utility",6,100,-123.77,NA,NA,253.54,265.2,0.321220333920792,1.29866566415876,0.151790663158882,0.993464465050694,1.01003671821426,NA
"TD","Utility",7,100,-119.37,NA,NA,244.74,256.4,0.571441247593611,1.05021329503506,0.721132928899652,0.930134201657452,1.03223479410981,NA
"TD","Utility",8,100,-108.18,NA,NA,222.36,234.02,0.973066303646192,1.39299949863926,0.888379463205474,0.995773755230268,9.96343730496424,NA
"TD","Utility",9,100,-123.96,NA,NA,253.92,265.58,0.895209939451888,1.00547373959183,0.855551372883303,0.969849179196587,1.00844579867891,NA
"TD","Utility",10,100,-130.46,NA,NA,266.92,278.58,0.0494146177079529,1.5078624105081,0.034291594478796,0.897915238828469,2.95594516583384,NA
"TD","Utility",11,100,-124.23,NA,NA,254.46,266.12,0.197620301274583,1.18983699940145,0.12019161746493,0.880405577081855,1.73526725939293,NA
"TD","Utility",12,100,-120.39,NA,NA,246.78,258.44,0.0560640415642411,1.56602673046291,0.0515146361890085,0.976731537233794,2.18926237282493,NA
"TD","Utility",13,100,-120.09,NA,NA,246.18,257.84,0.051307131536305,2.23247370731968,0.0472649343809577,0.940377131451018,2.76815473019181,NA
"TD","Utility",14,100,-112.78,NA,NA,231.56,243.22,0.989872474921867,1.20800043705019,0.888557186648427,0.995719799309418,9.82136673545481,NA
"TD","Utility",15,100,-90.79,NA,NA,187.58,199.24,0.711294803768396,1.57632797351107,0.875466848537495,0.999520318464688,7.93365195297839,NA
"TD","Utility",16,100,-134.38,NA,NA,274.76,286.42,0.0768930825870484,1.0096698673442,0.0575380219300634,0.876988134083542,1.98523390483956,NA
"TD","Utility",17,100,-90.79,NA,NA,187.58,199.24,0.797194604296237,3.5054881726885,0.875466848537495,0.999520318464688,7.93365195297839,NA
"TD","Utility",18,100,-90.79,NA,NA,187.58,199.24,0.731893435353413,2.27495420533688,0.875466848537495,0.999520318464688,7.93365195297839,NA
"TD","Utility",19,100,-93.02,NA,NA,192.04,203.7,0.809085062006488,1.79705669912965,0.881324097559067,0.985271906564518,9.81980675642768,NA
"TD","Utility",20,100,-108.92,NA,NA,223.84,235.5,0.511981163173914,3.39124982816227,0.450163596830425,0.550117249491725,9.92353209506543,NA
"TD","Utility",21,100,-111.08,NA,NA,228.16,239.82,0.226354157319292,2.66897989056053,0.245960970417926,0.758420251480589,3.32139166494824,NA
"TD","Utility",22,100,-114.43,NA,NA,234.86,246.52,0.300222688354552,1.95544207743825,0.252239844299218,0.779254145376751,2.92891168245701,NA
"TD","Utility",23,100,-103.59,NA,NA,213.18,224.84,0.984172471100464,2.69604673600736,0.888670660438873,0.993782396214452,9.83580895811715,NA
"TD","Utility",24,100,-116.93,NA,NA,239.86,251.52,0.540354023920372,1.23410649768987,0.502325753681218,0.948932880178207,1.00010778236874,NA
"TD","Utility",25,100,-110.15,NA,NA,226.3,237.96,0.870058757020161,1.32718323590234,0.834058614839191,0.985042010077797,1.00184137846161,NA
"TD","Utility",26,100,-112.25,NA,NA,230.5,242.16,0.0660558908712119,2.97567781611326,0.056804047938592,0.846773706984159,3.40337588631127,NA
"TD","Utility",27,100,-112.81,NA,NA,231.62,243.28,0.973287776112556,1.26051322789863,0.863159734256533,0.999988666166202,1.04600357891788,NA
"TD","Utility",28,100,-110.93,NA,NA,227.86,239.52,0.290595552418381,2.05573849655212,0.26680375143459,0.739768665452937,3.63737746279395,NA
"TD","Utility",29,100,-112.78,NA,NA,231.56,243.22,0.988910319516435,1.21139730885625,0.888557186648427,0.995719799309418,9.82136673545481,NA
"TD","Utility",30,100,-110.93,NA,NA,227.86,239.52,0.329378831898794,3.0851063261411,0.26680375143459,0.739768665452937,3.63737746279395,NA
"TD","Utility",31,100,-117.73,NA,NA,241.46,253.12,0.11878991080448,1.83541438817502,0.0757540521430871,0.793895782463472,3.79495714604509,NA
"TD","Utility",32,100,-130.46,NA,NA,266.92,278.58,0.0508385861758143,1.41009616898373,0.034291594478796,0.897915238828469,2.95594516583384,NA
"TD","Utility",33,100,-90.79,NA,NA,187.58,199.24,0.684979062527418,1.75662852577144,0.875466848537495,0.999520318464688,7.93365195297839,NA
"TD","Utility",34,100,-111.32,NA,NA,228.64,240.3,0.842564480379224,1.05992496339604,0.838010601390702,0.967878429164778,1.11582834631623,NA
"TD","Utility",35,100,-111.75,NA,NA,229.5,241.16,0.27115519088693,3.69503675574873,0.27038869983722,0.702684684802934,4.27339282476877,NA
"TD","Utility",36,100,-97.32,NA,NA,200.64,212.3,0.779200294986367,1.45758824376389,0.823307073572526,0.978255436496991,1.34037987911778,NA
"TD","Utility",37,100,-103.59,NA,NA,213.18,224.84,0.982565350597724,4.92570209977795,0.888670660438873,0.993782396214452,9.83580895811715,NA
"TD","Utility",38,100,-116.93,NA,NA,239.86,251.52,0.533772448310629,1.2251683762297,0.502325753681218,0.948932880178207,1.00010778236874,NA
"TD","Utility",39,100,-112.28,NA,NA,230.56,242.22,0.128862570039928,2.75030500992181,0.0722364904615412,0.750554902235517,4.95331343958934,NA
"TD","Utility",40,100,-123.73,NA,NA,253.46,265.12,0.420502026332542,1.08286330314484,0.153725987629156,0.982762777950195,1.00021466535076,NA
"TD","Utility",41,100,-92.91,NA,NA,191.82,203.48,0.860091791022569,2.2001721150753,0.881170913285065,0.991580797581741,9.88515153915922,NA
"TD","Utility",42,100,-108,NA,NA,222,233.66,0.633000507717952,1.31639195521562,0.764058140822454,0.944918319531532,1.14243559732573,NA
"TD","Utility",43,100,-108.92,NA,NA,223.84,235.5,0.512010124279186,3.01376353887389,0.450163596830425,0.550117249491725,9.92353209506543,NA
"TD","Utility",44,100,-109.83,NA,NA,225.66,237.32,0.4054856733419,4.89528230370438,0.441326537724384,0.531566903968084,9.96560918525955,NA
"TD","Utility",45,100,-123.77,NA,NA,253.54,265.2,0.319981756620109,1.26415652967989,0.151790663158882,0.993464465050694,1.01003671821426,NA
"TD","Utility",46,100,-103.59,NA,NA,213.18,224.84,0.947748523205519,2.36391219958187,0.888670660438873,0.993782396214452,9.83580895811715,NA
"TD","Utility",47,100,-113.14,NA,NA,232.28,243.94,0.885661983396858,2.4762263855988,0.852117982729691,0.990395095645132,1.07275694104558,NA
"TD","Utility",48,100,-130.19,NA,NA,266.38,278.04,0.119032545015216,1.2109820744954,0.0872625162996266,0.817665470496772,2.50705938992792,NA
"TD","Utility",49,100,-103.37,NA,NA,212.74,224.4,0.931592519162223,1.64870583964512,0.886961923037069,0.999530752953568,9.91454574782298,NA
"TD","Utility",50,100,-90.79,NA,NA,187.58,199.24,0.753800751408562,3.89878896835935,0.875466848537495,0.999520318464688,7.93365195297839,NA
"TD","Utility",51,100,-123.01,NA,NA,252.02,263.68,0.080542077543214,1.38312963815406,0.0629058711785022,0.87978437600901,2.33651710442936,NA
"TD","Utility",52,100,-130.54,NA,NA,267.08,278.74,0.0462017410900444,1.57751976652071,0.033022940204527,0.882288982603443,3.18785655978348,NA
"TD","Utility",53,100,-115.16,NA,NA,236.32,247.98,0.407168375095353,1.8810732345608,0.40233844154114,0.548601848664002,8.92919193991857,NA
"TD","Utility",54,100,-103.59,NA,NA,213.18,224.84,0.960197768406942,1.62981824576855,0.888670660438873,0.993782396214452,9.83580895811715,NA
"TD","Utility",55,100,-104.83,NA,NA,215.66,227.32,0.745619997614995,1.08382892229572,0.816122418090134,0.940480775008465,1.31250107559785,NA
"TD","Utility",56,100,-123.38,NA,NA,252.76,264.42,0.387793875532225,1.18421270139515,0.147291331363594,0.999480463417973,1.00445607768446,NA
"TD","Utility",57,100,-108,NA,NA,222,233.66,0.640330957481638,1.32346468325704,0.764058140822454,0.944918319531532,1.14243559732573,NA
"TD","Utility",58,100,-116.2,NA,NA,238.4,250.06,0.46626549679786,1.18377712974325,0.328990685904205,0.97653265078698,1.00219689891883,NA
"TD","Utility",59,100,-90.79,NA,NA,187.58,199.24,0.781977394130081,2.17335850927503,0.875466848537495,0.999520318464688,7.93365195297839,NA
"TD","Utility",60,100,-127.47,NA,NA,260.94,272.6,0.185236022341996,1.16209726792475,0.118351557298478,0.893180631657441,1.5811164800665,NA
"TD","Utility",61,100,-98.78,NA,NA,203.56,215.22,0.703108243644238,1.190494351089,0.83275843719,0.820746971868348,2.51286684194929,NA
"TD","Utility",62,100,-105.31,NA,NA,216.62,228.28,0.540940156206489,2.71158919288757,0.325434257737982,0.999851197477253,1.05230786968927,NA
"TD","Utility",63,100,-111.75,NA,NA,229.5,241.16,0.265401779906824,2.94766673623564,0.27038869983722,0.702684684802934,4.27339282476877,NA
"TD","Utility",64,100,-120.43,NA,NA,246.86,258.52,0.897607917198911,1.20987035287544,0.857924149951143,0.974261071679461,1.01977851368143,NA
"TD","Utility",65,100,-123.73,NA,NA,253.46,265.12,0.398145136190578,1.04858012497425,0.153725987629156,0.982762777950195,1.00021466535076,NA
"TD","Utility",66,100,-122.64,NA,NA,251.28,262.94,0.470244030002505,1.37089849868789,0.158124766233523,0.985682142075469,1.00076124539799,NA
"TD","Utility",67,100,-93.02,NA,NA,192.04,203.7,0.824348853668198,2.18002879429133,0.881324097559067,0.985271906564518,9.81980675642768,NA
"TD","Utility",68,100,-108.9,NA,NA,223.8,235.46,0.503097830805928,1.32283924566582,0.325918123332959,0.999204611834792,1.00409441357367,NA
"TD","Utility",69,100,-113.8,NA,NA,233.6,245.26,0.361050225095823,2.17336245528878,0.327841727516818,0.691145784533121,4.34599302679117,NA
"TD","Utility",70,100,-112.81,NA,NA,231.62,243.28,0.964988884748891,1.18922751862556,0.863159734256533,0.999988666166202,1.04600357891788,NA
"TD","Utility",71,100,-90.79,NA,NA,187.58,199.24,0.789667062694207,3.04544003671947,0.875466848537495,0.999520318464688,7.93365195297839,NA
"TD","Utility",72,100,-94.92,NA,NA,195.84,207.5,0.628910263301805,3.95466302318459,0.810684881605097,0.954323811487735,1.45987479580346,NA
"TD","Utility",73,100,-114.91,NA,NA,235.82,247.48,0.415234696352854,1.7106761354533,0.426561624432535,0.530380785772122,9.8738172898496,NA
"TD","Utility",74,100,-92.91,NA,NA,191.82,203.48,0.857857148861513,1.936107955831,0.881170913285065,0.991580797581741,9.88515153915922,NA
"TD","Utility",75,100,-108,NA,NA,222,233.66,0.629901704145595,1.19926888635382,0.764058140822454,0.944918319531532,1.14243559732573,NA
"TD","Utility",76,100,-121.11,NA,NA,248.22,259.88,0.359289909945801,1.36449700228535,0.163998165301294,0.963093004250568,1.15185591310698,NA
"TD","Utility",77,100,-109.83,NA,NA,225.66,237.32,0.446684151422232,2.46860518856885,0.441326537724384,0.531566903968084,9.96560918525955,NA
"TD","Utility",78,100,-117.74,NA,NA,241.48,253.14,0.378760501742363,1.43229853129014,0.163626280980966,0.985321254570003,1.10397682383873,NA
"TD","Utility",79,100,-117.74,NA,NA,241.48,253.14,0.372670353855938,1.68600267870352,0.163626280980966,0.985321254570003,1.10397682383873,NA
"TD","Utility",80,100,-119.16,NA,NA,244.32,255.98,0.428967847023159,1.43009595386684,0.155410894741067,0.999860145182399,1.00435879588058,NA
"TD","Utility",81,100,-132.14,NA,NA,270.28,281.94,0.111280993092805,1.04204804978253,0.0801940458372851,0.83815081066738,2.17416928170022,NA
"TD","Utility",82,100,-108.87,NA,NA,223.74,235.4,0.142161799827591,2.60663627263189,0.101397975811767,0.804770965626512,2.98187031086418,NA
"TD","Utility",83,100,-90.79,NA,NA,187.58,199.24,0.779834397835657,4.55762586234994,0.875466848537495,0.999520318464688,7.93365195297839,NA
"TD","Utility",84,100,-115.16,NA,NA,236.32,247.98,0.386252531083301,1.63052160199732,0.40233844154114,0.548601848664002,8.92919193991857,NA
"TD","Utility",85,100,-121.69,NA,NA,249.38,261.04,0.23896856745705,1.3059749789536,0.137365249625958,0.916679481307173,1.4787328870476,NA
"TD","Utility",86,100,-105.86,NA,NA,217.72,229.38,0.670282299863175,1.1162636061199,0.879064101588135,0.571623048664373,7.70889583143005,NA
"TD","Utility",87,100,-110.96,NA,NA,227.92,239.58,0.560497718863189,1.79223784707011,0.497090226523189,0.970984257353797,1.00106812739252,NA
"TD","Utility",88,100,-116.37,NA,NA,238.74,250.4,0.915246691787615,1.1942126606591,0.862749176973752,0.981949669539499,1.0569021086409,NA
"TD","Utility",89,100,-108.67,NA,NA,223.34,235,0.589335348224267,1.93161117188157,0.567929005850134,0.97985173279393,1.00153546563904,NA
"TD","Utility",90,100,-103.59,NA,NA,213.18,224.84,0.987134294584394,1.60082370741293,0.888670660438873,0.993782396214452,9.83580895811715,NA
"TD","Utility",91,100,-116.08,NA,NA,238.16,249.82,0.401124990079552,1.43657126976177,0.152601129717902,0.999997215377099,1.00564785270417,NA
"TD","Utility",92,100,-119.37,NA,NA,244.74,256.4,0.565618214197457,1.06491599744186,0.721132928899652,0.930134201657452,1.03223479410981,NA
"TD","Utility",93,100,-124.38,NA,NA,254.76,266.42,0.125127220060676,1.54644962819293,0.0865069744827202,0.835567827370731,2.46829710363833,NA
"TD","Utility",94,100,-93.02,NA,NA,192.04,203.7,0.791645931312814,1.76679624943127,0.881324097559067,0.985271906564518,9.81980675642768,NA
"TD","Utility",95,100,-135.45,NA,NA,276.9,288.56,0.0988319513853639,1.09243298880756,0.0752986978243378,0.893703536973198,1.75417609952329,NA
"TD","Utility",96,100,-114.5,NA,NA,235,246.66,0.333673485321924,1.79963922020125,0.303845712545219,0.740064085486441,3.43330492307507,NA
"TD","Utility",97,100,-128.43,NA,NA,262.86,274.52,0.10172016825527,1.62083033379167,0.0711103983298008,0.799005215051501,3.03746267884068,NA
"TD","Utility",98,100,-139.71,NA,NA,285.42,297.08,0.0187283449340612,1.16512183423941,0.0117369189606667,0.785702091606178,3.08653022069111,NA
"TD","Utility",99,100,-116.89,NA,NA,239.78,251.44,0.461979309096932,1.88084230940313,0.158208234364958,0.999677700198995,1.00227405917678,NA
"TD","Utility",100,100,-90.79,NA,NA,187.58,199.24,0.729020358063281,1.83565291385622,0.875466848537495,0.999520318464688,7.93365195297839,NA
"RSTD","TD",1,100,-103.36,NA,NA,210.72,218.49,0.285107890376821,0.724670132622123,0.887010668510088,9.95300994000035,NA,2.43561604238095
"RSTD","TD",2,100,-189.55,NA,NA,383.1,390.87,0.950232450617477,0.206436974462122,0.110662766020089,1.00009148434522,NA,1.3645795173943
"RSTD","TD",3,100,-168.92,NA,NA,341.84,349.61,0.536011227406561,0.200363578274846,0.128745643233132,1.00000409147598,NA,2.00568439900399
"RSTD","TD",4,100,-120.75,NA,NA,245.5,253.27,0.321220333920792,0.649332832079381,0.84564210992731,1.00104364880399,NA,1.14288249518722
"RSTD","TD",5,100,-108.18,NA,NA,220.36,228.13,0.525106647517532,0.973066303646192,0.888014337590822,9.91300999327505,NA,1.39299949863926
"RSTD","TD",6,100,-103.58,NA,NA,211.16,218.93,0.895209939451888,0.943225271301344,0.887901140652981,9.96470820569235,NA,4.35385648889427
"RSTD","TD",7,100,-183.82,NA,NA,371.64,379.41,0.753931205254048,0.197620301274583,0.118563875110473,1.00001165924631,NA,1.18983699940145
"RSTD","TD",8,100,-74.44,NA,NA,152.88,160.65,0.0560640415642411,0.783013365231454,0.000407876979322119,1.51782307617603,NA,4.41441693140154
"RSTD","TD",9,100,-112.77,NA,NA,229.54,237.31,0.479448032099754,0.989872474921867,0.887927511232067,9.96843199383608,NA,1.20800043705019
"RSTD","TD",10,100,-90.76,NA,NA,185.52,193.29,0.711294803768396,0.788163986755535,0.878091714095037,9.93892371048648,NA,3.30973086307261
"RSTD","TD",11,100,-113.14,NA,NA,230.28,238.05,0.5048349336721,0.797194604296237,0.848314406781914,1.01116584885722,NA,3.5054881726885
"RSTD","TD",12,100,-116.37,NA,NA,236.74,244.51,0.731893435353413,0.395451756194234,0.1812231414308,1.04677330311487,NA,1.61817012401298
"RSTD","TD",13,100,-94.92,NA,NA,193.84,201.61,0.275977379642427,0.511981163173914,0.800489684009133,1.20005778140036,NA,3.39124982816227
"RSTD","TD",14,100,-131.8,NA,NA,267.6,275.37,0.226354157319292,0.16033569118008,0.146352042249399,1.00004474024834,NA,1.89403793397815
"RSTD","TD",15,100,-103.58,NA,NA,211.16,218.93,0.315573724219576,0.984172471100464,0.887901140652981,9.96470820569235,NA,2.69604673600736
"RSTD","TD",16,100,-116.38,NA,NA,236.76,244.53,0.540354023920372,0.854036244563758,0.862586013546486,1.00223277126771,NA,1.36215214885666
"RSTD","TD",17,100,-289.05,NA,NA,582.1,589.87,0.66359161795117,0.0660558908712119,0.068513868694127,1.00000873478944,NA,2.97567781611326
"RSTD","TD",18,100,-111.74,NA,NA,227.48,235.25,0.973287776112556,0.630256613949314,0.193371042511997,1.00015188433087,NA,1.85552939023347
"RSTD","TD",19,100,-112.77,NA,NA,229.54,237.31,0.340647828998044,0.988910319516435,0.887927511232067,9.96843199383608,NA,1.21139730885625
"RSTD","TD",20,100,-277.9,NA,NA,559.8,567.57,0.329378831898794,0.0628540490288287,0.0700785514441711,1.00002333887859,NA,3.33967715737489
"RSTD","TD",21,100,-286.87,NA,NA,577.74,585.51,0.285566801903769,0.0508385861758143,0.0687497522989717,1.00001355575559,NA,1.41009616898373
"RSTD","TD",22,100,-113.68,NA,NA,231.36,239.13,0.684979062527418,0.438995202770457,0.198614566920352,1.00151736080775,NA,1.68512896075845
"RSTD","TD",23,100,-121.61,NA,NA,247.22,254.99,0.529962481698021,0.27115519088693,0.180485781196833,1.00016256713816,NA,3.69503675574873
"RSTD","TD",24,100,-98.79,NA,NA,201.58,209.35,0.779200294986367,0.728794121881947,0.791026561785162,1.0834882933059,NA,1.16082152445602
"RSTD","TD",25,100,-86.11,NA,NA,176.22,183.99,0.0281218434683979,0.533772448310629,0.000752965220660189,1.04976720775372,NA,1.2251683762297
"RSTD","TD",26,100,-115.98,NA,NA,235.96,243.73,0.128862570039928,0.17050133110024,0.12375016818292,1.1989248766405,NA,2.37515528589011
"RSTD","TD",27,100,-93.01,NA,NA,190.02,197.79,0.980796684976667,0.860091791022569,0.880049541944484,9.93298114046809,NA,2.2001721150753
"RSTD","TD",28,100,-116.38,NA,NA,236.76,244.53,0.633000507717952,0.959949327167124,0.862586013546486,1.00223277126771,NA,1.02402024855837
"RSTD","TD",29,100,-98.12,NA,NA,200.24,208.01,0.234798390883952,0.4054856733419,0.613592241863994,9.9782572385175,NA,4.89528230370438
"RSTD","TD",30,100,-113.73,NA,NA,231.46,239.23,0.319981756620109,0.632078264839947,0.836964646886737,1.00067589598942,NA,1.05595874555906
"RSTD","TD",31,100,-103.58,NA,NA,211.16,218.93,0.417691254755482,0.885661983396858,0.887901140652981,9.96470820569235,NA,2.4762263855988
"RSTD","TD",32,100,-139.05,NA,NA,282.1,289.87,0.119032545015216,0.605491037247702,0.905036370732241,1.00292977605329,NA,1.04599827674373
"RSTD","TD",33,100,-90.76,NA,NA,185.52,193.29,0.824352919822559,0.753800751408562,0.878091714095037,9.93892371048648,NA,3.89878896835935
"RSTD","TD",34,100,-94.53,NA,NA,193.06,200.83,0.080542077543214,0.69156481907703,0.00373623279457912,1.1556678746484,NA,4.2510444371212
"RSTD","TD",35,100,-112.83,NA,NA,229.66,237.43,0.788759883260354,0.407168375095353,0.179729755550032,1.14119014581768,NA,1.8810732345608
"RSTD","TD",36,100,-94.92,NA,NA,193.84,201.61,0.960197768406942,0.814909122884274,0.800336275782441,1.19818813878389,NA,1.49123999522999
"RSTD","TD",37,100,-123.3,NA,NA,250.6,258.37,0.983733647270128,0.387793875532225,0.174974482832944,1.00026915865348,NA,1.18421270139515
"RSTD","TD",38,100,-90.76,NA,NA,185.52,193.29,0.640330957481638,0.661732341628522,0.878091714095037,9.93892371048648,NA,2.1015722423634
"RSTD","TD",39,100,-93.01,NA,NA,190.02,197.79,0.591888564871624,0.781977394130081,0.880049541944484,9.93298114046809,NA,2.17335850927503
"RSTD","TD",40,100,-108.18,NA,NA,220.36,228.13,0.185236022341996,0.927017299691215,0.888014337590822,9.91300999327505,NA,1.40621648728848
"RSTD","TD",41,100,-110.54,NA,NA,225.08,232.85,0.5952471755445,0.540940156206489,0.286851717350659,1.03800158849636,NA,2.71158919288757
"RSTD","TD",42,100,-125.4,NA,NA,254.8,262.57,0.265401779906824,0.195171546889469,0.131199743542024,1.00135886787099,NA,1.22695452463968
"RSTD","TD",43,100,-124.61,NA,NA,253.22,260.99,0.604935176437721,0.398145136190578,0.175864303456242,1.00090406816767,NA,1.04858012497425
"RSTD","TD",44,100,-93.01,NA,NA,190.02,197.79,0.470244030002505,0.685449249343947,0.880049541944484,9.93298114046809,NA,1.6486977073364
"RSTD","TD",45,100,-114.64,NA,NA,233.28,241.05,0.371720403432846,0.503097830805928,0.62255546846506,1.00022854754414,NA,1.32283924566582
"RSTD","TD",46,100,-123.38,NA,NA,250.76,258.53,0.361050225095823,0.370053818682209,0.146847570746466,1.00127370206201,NA,1.17356707000516
"RSTD","TD",47,100,-93.01,NA,NA,190.02,197.79,0.594613759312779,0.789667062694207,0.880049541944484,9.93298114046809,NA,3.04544003671947
"RSTD","TD",48,100,-289.05,NA,NA,582.1,589.87,0.628910263301805,0.0369398219045252,0.068513868694127,1.00000873478944,NA,2.35408596597136
"RSTD","TD",49,100,-103.58,NA,NA,211.16,218.93,0.254382238723338,0.857857148861513,0.887901140652981,9.96470820569235,NA,1.936107955831
"RSTD","TD",50,100,-108.74,NA,NA,221.48,229.25,0.629901704145595,0.59963444317691,0.551831562433484,1.00075577199081,NA,2.13030682034315
"RSTD","TD",51,100,-111.43,NA,NA,226.86,234.63,0.958562755258754,0.446684151422232,0.18636123781066,1.18554481709508,NA,2.46860518856885
"RSTD","TD",52,100,-113.62,NA,NA,231.24,239.01,0.378760501742363,0.716149265645072,0.845871267812144,1.02536260821787,NA,2.1838285959837
"RSTD","TD",53,100,-117.39,NA,NA,238.78,246.55,0.843001339351758,0.428967847023159,0.181524715625236,1.04178322142418,NA,1.43009595386684
"RSTD","TD",54,100,-125.93,NA,NA,255.86,263.63,0.111280993092805,0.926345025887713,0.913909730551583,1.20987777531218,NA,2.52358875974062
"RSTD","TD",55,100,-103.58,NA,NA,211.16,218.93,0.231767056509852,0.779834397835657,0.887901140652981,9.96470820569235,NA,4.55762586234994
"RSTD","TD",56,100,-103.36,NA,NA,210.72,218.49,0.386252531083301,0.815260800998658,0.887010668510088,9.95300994000035,NA,2.64474068483968
"RSTD","TD",57,100,-106.01,NA,NA,216.02,223.79,0.6529874894768,0.670282299863175,0.780324686080404,1.00050496022066,NA,1.1162636061199
"RSTD","TD",58,100,-126.34,NA,NA,256.68,264.45,0.560497718863189,0.274772666627541,0.176561896284451,1.00005639530636,NA,1.5290995786691
"RSTD","TD",59,100,-108.74,NA,NA,221.48,229.25,0.597106330329552,0.589335348224267,0.551831562433484,1.00075577199081,NA,1.93161117188157
"RSTD","TD",60,100,-90.76,NA,NA,185.52,193.29,0.987134294584394,0.800411853706464,0.878091714095037,9.93892371048648,NA,2.29764714087815
"RSTD","TD",61,100,-122.36,NA,NA,248.72,256.49,0.718285634880885,0.565618214197457,0.334132731618356,1.00011768500897,NA,1.06491599744186
"RSTD","TD",62,100,-124.75,NA,NA,253.5,261.27,0.125127220060676,0.773224814096466,0.912522764772029,1.10136997473897,NA,1.58329186262563
"RSTD","TD",63,100,-228.21,NA,NA,460.42,468.19,0.499009405029938,0.0988319513853639,0.0974150947491839,1.00001799093727,NA,1.09243298880756
"RSTD","TD",64,100,-105.69,NA,NA,215.38,223.15,0.333673485321924,0.454882015939802,0.388467185389988,1.0012661653239,NA,3.70696423376415
"RSTD","TD",65,100,-292.61,NA,NA,589.22,596.99,0.810415166895837,0.0187283449340612,0.06863182439016,1.00000370637708,NA,1.16512183423941
"RSTD","TD",66,100,-115.13,NA,NA,234.26,242.03,0.461979309096932,0.296923782210797,0.170843996015099,1.00392354267784,NA,1.45804071612656
"RSTD","TD",67,100,-101.13,NA,NA,206.26,214.03,0.285626433324069,0.528872283641249,0.81342549210702,1.09012041737052,NA,1.1472960453744
"RSTD","TD",68,100,-115.24,NA,NA,234.48,242.25,0.732509626774117,0.600311974063516,0.33334861071914,1.00025387931186,NA,1.4492717245746
"RSTD","TD",69,100,-106.38,NA,NA,216.76,224.53,0.977929984452203,0.529096166603267,0.254047966629099,1.21695333351475,NA,1.75178614688037
"RSTD","TD",70,100,-198.05,NA,NA,400.1,407.87,0.98177181975916,0.159414226887748,0.0898984073495304,1.00004165432101,NA,1.47737938910723
"RSTD","TD",71,100,-126.83,NA,NA,257.66,265.43,0.922829337418079,0.366323065012693,0.169342271323617,1.00098473280689,NA,1.08644307602532
"RSTD","TD",72,100,-182.28,NA,NA,368.56,376.33,0.437475311337039,0.144657690776512,0.0972984814182486,1.00006812603913,NA,2.51204245735464
"RSTD","TD",73,100,-100.99,NA,NA,205.98,213.75,0.0812403932213783,0.858433880610391,0.00335344695609417,1.0743431706597,NA,2.57674626609245
"RSTD","TD",74,100,-124.61,NA,NA,253.22,260.99,0.769064010120928,0.423705151304603,0.175864303456242,1.00090406816767,NA,1.055009087082
"RSTD","TD",75,100,-192.61,NA,NA,389.22,396.99,0.27233505435288,0.0992442343849689,0.0961020325948775,1.00002078784023,NA,1.01957268379492
"RSTD","TD",76,100,-113.79,NA,NA,231.58,239.35,0.714246998308226,0.356464033480734,0.177159517154602,1.03234676203349,NA,2.33508190601589
"RSTD","TD",77,100,-103.58,NA,NA,211.16,218.93,0.165105299558491,0.62026000325568,0.887901140652981,9.96470820569235,NA,3.11759630225509
"RSTD","TD",78,100,-97.31,NA,NA,198.62,206.39,0.948594216490164,0.818483957787976,0.817758580411539,1.18762250486781,NA,1.40069885704874
"RSTD","TD",79,100,-104.83,NA,NA,213.66,221.43,0.641159480903298,0.713674181839451,0.803020758942863,1.01139542585745,NA,1.04148287150446
"RSTD","TD",80,100,-93.01,NA,NA,190.02,197.79,0.602592710871249,0.798923129681498,0.880049541944484,9.93298114046809,NA,2.65777598732141
"RSTD","TD",81,100,-74.44,NA,NA,152.88,160.65,0.0268326783552766,0.983408806612715,0.000407876979322119,1.51782307617603,NA,2.42827125892359
"RSTD","TD",82,100,-142.03,NA,NA,288.06,295.83,0.390374890295789,0.210965643869713,0.14273128804055,1.00021952445653,NA,1.07093011168763
"RSTD","TD",83,100,-289.05,NA,NA,582.1,589.87,0.909624356776476,0.0655163209885359,0.068513868694127,1.00000873478944,NA,1.47955628430628
"RSTD","TD",84,100,-103.36,NA,NA,210.72,218.49,0.894585720263422,0.928069569170475,0.887010668510088,9.95300994000035,NA,1.78467515758694
"RSTD","TD",85,100,-103.36,NA,NA,210.72,218.49,0.16712597804144,0.591124507132918,0.887010668510088,9.95300994000035,NA,1.76918393555553
"RSTD","TD",86,100,-141.85,NA,NA,287.7,295.47,0.0963515317998827,0.187938303221017,0.0358414592815152,1.07865900328456,NA,1.16646143142134
"RSTD","TD",87,100,-113.79,NA,NA,231.58,239.35,0.812582350103185,0.879132093861699,0.856851459598383,1.02953577846533,NA,5.4038753097219
"RSTD","TD",88,100,-104.79,NA,NA,213.58,221.35,0.448961209738627,0.690639521926641,0.805231413346164,1.00789843213756,NA,1.12322780341732
"RSTD","TD",89,100,-98.78,NA,NA,201.56,209.33,0.352596259210259,0.519048273330554,0.789129975980081,1.06996461406035,NA,1.77127007111431
"RSTD","TD",90,100,-224.68,NA,NA,453.36,461.13,0.7131295024883,0.112127762287855,0.0905195780367831,1.00001603498482,NA,4.4174234716404
"RSTD","TD",91,100,-135.79,NA,NA,275.58,283.35,0.102771484525874,0.0985191510990262,0.101813797521337,1.06815902492344,NA,1.34824017202482
"RSTD","TD",92,100,-123.22,NA,NA,250.44,258.21,0.14997310237959,0.461772011825815,0.860351062372387,1.00059998189138,NA,1.26133318960971
"RSTD","TD",93,100,-113.79,NA,NA,231.58,239.35,0.435881547397003,0.7804279406555,0.856851459598383,1.02953577846533,NA,1.68139734584838
"RSTD","TD",94,100,-90.76,NA,NA,185.52,193.29,0.975024477113038,0.799848798895255,0.878091714095037,9.93892371048648,NA,5.33281822849937
"RSTD","TD",95,100,-111.59,NA,NA,227.18,234.95,0.723246149485931,0.623378630494699,0.756826810282314,1.00011761062936,NA,1.45622572209686
"RSTD","TD",96,100,-112.24,NA,NA,228.48,236.25,0.323681306792423,0.444453429430723,0.548170253865912,1.00008043519632,NA,1.44684312446043
"RSTD","TD",97,100,-123.67,NA,NA,251.34,259.11,0.521510650403798,0.40949847153388,0.184585623734919,1.00005145564975,NA,1.1181692021126
"RSTD","TD",98,100,-112.77,NA,NA,229.54,237.31,0.418908317107707,0.978637758642435,0.887927511232067,9.96843199383608,NA,1.21107809292153
"RSTD","TD",99,100,-90.02,NA,NA,184.04,191.81,0.78953983867541,0.418743934947997,0.17218451021463,2.64012627200453,NA,3.49348991278757
"RSTD","TD",100,100,-113,NA,NA,230,237.77,0.956703607924283,0.607802340993658,0.334719432983298,1.00032788733036,NA,1.10866933899654
"RSTD","RSTD",1,100,-100.58,NA,NA,207.16,218.82,0.285107890376821,0.724670132622123,0.148657708208035,0.419485329170856,1.12932026411919,2.43561604238095
"RSTD","RSTD",2,100,-94.76,NA,NA,195.52,207.18,0.950232450617477,0.206436974462122,0.999595090986524,0.173023458590093,1.40832023420885,1.3645795173943
"RSTD","RSTD",3,100,-94.92,NA,NA,195.84,207.5,0.536011227406561,0.200363578274846,0.998840049954428,0.191433048286757,1.28119594433678,2.00568439900399
"RSTD","RSTD",4,100,-120.23,NA,NA,246.46,258.12,0.321220333920792,0.649332832079381,0.569113790313559,0.780327554392875,1.0008054377687,1.14288249518722
"RSTD","RSTD",5,100,-104.76,NA,NA,215.52,227.18,0.525106647517532,0.973066303646192,0.150667625053277,0.453808347399485,1.05368016631534,1.39299949863926
"RSTD","RSTD",6,100,-101.06,NA,NA,208.12,219.78,0.895209939451888,0.943225271301344,0.151659227941454,0.456025502449755,1.12057247251713,4.35385648889427
"RSTD","RSTD",7,100,-96.55,NA,NA,199.1,210.76,0.753931205254048,0.197620301274583,0.999155450815105,0.179627426906692,1.19664990895785,1.18983699940145
"RSTD","RSTD",8,100,-73.36,NA,NA,152.72,164.38,0.0560640415642411,0.783013365231454,0.0387245687088931,0.37407326323648,1.45032801651273,4.41441693140154
"RSTD","RSTD",9,100,-108.37,NA,NA,222.74,234.4,0.479448032099754,0.989872474921867,0.155226835591691,0.463445671411854,1.00897552115589,1.20800043705019
"RSTD","RSTD",10,100,-90.39,NA,NA,186.78,198.44,0.711294803768396,0.788163986755535,0.37237077375858,0.711431475656099,8.20866774555772,3.30973086307261
"RSTD","RSTD",11,100,-112.47,NA,NA,230.94,242.6,0.5048349336721,0.797194604296237,0.550776430454872,0.784052508204997,1.03826351260204,3.5054881726885
"RSTD","RSTD",12,100,-113.46,NA,NA,232.92,244.58,0.731893435353413,0.395451756194234,0.349649640746534,0.250655449278901,1.00345301801738,1.61817012401298
"RSTD","RSTD",13,100,-94.81,NA,NA,195.62,207.28,0.275977379642427,0.511981163173914,0.568612805462233,0.728128970872923,1.21272703376627,3.39124982816227
"RSTD","RSTD",14,100,-103.82,NA,NA,213.64,225.3,0.226354157319292,0.16033569118008,0.402687829955818,0.200713458818285,1.19683636911527,1.89403793397815
"RSTD","RSTD",15,100,-101.06,NA,NA,208.12,219.78,0.315573724219576,0.984172471100464,0.151659227941454,0.456025502449755,1.12057247251713,2.69604673600736
"RSTD","RSTD",16,100,-111.48,NA,NA,228.96,240.62,0.540354023920372,0.854036244563758,0.15425418824518,0.433433444401398,1.00250510929847,1.36215214885666
"RSTD","RSTD",17,100,-70,NA,NA,146,157.66,0.66359161795117,0.0660558908712119,0.453389321397375,0.0361279714498675,8.27552499827742,2.97567781611326
"RSTD","RSTD",18,100,-108.26,NA,NA,222.52,234.18,0.973287776112556,0.630256613949314,0.168675705639275,0.209691435949516,1.08990727595725,1.85552939023347
"RSTD","RSTD",19,100,-108.37,NA,NA,222.74,234.4,0.340647828998044,0.988910319516435,0.155226835591691,0.463445671411854,1.00897552115589,1.21139730885625
"RSTD","RSTD",20,100,-79.25,NA,NA,164.5,176.16,0.329378831898794,0.0628540490288287,0.224972529806932,0.0462557974131922,1.75590008774296,3.33967715737489
"RSTD","RSTD",21,100,-74.59,NA,NA,155.18,166.84,0.285566801903769,0.0508385861758143,0.975956759241446,0.0437678791369186,5.76891744168466,1.41009616898373
"RSTD","RSTD",22,100,-111.35,NA,NA,228.7,240.36,0.684979062527418,0.438995202770457,0.998273944537573,0.435647676483017,1.00041959945574,1.68512896075845
"RSTD","RSTD",23,100,-108.5,NA,NA,223,234.66,0.529962481698021,0.27115519088693,0.324662370731005,0.188083450075819,1.00006503960411,3.69503675574873
"RSTD","RSTD",24,100,-98.74,NA,NA,203.48,215.14,0.779200294986367,0.728794121881947,0.659484435166857,0.755017070631967,1.09726890024125,1.16082152445602
"RSTD","RSTD",25,100,-84.39,NA,NA,174.78,186.44,0.0281218434683979,0.533772448310629,0.0516381678986305,0.699857994840488,1.18446171461538,1.2251683762297
"RSTD","RSTD",26,100,-115.85,NA,NA,237.7,249.36,0.128862570039928,0.17050133110024,0.119529862821014,0.114894226291277,1.20983433474946,2.37515528589011
"RSTD","RSTD",27,100,-92.96,NA,NA,191.92,203.58,0.980796684976667,0.860091791022569,0.744215397765532,0.855540526226327,6.95107817240579,2.2001721150753
"RSTD","RSTD",28,100,-111.48,NA,NA,228.96,240.62,0.633000507717952,0.959949327167124,0.15425418824518,0.433433444401398,1.00250510929847,1.02402024855837
"RSTD","RSTD",29,100,-96.19,NA,NA,198.38,210.04,0.234798390883952,0.4054856733419,0.237296982672944,0.415045972917698,1.29486637443832,4.89528230370438
"RSTD","RSTD",30,100,-111.12,NA,NA,228.24,239.9,0.319981756620109,0.632078264839947,0.168171123905134,0.352029028286717,1.00041803105288,1.05595874555906
"RSTD","RSTD",31,100,-101.06,NA,NA,208.12,219.78,0.417691254755482,0.885661983396858,0.151659227941454,0.456025502449755,1.12057247251713,2.4762263855988
"RSTD","RSTD",32,100,-117.53,NA,NA,241.06,252.72,0.119032545015216,0.605491037247702,0.110623434428359,0.456648416820658,1.00042830459137,1.04599827674373
"RSTD","RSTD",33,100,-90.39,NA,NA,186.78,198.44,0.824352919822559,0.753800751408562,0.37237077375858,0.711431475656099,8.20866774555772,3.89878896835935
"RSTD","RSTD",34,100,-92.48,NA,NA,190.96,202.62,0.080542077543214,0.69156481907703,0.052633115924698,0.438755223964022,1.08536991160532,4.2510444371212
"RSTD","RSTD",35,100,-106.05,NA,NA,218.1,229.76,0.788759883260354,0.407168375095353,0.47863260927052,0.279944481363737,1.01126297547213,1.8810732345608
"RSTD","RSTD",36,100,-94.85,NA,NA,195.7,207.36,0.960197768406942,0.814909122884274,0.56480485357719,0.722954263741241,1.18993833597764,1.49123999522999
"RSTD","RSTD",37,100,-112.58,NA,NA,231.16,242.82,0.983733647270128,0.387793875532225,0.596385142095086,0.278909432150548,1.00023701152508,1.18421270139515
"RSTD","RSTD",38,100,-90.39,NA,NA,186.78,198.44,0.640330957481638,0.661732341628522,0.37237077375858,0.711431475656099,8.20866774555772,2.1015722423634
"RSTD","RSTD",39,100,-92.96,NA,NA,191.92,203.58,0.591888564871624,0.781977394130081,0.744215397765532,0.855540526226327,6.95107817240579,2.17335850927503
"RSTD","RSTD",40,100,-104.76,NA,NA,215.52,227.18,0.185236022341996,0.927017299691215,0.150667625053277,0.453808347399485,1.05368016631534,1.40621648728848
"RSTD","RSTD",41,100,-107.5,NA,NA,221,232.66,0.5952471755445,0.540940156206489,0.99971395722025,0.478298835718291,1.09373160025962,2.71158919288757
"RSTD","RSTD",42,100,-109.16,NA,NA,224.32,235.98,0.265401779906824,0.195171546889469,0.157101833120981,0.108767423088987,1.12628725007465,1.22695452463968
"RSTD","RSTD",43,100,-123.49,NA,NA,252.98,264.64,0.604935176437721,0.398145136190578,0.350941819887773,0.265826929572997,1.00005287385823,1.04858012497425
"RSTD","RSTD",44,100,-92.96,NA,NA,191.92,203.58,0.470244030002505,0.685449249343947,0.744215397765532,0.855540526226327,6.95107817240579,1.6486977073364
"RSTD","RSTD",45,100,-109.89,NA,NA,225.78,237.44,0.371720403432846,0.503097830805928,0.18553439876828,0.301672653200822,1.00283286792706,1.32283924566582
"RSTD","RSTD",46,100,-123.38,NA,NA,252.76,264.42,0.361050225095823,0.370053818682209,0.147255416771466,0.146935172573822,1.00185722627644,1.17356707000516
"RSTD","RSTD",47,100,-92.96,NA,NA,191.92,203.58,0.594613759312779,0.789667062694207,0.744215397765532,0.855540526226327,6.95107817240579,3.04544003671947
"RSTD","RSTD",48,100,-70,NA,NA,146,157.66,0.628910263301805,0.0369398219045252,0.453389321397375,0.0361279714498675,8.27552499827742,2.35408596597136
"RSTD","RSTD",49,100,-101.06,NA,NA,208.12,219.78,0.254382238723338,0.857857148861513,0.151659227941454,0.456025502449755,1.12057247251713,1.936107955831
"RSTD","RSTD",50,100,-105.14,NA,NA,216.28,227.94,0.629901704145595,0.59963444317691,0.19849047692162,0.323446724697719,1.06291331691254,2.13030682034315
"RSTD","RSTD",51,100,-103.12,NA,NA,212.24,223.9,0.958562755258754,0.446684151422232,0.735238259773661,0.3546832751615,1.01481110672861,2.46860518856885
"RSTD","RSTD",52,100,-113.09,NA,NA,232.18,243.84,0.378760501742363,0.716149265645072,0.598309853036496,0.791894691392942,1.02375036927802,2.1838285959837
"RSTD","RSTD",53,100,-115.56,NA,NA,237.12,248.78,0.843001339351758,0.428967847023159,0.457049915773586,0.306604173611055,1.00026627228342,1.43009595386684
"RSTD","RSTD",54,100,-106.97,NA,NA,219.94,231.6,0.111280993092805,0.926345025887713,0.117642932993694,0.626800923675233,1.00027122461559,2.52358875974062
"RSTD","RSTD",55,100,-101.06,NA,NA,208.12,219.78,0.231767056509852,0.779834397835657,0.151659227941454,0.456025502449755,1.12057247251713,4.55762586234994
"RSTD","RSTD",56,100,-100.58,NA,NA,207.16,218.82,0.386252531083301,0.815260800998658,0.148657708208035,0.419485329170856,1.12932026411919,2.64474068483968
"RSTD","RSTD",57,100,-106.01,NA,NA,218.02,229.68,0.6529874894768,0.670282299863175,0.716927593334805,0.767545282182193,1.00787011376774,1.1162636061199
"RSTD","RSTD",58,100,-111.6,NA,NA,229.2,240.86,0.560497718863189,0.274772666627541,0.308519346909289,0.176087039091627,1.00104974761793,1.5290995786691
"RSTD","RSTD",59,100,-105.14,NA,NA,216.28,227.94,0.597106330329552,0.589335348224267,0.19849047692162,0.323446724697719,1.06291331691254,1.93161117188157
"RSTD","RSTD",60,100,-90.39,NA,NA,186.78,198.44,0.987134294584394,0.800411853706464,0.37237077375858,0.711431475656099,8.20866774555772,2.29764714087815
"RSTD","RSTD",61,100,-116.77,NA,NA,239.54,251.2,0.718285634880885,0.565618214197457,0.169912729366063,0.231518965354965,1.00039741830846,1.06491599744186
"RSTD","RSTD",62,100,-108.59,NA,NA,223.18,234.84,0.125127220060676,0.773224814096466,0.122521953897477,0.556352324763463,1.00073190156391,1.58329186262563
"RSTD","RSTD",63,100,-89.52,NA,NA,185.04,196.7,0.499009405029938,0.0988319513853639,0.308358338659757,0.0685458677354293,1.06426949659408,1.09243298880756
"RSTD","RSTD",64,100,-102.25,NA,NA,210.5,222.16,0.333673485321924,0.454882015939802,0.166479382842872,0.236534652203565,1.16163843227937,3.70696423376415
"RSTD","RSTD",65,100,-74.46,NA,NA,154.92,166.58,0.810415166895837,0.0187283449340612,0.305706288229658,0.0269518854141578,1.39142215500639,1.16512183423941
"RSTD","RSTD",66,100,-106.39,NA,NA,218.78,230.44,0.461979309096932,0.296923782210797,0.664111669938491,0.297844264083596,1.00016751332802,1.45804071612656
"RSTD","RSTD",67,100,-101,NA,NA,208,219.66,0.285626433324069,0.528872283641249,0.629019386373045,0.763918017280386,1.09653249836582,1.1472960453744
"RSTD","RSTD",68,100,-109.59,NA,NA,225.18,236.84,0.732509626774117,0.600311974063516,0.166348376437083,0.226294027724977,1.05199961264075,1.4492717245746
"RSTD","RSTD",69,100,-103.01,NA,NA,212.02,223.68,0.977929984452203,0.529096166603267,0.997502315323459,0.450535125903873,1.06183549618862,1.75178614688037
"RSTD","RSTD",70,100,-84.19,NA,NA,174.38,186.04,0.98177181975916,0.159414226887748,0.359402500376144,0.100594651258864,1.2470133020136,1.47737938910723
"RSTD","RSTD",71,100,-115.54,NA,NA,237.08,248.74,0.922829337418079,0.366323065012693,0.485904219323005,0.251963759606135,1.00057734124738,1.08644307602532
"RSTD","RSTD",72,100,-77.35,NA,NA,160.7,172.36,0.437475311337039,0.144657690776512,0.131553423447447,0.0713605824430196,6.82418924123302,2.51204245735464
"RSTD","RSTD",73,100,-95.91,NA,NA,197.82,209.48,0.0812403932213783,0.858433880610391,0.066362401344763,0.571947998874221,1.05741605675132,2.57674626609245
"RSTD","RSTD",74,100,-123.49,NA,NA,252.98,264.64,0.769064010120928,0.423705151304603,0.350941819887773,0.265826929572997,1.00005287385823,1.055009087082
"RSTD","RSTD",75,100,-103.82,NA,NA,213.64,225.3,0.27233505435288,0.0992442343849689,0.194628767830148,0.0752218113447618,1.0091543979655,1.01957268379492
"RSTD","RSTD",76,100,-106.8,NA,NA,219.6,231.26,0.714246998308226,0.356464033480734,0.416850053126608,0.249584704637806,1.00006603500023,2.33508190601589
"RSTD","RSTD",77,100,-101.06,NA,NA,208.12,219.78,0.165105299558491,0.62026000325568,0.151659227941454,0.456025502449755,1.12057247251713,3.11759630225509
"RSTD","RSTD",78,100,-97.17,NA,NA,200.34,212,0.948594216490164,0.818483957787976,0.653572787791437,0.778134285994826,1.17925558093771,1.40069885704874
"RSTD","RSTD",79,100,-104.74,NA,NA,215.48,227.14,0.641159480903298,0.713674181839451,0.680085645898942,0.773047916676165,1.01092866812395,1.04148287150446
"RSTD","RSTD",80,100,-92.96,NA,NA,191.92,203.58,0.602592710871249,0.798923129681498,0.744215397765532,0.855540526226327,6.95107817240579,2.65777598732141
"RSTD","RSTD",81,100,-73.36,NA,NA,152.72,164.38,0.0268326783552766,0.983408806612715,0.0387245687088931,0.37407326323648,1.45032801651273,2.42827125892359
"RSTD","RSTD",82,100,-110.74,NA,NA,227.48,239.14,0.390374890295789,0.210965643869713,0.441450819045312,0.202720413490421,1.00231362435978,1.07093011168763
"RSTD","RSTD",83,100,-70,NA,NA,146,157.66,0.909624356776476,0.0655163209885359,0.453389321397375,0.0361279714498675,8.27552499827742,1.47955628430628
"RSTD","RSTD",84,100,-100.58,NA,NA,207.16,218.82,0.894585720263422,0.928069569170475,0.148657708208035,0.419485329170856,1.12932026411919,1.78467515758694
"RSTD","RSTD",85,100,-100.58,NA,NA,207.16,218.82,0.16712597804144,0.591124507132918,0.148657708208035,0.419485329170856,1.12932026411919,1.76918393555553
"RSTD","RSTD",86,100,-136.58,NA,NA,279.16,290.82,0.0963515317998827,0.187938303221017,0.0764747630706076,0.130325851732373,1.00067780361474,1.16646143142134
"RSTD","RSTD",87,100,-111.29,NA,NA,228.58,240.24,0.812582350103185,0.879132093861699,0.162380281980549,0.433294525175007,1.00372146476226,5.4038753097219
"RSTD","RSTD",88,100,-104.69,NA,NA,215.38,227.04,0.448961209738627,0.690639521926641,0.650046437914977,0.766081305185848,1.0166603684709,1.12322780341732
"RSTD","RSTD",89,100,-98.72,NA,NA,203.44,215.1,0.352596259210259,0.519048273330554,0.641089729392177,0.748838530689006,1.08309530783572,1.77127007111431
"RSTD","RSTD",90,100,-70.2,NA,NA,146.4,158.06,0.7131295024883,0.112127762287855,0.989598911196085,0.106151365600648,9.94469118010717,4.4174234716404
"RSTD","RSTD",91,100,-125.07,NA,NA,256.14,267.8,0.102771484525874,0.0985191510990262,0.0949920234074577,0.0723204411883547,1.2532773580399,1.34824017202482
"RSTD","RSTD",92,100,-118.01,NA,NA,242.02,253.68,0.14997310237959,0.461772011825815,0.152943773977337,0.435117697070423,1.00004770940144,1.26133318960971
"RSTD","RSTD",93,100,-111.29,NA,NA,228.58,240.24,0.435881547397003,0.7804279406555,0.162380281980549,0.433294525175007,1.00372146476226,1.68139734584838
"RSTD","RSTD",94,100,-90.39,NA,NA,186.78,198.44,0.975024477113038,0.799848798895255,0.37237077375858,0.711431475656099,8.20866774555772,5.33281822849937
"RSTD","RSTD",95,100,-109.44,NA,NA,224.88,236.54,0.723246149485931,0.623378630494699,0.201360107409063,0.341541691403487,1.00699225369697,1.45622572209686
"RSTD","RSTD",96,100,-108.27,NA,NA,222.54,234.2,0.323681306792423,0.444453429430723,0.1940018796645,0.314127261980477,1.00503740867426,1.44684312446043
"RSTD","RSTD",97,100,-122.37,NA,NA,250.74,262.4,0.521510650403798,0.40949847153388,0.387318444502459,0.287912675603628,1.00008191375868,1.1181692021126
"RSTD","RSTD",98,100,-108.37,NA,NA,222.74,234.4,0.418908317107707,0.978637758642435,0.155226835591691,0.463445671411854,1.00897552115589,1.21107809292153
"RSTD","RSTD",99,100,-89.92,NA,NA,185.84,197.5,0.78953983867541,0.418743934947997,0.151032313185459,0.157231042506192,3.00870578717462,3.49348991278757
"RSTD","RSTD",100,100,-110.52,NA,NA,227.04,238.7,0.956703607924283,0.607802340993658,0.17325574750647,0.225938129320122,1.04850581727716,1.10866933899654
"RSTD","Utility",1,100,-103.37,NA,NA,212.74,224.4,0.285107890376821,0.724670132622123,0.886961923037069,0.999530752953568,9.91454574782298,2.43561604238095
"RSTD","Utility",2,100,-111.11,NA,NA,228.22,239.88,0.950232450617477,0.206436974462122,0.0723512105581687,0.505317049536921,9.99945013439413,1.3645795173943
"RSTD","Utility",3,100,-106.66,NA,NA,219.32,230.98,0.536011227406561,0.200363578274846,0.0860033518046271,0.517079922149664,9.99745900748308,2.00568439900399
"RSTD","Utility",4,100,-120.51,NA,NA,247.02,258.68,0.321220333920792,0.649332832079381,0.847822855142282,0.961785432351605,1.08236162390821,1.14288249518722
"RSTD","Utility",5,100,-108.18,NA,NA,222.36,234.02,0.525106647517532,0.973066303646192,0.888379463205474,0.995773755230268,9.96343730496424,1.39299949863926
"RSTD","Utility",6,100,-103.59,NA,NA,213.18,224.84,0.895209939451888,0.943225271301344,0.888670660438873,0.993782396214452,9.83580895811715,4.35385648889427
"RSTD","Utility",7,100,-111.24,NA,NA,228.48,240.14,0.753931205254048,0.197620301274583,0.0795190016684222,0.506789784853351,9.99984718930387,1.18983699940145
"RSTD","Utility",8,100,-74.4,NA,NA,154.8,166.46,0.0560640415642411,0.783013365231454,6.61243455096095e-05,0.856951985798314,2.93930765319988,4.41441693140154
"RSTD","Utility",9,100,-112.78,NA,NA,231.56,243.22,0.479448032099754,0.989872474921867,0.888557186648427,0.995719799309418,9.82136673545481,1.20800043705019
"RSTD","Utility",10,100,-90.79,NA,NA,187.58,199.24,0.711294803768396,0.788163986755535,0.875466848537495,0.999520318464688,7.93365195297839,3.30973086307261
"RSTD","Utility",11,100,-113.15,NA,NA,232.3,243.96,0.5048349336721,0.797194604296237,0.84714399301957,0.994857382496914,1.03607746197075,3.5054881726885
"RSTD","Utility",12,100,-113.45,NA,NA,232.9,244.56,0.731893435353413,0.395451756194234,0.262109672639328,0.702433051005093,4.03842504811587,1.61817012401298
"RSTD","Utility",13,100,-94.92,NA,NA,195.84,207.5,0.275977379642427,0.511981163173914,0.810684881605097,0.954323811487735,1.45987479580346,3.39124982816227
"RSTD","Utility",14,100,-104.5,NA,NA,215,226.66,0.226354157319292,0.16033569118008,0.180487598114172,0.565203769606972,9.97541450581811,1.89403793397815
"RSTD","Utility",15,100,-103.59,NA,NA,213.18,224.84,0.315573724219576,0.984172471100464,0.888670660438873,0.993782396214452,9.83580895811715,2.69604673600736
"RSTD","Utility",16,100,-116.37,NA,NA,238.74,250.4,0.540354023920372,0.854036244563758,0.862749176973752,0.981949669539499,1.0569021086409,1.36215214885666
"RSTD","Utility",17,100,-140.15,NA,NA,286.3,297.96,0.66359161795117,0.0660558908712119,0.0502000036473509,0.421228441142213,9.99966893286688,2.97567781611326
"RSTD","Utility",18,100,-111.77,NA,NA,229.54,241.2,0.973287776112556,0.630256613949314,0.193498975426661,0.999401288295795,1.00459743143747,1.85552939023347
"RSTD","Utility",19,100,-112.78,NA,NA,231.56,243.22,0.340647828998044,0.988910319516435,0.888557186648427,0.995719799309418,9.82136673545481,1.21139730885625
"RSTD","Utility",20,100,-137.86,NA,NA,281.72,293.38,0.329378831898794,0.0628540490288287,0.0513636545470158,0.426952913626631,9.99988730937716,3.33967715737489
"RSTD","Utility",21,100,-140.28,NA,NA,286.56,298.22,0.285566801903769,0.0508385861758143,0.0507043819883367,0.421831999337623,9.99958060526605,1.41009616898373
"RSTD","Utility",22,100,-112.5,NA,NA,231,242.66,0.684979062527418,0.438995202770457,0.373973216999414,0.591507351246356,7.0289688870235,1.68512896075845
"RSTD","Utility",23,100,-108.75,NA,NA,223.5,235.16,0.529962481698021,0.27115519088693,0.20103903850331,0.575552059234068,7.10740679951083,3.69503675574873
"RSTD","Utility",24,100,-98.78,NA,NA,203.56,215.22,0.779200294986367,0.728794121881947,0.83275843719,0.820746971868348,2.51286684194929,1.16082152445602
"RSTD","Utility",25,100,-86.85,NA,NA,179.7,191.36,0.0281218434683979,0.533772448310629,0.00253858317105743,0.864243319448757,2.6116080934325,1.2251683762297
"RSTD","Utility",26,100,-115.85,NA,NA,237.7,249.36,0.128862570039928,0.17050133110024,0.117129446979882,0.964926339561162,1.42530994361769,2.37515528589011
"RSTD","Utility",27,100,-93.02,NA,NA,192.04,203.7,0.980796684976667,0.860091791022569,0.881324097559067,0.985271906564518,9.81980675642768,2.2001721150753
"RSTD","Utility",28,100,-116.37,NA,NA,238.74,250.4,0.633000507717952,0.959949327167124,0.862749176973752,0.981949669539499,1.0569021086409,1.02402024855837
"RSTD","Utility",29,100,-98.12,NA,NA,202.24,213.9,0.234798390883952,0.4054856733419,0.613941402804356,0.999721768211962,9.98316949722165,4.89528230370438
"RSTD","Utility",30,100,-113.52,NA,NA,233.04,244.7,0.319981756620109,0.632078264839947,0.835716862884829,0.971740133244759,1.04162997112361,1.05595874555906
"RSTD","Utility",31,100,-103.59,NA,NA,213.18,224.84,0.417691254755482,0.885661983396858,0.888670660438873,0.993782396214452,9.83580895811715,2.4762263855988
"RSTD","Utility",32,100,-138.98,NA,NA,283.96,295.62,0.119032545015216,0.605491037247702,0.949407192825185,0.54186241614481,9.32488839420052,1.04599827674373
"RSTD","Utility",33,100,-90.79,NA,NA,187.58,199.24,0.824352919822559,0.753800751408562,0.875466848537495,0.999520318464688,7.93365195297839,3.89878896835935
"RSTD","Utility",34,100,-94.55,NA,NA,195.1,206.76,0.080542077543214,0.69156481907703,0.00284561270845276,0.838799299967742,2.36850416258756,4.2510444371212
"RSTD","Utility",35,100,-105.96,NA,NA,217.92,229.58,0.788759883260354,0.407168375095353,0.313083861370199,0.541122604037517,9.75788494249601,1.8810732345608
"RSTD","Utility",36,100,-94.93,NA,NA,195.86,207.52,0.960197768406942,0.814909122884274,0.814119174841757,0.931436988079481,1.65127488637999,1.49123999522999
"RSTD","Utility",37,100,-113.17,NA,NA,232.34,244,0.983733647270128,0.387793875532225,0.2767515036201,0.511058964968849,9.84250662869446,1.18421270139515
"RSTD","Utility",38,100,-90.79,NA,NA,187.58,199.24,0.640330957481638,0.661732341628522,0.875466848537495,0.999520318464688,7.93365195297839,2.1015722423634
"RSTD","Utility",39,100,-93.02,NA,NA,192.04,203.7,0.591888564871624,0.781977394130081,0.881324097559067,0.985271906564518,9.81980675642768,2.17335850927503
"RSTD","Utility",40,100,-108.18,NA,NA,222.36,234.02,0.185236022341996,0.927017299691215,0.888379463205474,0.995773755230268,9.96343730496424,1.40621648728848
"RSTD","Utility",41,100,-108.92,NA,NA,223.84,235.5,0.5952471755445,0.540940156206489,0.450163596830425,0.550117249491725,9.92353209506543,2.71158919288757
"RSTD","Utility",42,100,-109.42,NA,NA,224.84,236.5,0.265401779906824,0.195171546889469,0.111902534117756,0.693988580388644,4.83553765929504,1.22695452463968
"RSTD","Utility",43,100,-123.27,NA,NA,252.54,264.2,0.604935176437721,0.398145136190578,0.289822322140929,0.713213397428866,3.43298789722619,1.04858012497425
"RSTD","Utility",44,100,-93.02,NA,NA,192.04,203.7,0.470244030002505,0.685449249343947,0.881324097559067,0.985271906564518,9.81980675642768,1.6486977073364
"RSTD","Utility",45,100,-113.51,NA,NA,233.02,244.68,0.371720403432846,0.503097830805928,0.720778790824995,0.957255355188661,1.00189179633441,1.32283924566582
"RSTD","Utility",46,100,-123.38,NA,NA,252.76,264.42,0.361050225095823,0.370053818682209,0.147291331363594,0.999480463417973,1.00445607768446,1.17356707000516
"RSTD","Utility",47,100,-93.02,NA,NA,192.04,203.7,0.594613759312779,0.789667062694207,0.881324097559067,0.985271906564518,9.81980675642768,3.04544003671947
"RSTD","Utility",48,100,-140.15,NA,NA,286.3,297.96,0.628910263301805,0.0369398219045252,0.0502000036473509,0.421228441142213,9.99966893286688,2.35408596597136
"RSTD","Utility",49,100,-103.59,NA,NA,213.18,224.84,0.254382238723338,0.857857148861513,0.888670660438873,0.993782396214452,9.83580895811715,1.936107955831
"RSTD","Utility",50,100,-108.67,NA,NA,223.34,235,0.629901704145595,0.59963444317691,0.567929005850134,0.97985173279393,1.00153546563904,2.13030682034315
"RSTD","Utility",51,100,-103.9,NA,NA,213.8,225.46,0.958562755258754,0.446684151422232,0.350655130328631,0.540669857110829,9.96719669420391,2.46860518856885
"RSTD","Utility",52,100,-113.63,NA,NA,233.26,244.92,0.378760501742363,0.716149265645072,0.846588423539636,0.991315384147051,1.05649554009937,2.1838285959837
"RSTD","Utility",53,100,-115.98,NA,NA,237.96,249.62,0.843001339351758,0.428967847023159,0.303645164801156,0.690208048915764,4.33426330591629,1.43009595386684
"RSTD","Utility",54,100,-125.91,NA,NA,257.82,269.48,0.111280993092805,0.926345025887713,0.950578700295338,0.582329478225968,9.32772496118768,2.52358875974062
"RSTD","Utility",55,100,-103.59,NA,NA,213.18,224.84,0.231767056509852,0.779834397835657,0.888670660438873,0.993782396214452,9.83580895811715,4.55762586234994
"RSTD","Utility",56,100,-103.37,NA,NA,212.74,224.4,0.386252531083301,0.815260800998658,0.886961923037069,0.999530752953568,9.91454574782298,2.64474068483968
"RSTD","Utility",57,100,-105.86,NA,NA,217.72,229.38,0.6529874894768,0.670282299863175,0.879064101588135,0.571623048664373,7.70889583143005,1.1162636061199
"RSTD","Utility",58,100,-111.71,NA,NA,229.42,241.08,0.560497718863189,0.274772666627541,0.192658391695198,0.562348547820368,7.3025949563515,1.5290995786691
"RSTD","Utility",59,100,-108.67,NA,NA,223.34,235,0.597106330329552,0.589335348224267,0.567929005850134,0.97985173279393,1.00153546563904,1.93161117188157
"RSTD","Utility",60,100,-90.79,NA,NA,187.58,199.24,0.987134294584394,0.800411853706464,0.875466848537495,0.999520318464688,7.93365195297839,2.29764714087815
"RSTD","Utility",61,100,-121.36,NA,NA,248.72,260.38,0.718285634880885,0.565618214197457,0.364432315474111,0.95490375867036,1.00105198876812,1.06491599744186
"RSTD","Utility",62,100,-124.76,NA,NA,255.52,267.18,0.125127220060676,0.773224814096466,0.91363433275923,0.976634553451904,1.22522517606633,1.58329186262563
"RSTD","Utility",63,100,-117.52,NA,NA,241.04,252.7,0.499009405029938,0.0988319513853639,0.0642766704714467,0.467229211230122,9.99983967708916,1.09243298880756
"RSTD","Utility",64,100,-105.69,NA,NA,217.38,229.04,0.333673485321924,0.454882015939802,0.387536451689036,0.999744820272911,1.00336387650351,3.70696423376415
"RSTD","Utility",65,100,-142.1,NA,NA,290.2,301.86,0.810415166895837,0.0187283449340612,0.0507352477589707,0.416695561312428,9.99937654995095,1.16512183423941
"RSTD","Utility",66,100,-107.33,NA,NA,220.66,232.32,0.461979309096932,0.296923782210797,0.269876133323687,0.551028475982792,8.37158847913222,1.45804071612656
"RSTD","Utility",67,100,-101.13,NA,NA,208.26,219.92,0.285626433324069,0.528872283641249,0.822455922851849,0.957100368355605,1.33390152558021,1.1472960453744
"RSTD","Utility",68,100,-115.04,NA,NA,236.08,247.74,0.732509626774117,0.600311974063516,0.349314076646305,0.979617185477324,1.00073187198773,1.4492717245746
"RSTD","Utility",69,100,-104.09,NA,NA,214.18,225.84,0.977929984452203,0.529096166603267,0.410795475963343,0.557729501296968,9.98876914988782,1.75178614688037
"RSTD","Utility",70,100,-100.04,NA,NA,206.08,217.74,0.98177181975916,0.159414226887748,0.0673445089143396,0.516779191266676,9.99963799624448,1.47737938910723
"RSTD","Utility",71,100,-115.55,NA,NA,237.1,248.76,0.922829337418079,0.366323065012693,0.26741656713474,0.507362691847336,9.81140487135313,1.08644307602532
"RSTD","Utility",72,100,-91.64,NA,NA,189.28,200.94,0.437475311337039,0.144657690776512,0.0739594677257051,0.539467227264926,9.99912685253848,2.51204245735464
"RSTD","Utility",73,100,-101.38,NA,NA,208.76,220.42,0.0812403932213783,0.858433880610391,0.00189716820479626,0.889593468522204,1.70560511985567,2.57674626609245
"RSTD","Utility",74,100,-123.27,NA,NA,252.54,264.2,0.769064010120928,0.423705151304603,0.289822322140929,0.713213397428866,3.43298789722619,1.055009087082
"RSTD","Utility",75,100,-110.67,NA,NA,227.34,239,0.27233505435288,0.0992442343849689,0.0719423906465002,0.505491774742909,9.99813923316361,1.01957268379492
"RSTD","Utility",76,100,-106.97,NA,NA,219.94,231.6,0.714246998308226,0.356464033480734,0.272138087155401,0.572965211175895,7.38842803531921,2.33508190601589
"RSTD","Utility",77,100,-103.59,NA,NA,213.18,224.84,0.165105299558491,0.62026000325568,0.888670660438873,0.993782396214452,9.83580895811715,3.11759630225509
"RSTD","Utility",78,100,-97.32,NA,NA,200.64,212.3,0.948594216490164,0.818483957787976,0.823307073572526,0.978255436496991,1.34037987911778,1.40069885704874
"RSTD","Utility",79,100,-104.83,NA,NA,215.66,227.32,0.641159480903298,0.713674181839451,0.816122418090134,0.940480775008465,1.31250107559785,1.04148287150446
"RSTD","Utility",80,100,-93.02,NA,NA,192.04,203.7,0.602592710871249,0.798923129681498,0.881324097559067,0.985271906564518,9.81980675642768,2.65777598732141
"RSTD","Utility",81,100,-74.4,NA,NA,154.8,166.46,0.0268326783552766,0.983408806612715,6.61243455096095e-05,0.856951985798314,2.93930765319988,2.42827125892359
"RSTD","Utility",82,100,-111.41,NA,NA,228.82,240.48,0.390374890295789,0.210965643869713,0.176819132596086,0.529910001485269,9.99798724921168,1.07093011168763
"RSTD","Utility",83,100,-140.15,NA,NA,286.3,297.96,0.909624356776476,0.0655163209885359,0.0502000036473509,0.421228441142213,9.99966893286688,1.47955628430628
"RSTD","Utility",84,100,-103.37,NA,NA,212.74,224.4,0.894585720263422,0.928069569170475,0.886961923037069,0.999530752953568,9.91454574782298,1.78467515758694
"RSTD","Utility",85,100,-103.37,NA,NA,212.74,224.4,0.16712597804144,0.591124507132918,0.886961923037069,0.999530752953568,9.91454574782298,1.76918393555553
"RSTD","Utility",86,100,-142.31,NA,NA,290.62,302.28,0.0963515317998827,0.187938303221017,0.0382262896228971,0.985394053421468,1.14892867929306,1.16646143142134
"RSTD","Utility",87,100,-113.8,NA,NA,233.6,245.26,0.812582350103185,0.879132093861699,0.857066697782777,0.992043041014946,1.05219681059795,5.4038753097219
"RSTD","Utility",88,100,-104.79,NA,NA,215.58,227.24,0.448961209738627,0.690639521926641,0.829860932288687,0.895070225701151,1.65690193865941,1.12322780341732
"RSTD","Utility",89,100,-98.78,NA,NA,203.56,215.22,0.352596259210259,0.519048273330554,0.849978199019735,0.745914043892143,3.63355865754334,1.77127007111431
"RSTD","Utility",90,100,-110.13,NA,NA,226.26,237.92,0.7131295024883,0.112127762287855,0.0621200547484676,0.47929428922803,9.99957638022151,4.4174234716404
"RSTD","Utility",91,100,-125.04,NA,NA,256.08,267.74,0.102771484525874,0.0985191510990262,0.0747342358105302,0.768962161995818,3.74562185623601,1.34824017202482
"RSTD","Utility",92,100,-123.21,NA,NA,252.42,264.08,0.14997310237959,0.461772011825815,0.860594657599542,0.986947402055409,1.00522981852397,1.26133318960971
"RSTD","Utility",93,100,-113.8,NA,NA,233.6,245.26,0.435881547397003,0.7804279406555,0.857066697782777,0.992043041014946,1.05219681059795,1.68139734584838
"RSTD","Utility",94,100,-90.79,NA,NA,187.58,199.24,0.975024477113038,0.799848798895255,0.875466848537495,0.999520318464688,7.93365195297839,5.33281822849937
"RSTD","Utility",95,100,-110.85,NA,NA,227.7,239.36,0.723246149485931,0.623378630494699,0.747873887878037,0.959955338694199,1.02755325471981,1.45622572209686
"RSTD","Utility",96,100,-111.92,NA,NA,229.84,241.5,0.323681306792423,0.444453429430723,0.557266330193613,0.972524885378479,1.00443371972712,1.44684312446043
"RSTD","Utility",97,100,-122.16,NA,NA,250.32,261.98,0.521510650403798,0.40949847153388,0.312099713322605,0.702620199598984,3.62591907193308,1.1181692021126
"RSTD","Utility",98,100,-112.78,NA,NA,231.56,243.22,0.418908317107707,0.978637758642435,0.888557186648427,0.995719799309418,9.82136673545481,1.21107809292153
"RSTD","Utility",99,100,-90.02,NA,NA,186.04,197.7,0.78953983867541,0.418743934947997,0.171909714049305,0.999609840915046,2.69637197704839,3.49348991278757
"RSTD","Utility",100,100,-112.95,NA,NA,231.9,243.56,0.956703607924283,0.607802340993658,0.336636170590953,0.990302143697891,1.00049872594217,1.10866933899654
"Utility","TD",1,100,-144.36,NA,NA,292.72,300.49,0.285107890376821,0.724670132622123,0.161147660043724,1.00018106566455,NA,2.43561604238095
"Utility","TD",2,100,-273,NA,NA,550,557.77,0.950232450617477,0.206436974462122,0.0658775125154493,1.00000351916549,NA,1.3645795173943
"Utility","TD",3,100,-273.49,NA,NA,550.98,558.75,0.536011227406561,0.200363578274846,0.0592470572477389,1.000033801836,NA,2.00568439900399
"Utility","TD",4,100,-246.78,NA,NA,497.56,505.33,0.321220333920792,0.649332832079381,0.0912304702281053,1.00001414019838,NA,1.14288249518722
"Utility","TD",5,100,-118.8,NA,NA,241.6,249.37,0.525106647517532,0.973066303646192,0.337728297670203,1.00006865577968,NA,1.39299949863926
"Utility","TD",6,100,-113.79,NA,NA,231.58,239.35,0.895209939451888,0.943225271301344,0.856851459598383,1.02953577846533,NA,4.35385648889427
"Utility","TD",7,100,-269.13,NA,NA,542.26,550.03,0.753931205254048,0.197620301274583,0.0583009630031908,1.00000606454413,NA,1.18983699940145
"Utility","TD",8,100,-149.2,NA,NA,302.4,310.17,0.0560640415642411,0.783013365231454,0.0756263070603081,1.00013290692186,NA,4.41441693140154
"Utility","TD",9,100,-109.02,NA,NA,222.04,229.81,0.479448032099754,0.989872474921867,0.326291541047549,1.00200724342414,NA,1.20800043705019
"Utility","TD",10,100,-102.45,NA,NA,208.9,216.67,0.711294803768396,0.788163986755535,0.782422061882349,1.01009799805615,NA,3.30973086307261
"Utility","TD",11,100,-120.78,NA,NA,245.56,253.33,0.5048349336721,0.797194604296237,0.270050322537601,1.00006429126773,NA,3.5054881726885
"Utility","TD",12,100,-269.58,NA,NA,543.16,550.93,0.731893435353413,0.395451756194234,0.0643617451938172,1.00000721877446,NA,1.61817012401298
"Utility","TD",13,100,-199.08,NA,NA,402.16,409.93,0.275977379642427,0.511981163173914,0.136540154850156,1.00000524519457,NA,3.39124982816227
"Utility","TD",14,100,-279.15,NA,NA,562.3,570.07,0.226354157319292,0.16033569118008,0.0544836771434865,1.00000077876901,NA,1.89403793397815
"Utility","TD",15,100,-112.86,NA,NA,229.72,237.49,0.315573724219576,0.984172471100464,0.181306210103407,1.11285299434314,NA,2.69604673600736
"Utility","TD",16,100,-144.36,NA,NA,292.72,300.49,0.540354023920372,0.854036244563758,0.367898210502131,1.00003924612411,NA,1.36215214885666
"Utility","TD",17,100,-281.6,NA,NA,567.2,574.97,0.66359161795117,0.0660558908712119,0.0658413847355692,1.00000534705282,NA,2.97567781611326
"Utility","TD",18,100,-207.39,NA,NA,418.78,426.55,0.973287776112556,0.630256613949314,0.0768930238978337,1.00000409310266,NA,1.85552939023347
"Utility","TD",19,100,-123.78,NA,NA,251.56,259.33,0.340647828998044,0.988910319516435,0.150095726011567,1.00006151615418,NA,1.21139730885625
"Utility","TD",20,100,-275.79,NA,NA,555.58,563.35,0.329378831898794,0.0628540490288287,0.0577695648136225,1.00000036788039,NA,3.33967715737489
"Utility","TD",21,100,-304.88,NA,NA,613.76,621.53,0.285566801903769,0.0508385861758143,0.0591184544783723,1.00004622797675,NA,1.41009616898373
"Utility","TD",22,100,-263.45,NA,NA,530.9,538.67,0.684979062527418,0.438995202770457,0.0714495539395698,1.00000016857332,NA,1.68512896075845
"Utility","TD",23,100,-259.86,NA,NA,523.72,531.49,0.529962481698021,0.27115519088693,0.0775121998508096,1.00003685325595,NA,3.69503675574873
"Utility","TD",24,100,-203.85,NA,NA,411.7,419.47,0.779200294986367,0.728794121881947,0.0952290971949074,1.00000587639639,NA,1.16082152445602
"Utility","TD",25,100,-286.47,NA,NA,576.94,584.71,0.0281218434683979,0.533772448310629,0.0532845447374768,1.00003880248055,NA,1.2251683762297
"Utility","TD",26,100,-286.39,NA,NA,576.78,584.55,0.128862570039928,0.17050133110024,0.0596111291934687,1.00002929748284,NA,2.37515528589011
"Utility","TD",27,100,-112.55,NA,NA,229.1,236.87,0.980796684976667,0.860091791022569,0.886988948214004,9.98115378950897,NA,2.2001721150753
"Utility","TD",28,100,-124.45,NA,NA,252.9,260.67,0.633000507717952,0.959949327167124,0.751464953061867,1.0000381670931,NA,1.02402024855837
"Utility","TD",29,100,-220.93,NA,NA,445.86,453.63,0.234798390883952,0.4054856733419,0.12477528084588,1.0000101483138,NA,4.89528230370438
"Utility","TD",30,100,-264.56,NA,NA,533.12,540.89,0.319981756620109,0.632078264839947,0.0953395398871739,1.00002787854045,NA,1.05595874555906
"Utility","TD",31,100,-114.65,NA,NA,233.3,241.07,0.417691254755482,0.885661983396858,0.163845248349183,1.02863927398763,NA,2.4762263855988
"Utility","TD",32,100,-278.89,NA,NA,561.78,569.55,0.119032545015216,0.605491037247702,0.0633165309972116,1.00000616219933,NA,1.04599827674373
"Utility","TD",33,100,-101.18,NA,NA,206.36,214.13,0.824352919822559,0.753800751408562,0.810790010902751,1.09790974618975,NA,3.89878896835935
"Utility","TD",34,100,-148.29,NA,NA,300.58,308.35,0.080542077543214,0.69156481907703,0.0996836911899438,1.00015848823739,NA,4.2510444371212
"Utility","TD",35,100,-268.31,NA,NA,540.62,548.39,0.788759883260354,0.407168375095353,0.0665646406842832,1.00000395575366,NA,1.8810732345608
"Utility","TD",36,100,-145.82,NA,NA,295.64,303.41,0.960197768406942,0.814909122884274,0.888174057697101,1.00001505745618,NA,1.49123999522999
"Utility","TD",37,100,-262.53,NA,NA,529.06,536.83,0.983733647270128,0.387793875532225,0.0640224081850284,1.00001892983643,NA,1.18421270139515
"Utility","TD",38,100,-153.88,NA,NA,311.76,319.53,0.640330957481638,0.661732341628522,0.11286320729548,1.00004285471686,NA,2.1015722423634
"Utility","TD",39,100,-132.15,NA,NA,268.3,276.07,0.591888564871624,0.781977394130081,0.408039296777296,1.00002935946579,NA,2.17335850927503
"Utility","TD",40,100,-132.17,NA,NA,268.34,276.11,0.185236022341996,0.927017299691215,0.132435764694786,1.00024832249995,NA,1.40621648728848
"Utility","TD",41,100,-207.14,NA,NA,418.28,426.05,0.5952471755445,0.540940156206489,0.119861166200836,1.0000141999195,NA,2.71158919288757
"Utility","TD",42,100,-283.43,NA,NA,570.86,578.63,0.265401779906824,0.195171546889469,0.0519562664948205,1.00003612898338,NA,1.22695452463968
"Utility","TD",43,100,-275.48,NA,NA,554.96,562.73,0.604935176437721,0.398145136190578,0.0653905540569883,1.00003376844742,NA,1.04858012497425
"Utility","TD",44,100,-180.06,NA,NA,364.12,371.89,0.470244030002505,0.685449249343947,0.111666700894443,1.00006712554689,NA,1.6486977073364
"Utility","TD",45,100,-262.6,NA,NA,529.2,536.97,0.371720403432846,0.503097830805928,0.0767719556431775,1.00001027122202,NA,1.32283924566582
"Utility","TD",46,100,-269.93,NA,NA,543.86,551.63,0.361050225095823,0.370053818682209,0.0580064467645672,1.00000598099384,NA,1.17356707000516
"Utility","TD",47,100,-122.36,NA,NA,248.72,256.49,0.594613759312779,0.789667062694207,0.334132731618356,1.00011768500897,NA,3.04544003671947
"Utility","TD",48,100,-280.53,NA,NA,565.06,572.83,0.628910263301805,0.0369398219045252,0.0558437224978796,1.00001097964936,NA,2.35408596597136
"Utility","TD",49,100,-126.06,NA,NA,256.12,263.89,0.254382238723338,0.857857148861513,0.138978608069802,1.02241065450556,NA,1.936107955831
"Utility","TD",50,100,-210.91,NA,NA,425.82,433.59,0.629901704145595,0.59963444317691,0.105118490938051,1.00000358071961,NA,2.13030682034315
"Utility","TD",51,100,-245.21,NA,NA,494.42,502.19,0.958562755258754,0.446684151422232,0.0700937280072943,1.0000043016218,NA,2.46860518856885
"Utility","TD",52,100,-159.12,NA,NA,322.24,330.01,0.378760501742363,0.716149265645072,0.146063293172199,1.00007659238366,NA,2.1838285959837
"Utility","TD",53,100,-270.1,NA,NA,544.2,551.97,0.843001339351758,0.428967847023159,0.062510068679827,1.00004087856431,NA,1.43009595386684
"Utility","TD",54,100,-131.52,NA,NA,267.04,274.81,0.111280993092805,0.926345025887713,0.108232340881562,1.06603262721048,NA,2.52358875974062
"Utility","TD",55,100,-114.01,NA,NA,232.02,239.79,0.231767056509852,0.779834397835657,0.171403673575756,1.00466149728886,NA,4.55762586234994
"Utility","TD",56,100,-125.27,NA,NA,254.54,262.31,0.386252531083301,0.815260800998658,0.15961047013377,1.00058666422238,NA,2.64474068483968
"Utility","TD",57,100,-229.09,NA,NA,462.18,469.95,0.6529874894768,0.670282299863175,0.0937925660756331,1.00000488325194,NA,1.1162636061199
"Utility","TD",58,100,-275.83,NA,NA,555.66,563.43,0.560497718863189,0.274772666627541,0.06424068121459,1.00000228429056,NA,1.5290995786691
"Utility","TD",59,100,-225.51,NA,NA,455.02,462.79,0.597106330329552,0.589335348224267,0.0982431477097126,1.00002938794599,NA,1.93161117188157
"Utility","TD",60,100,-110.32,NA,NA,224.64,232.41,0.987134294584394,0.800411853706464,0.888560339875074,9.98087686386618,NA,2.29764714087815
"Utility","TD",61,100,-262.75,NA,NA,529.5,537.27,0.718285634880885,0.565618214197457,0.0686240588306674,1.00001733074257,NA,1.06491599744186
"Utility","TD",62,100,-186.88,NA,NA,377.76,385.53,0.125127220060676,0.773224814096466,0.0951889768204834,1.00001833842876,NA,1.58329186262563
"Utility","TD",63,100,-305.14,NA,NA,614.28,622.05,0.499009405029938,0.0988319513853639,0.0490765149273707,1.00002511539741,NA,1.09243298880756
"Utility","TD",64,100,-227.05,NA,NA,458.1,465.87,0.333673485321924,0.454882015939802,0.125471483347199,1.00003468584014,NA,3.70696423376415
"Utility","TD",65,100,-328.57,NA,NA,661.14,668.91,0.810415166895837,0.0187283449340612,0.0459887514749354,1.00001941320224,NA,1.16512183423941
"Utility","TD",66,100,-272.29,NA,NA,548.58,556.35,0.461979309096932,0.296923782210797,0.0566387453010388,1.00008630585768,NA,1.45804071612656
"Utility","TD",67,100,-269.57,NA,NA,543.14,550.91,0.285626433324069,0.528872283641249,0.0726763853579489,1.0000126539015,NA,1.1472960453744
"Utility","TD",68,100,-245.3,NA,NA,494.6,502.37,0.732509626774117,0.600311974063516,0.0890406257030746,1.00000498035807,NA,1.4492717245746
"Utility","TD",69,100,-271.13,NA,NA,546.26,554.03,0.977929984452203,0.529096166603267,0.0723602024582049,1.00002450602121,NA,1.75178614688037
"Utility","TD",70,100,-272.16,NA,NA,548.32,556.09,0.98177181975916,0.159414226887748,0.0668873465217799,1.00001808581156,NA,1.47737938910723
"Utility","TD",71,100,-270.28,NA,NA,544.56,552.33,0.922829337418079,0.366323065012693,0.0656761304301625,1.00001656727052,NA,1.08644307602532
"Utility","TD",72,100,-274.24,NA,NA,552.48,560.25,0.437475311337039,0.144657690776512,0.0582026844407145,1.00002312956353,NA,2.51204245735464
"Utility","TD",73,100,-144.93,NA,NA,293.86,301.63,0.0812403932213783,0.858433880610391,0.0947580201534327,1.00000511513739,NA,2.57674626609245
"Utility","TD",74,100,-269.7,NA,NA,543.4,551.17,0.769064010120928,0.423705151304603,0.0638758339206324,1.00006863300795,NA,1.055009087082
"Utility","TD",75,100,-292.75,NA,NA,589.5,597.27,0.27233505435288,0.0992442343849689,0.055035571292506,1.00006078634708,NA,1.01957268379492
"Utility","TD",76,100,-264.97,NA,NA,533.94,541.71,0.714246998308226,0.356464033480734,0.068786619769966,1.00000950519188,NA,2.33508190601589
"Utility","TD",77,100,-151.55,NA,NA,307.1,314.87,0.165105299558491,0.62026000325568,0.113604193994225,1.00011237355347,NA,3.11759630225509
"Utility","TD",78,100,-148.16,NA,NA,300.32,308.09,0.948594216490164,0.818483957787976,0.872992296024784,1.00005040532973,NA,1.40069885704874
"Utility","TD",79,100,-222.45,NA,NA,448.9,456.67,0.641159480903298,0.713674181839451,0.0963087074320174,1.00000679045637,NA,1.04148287150446
"Utility","TD",80,100,-121.73,NA,NA,247.46,255.23,0.602592710871249,0.798923129681498,0.44832997610336,1.00016031916321,NA,2.65777598732141
"Utility","TD",81,100,-123.51,NA,NA,251.02,258.79,0.0268326783552766,0.983408806612715,0.0282909640625788,2.09069782159297,NA,2.42827125892359
"Utility","TD",82,100,-287.41,NA,NA,578.82,586.59,0.390374890295789,0.210965643869713,0.0512979757496846,1.00005480610292,NA,1.07093011168763
"Utility","TD",83,100,-287.55,NA,NA,579.1,586.87,0.909624356776476,0.0655163209885359,0.0568294868504743,1.00000774297786,NA,1.47955628430628
"Utility","TD",84,100,-120.26,NA,NA,244.52,252.29,0.894585720263422,0.928069569170475,0.848156633622863,1.00007207652185,NA,1.78467515758694
"Utility","TD",85,100,-251.87,NA,NA,507.74,515.51,0.16712597804144,0.591124507132918,0.0996134646747687,1.00004355347079,NA,1.76918393555553
"Utility","TD",86,100,-299.49,NA,NA,602.98,610.75,0.0963515317998827,0.187938303221017,0.0572740911210704,1.00001634722146,NA,1.16646143142134
"Utility","TD",87,100,-90.76,NA,NA,185.52,193.29,0.812582350103185,0.879132093861699,0.878091714095037,9.93892371048648,NA,5.4038753097219
"Utility","TD",88,100,-230.24,NA,NA,464.48,472.25,0.448961209738627,0.690639521926641,0.103983919099889,1.00002500288702,NA,1.12322780341732
"Utility","TD",89,100,-274.12,NA,NA,552.24,560.01,0.352596259210259,0.519048273330554,0.093600292520359,1.00001193695233,NA,1.77127007111431
"Utility","TD",90,100,-277.32,NA,NA,558.64,566.41,0.7131295024883,0.112127762287855,0.066017646244641,1.00002656115425,NA,4.4174234716404
"Utility","TD",91,100,-302.75,NA,NA,609.5,617.27,0.102771484525874,0.0985191510990262,0.0579055930273821,1.00001384860438,NA,1.34824017202482
"Utility","TD",92,100,-273.15,NA,NA,550.3,558.07,0.14997310237959,0.461772011825815,0.0562630722007548,1.00003225773659,NA,1.26133318960971
"Utility","TD",93,100,-146.25,NA,NA,296.5,304.27,0.435881547397003,0.7804279406555,0.159084325607147,1.00024684061319,NA,1.68139734584838
"Utility","TD",94,100,-103.58,NA,NA,211.16,218.93,0.975024477113038,0.799848798895255,0.887901140652981,9.96470820569235,NA,5.33281822849937
"Utility","TD",95,100,-230.52,NA,NA,465.04,472.81,0.723246149485931,0.623378630494699,0.0925728941717834,1.00005255369031,NA,1.45622572209686
"Utility","TD",96,100,-267.3,NA,NA,538.6,546.37,0.323681306792423,0.444453429430723,0.0724478232744042,1.00004569368362,NA,1.44684312446043
"Utility","TD",97,100,-271.85,NA,NA,547.7,555.47,0.521510650403798,0.40949847153388,0.067280763924648,1.00006221416813,NA,1.1181692021126
"Utility","TD",98,100,-123.85,NA,NA,251.7,259.47,0.418908317107707,0.978637758642435,0.148248866801953,1.00013712448692,NA,1.21107809292153
"Utility","TD",99,100,-276.37,NA,NA,556.74,564.51,0.78953983867541,0.418743934947997,0.0696744003362732,1.00001238378053,NA,3.49348991278757
"Utility","TD",100,100,-275.75,NA,NA,555.5,563.27,0.956703607924283,0.607802340993658,0.07288971361296,1.00000244396527,NA,1.10866933899654
"Utility","RSTD",1,100,-140.83,NA,NA,287.66,299.32,0.285107890376821,0.724670132622123,0.17806530414078,0.146295863625503,1.00029618730866,2.43561604238095
"Utility","RSTD",2,100,-259.26,NA,NA,524.52,536.18,0.950232450617477,0.206436974462122,0.0746681181876883,0.055753040512663,1.00001162398147,1.3645795173943
"Utility","RSTD",3,100,-267.71,NA,NA,541.42,553.08,0.536011227406561,0.200363578274846,0.0657656643990839,0.0541815292909085,1.00010340178251,2.00568439900399
"Utility","RSTD",4,100,-244.04,NA,NA,494.08,505.74,0.321220333920792,0.649332832079381,0.0891773301083924,0.0746426181881562,1.00009148168292,1.14288249518722
"Utility","RSTD",5,100,-113.21,NA,NA,232.42,244.08,0.525106647517532,0.973066303646192,0.168161053616775,0.228609215016542,1.00917225895624,1.39299949863926
"Utility","RSTD",6,100,-111.29,NA,NA,228.58,240.24,0.895209939451888,0.943225271301344,0.162380281980549,0.433294525175007,1.00372146476226,4.35385648889427
"Utility","RSTD",7,100,-266.21,NA,NA,538.42,550.08,0.753931205254048,0.197620301274583,0.0634845613600333,0.0551684615630233,1.00109175439125,1.18983699940145
"Utility","RSTD",8,100,-122.8,NA,NA,251.6,263.26,0.0560640415642411,0.783013365231454,0.0629032838518757,0.0407058677877417,1.33702771058276,4.41441693140154
"Utility","RSTD",9,100,-106.39,NA,NA,218.78,230.44,0.479448032099754,0.989872474921867,0.165741963904612,0.216038148765623,1.13070551477724,1.20800043705019
"Utility","RSTD",10,100,-102.43,NA,NA,210.86,222.52,0.711294803768396,0.788163986755535,0.73462046292159,0.769610688390024,1.00221528493048,3.30973086307261
"Utility","RSTD",11,100,-118.37,NA,NA,242.74,254.4,0.5048349336721,0.797194604296237,0.992879179578862,0.471562397117817,1.00184486331976,3.5054881726885
"Utility","RSTD",12,100,-251.66,NA,NA,509.32,520.98,0.731893435353413,0.395451756194234,0.0722507755641446,0.0534457744636975,1.00068902905086,1.61817012401298
"Utility","RSTD",13,100,-194.66,NA,NA,395.32,406.98,0.275977379642427,0.511981163173914,0.152395836326651,0.120361564395835,1.00001532768971,3.39124982816227
"Utility","RSTD",14,100,-270.41,NA,NA,546.82,558.48,0.226354157319292,0.16033569118008,0.0625845999691985,0.0490055404142995,1.00011382812626,1.89403793397815
"Utility","RSTD",15,100,-111.05,NA,NA,228.1,239.76,0.315573724219576,0.984172471100464,0.321730385764377,0.248934126251245,1.0674227453513,2.69604673600736
"Utility","RSTD",16,100,-144.35,NA,NA,294.7,306.36,0.540354023920372,0.854036244563758,0.375409716402493,0.371103475143358,1.00011758207325,1.36215214885666
"Utility","RSTD",17,100,-264.81,NA,NA,535.62,547.28,0.66359161795117,0.0660558908712119,0.0733700762680069,0.0536999784628998,1.00027865551941,2.97567781611326
"Utility","RSTD",18,100,-215.39,NA,NA,436.78,448.44,0.973287776112556,0.630256613949314,0.0931769142532958,0.169038106374411,1.00446649944567,1.85552939023347
"Utility","RSTD",19,100,-123.78,NA,NA,253.56,265.22,0.340647828998044,0.988910319516435,0.150609957663191,0.148210363902109,1.0018964245785,1.21139730885625
"Utility","RSTD",20,100,-269.74,NA,NA,545.48,557.14,0.329378831898794,0.0628540490288287,0.0628020053388153,0.0519683093203956,1.00034893712423,3.33967715737489
"Utility","RSTD",21,100,-303.35,NA,NA,612.7,624.36,0.285566801903769,0.0508385861758143,0.0608980842554619,0.0548049216724449,1.00007833377498,1.41009616898373
"Utility","RSTD",22,100,-248.62,NA,NA,503.24,514.9,0.684979062527418,0.438995202770457,0.0793524658767288,0.0588875858470786,1.00032983451592,1.68512896075845
"Utility","RSTD",23,100,-241.07,NA,NA,488.14,499.8,0.529962481698021,0.27115519088693,0.08045325008766,0.0593807717519373,1.00013180231503,3.69503675574873
"Utility","RSTD",24,100,-201.74,NA,NA,409.48,421.14,0.779200294986367,0.728794121881947,0.0962585663315511,0.119575416207977,1.00015342363165,1.16082152445602
"Utility","RSTD",25,100,-281.74,NA,NA,569.48,581.14,0.0281218434683979,0.533772448310629,0.0597395642044899,0.0492871908555202,1.00049965259268,1.2251683762297
"Utility","RSTD",26,100,-284.07,NA,NA,574.14,585.8,0.128862570039928,0.17050133110024,0.0625157122988289,0.0548312637203458,1.00036063560314,2.37515528589011
"Utility","RSTD",27,100,-111,NA,NA,228,239.66,0.980796684976667,0.860091791022569,0.391614612649603,0.73524633798551,1.04125933311064,2.2001721150753
"Utility","RSTD",28,100,-119.23,NA,NA,244.46,256.12,0.633000507717952,0.959949327167124,0.177271826863782,0.285340289388163,1.00025592873541,1.02402024855837
"Utility","RSTD",29,100,-210.07,NA,NA,426.14,437.8,0.234798390883952,0.4054856733419,0.138274270534578,0.0997574845737246,1.00004633860915,4.89528230370438
"Utility","RSTD",30,100,-247.51,NA,NA,501.02,512.68,0.319981756620109,0.632078264839947,0.0940395610376518,0.0664880519979352,1.00002281958152,1.05595874555906
"Utility","RSTD",31,100,-114.65,NA,NA,235.3,246.96,0.417691254755482,0.885661983396858,0.164081258067536,0.162695978633254,1.01632565688662,2.4762263855988
"Utility","RSTD",32,100,-273.12,NA,NA,552.24,563.9,0.119032545015216,0.605491037247702,0.065937089906828,0.0529227157401735,1.00005530774234,1.04599827674373
"Utility","RSTD",33,100,-101.06,NA,NA,208.12,219.78,0.824352919822559,0.753800751408562,0.635155279096598,0.763250069469083,1.07130167337346,3.89878896835935
"Utility","RSTD",34,100,-121.11,NA,NA,248.22,259.88,0.080542077543214,0.69156481907703,0.111481812527291,0.0732948224478853,1.10928311795882,4.2510444371212
"Utility","RSTD",35,100,-253.46,NA,NA,512.92,524.58,0.788759883260354,0.407168375095353,0.0747869981398651,0.0538004314469326,1.00031471861415,1.8810732345608
"Utility","RSTD",36,100,-142.67,NA,NA,291.34,303,0.960197768406942,0.814909122884274,0.93564373552315,0.877590142937765,1.00013791464368,1.49123999522999
"Utility","RSTD",37,100,-252.16,NA,NA,510.32,521.98,0.983733647270128,0.387793875532225,0.0730104714055773,0.0555370835608627,1.00011515813166,1.18421270139515
"Utility","RSTD",38,100,-146.5,NA,NA,299,310.66,0.640330957481638,0.661732341628522,0.116539670938088,0.155798609882419,1.0017213190138,2.1015722423634
"Utility","RSTD",39,100,-125.08,NA,NA,256.16,267.82,0.591888564871624,0.781977394130081,0.166642352011601,0.242204761006799,1.00023935902216,2.17335850927503
"Utility","RSTD",40,100,-130.3,NA,NA,266.6,278.26,0.185236022341996,0.927017299691215,0.134225242511002,0.115901536996464,1.00061453459077,1.40621648728848
"Utility","RSTD",41,100,-206.84,NA,NA,419.68,431.34,0.5952471755445,0.540940156206489,0.120947239447856,0.129181934666617,1.00004288558057,2.71158919288757
"Utility","RSTD",42,100,-275.05,NA,NA,556.1,567.76,0.265401779906824,0.195171546889469,0.0592233432626407,0.0470587206632817,1.00047370244088,1.22695452463968
"Utility","RSTD",43,100,-256.3,NA,NA,518.6,530.26,0.604935176437721,0.398145136190578,0.0750690548318721,0.053569708478431,1.00167338908397,1.04858012497425
"Utility","RSTD",44,100,-179.95,NA,NA,365.9,377.56,0.470244030002505,0.685449249343947,0.10819108144958,0.111935099062404,1.00004268259987,1.6486977073364
"Utility","RSTD",45,100,-249.04,NA,NA,504.08,515.74,0.371720403432846,0.503097830805928,0.0834984099681349,0.0623274325323094,1.00017794546986,1.32283924566582
"Utility","RSTD",46,100,-264.43,NA,NA,534.86,546.52,0.361050225095823,0.370053818682209,0.0632785386162749,0.0521215778005143,1.00004565086053,1.17356707000516
"Utility","RSTD",47,100,-116.77,NA,NA,239.54,251.2,0.594613759312779,0.789667062694207,0.169912729366063,0.231518965354965,1.00039741830846,3.04544003671947
"Utility","RSTD",48,100,-273.2,NA,NA,552.4,564.06,0.628910263301805,0.0369398219045252,0.0619978726573962,0.0512095149334809,1.00006159828082,2.35408596597136
"Utility","RSTD",49,100,-124.03,NA,NA,254.06,265.72,0.254382238723338,0.857857148861513,0.143320037774696,0.123539313189648,1.00419290053921,1.936107955831
"Utility","RSTD",50,100,-208.64,NA,NA,423.28,434.94,0.629901704145595,0.59963444317691,0.107953937117478,0.131348901623904,1.00010035571032,2.13030682034315
"Utility","RSTD",51,100,-237.65,NA,NA,481.3,492.96,0.958562755258754,0.446684151422232,0.0758554069792823,0.0597477076052405,1.00062728196334,2.46860518856885
"Utility","RSTD",52,100,-159.14,NA,NA,324.28,335.94,0.378760501742363,0.716149265645072,0.143363317711501,0.140212971197319,1.00170379585823,2.1838285959837
"Utility","RSTD",53,100,-249.93,NA,NA,505.86,517.52,0.843001339351758,0.428967847023159,0.070576083352949,0.0507357370725753,1.00084901004971,1.43009595386684
"Utility","RSTD",54,100,-122.87,NA,NA,251.74,263.4,0.111280993092805,0.926345025887713,0.0976880384800465,0.0755016581353397,1.29424131009384,2.52358875974062
"Utility","RSTD",55,100,-106.01,NA,NA,218.02,229.68,0.231767056509852,0.779834397835657,0.601466899469292,0.297875761089457,1.00007035196085,4.55762586234994
"Utility","RSTD",56,100,-125.02,NA,NA,256.04,267.7,0.386252531083301,0.815260800998658,0.168692541655439,0.161733893659573,1.00019867004629,2.64474068483968
"Utility","RSTD",57,100,-228.11,NA,NA,462.22,473.88,0.6529874894768,0.670282299863175,0.0945687906639281,0.10670107131289,1.00113436514207,1.1162636061199
"Utility","RSTD",58,100,-258.7,NA,NA,523.4,535.06,0.560497718863189,0.274772666627541,0.0736145131249174,0.0539736021201879,1.00051165052035,1.5290995786691
"Utility","RSTD",59,100,-223.94,NA,NA,453.88,465.54,0.597106330329552,0.589335348224267,0.10329361844922,0.124467573147714,1.00074558357332,1.93161117188157
"Utility","RSTD",60,100,-106.36,NA,NA,218.72,230.38,0.987134294584394,0.800411853706464,0.173314503398903,0.504449814433888,1.00249766183686,2.29764714087815
"Utility","RSTD",61,100,-241.83,NA,NA,489.66,501.32,0.718285634880885,0.565618214197457,0.0761936904670491,0.0532990438965757,1.00041674698404,1.06491599744186
"Utility","RSTD",62,100,-179.75,NA,NA,365.5,377.16,0.125127220060676,0.773224814096466,0.105179407974487,0.0830309068749347,1.0010462931877,1.58329186262563
"Utility","RSTD",63,100,-295.56,NA,NA,597.12,608.78,0.499009405029938,0.0988319513853639,0.0582491537435267,0.0455550565886375,1.00011993177406,1.09243298880756
"Utility","RSTD",64,100,-224.42,NA,NA,454.84,466.5,0.333673485321924,0.454882015939802,0.129519826576912,0.107077243096414,1.00012670900162,3.70696423376415
"Utility","RSTD",65,100,-318.96,NA,NA,643.92,655.58,0.810415166895837,0.0187283449340612,0.055150025950025,0.0434129185816882,1.00079708215709,1.16512183423941
"Utility","RSTD",66,100,-265.56,NA,NA,537.12,548.78,0.461979309096932,0.296923782210797,0.0613767622719105,0.0496961614135669,1.0000873977794,1.45804071612656
"Utility","RSTD",67,100,-259.65,NA,NA,525.3,536.96,0.285626433324069,0.528872283641249,0.0780912027300257,0.0587232529323173,1.00003118128251,1.1472960453744
"Utility","RSTD",68,100,-245.08,NA,NA,496.16,507.82,0.732509626774117,0.600311974063516,0.0890633470858457,0.0981542456906924,1.00001965696661,1.4492717245746
"Utility","RSTD",69,100,-263.3,NA,NA,532.6,544.26,0.977929984452203,0.529096166603267,0.0731643434531125,0.0589818064100656,1.00241458964484,1.75178614688037
"Utility","RSTD",70,100,-260.54,NA,NA,527.08,538.74,0.98177181975916,0.159414226887748,0.0754322313003502,0.0577364297926628,1.00014565301312,1.47737938910723
"Utility","RSTD",71,100,-258.05,NA,NA,522.1,533.76,0.922829337418079,0.366323065012693,0.0747913023406623,0.0553301253056591,1.00017459878678,1.08644307602532
"Utility","RSTD",72,100,-268.95,NA,NA,543.9,555.56,0.437475311337039,0.144657690776512,0.0627749411398647,0.0527148865237839,1.00004720321851,2.51204245735464
"Utility","RSTD",73,100,-131.21,NA,NA,268.42,280.08,0.0812403932213783,0.858433880610391,0.0861835827210738,0.0613261729870448,1.13153616115117,2.57674626609245
"Utility","RSTD",74,100,-251.63,NA,NA,509.26,520.92,0.769064010120928,0.423705151304603,0.0721390145477285,0.0526394340852594,1.00001516844268,1.055009087082
"Utility","RSTD",75,100,-290.7,NA,NA,587.4,599.06,0.27233505435288,0.0992442343849689,0.0580259975357056,0.0512217317297345,1.00004844225527,1.01957268379492
"Utility","RSTD",76,100,-246.94,NA,NA,499.88,511.54,0.714246998308226,0.356464033480734,0.0754584799150701,0.0563199765508372,1.00041449848047,2.33508190601589
"Utility","RSTD",77,100,-135.49,NA,NA,276.98,288.64,0.165105299558491,0.62026000325568,0.136803387127023,0.0947271892369848,1.00034360876257,3.11759630225509
"Utility","RSTD",78,100,-148.05,NA,NA,302.1,313.76,0.948594216490164,0.818483957787976,0.887771603501294,0.872381464352603,1.00009414444284,1.40069885704874
"Utility","RSTD",79,100,-221.02,NA,NA,448.04,459.7,0.641159480903298,0.713674181839451,0.0973386950388403,0.113847758474948,1.00012454193036,1.04148287150446
"Utility","RSTD",80,100,-115.5,NA,NA,237,248.66,0.602592710871249,0.798923129681498,0.182423825287838,0.278460030219209,1.00000994912497,2.65777598732141
"Utility","RSTD",81,100,-122.03,NA,NA,250.06,261.72,0.0268326783552766,0.983408806612715,0.0235135320555978,0.0204859591997749,2.27234856455003,2.42827125892359
"Utility","RSTD",82,100,-281.16,NA,NA,568.32,579.98,0.390374890295789,0.210965643869713,0.0584263473824513,0.0471455401700591,1.00002759637956,1.07093011168763
"Utility","RSTD",83,100,-286.54,NA,NA,579.08,590.74,0.909624356776476,0.0655163209885359,0.0574679196945988,0.0525615592020152,1.00002786820678,1.47955628430628
"Utility","RSTD",84,100,-119.65,NA,NA,245.3,256.96,0.894585720263422,0.928069569170475,0.569164495206089,0.787078558907731,1.00140277592441,1.78467515758694
"Utility","RSTD",85,100,-239.43,NA,NA,484.86,496.52,0.16712597804144,0.591124507132918,0.0935253775403102,0.0639960447142874,1.00004531166367,1.76918393555553
"Utility","RSTD",86,100,-297.61,NA,NA,601.22,612.88,0.0963515317998827,0.187938303221017,0.0595192434672563,0.0525113376610881,1.0001409640031,1.16646143142134
"Utility","RSTD",87,100,-90.39,NA,NA,186.78,198.44,0.812582350103185,0.879132093861699,0.37237077375858,0.711431475656099,8.20866774555772,5.4038753097219
"Utility","RSTD",88,100,-229.12,NA,NA,464.24,475.9,0.448961209738627,0.690639521926641,0.0995639454633176,0.087747303916887,1.00001864672379,1.12322780341732
"Utility","RSTD",89,100,-256.39,NA,NA,518.78,530.44,0.352596259210259,0.519048273330554,0.0922034940808789,0.065393518466876,1.00037769657239,1.77127007111431
"Utility","RSTD",90,100,-262,NA,NA,530,541.66,0.7131295024883,0.112127762287855,0.0747192334248036,0.0548989834637564,1.00008738970884,4.4174234716404
"Utility","RSTD",91,100,-300.95,NA,NA,607.9,619.56,0.102771484525874,0.0985191510990262,0.0610521992249674,0.0538316812892904,1.00022495704671,1.34824017202482
"Utility","RSTD",92,100,-270.78,NA,NA,547.56,559.22,0.14997310237959,0.461772011825815,0.0590830203031577,0.0522208552202664,1.00010268595988,1.26133318960971
"Utility","RSTD",93,100,-145.54,NA,NA,297.08,308.74,0.435881547397003,0.7804279406555,0.149647915771549,0.163312701865799,1.00007398868216,1.68139734584838
"Utility","RSTD",94,100,-101.06,NA,NA,208.12,219.78,0.975024477113038,0.799848798895255,0.151659227941454,0.456025502449755,1.12057247251713,5.33281822849937
"Utility","RSTD",95,100,-229.41,NA,NA,464.82,476.48,0.723246149485931,0.623378630494699,0.0939408103418341,0.113957564804771,1.00018491858576,1.45622572209686
"Utility","RSTD",96,100,-256.33,NA,NA,518.66,530.32,0.323681306792423,0.444453429430723,0.0779645008137336,0.0601699501556155,1.00011804453685,1.44684312446043
"Utility","RSTD",97,100,-256.05,NA,NA,518.1,529.76,0.521510650403798,0.40949847153388,0.0763496544764265,0.0557110160472628,1.00017494138036,1.1181692021126
"Utility","RSTD",98,100,-123.8,NA,NA,253.6,265.26,0.418908317107707,0.978637758642435,0.147490801260451,0.152410783645283,1.00083560795,1.21107809292153
"Utility","RSTD",99,100,-253.51,NA,NA,513.02,524.68,0.78953983867541,0.418743934947997,0.0787305620934098,0.0511446111341693,1.00301514924701,3.49348991278757
"Utility","RSTD",100,100,-266.38,NA,NA,538.76,550.42,0.956703607924283,0.607802340993658,0.0745882005107834,0.0557338301181481,1.00158121546753,1.10866933899654
"Utility","Utility",1,100,-137.99,NA,NA,281.98,293.64,0.285107890376821,0.724670132622123,0.148363676218696,0.780313523069297,2.59820098024509,2.43561604238095
"Utility","Utility",2,100,-196.14,NA,NA,398.28,409.94,0.950232450617477,0.206436974462122,0.783157191151917,0.165861121739033,1.88239725165682,1.3645795173943
"Utility","Utility",3,100,-198.71,NA,NA,403.42,415.08,0.536011227406561,0.200363578274846,0.754295353894737,0.00467484217086293,2.74715039170989,2.00568439900399
"Utility","Utility",4,100,-176.65,NA,NA,359.3,370.96,0.321220333920792,0.649332832079381,0.136833898879084,0.593618101966474,1.72874097298644,1.14288249518722
"Utility","Utility",5,100,-118.27,NA,NA,242.54,254.2,0.525106647517532,0.973066303646192,0.359962925206891,0.965318570666248,1.00112778811046,1.39299949863926
"Utility","Utility",6,100,-113.8,NA,NA,233.6,245.26,0.895209939451888,0.943225271301344,0.857066697782777,0.992043041014946,1.05219681059795,4.35385648889427
"Utility","Utility",7,100,-201.07,NA,NA,408.14,419.8,0.753931205254048,0.197620301274583,0.982280929199028,0.10065602454546,1.65362565776359,1.18983699940145
"Utility","Utility",8,100,-122.83,NA,NA,251.66,263.32,0.0560640415642411,0.783013365231454,0.0416785022751144,0.659686401607313,7.04275858218115,4.41441693140154
"Utility","Utility",9,100,-109.02,NA,NA,224.04,235.7,0.479448032099754,0.989872474921867,0.323935982722017,0.999977604705949,1.00510868955245,1.20800043705019
"Utility","Utility",10,100,-102.42,NA,NA,210.84,222.5,0.711294803768396,0.788163986755535,0.862295965023521,0.67909793776159,4.75150869237507,3.30973086307261
"Utility","Utility",11,100,-119.25,NA,NA,244.5,256.16,0.5048349336721,0.797194604296237,0.458310835402573,0.515855608846039,9.90191561395572,3.5054881726885
"Utility","Utility",12,100,-192.8,NA,NA,391.6,403.26,0.731893435353413,0.395451756194234,0.673939513238925,0.404868088517711,1.00108925802194,1.61817012401298
"Utility","Utility",13,100,-146.61,NA,NA,299.22,310.88,0.275977379642427,0.511981163173914,0.176154401083178,0.529423639365495,3.47922031399697,3.39124982816227
"Utility","Utility",14,100,-204.96,NA,NA,415.92,427.58,0.226354157319292,0.16033569118008,0.248486380907928,0.0108559482520421,2.37889482500915,1.89403793397815
"Utility","Utility",15,100,-110.93,NA,NA,227.86,239.52,0.315573724219576,0.984172471100464,0.26680375143459,0.739768665452937,3.63737746279395,2.69604673600736
"Utility","Utility",16,100,-140.49,NA,NA,286.98,298.64,0.540354023920372,0.854036244563758,0.487258882751795,0.908879427420327,1.00583376828375,1.36215214885666
"Utility","Utility",17,100,-194.69,NA,NA,395.38,407.04,0.66359161795117,0.0660558908712119,0.738740147800403,0.00545052230250971,3.56807801000657,2.97567781611326
"Utility","Utility",18,100,-161.36,NA,NA,328.72,340.38,0.973287776112556,0.630256613949314,0.888445864761664,0.723437525335274,1.13332100329056,1.85552939023347
"Utility","Utility",19,100,-123.77,NA,NA,253.54,265.2,0.340647828998044,0.988910319516435,0.151790663158882,0.993464465050694,1.01003671821426,1.21139730885625
"Utility","Utility",20,100,-203.21,NA,NA,412.42,424.08,0.329378831898794,0.0628540490288287,0.564347492780206,0.00440461215779173,2.37302593981659,3.33967715737489
"Utility","Utility",21,100,-217.97,NA,NA,441.94,453.6,0.285566801903769,0.0508385861758143,0.0226815773197651,0.0151085394889061,1.46647972882676,1.41009616898373
"Utility","Utility",22,100,-190.89,NA,NA,387.78,399.44,0.684979062527418,0.438995202770457,0.585273547723489,0.453286508214785,1.01557660606187,1.68512896075845
"Utility","Utility",23,100,-184.53,NA,NA,375.06,386.72,0.529962481698021,0.27115519088693,0.495341373751092,0.144390753372576,3.73646339042875,3.69503675574873
"Utility","Utility",24,100,-158.61,NA,NA,323.22,334.88,0.779200294986367,0.728794121881947,0.8114863401047,0.672298038179092,1.43214275109145,1.16082152445602
"Utility","Utility",25,100,-206.93,NA,NA,419.86,431.52,0.0281218434683979,0.533772448310629,0.00547165328755921,0.15335412617398,9.72734605168702,1.2251683762297
"Utility","Utility",26,100,-202.27,NA,NA,410.54,422.2,0.128862570039928,0.17050133110024,0.0122305442692043,0.159653684693668,8.06915613677399,2.37515528589011
"Utility","Utility",27,100,-112.81,NA,NA,231.62,243.28,0.980796684976667,0.860091791022569,0.863159734256533,0.999988666166202,1.04600357891788,2.2001721150753
"Utility","Utility",28,100,-120.35,NA,NA,246.7,258.36,0.633000507717952,0.959949327167124,0.733918478753251,0.922400967351731,1.03371472804645,1.02402024855837
"Utility","Utility",29,100,-151.38,NA,NA,308.76,320.42,0.234798390883952,0.4054856733419,0.166064740935027,0.448759141671519,4.5249913006272,4.89528230370438
"Utility","Utility",30,100,-185.62,NA,NA,377.24,388.9,0.319981756620109,0.632078264839947,0.325770156332015,0.466242637528842,1.49617384959405,1.05595874555906
"Utility","Utility",31,100,-114.66,NA,NA,235.32,246.98,0.417691254755482,0.885661983396858,0.166737323436197,0.995538987110792,1.04948841244876,2.4762263855988
"Utility","Utility",32,100,-195.51,NA,NA,397.02,408.68,0.119032545015216,0.605491037247702,0.0479847322384851,0.48662869240498,2.17069574423683,1.04599827674373
"Utility","Utility",33,100,-101.18,NA,NA,208.36,220.02,0.824352919822559,0.753800751408562,0.807831574750135,0.999388919323997,1.08919974046601,3.89878896835935
"Utility","Utility",34,100,-121.12,NA,NA,248.24,259.9,0.080542077543214,0.69156481907703,0.0752037925763361,0.660689073274677,5.59922902625939,4.2510444371212
"Utility","Utility",35,100,-192.03,NA,NA,390.06,401.72,0.788759883260354,0.407168375095353,0.62347646318487,0.44626631219636,1.00144882688526,1.8810732345608
"Utility","Utility",36,100,-141.45,NA,NA,288.9,300.56,0.960197768406942,0.814909122884274,0.898614753706837,0.916726909517995,1.03784585974698,1.49123999522999
"Utility","Utility",37,100,-194.78,NA,NA,395.56,407.22,0.983733647270128,0.387793875532225,0.747330637713482,0.387368552533529,1.00143567879439,1.18421270139515
"Utility","Utility",38,100,-128.79,NA,NA,263.58,275.24,0.640330957481638,0.661732341628522,0.74503942607415,0.788805670126303,1.16921621533429,2.1015722423634
"Utility","Utility",39,100,-128.33,NA,NA,262.66,274.32,0.591888564871624,0.781977394130081,0.476209858914466,0.920464258352519,1.00569081352947,2.17335850927503
"Utility","Utility",40,100,-130.19,NA,NA,266.38,278.04,0.185236022341996,0.927017299691215,0.119901761400277,0.867369029929056,1.72775313239994,1.40621648728848
"Utility","Utility",41,100,-155.36,NA,NA,316.72,328.38,0.5952471755445,0.540940156206489,0.592719900994758,0.708395342909127,1.00242604607755,2.71158919288757
"Utility","Utility",42,100,-207.71,NA,NA,421.42,433.08,0.265401779906824,0.195171546889469,0.400185711310231,0.202564342962198,1.00573984863937,1.22695452463968
"Utility","Utility",43,100,-193.77,NA,NA,393.54,405.2,0.604935176437721,0.398145136190578,0.647194926090217,0.327436915061369,1.34076757699022,1.04858012497425
"Utility","Utility",44,100,-153.56,NA,NA,313.12,324.78,0.470244030002505,0.685449249343947,0.212972603770503,0.794970801643069,1.00032403972247,1.6486977073364
"Utility","Utility",45,100,-189.62,NA,NA,385.24,396.9,0.371720403432846,0.503097830805928,0.44089821202968,0.233566543331245,2.66572232493547,1.32283924566582
"Utility","Utility",46,100,-200.21,NA,NA,406.42,418.08,0.361050225095823,0.370053818682209,0.843316112760504,0.0209355613811452,2.41542848893456,1.17356707000516
"Utility","Utility",47,100,-121.36,NA,NA,248.72,260.38,0.594613759312779,0.789667062694207,0.364432315474111,0.95490375867036,1.00105198876812,3.04544003671947
"Utility","Utility",48,100,-200.37,NA,NA,406.74,418.4,0.628910263301805,0.0369398219045252,0.876320083693261,0.00517350872325513,2.4767584937241,2.35408596597136
"Utility","Utility",49,100,-124.01,NA,NA,254.02,265.68,0.254382238723338,0.857857148861513,0.125676015937177,0.868791057372641,1.82008636799052,1.936107955831
"Utility","Utility",50,100,-161.17,NA,NA,328.34,340,0.629901704145595,0.59963444317691,0.8734234677059,0.340629297558004,8.17301810389063,2.13030682034315
"Utility","Utility",51,100,-191.59,NA,NA,389.18,400.84,0.958562755258754,0.446684151422232,0.943940865367121,0.229506794414216,9.70186742913015,2.46860518856885
"Utility","Utility",52,100,-156.38,NA,NA,318.76,330.42,0.378760501742363,0.716149265645072,0.166446873148123,0.930552826579613,1.01003993014348,2.1838285959837
"Utility","Utility",53,100,-192.74,NA,NA,391.48,403.14,0.843001339351758,0.428967847023159,0.695018288249361,0.411543419520871,1.00354598993982,1.43009595386684
"Utility","Utility",54,100,-122.83,NA,NA,251.66,263.32,0.111280993092805,0.926345025887713,0.0767049230934857,0.772052298774627,3.75902440858722,2.52358875974062
"Utility","Utility",55,100,-106.8,NA,NA,219.6,231.26,0.231767056509852,0.779834397835657,0.301171062891561,0.520129367106444,9.6687613799324,4.55762586234994
"Utility","Utility",56,100,-124.91,NA,NA,255.82,267.48,0.386252531083301,0.815260800998658,0.163177681822355,0.942253550903203,1.21686911379536,2.64474068483968
"Utility","Utility",57,100,-168.61,NA,NA,343.22,354.88,0.6529874894768,0.670282299863175,0.908927237731816,0.294784522283183,9.95410422656207,1.1162636061199
"Utility","Utility",58,100,-196.43,NA,NA,398.86,410.52,0.560497718863189,0.274772666627541,0.841999775804107,0.00656540276794701,3.08779765653851,1.5290995786691
"Utility","Utility",59,100,-165.8,NA,NA,337.6,349.26,0.597106330329552,0.589335348224267,0.881575158578949,0.297193883622752,9.7685313992729,1.93161117188157
"Utility","Utility",60,100,-110.57,NA,NA,227.14,238.8,0.987134294584394,0.800411853706464,0.866951740207193,0.991569507118395,1.01477057224263,2.29764714087815
"Utility","Utility",61,100,-191.56,NA,NA,389.12,400.78,0.718285634880885,0.565618214197457,0.67356788450029,0.472727666666516,1.00065354376384,1.06491599744186
"Utility","Utility",62,100,-170.21,NA,NA,346.42,358.08,0.125127220060676,0.773224814096466,0.0823960670319362,0.717708858238097,2.76194901944231,1.58329186262563
"Utility","Utility",63,100,-219.75,NA,NA,445.5,457.16,0.499009405029938,0.0988319513853639,0.582487232829459,0.0803523168888154,1.0157184143043,1.09243298880756
"Utility","Utility",64,100,-161.99,NA,NA,329.98,341.64,0.333673485321924,0.454882015939802,0.176692540079842,0.547717255410522,2.57161227925756,3.70696423376415
"Utility","Utility",65,100,-231.59,NA,NA,469.18,480.84,0.810415166895837,0.0187283449340612,0.999326803853274,0.00427736401936106,1.00689560426018,1.16512183423941
"Utility","Utility",66,100,-200.21,NA,NA,406.42,418.08,0.461979309096932,0.296923782210797,0.843721510781536,0.0656967305839735,2.09148129865951,1.45804071612656
"Utility","Utility",67,100,-196.21,NA,NA,398.42,410.08,0.285626433324069,0.528872283641249,0.477381407406017,0.337305895127254,1.40107673182929,1.1472960453744
"Utility","Utility",68,100,-173.56,NA,NA,353.12,364.78,0.732509626774117,0.600311974063516,0.907703867143638,0.274952601317886,9.87934606205245,1.4492717245746
"Utility","Utility",69,100,-192.31,NA,NA,390.62,402.28,0.977929984452203,0.529096166603267,0.958759363225746,0.246802407849211,9.04490230484365,1.75178614688037
"Utility","Utility",70,100,-196.19,NA,NA,398.38,410.04,0.98177181975916,0.159414226887748,0.79032309244623,0.124142664058283,2.15033150109883,1.47737938910723
"Utility","Utility",71,100,-195.35,NA,NA,396.7,408.36,0.922829337418079,0.366323065012693,0.702112205363171,0.382033891951032,1.00505178180498,1.08644307602532
"Utility","Utility",72,100,-200.21,NA,NA,406.42,418.08,0.437475311337039,0.144657690776512,0.849886747756815,0.00372589220213996,2.54195717534844,2.51204245735464
"Utility","Utility",73,100,-131.21,NA,NA,268.42,280.08,0.0812403932213783,0.858433880610391,0.0625504087985985,0.718861530455973,4.3125948471224,2.57674626609245
"Utility","Utility",74,100,-192.83,NA,NA,391.66,403.32,0.769064010120928,0.423705151304603,0.676990196750569,0.407880557978653,1.00022867967223,1.055009087082
"Utility","Utility",75,100,-224.79,NA,NA,455.58,467.24,0.27233505435288,0.0992442343849689,0.00752642754867107,0.0164074938930741,1.3127033419484,1.01957268379492
"Utility","Utility",76,100,-191.84,NA,NA,389.68,401.34,0.714246998308226,0.356464033480734,0.639213892945988,0.39250154972968,1.10559280390157,2.33508190601589
"Utility","Utility",77,100,-121.14,NA,NA,248.28,259.94,0.165105299558491,0.62026000325568,0.0967425757985633,0.618647572427452,4.21342134529516,3.11759630225509
"Utility","Utility",78,100,-141.83,NA,NA,289.66,301.32,0.948594216490164,0.818483957787976,0.877912728596885,0.906979784773683,1.034166216494,1.40069885704874
"Utility","Utility",79,100,-165.65,NA,NA,337.3,348.96,0.641159480903298,0.713674181839451,0.905529423549257,0.306276702107864,9.86962702088645,1.04148287150446
"Utility","Utility",80,100,-119.87,NA,NA,245.74,257.4,0.602592710871249,0.798923129681498,0.496772871625362,0.941758236481149,1.00483400776034,2.65777598732141
"Utility","Utility",81,100,-121.98,NA,NA,249.96,261.62,0.0268326783552766,0.983408806612715,0.0214003581457483,0.888500705615025,3.84845500040637,2.42827125892359
"Utility","Utility",82,100,-210.16,NA,NA,426.32,437.98,0.390374890295789,0.210965643869713,0.477691812193962,0.134606713888788,1.14593451391753,1.07093011168763
"Utility","Utility",83,100,-210.66,NA,NA,427.32,438.98,0.909624356776476,0.0655163209885359,0.999551671689142,0.0273775881231189,1.49841466856269,1.47955628430628
"Utility","Utility",84,100,-120.02,NA,NA,246.04,257.7,0.894585720263422,0.928069569170475,0.849615663356081,0.970128531349159,1.04447700834636,1.78467515758694
"Utility","Utility",85,100,-180.11,NA,NA,366.22,377.88,0.16712597804144,0.591124507132918,0.0968250875545356,0.559692645669587,2.6987647691735,1.76918393555553
"Utility","Utility",86,100,-211.61,NA,NA,429.22,440.88,0.0963515317998827,0.187938303221017,0.0145641956913212,0.00391070851123037,1.97437038695571,1.16646143142134
"Utility","Utility",87,100,-90.79,NA,NA,187.58,199.24,0.812582350103185,0.879132093861699,0.875466848537495,0.999520318464688,7.93365195297839,5.4038753097219
"Utility","Utility",88,100,-171.47,NA,NA,348.94,360.6,0.448961209738627,0.690639521926641,0.206712405620209,0.681427556526157,1.19151714420473,1.12322780341732
"Utility","Utility",89,100,-186.66,NA,NA,379.32,390.98,0.352596259210259,0.519048273330554,0.350708452767376,0.382684600806599,1.9117932245285,1.77127007111431
"Utility","Utility",90,100,-194.22,NA,NA,394.44,406.1,0.7131295024883,0.112127762287855,0.69502975171101,0.00341678586169639,3.77680607441682,4.4174234716404
"Utility","Utility",91,100,-214.95,NA,NA,435.9,447.56,0.102771484525874,0.0985191510990262,0.0175369330911311,0.0054720839675651,1.70518013813632,1.34824017202482
"Utility","Utility",92,100,-205.53,NA,NA,417.06,428.72,0.14997310237959,0.461772011825815,0.150123211262204,0.132963024039368,1.75997276940872,1.26133318960971
"Utility","Utility",93,100,-145.78,NA,NA,297.56,309.22,0.435881547397003,0.7804279406555,0.173431494926375,0.96756544984826,1.00015145683943,1.68139734584838
"Utility","Utility",94,100,-103.59,NA,NA,213.18,224.84,0.975024477113038,0.799848798895255,0.888670660438873,0.993782396214452,9.83580895811715,5.33281822849937
"Utility","Utility",95,100,-167.73,NA,NA,341.46,353.12,0.723246149485931,0.623378630494699,0.907976162811346,0.301982864134224,9.87261070014672,1.45622572209686
"Utility","Utility",96,100,-194.21,NA,NA,394.42,406.08,0.323681306792423,0.444453429430723,0.522632731721008,0.155082288864431,2.59024955734101,1.44684312446043
"Utility","Utility",97,100,-193.84,NA,NA,393.68,405.34,0.521510650403798,0.40949847153388,0.637247658816802,0.334917533777514,1.31141561859676,1.1181692021126
"Utility","Utility",98,100,-123.73,NA,NA,253.46,265.12,0.418908317107707,0.978637758642435,0.153725987629156,0.982762777950195,1.00021466535076,1.21107809292153
"Utility","Utility",99,100,-180.1,NA,NA,366.2,377.86,0.78953983867541,0.418743934947997,0.910285739291452,0.243815641067184,9.93478938811798,3.49348991278757
"Utility","Utility",100,100,-193.5,NA,NA,393,404.66,0.956703607924283,0.607802340993658,0.953623872973408,0.251942699435623,8.2309525570768,1.10866933899654
