"simulate_model","fit_model","iteration","ACC","LogL","LogPr","LogPo","AIC","BIC","input_param_1","input_param_2","output_param_1","output_param_2","output_param_3","input_param_3"
"TD","TD",1,100,-135.81,NA,NA,275.62,283.39,0.643091264180839,0.83357874206723,0.872789783996327,0.754750215201721,NA,NA
"TD","TD",2,100,-123.41,NA,NA,250.82,258.59,0.724670132622123,1.43561604238095,0.872346947129326,1.01379392330028,NA,NA
"TD","TD",3,100,-130.86,NA,NA,265.72,273.49,0.950232450617477,2.03779015681686,0.92934343731091,1.01486671126347,NA,NA
"TD","TD",4,100,-201.35,NA,NA,406.7,414.47,0.682289758697152,0.0720224548131227,0.767722794599253,0.0651761587029049,NA,NA
"TD","TD",5,100,-199.39,NA,NA,402.78,410.55,0.200363578274846,1.00568439900399,0.224022523972412,0.66286899772459,NA,NA
"TD","TD",6,100,-180.02,NA,NA,364.04,371.81,0.321220333920792,0.298665664158762,0.58295763268101,0.177032115219446,NA,NA
"TD","TD",7,100,-213.76,NA,NA,431.52,439.29,0.571441247593611,0.0502132950350642,0.794023090722161,0.043224954583596,NA,NA
"TD","TD",8,100,-142.63,NA,NA,289.26,297.03,0.973066303646192,0.392999498639256,0.880117381512192,0.421569574243232,NA,NA
"TD","TD",9,100,-249.53,NA,NA,503.06,510.83,0.895209939451888,0.0054737395918251,0.181464173930624,3.38245612836899e-06,NA,NA
"TD","TD",10,100,-197.62,NA,NA,399.24,407.01,0.0494146177079529,0.507862410508096,0.999908469277098,0.252981024790731,NA,NA
"TD","TD",11,100,-204.93,NA,NA,413.86,421.63,0.197620301274583,0.18983699940145,0.3798558857308,0.0677948783468992,NA,NA
"TD","TD",12,100,-229.54,NA,NA,463.08,470.85,0.0560640415642411,0.566026730462909,0.978158559875243,0.263690148434352,NA,NA
"TD","TD",13,100,-230.72,NA,NA,465.44,473.21,0.051307131536305,1.23247370731968,0.978821897352151,0.270698518638197,NA,NA
"TD","TD",14,100,-177.14,NA,NA,358.28,366.05,0.989872474921867,0.208000437050192,0.819778929071745,0.21187772820065,NA,NA
"TD","TD",15,100,-147.71,NA,NA,299.42,307.19,0.711294803768396,0.57632797351107,0.801517747815488,0.569206478314863,NA,NA
"TD","TD",16,100,-249.54,NA,NA,503.08,510.85,0.0768930825870484,0.00966986734420061,0.225295663911427,1.07493577121441e-06,NA,NA
"TD","TD",17,100,-119.73,NA,NA,243.46,251.23,0.797194604296237,2.5054881726885,0.872836007324936,1.06898521073216,NA,NA
"TD","TD",18,100,-126.91,NA,NA,257.82,265.59,0.731893435353413,1.27495420533688,0.870990027137988,0.951747592918395,NA,NA
"TD","TD",19,100,-129.47,NA,NA,262.94,270.71,0.809085062006488,0.797056699129653,0.875966430210273,0.827588113183763,NA,NA
"TD","TD",20,100,-160.41,NA,NA,324.82,332.59,0.511981163173914,2.39124982816227,0.849249361069964,0.56225253647993,NA,NA
"TD","TD",21,100,-187.07,NA,NA,378.14,385.91,0.226354157319292,1.66897989056053,0.236783691769495,0.747135774364866,NA,NA
"TD","TD",22,100,-194.19,NA,NA,392.38,400.15,0.300222688354552,0.955442077438247,0.824258005350241,0.377850383170219,NA,NA
"TD","TD",23,100,-139,NA,NA,282,289.77,0.984172471100464,1.69604673600736,0.962628979797274,0.882249842459827,NA,NA
"TD","TD",24,100,-177.65,NA,NA,359.3,367.07,0.540354023920372,0.234106497689865,0.708379404747901,0.187129712206961,NA,NA
"TD","TD",25,100,-157.52,NA,NA,319.04,326.81,0.870058757020161,0.327183235902339,0.833750444451103,0.324409467469333,NA,NA
"TD","TD",26,100,-199.85,NA,NA,403.7,411.47,0.0660558908712119,1.97567781611326,0.130689487433267,0.808317704643407,NA,NA
"TD","TD",27,100,-168.54,NA,NA,341.08,348.85,0.973287776112556,0.260513227898628,0.845987632837356,0.269392151208388,NA,NA
"TD","TD",28,100,-191.78,NA,NA,387.56,395.33,0.290595552418381,1.05573849655212,0.834767071833586,0.392662056769301,NA,NA
"TD","TD",29,100,-175.34,NA,NA,354.68,362.45,0.988910319516435,0.211397308856249,0.839012500034626,0.221952850489172,NA,NA
"TD","TD",30,100,-183.51,NA,NA,371.02,378.79,0.329378831898794,2.0851063261411,0.3138968145866,0.845274589761837,NA,NA
"TD","TD",31,100,-224.49,NA,NA,452.98,460.75,0.11878991080448,0.835414388175023,0.173572023401301,0.632844127255597,NA,NA
"TD","TD",32,100,-193.63,NA,NA,391.26,399.03,0.0508385861758143,0.410096168983728,0.0497153071541121,0.392089546553249,NA,NA
"TD","TD",33,100,-138.61,NA,NA,281.22,288.99,0.684979062527418,0.756628525771442,0.872688964515603,0.729444653981696,NA,NA
"TD","TD",34,100,-201.11,NA,NA,406.22,413.99,0.842564480379224,0.0599249633960426,0.7732577009192,0.0646699085622602,NA,NA
"TD","TD",35,100,-181.8,NA,NA,367.6,375.37,0.27115519088693,2.69503675574873,0.256336680230853,0.87547863538368,NA,NA
"TD","TD",36,100,-129.53,NA,NA,263.06,270.83,0.779200294986367,0.457588243763894,0.856447341722682,0.479875880325394,NA,NA
"TD","TD",37,100,-139,NA,NA,282,289.77,0.982565350597724,3.92570209977795,0.962628979797274,0.882249842459827,NA,NA
"TD","TD",38,100,-178.6,NA,NA,361.2,368.97,0.533772448310629,0.225168376229703,0.712825025508858,0.182070698684061,NA,NA
"TD","TD",39,100,-200.23,NA,NA,404.46,412.23,0.128862570039928,1.75030500992181,0.853029342098112,0.350414439473819,NA,NA
"TD","TD",40,100,-202.53,NA,NA,409.06,416.83,0.420502026332542,0.0828633031448371,0.724451756819199,0.0622070046634833,NA,NA
"TD","TD",41,100,-129.33,NA,NA,262.66,270.43,0.860091791022569,1.2001721150753,0.891086274339642,0.879741227401023,NA,NA
"TD","TD",42,100,-159.05,NA,NA,322.1,329.87,0.633000507717952,0.316391955215622,0.732668108397657,0.29250703865156,NA,NA
"TD","TD",43,100,-160.41,NA,NA,324.82,332.59,0.512010124279186,2.01376353887389,0.849249361069964,0.56225253647993,NA,NA
"TD","TD",44,100,-177.08,NA,NA,358.16,365.93,0.4054856733419,3.89528230370438,0.352858544707301,0.86295935749363,NA,NA
"TD","TD",45,100,-185.86,NA,NA,375.72,383.49,0.319981756620109,0.264156529679894,0.499503819632433,0.144487535960468,NA,NA
"TD","TD",46,100,-141.97,NA,NA,287.94,295.71,0.947748523205519,1.36391219958187,0.934877414653868,0.856954930392745,NA,NA
"TD","TD",47,100,-133.97,NA,NA,271.94,279.71,0.885661983396858,1.4762263855988,0.894572503119775,0.878366658125261,NA,NA
"TD","TD",48,100,-205.03,NA,NA,414.06,421.83,0.119032545015216,0.210982074495405,0.754624605890483,0.0566656692533856,NA,NA
"TD","TD",49,100,-142.24,NA,NA,288.48,296.25,0.931592519162223,0.648705839645118,0.911316752398327,0.699156132503591,NA,NA
"TD","TD",50,100,-119.73,NA,NA,243.46,251.23,0.753800751408562,2.89878896835935,0.872836007324936,1.06898521073216,NA,NA
"TD","TD",51,100,-201.45,NA,NA,406.9,414.67,0.080542077543214,0.38312963815406,0.846604085383072,0.070329624190679,NA,NA
"TD","TD",52,100,-231.38,NA,NA,466.76,474.53,0.0462017410900444,0.577519766520709,0.999997188142815,0.278062004280263,NA,NA
"TD","TD",53,100,-184.79,NA,NA,373.58,381.35,0.407168375095353,0.8810732345608,0.299942756722138,0.726471544356729,NA,NA
"TD","TD",54,100,-144.58,NA,NA,293.16,300.93,0.960197768406942,0.629818245768547,0.919621893917712,0.703290543970773,NA,NA
"TD","TD",55,100,-199.48,NA,NA,402.96,410.73,0.745619997614995,0.0838289222957155,0.743046045593015,0.0718171668730278,NA,NA
"TD","TD",56,100,-190.67,NA,NA,385.34,393.11,0.387793875532225,0.184212701395154,0.595425033268378,0.113659673846509,NA,NA
"TD","TD",57,100,-157.9,NA,NA,319.8,327.57,0.640330957481638,0.323464683257043,0.731870233205707,0.29601817391932,NA,NA
"TD","TD",58,100,-190.22,NA,NA,384.44,392.21,0.46626549679786,0.183777129743248,0.592365285764607,0.117235091503706,NA,NA
"TD","TD",59,100,-126.4,NA,NA,256.8,264.57,0.781977394130081,1.17335850927503,0.874921812249591,0.965634276608592,NA,NA
"TD","TD",60,100,-204.75,NA,NA,413.5,421.27,0.185236022341996,0.162097267924749,0.781134428228093,0.0576050510212222,NA,NA
"TD","TD",61,100,-180.98,NA,NA,365.96,373.73,0.703108243644238,0.190494351089001,0.753518576703751,0.161927246567537,NA,NA
"TD","TD",62,100,-154.96,NA,NA,313.92,321.69,0.540940156206489,1.71158919288757,0.854899243201819,0.591783852153151,NA,NA
"TD","TD",63,100,-180.13,NA,NA,364.26,372.03,0.265401779906824,1.94766673623564,0.265415302560423,0.875331190063904,NA,NA
"TD","TD",64,100,-177.96,NA,NA,359.92,367.69,0.897607917198911,0.209870352875441,0.819221983260343,0.207878867518849,NA,NA
"TD","TD",65,100,-214.57,NA,NA,433.14,440.91,0.398145136190578,0.0485801249742508,0.80951966936808,0.0410964145259274,NA,NA
"TD","TD",66,100,-152.05,NA,NA,308.1,315.87,0.470244030002505,0.370898498687893,0.776739382280936,0.337512943409359,NA,NA
"TD","TD",67,100,-125.91,NA,NA,255.82,263.59,0.824348853668198,1.18002879429133,0.875906844437067,0.969756867425484,NA,NA
"TD","TD",68,100,-161.08,NA,NA,326.16,333.93,0.503097830805928,0.322839245665818,0.71405517280888,0.275661293776181,NA,NA
"TD","TD",69,100,-189.89,NA,NA,383.78,391.55,0.361050225095823,1.17336245528878,0.82662187275108,0.394141795129025,NA,NA
"TD","TD",70,100,-182.36,NA,NA,368.72,376.49,0.964988884748891,0.189227518625557,0.835101606892004,0.158094185184622,NA,NA
"TD","TD",71,100,-119.73,NA,NA,243.46,251.23,0.789667062694207,2.04544003671947,0.872836007324936,1.06898521073216,NA,NA
"TD","TD",72,100,-123.4,NA,NA,250.8,258.57,0.628910263301805,2.95466302318459,0.871766195838788,1.00757544653257,NA,NA
"TD","TD",73,100,-203.72,NA,NA,411.44,419.21,0.415234696352854,0.710676135453296,0.79996461006266,0.302715933090122,NA,NA
"TD","TD",74,100,-125.63,NA,NA,255.26,263.03,0.857857148861513,0.936107955831003,0.895131660595218,0.831270974895435,NA,NA
"TD","TD",75,100,-179.76,NA,NA,363.52,371.29,0.629901704145595,0.199268886353821,0.738244784429199,0.177548199869322,NA,NA
"TD","TD",76,100,-164.56,NA,NA,333.12,340.89,0.359289909945801,0.364497002285354,0.280990055600248,0.296451789655272,NA,NA
"TD","TD",77,100,-168.61,NA,NA,341.22,348.99,0.446684151422232,1.46860518856885,0.845232700902477,0.51329403687563,NA,NA
"TD","TD",78,100,-165.59,NA,NA,335.18,342.95,0.378760501742363,0.432298531290144,0.293423577039679,0.379253520986903,NA,NA
"TD","TD",79,100,-204.89,NA,NA,413.78,421.55,0.372670353855938,0.686002678703517,0.799844960094995,0.296804366834752,NA,NA
"TD","TD",80,100,-157.05,NA,NA,318.1,325.87,0.428967847023159,0.430095953866839,0.748572165155822,0.327032547443124,NA,NA
"TD","TD",81,100,-221.35,NA,NA,446.7,454.47,0.111280993092805,0.0420480497825296,0.440900553152649,0.0349134368470221,NA,NA
"TD","TD",82,100,-196.03,NA,NA,396.06,403.83,0.142161799827591,1.60663627263189,0.857076559765042,0.372248995243827,NA,NA
"TD","TD",83,100,-119.73,NA,NA,243.46,251.23,0.779834397835657,3.55762586234994,0.872836007324936,1.06898521073216,NA,NA
"TD","TD",84,100,-214.92,NA,NA,433.84,441.61,0.386252531083301,0.630521601997316,0.802607206510913,0.265256188721204,NA,NA
"TD","TD",85,100,-189.5,NA,NA,383,390.77,0.23896856745705,0.3059749789536,0.296141912579421,0.16292989641757,NA,NA
"TD","TD",86,100,-194.18,NA,NA,392.36,400.13,0.670282299863175,0.116263606119901,0.581015256536167,0.106424256061481,NA,NA
"TD","TD",87,100,-148.97,NA,NA,301.94,309.71,0.560497718863189,0.79223784707011,0.862327057778892,0.638652853823255,NA,NA
"TD","TD",88,100,-182.48,NA,NA,368.96,376.73,0.915246691787615,0.194212660659105,0.825961359375984,0.155724853764748,NA,NA
"TD","TD",89,100,-141.37,NA,NA,286.74,294.51,0.589335348224267,0.931611171881569,0.864757126732078,0.704931570710549,NA,NA
"TD","TD",90,100,-144.58,NA,NA,293.16,300.93,0.987134294584394,0.600823707412928,0.919621893917712,0.703290543970773,NA,NA
"TD","TD",91,100,-158.46,NA,NA,320.92,328.69,0.401124990079552,0.436571269761771,0.723802889130009,0.313452671708888,NA,NA
"TD","TD",92,100,-202.55,NA,NA,409.1,416.87,0.565618214197457,0.0649159974418581,0.726012118512087,0.0631590020283661,NA,NA
"TD","TD",93,100,-218.44,NA,NA,440.88,448.65,0.125127220060676,0.546449628192931,0.187617850138778,0.392705508299387,NA,NA
"TD","TD",94,100,-132.48,NA,NA,268.96,276.73,0.791645931312814,0.766796249431272,0.875235914693072,0.790388076051311,NA,NA
"TD","TD",95,100,-203.6,NA,NA,411.2,418.97,0.0988319513853639,0.092432988807559,0.043078508960033,0.0699790902018592,NA,NA
"TD","TD",96,100,-193.47,NA,NA,390.94,398.71,0.333673485321924,0.79963922020125,0.838109628460669,0.377781472639861,NA,NA
"TD","TD",97,100,-217.49,NA,NA,438.98,446.75,0.10172016825527,0.620830333791673,0.964186844219597,0.273896679828957,NA,NA
"TD","TD",98,100,-197.31,NA,NA,398.62,406.39,0.0187283449340612,0.165121834239408,0.0223785274337565,0.151620568876245,NA,NA
"TD","TD",99,100,-178.57,NA,NA,361.14,368.91,0.461979309096932,0.880842309403134,0.84112674330766,0.444982709439242,NA,NA
"TD","TD",100,100,-129.97,NA,NA,263.94,271.71,0.729020358063281,0.83565291385622,0.875725208172226,0.823537691919431,NA,NA
"TD","RSTD",1,100,-116.24,NA,NA,238.48,250.14,0.643091264180839,0.83357874206723,0.979223522710794,0.82119802358205,0.797513318276729,NA
"TD","RSTD",2,100,-98.45,NA,NA,202.9,214.56,0.724670132622123,1.43561604238095,0.955231683585319,0.829072251122912,1.16824270061943,NA
"TD","RSTD",3,100,-110.35,NA,NA,226.7,238.36,0.950232450617477,2.03779015681686,0.917894648723717,0.891051017475699,5.99999765025559,NA
"TD","RSTD",4,100,-199.63,NA,NA,405.26,416.92,0.682289758697152,0.0720224548131227,0.609687871080805,0.996193133657055,0.0715086440134949,NA
"TD","RSTD",5,100,-153.72,NA,NA,313.44,325.1,0.200363578274846,1.00568439900399,0.978775320117646,0.330519482506434,0.668044391303225,NA
"TD","RSTD",6,100,-178.18,NA,NA,362.36,374.02,0.321220333920792,0.298665664158762,0.867088365175622,0.610653693992015,0.188330732699945,NA
"TD","RSTD",7,100,-212.67,NA,NA,431.34,443,0.571441247593611,0.0502132950350642,0.61023619550557,0.999623989688264,0.0454573047253028,NA
"TD","RSTD",8,100,-140.68,NA,NA,287.36,299.02,0.973066303646192,0.392999498639256,0.954642515651835,0.855079629293824,0.418581105688975,NA
"TD","RSTD",9,100,-249.53,NA,NA,505.06,516.72,0.895209939451888,0.0054737395918251,0.762842161768892,0.351518183275075,3.19914229498436e-06,NA
"TD","RSTD",10,100,-197.62,NA,NA,401.24,412.9,0.0494146177079529,0.507862410508096,0.999906663509963,0.998668136765346,0.254114616040264,NA
"TD","RSTD",11,100,-204.05,NA,NA,414.1,425.76,0.197620301274583,0.18983699940145,0.480604640537042,0.943686314718313,0.0604059817560797,NA
"TD","RSTD",12,100,-229.52,NA,NA,465.04,476.7,0.0560640415642411,0.566026730462909,0.987229388426619,0.967794690404322,0.264615693859632,NA
"TD","RSTD",13,100,-223.5,NA,NA,453,464.66,0.051307131536305,1.23247370731968,0.999701424540889,0.345677537451966,0.521661291393917,NA
"TD","RSTD",14,100,-177.13,NA,NA,360.26,371.92,0.989872474921867,0.208000437050192,0.834192488484704,0.812612297082277,0.211232190775325,NA
"TD","RSTD",15,100,-144.04,NA,NA,294.08,305.74,0.711294803768396,0.57632797351107,0.910011333845491,0.784410944617136,0.572021090389862,NA
"TD","RSTD",16,100,-249.56,NA,NA,505.12,516.78,0.0768930825870484,0.00966986734420061,0.998102831795204,0.519556861386594,5.49391953529763e-06,NA
"TD","RSTD",17,100,-94.06,NA,NA,194.12,205.78,0.797194604296237,2.5054881726885,0.908401609659464,0.881181067040611,7.76852105363627,NA
"TD","RSTD",18,100,-102.25,NA,NA,210.5,222.16,0.731893435353413,1.27495420533688,0.960419231966934,0.822740727669692,1.0541676692228,NA
"TD","RSTD",19,100,-110.21,NA,NA,226.42,238.08,0.809085062006488,0.797056699129653,0.970285189348436,0.830018902966662,0.869822940464788,NA
"TD","RSTD",20,100,-119.52,NA,NA,245.04,256.7,0.511981163173914,2.39124982816227,0.977294311610042,0.503380625241508,0.849307560674676,NA
"TD","RSTD",21,100,-140,NA,NA,286,297.66,0.226354157319292,1.66897989056053,0.974221140227046,0.342017562927719,0.743642597836301,NA
"TD","RSTD",22,100,-143,NA,NA,292,303.66,0.300222688354552,0.955442077438247,0.995874836457444,0.419108705206245,0.623427087250727,NA
"TD","RSTD",23,100,-105.93,NA,NA,217.86,229.52,0.984172471100464,1.69604673600736,0.944457502856112,0.894048435451195,9.64135503633293,NA
"TD","RSTD",24,100,-176.16,NA,NA,358.32,369.98,0.540354023920372,0.234106497689865,0.911049729882568,0.705716345261476,0.197886279304075,NA
"TD","RSTD",25,100,-156.82,NA,NA,319.64,331.3,0.870058757020161,0.327183235902339,0.911550931788673,0.822574798274506,0.323034577770929,NA
"TD","RSTD",26,100,-142.97,NA,NA,291.94,303.6,0.0660558908712119,1.97567781611326,0.970591977199887,0.240152246961529,0.856762739807771,NA
"TD","RSTD",27,100,-168.19,NA,NA,342.38,354.04,0.973287776112556,0.260513227898628,0.910520543195169,0.838898864338348,0.269278180022393,NA
"TD","RSTD",28,100,-148.15,NA,NA,302.3,313.96,0.290595552418381,1.05573849655212,0.982399782701397,0.367815243583516,0.638976105433062,NA
"TD","RSTD",29,100,-175.01,NA,NA,356.02,367.68,0.988910319516435,0.211397308856249,0.913349448633794,0.833620585484456,0.226752388313965,NA
"TD","RSTD",30,100,-117.95,NA,NA,241.9,253.56,0.329378831898794,2.0851063261411,0.975353586033032,0.422206382186363,0.853373571404396,NA
"TD","RSTD",31,100,-181.99,NA,NA,369.98,381.64,0.11878991080448,0.835414388175023,0.997015806542335,0.306229436377314,0.607996526681711,NA
"TD","RSTD",32,100,-195.31,NA,NA,396.62,408.28,0.0508385861758143,0.410096168983728,0.788995005533387,0.96827581465476,0.0761845093703508,NA
"TD","RSTD",33,100,-119.15,NA,NA,244.3,255.96,0.684979062527418,0.756628525771442,0.980915890263831,0.817980850150365,0.757993864479351,NA
"TD","RSTD",34,100,-199.51,NA,NA,405.02,416.68,0.842564480379224,0.0599249633960426,0.63170485555217,0.997511694006115,0.0711566318737858,NA
"TD","RSTD",35,100,-120.7,NA,NA,247.4,259.06,0.27115519088693,2.69503675574873,0.964090743505754,0.358177250844711,0.869357415425905,NA
"TD","RSTD",36,100,-123.77,NA,NA,253.54,265.2,0.779200294986367,0.457588243763894,0.961736411404618,0.821765450374561,0.48467087028728,NA
"TD","RSTD",37,100,-105.93,NA,NA,217.86,229.52,0.982565350597724,3.92570209977795,0.944457502856112,0.894048435451195,9.64135503633293,NA
"TD","RSTD",38,100,-177.44,NA,NA,360.88,372.54,0.533772448310629,0.225168376229703,0.900482274130466,0.710914065505433,0.190650425434098,NA
"TD","RSTD",39,100,-167.39,NA,NA,340.78,352.44,0.128862570039928,1.75030500992181,0.975056333189513,0.30383867286684,0.692860484258039,NA
"TD","RSTD",40,100,-200.97,NA,NA,407.94,419.6,0.420502026332542,0.0828633031448371,0.585378930777159,0.995770376351131,0.0664329029058275,NA
"TD","RSTD",41,100,-114.25,NA,NA,234.5,246.16,0.860091791022569,1.2001721150753,0.972379997709777,0.854161826528541,0.92588931585488,NA
"TD","RSTD",42,100,-157.14,NA,NA,320.28,331.94,0.633000507717952,0.316391955215622,0.893146282986655,0.728132743325127,0.296757870122473,NA
"TD","RSTD",43,100,-119.52,NA,NA,245.04,256.7,0.512010124279186,2.01376353887389,0.977294311610042,0.503380625241508,0.849307560674676,NA
"TD","RSTD",44,100,-111.85,NA,NA,229.7,241.36,0.4054856733419,3.89528230370438,0.972877336272354,0.460694566279753,0.951987455563844,NA
"TD","RSTD",45,100,-184.89,NA,NA,375.78,387.44,0.319981756620109,0.264156529679894,0.625019367774285,0.442754286646136,0.133574169211927,NA
"TD","RSTD",46,100,-120.99,NA,NA,247.98,259.64,0.947748523205519,1.36391219958187,0.993344959124646,0.875023463842298,0.907448953401381,NA
"TD","RSTD",47,100,-120.71,NA,NA,247.42,259.08,0.885661983396858,1.4762263855988,0.972486273469998,0.8604943688476,0.92501738180142,NA
"TD","RSTD",48,100,-203.89,NA,NA,413.78,425.44,0.119032545015216,0.210982074495405,0.611907455593468,0.999641201728912,0.0609793025420676,NA
"TD","RSTD",49,100,-135.34,NA,NA,276.68,288.34,0.931592519162223,0.648705839645118,0.972650805588613,0.874038135902621,0.711062724101766,NA
"TD","RSTD",50,100,-94.06,NA,NA,194.12,205.78,0.753800751408562,2.89878896835935,0.908401609659464,0.881181067040611,7.76852105363627,NA
"TD","RSTD",51,100,-201.16,NA,NA,408.32,419.98,0.080542077543214,0.38312963815406,0.780328447153531,0.969613886306752,0.0727792631041743,NA
"TD","RSTD",52,100,-231.39,NA,NA,468.78,480.44,0.0462017410900444,0.577519766520709,0.999911148435333,0.994541405179719,0.275692623383162,NA
"TD","RSTD",53,100,-130.5,NA,NA,267,278.66,0.407168375095353,0.8810732345608,0.989489042745803,0.458924341018212,0.698501002606907,NA
"TD","RSTD",54,100,-135.6,NA,NA,277.2,288.86,0.960197768406942,0.629818245768547,0.984317204422758,0.873179861229645,0.701786947406223,NA
"TD","RSTD",55,100,-198.22,NA,NA,402.44,414.1,0.745619997614995,0.0838289222957155,0.641376191912174,0.987781076729036,0.0740037220271641,NA
"TD","RSTD",56,100,-190.57,NA,NA,387.14,398.8,0.387793875532225,0.184212701395154,0.631117589361471,0.561756209191374,0.112963949155813,NA
"TD","RSTD",57,100,-155.98,NA,NA,317.96,329.62,0.640330957481638,0.323464683257043,0.889019756932515,0.732242955866547,0.304898606768323,NA
"TD","RSTD",58,100,-190.13,NA,NA,386.26,397.92,0.46626549679786,0.183777129743248,0.621489054307043,0.572770890989502,0.114919079304589,NA
"TD","RSTD",59,100,-104.74,NA,NA,215.48,227.14,0.781977394130081,1.17335850927503,0.961892727296043,0.835596382771421,1.06266233881141,NA
"TD","RSTD",60,100,-203.69,NA,NA,413.38,425.04,0.185236022341996,0.162097267924749,0.629479148314588,0.998198063138393,0.0603780891790982,NA
"TD","RSTD",61,100,-180.7,NA,NA,367.4,379.06,0.703108243644238,0.190494351089001,0.842451767793497,0.74351044078951,0.164120953382795,NA
"TD","RSTD",62,100,-119.35,NA,NA,244.7,256.36,0.540940156206489,1.71158919288757,0.976712464628521,0.541361676696333,0.827879665724764,NA
"TD","RSTD",63,100,-120.78,NA,NA,247.56,259.22,0.265401779906824,1.94766673623564,0.965403588008597,0.361406638365638,0.860046389447366,NA
"TD","RSTD",64,100,-177.63,NA,NA,361.26,372.92,0.897607917198911,0.209870352875441,0.913694371696318,0.817612045764881,0.210484093315338,NA
"TD","RSTD",65,100,-213.39,NA,NA,432.78,444.44,0.398145136190578,0.0485801249742508,0.574051560298135,0.99951303977969,0.0438240612915124,NA
"TD","RSTD",66,100,-144.16,NA,NA,294.32,305.98,0.470244030002505,0.370898498687893,0.965627047951192,0.723998651377739,0.343059652664341,NA
"TD","RSTD",67,100,-104.7,NA,NA,215.4,227.06,0.824348853668198,1.18002879429133,0.959050943804433,0.835427305273137,1.0695919765725,NA
"TD","RSTD",68,100,-159.13,NA,NA,324.26,335.92,0.503097830805928,0.322839245665818,0.886774747469596,0.711528847530229,0.282121696421756,NA
"TD","RSTD",69,100,-141.75,NA,NA,289.5,301.16,0.361050225095823,1.17336245528878,0.99203013968535,0.422425946609416,0.650451847075338,NA
"TD","RSTD",70,100,-181.83,NA,NA,369.66,381.32,0.964988884748891,0.189227518625557,0.951260253848114,0.821671192591849,0.167538446415917,NA
"TD","RSTD",71,100,-94.06,NA,NA,194.12,205.78,0.789667062694207,2.04544003671947,0.908401609659464,0.881181067040611,7.76852105363627,NA
"TD","RSTD",72,100,-98.44,NA,NA,202.88,214.54,0.628910263301805,2.95466302318459,0.955389780030614,0.828189392069032,1.16847479165416,NA
"TD","RSTD",73,100,-155.47,NA,NA,316.94,328.6,0.415234696352854,0.710676135453296,0.992256285910143,0.449504052274885,0.550297453110802,NA
"TD","RSTD",74,100,-112.38,NA,NA,230.76,242.42,0.857857148861513,0.936107955831003,0.97278183260067,0.857277930835781,0.879843005960641,NA
"TD","RSTD",75,100,-179.63,NA,NA,365.26,376.92,0.629901704145595,0.199268886353821,0.815262993086592,0.74097376049404,0.179054741283158,NA
"TD","RSTD",76,100,-164.51,NA,NA,335.02,346.68,0.359289909945801,0.364497002285354,0.301330020409493,0.281937052788349,0.290539788780909,NA
"TD","RSTD",77,100,-128.64,NA,NA,263.28,274.94,0.446684151422232,1.46860518856885,0.98796249961828,0.501199830787009,0.733409546158081,NA
"TD","RSTD",78,100,-151.73,NA,NA,309.46,321.12,0.378760501742363,0.432298531290144,0.970769171588333,0.490292108218413,0.331472573159196,NA
"TD","RSTD",79,100,-157.55,NA,NA,321.1,332.76,0.372670353855938,0.686002678703517,0.997329773792727,0.448983812015973,0.532899179230532,NA
"TD","RSTD",80,100,-148.32,NA,NA,302.64,314.3,0.428967847023159,0.430095953866839,0.951677852742025,0.656813748907649,0.332851853724263,NA
"TD","RSTD",81,100,-221.22,NA,NA,448.44,460.1,0.111280993092805,0.0420480497825296,0.265313588706316,0.137409373623798,0.0363447537162474,NA
"TD","RSTD",82,100,-162.87,NA,NA,331.74,343.4,0.142161799827591,1.60663627263189,0.975617887500076,0.329235191109091,0.689867906781695,NA
"TD","RSTD",83,100,-94.06,NA,NA,194.12,205.78,0.779834397835657,3.55762586234994,0.908401609659464,0.881181067040611,7.76852105363627,NA
"TD","RSTD",84,100,-170.52,NA,NA,347.04,358.7,0.386252531083301,0.630521601997316,0.99995535942348,0.414146302075333,0.489275676582682,NA
"TD","RSTD",85,100,-187.31,NA,NA,380.62,392.28,0.23896856745705,0.3059749789536,0.445856540155942,0.252923380451531,0.129702692708765,NA
"TD","RSTD",86,100,-194.14,NA,NA,394.28,405.94,0.670282299863175,0.116263606119901,0.566956591611941,0.616219690785028,0.106926844831341,NA
"TD","RSTD",87,100,-126.09,NA,NA,258.18,269.84,0.560497718863189,0.79223784707011,0.994360138208419,0.777382500184988,0.666140128806427,NA
"TD","RSTD",88,100,-181.84,NA,NA,369.68,381.34,0.915246691787615,0.194212660659105,0.950650693892848,0.805409360846428,0.166684497984628,NA
"TD","RSTD",89,100,-118.19,NA,NA,242.38,254.04,0.589335348224267,0.931611171881569,0.985565439679339,0.78718493083405,0.730901885491326,NA
"TD","RSTD",90,100,-135.6,NA,NA,277.2,288.86,0.987134294584394,0.600823707412928,0.984317204422758,0.873179861229645,0.701786947406223,NA
"TD","RSTD",91,100,-148.01,NA,NA,302.02,313.68,0.401124990079552,0.436571269761771,0.952422869713308,0.584362622111014,0.331771754746874,NA
"TD","RSTD",92,100,-201.09,NA,NA,408.18,419.84,0.565618214197457,0.0649159974418581,0.612897417720956,0.993970581202447,0.0644644117730856,NA
"TD","RSTD",93,100,-217.71,NA,NA,441.42,453.08,0.125127220060676,0.546449628192931,0.214274105115777,0.183423225852395,0.364008812625786,NA
"TD","RSTD",94,100,-113.36,NA,NA,232.72,244.38,0.791645931312814,0.766796249431272,0.977785710344746,0.826456929460896,0.832181546589136,NA
"TD","RSTD",95,100,-202.95,NA,NA,411.9,423.56,0.0988319513853639,0.092432988807559,0.049203021393126,0.0148135991703541,0.0701859266075479,NA
"TD","RSTD",96,100,-149.7,NA,NA,305.4,317.06,0.333673485321924,0.79963922020125,0.997263856374734,0.435590145763696,0.621444066368242,NA
"TD","RSTD",97,100,-213.8,NA,NA,433.6,445.26,0.10172016825527,0.620830333791673,0.999969609511607,0.855962298117703,0.290382895341637,NA
"TD","RSTD",98,100,-196.77,NA,NA,399.54,411.2,0.0187283449340612,0.165121834239408,0.0214189930585866,0.00689839633098472,0.150731595493446,NA
"TD","RSTD",99,100,-140.67,NA,NA,287.34,299,0.461979309096932,0.880842309403134,0.999456333666555,0.518861957518953,0.646762535780844,NA
"TD","RSTD",100,100,-110.23,NA,NA,226.46,238.12,0.729020358063281,0.83565291385622,0.969764466997701,0.828306356996867,0.879377545171887,NA
"TD","Utility",1,100,-134.39,NA,NA,274.78,286.44,0.643091264180839,0.83357874206723,0.935898968678071,0.492829023578401,9.82139819649326,NA
"TD","Utility",2,100,-121.15,NA,NA,248.3,259.96,0.724670132622123,1.43561604238095,0.929615398175899,0.544999279774746,9.95672526967488,NA
"TD","Utility",3,100,-130.44,NA,NA,266.88,278.54,0.950232450617477,2.03779015681686,0.959808432423855,0.544906341593944,9.80306552522424,NA
"TD","Utility",4,100,-201.33,NA,NA,408.66,420.32,0.682289758697152,0.0720224548131227,0.793294042657375,0.887727381273987,0.0986938148811693,NA
"TD","Utility",5,100,-200.59,NA,NA,407.18,418.84,0.200363578274846,1.00568439900399,0.917516942147702,0.525239743117678,3.62715264885867,NA
"TD","Utility",6,100,-180.03,NA,NA,366.06,377.72,0.321220333920792,0.298665664158762,0.571254326646351,0.998519747446316,0.181808974000501,NA
"TD","Utility",7,100,-213.8,NA,NA,433.6,445.26,0.571441247593611,0.0502132950350642,0.810972140210741,0.925652950462522,0.0566663163714037,NA
"TD","Utility",8,100,-142.63,NA,NA,291.26,302.92,0.973066303646192,0.392999498639256,0.884593433987006,0.942398589799267,0.550189691382815,NA
"TD","Utility",9,100,-249.84,NA,NA,505.68,517.34,0.895209939451888,0.0054737395918251,0.789670918496444,0.886207021646407,8.38016315841596e-05,NA
"TD","Utility",10,100,-197.69,NA,NA,401.38,413.04,0.0494146177079529,0.507862410508096,0.999957484538068,0.59925950535502,1.83162297952999,NA
"TD","Utility",11,100,-204.96,NA,NA,415.92,427.58,0.197620301274583,0.18983699940145,0.386607826577198,0.994053706505893,0.0716521452639972,NA
"TD","Utility",12,100,-229.59,NA,NA,465.18,476.84,0.0560640415642411,0.566026730462909,0.972251605467746,0.922102837687226,0.374350291798191,NA
"TD","Utility",13,100,-230.77,NA,NA,467.54,479.2,0.051307131536305,1.23247370731968,0.989952312688913,0.495052796395275,3.45562719325184,NA
"TD","Utility",14,100,-177.27,NA,NA,360.54,372.2,0.989872474921867,0.208000437050192,0.930479692246198,0.381409290218195,5.44307784874063,NA
"TD","Utility",15,100,-147.24,NA,NA,300.48,312.14,0.711294803768396,0.57632797351107,0.91010019700233,0.460058660254954,8.63763137141131,NA
"TD","Utility",16,100,-258.17,NA,NA,522.34,534,0.0768930825870484,0.00966986734420061,0.109394651114452,0.0784828175846388,0.193197035112345,NA
"TD","Utility",17,100,-117.42,NA,NA,240.84,252.5,0.797194604296237,2.5054881726885,0.928478107834302,0.560330645355552,9.98054759299641,NA
"TD","Utility",18,100,-124.71,NA,NA,255.42,267.08,0.731893435353413,1.27495420533688,0.930684306761759,0.534189939558166,9.89757342331412,NA
"TD","Utility",19,100,-128.06,NA,NA,262.12,273.78,0.809085062006488,0.797056699129653,0.935472648198801,0.508006121900588,9.85214978990287,NA
"TD","Utility",20,100,-159.57,NA,NA,325.14,336.8,0.511981163173914,2.39124982816227,0.934255139466618,0.439788805640883,9.99071651439778,NA
"TD","Utility",21,100,-187.07,NA,NA,380.14,391.8,0.226354157319292,1.66897989056053,0.236019133704299,0.998836574706632,0.758659784298406,NA
"TD","Utility",22,100,-193.92,NA,NA,393.84,405.5,0.300222688354552,0.955442077438247,0.910396414607623,0.508597672705441,4.35098323545393,NA
"TD","Utility",23,100,-138.87,NA,NA,283.74,295.4,0.984172471100464,1.69604673600736,0.978915663228293,0.53126547322369,9.21970457582185,NA
"TD","Utility",24,100,-177.41,NA,NA,360.82,372.48,0.540354023920372,0.234106497689865,0.92758891203624,0.279565199619481,9.75157041062669,NA
"TD","Utility",25,100,-157.33,NA,NA,320.66,332.32,0.870058757020161,0.327183235902339,0.941990939238023,0.347051190383603,9.98329382035619,NA
"TD","Utility",26,100,-198.74,NA,NA,403.48,415.14,0.0660558908712119,1.97567781611326,0.145567776623148,0.854234264281837,1.54004619540505,NA
"TD","Utility",27,100,-168.51,NA,NA,343.02,354.68,0.973287776112556,0.260513227898628,0.922451180138034,0.506207710153175,3.24281908769875,NA
"TD","Utility",28,100,-191.22,NA,NA,388.44,400.1,0.290595552418381,1.05573849655212,0.925776331786062,0.459242555212822,6.09732314530985,NA
"TD","Utility",29,100,-175.33,NA,NA,356.66,368.32,0.988910319516435,0.211397308856249,0.936740750632332,0.391618224756574,5.38887867952631,NA
"TD","Utility",30,100,-176.39,NA,NA,358.78,370.44,0.329378831898794,2.0851063261411,0.410647378256828,0.518407969184873,9.98629011555924,NA
"TD","Utility",31,100,-224.52,NA,NA,455.04,466.7,0.11878991080448,0.835414388175023,0.174798115489771,0.984054653281408,0.649378549843794,NA
"TD","Utility",32,100,-192.8,NA,NA,391.6,403.26,0.0508385861758143,0.410096168983728,0.0222555719383897,0.685383441173762,1.88932810830295,NA
"TD","Utility",33,100,-137.22,NA,NA,280.44,292.1,0.684979062527418,0.756628525771442,0.935936889306649,0.492987771475923,9.49478560338561,NA
"TD","Utility",34,100,-201.11,NA,NA,408.22,419.88,0.842564480379224,0.0599249633960426,0.779072656752812,0.946986730379381,0.0817084111700287,NA
"TD","Utility",35,100,-175.33,NA,NA,356.66,368.32,0.27115519088693,2.69503675574873,0.353655791008531,0.520541322473022,9.9688061115051,NA
"TD","Utility",36,100,-128.84,NA,NA,263.68,275.34,0.779200294986367,0.457588243763894,0.93870607605018,0.411713762482987,9.91268643671235,NA
"TD","Utility",37,100,-138.87,NA,NA,283.74,295.4,0.982565350597724,3.92570209977795,0.978915663228293,0.53126547322369,9.21970457582185,NA
"TD","Utility",38,100,-178.85,NA,NA,363.7,375.36,0.533772448310629,0.225168376229703,0.768960677135218,0.928066750105579,0.265694398411112,NA
"TD","Utility",39,100,-199.39,NA,NA,404.78,416.44,0.128862570039928,1.75030500992181,0.944173961901658,0.363359927491791,9.51783300248592,NA
"TD","Utility",40,100,-202.54,NA,NA,411.08,422.74,0.420502026332542,0.0828633031448371,0.740407607030297,0.956903535597112,0.0740490792551385,NA
"TD","Utility",41,100,-128.32,NA,NA,262.64,274.3,0.860091791022569,1.2001721150753,0.942253957840685,0.520951393930295,9.91817192476703,NA
"TD","Utility",42,100,-158.86,NA,NA,323.72,335.38,0.633000507717952,0.316391955215622,0.913301147229577,0.341926210759262,9.06774649263008,NA
"TD","Utility",43,100,-159.57,NA,NA,325.14,336.8,0.512010124279186,2.01376353887389,0.934255139466618,0.439788805640883,9.99071651439778,NA
"TD","Utility",44,100,-171.12,NA,NA,348.24,359.9,0.4054856733419,3.89528230370438,0.463824110900324,0.517351914521494,9.99923829380261,NA
"TD","Utility",45,100,-185.94,NA,NA,377.88,389.54,0.319981756620109,0.264156529679894,0.44043564252418,0.999466393349927,0.162302416786296,NA
"TD","Utility",46,100,-141.59,NA,NA,289.18,300.84,0.947748523205519,1.36391219958187,0.964684162142304,0.524928587356162,9.44496122376637,NA
"TD","Utility",47,100,-133.02,NA,NA,272.04,283.7,0.885661983396858,1.4762263855988,0.9443609618308,0.515727279182572,9.97488507770568,NA
"TD","Utility",48,100,-205.1,NA,NA,416.2,427.86,0.119032545015216,0.210982074495405,0.73536561433943,0.978036500191704,0.0643913272377587,NA
"TD","Utility",49,100,-142.1,NA,NA,290.2,301.86,0.931592519162223,0.648705839645118,0.955713953934764,0.481683188902313,9.66736169279758,NA
"TD","Utility",50,100,-117.42,NA,NA,240.84,252.5,0.753800751408562,2.89878896835935,0.928478107834302,0.560330645355552,9.98054759299641,NA
"TD","Utility",51,100,-201.46,NA,NA,408.92,420.58,0.080542077543214,0.38312963815406,0.835846778689573,0.999565788472627,0.0689726198229315,NA
"TD","Utility",52,100,-231.42,NA,NA,468.84,480.5,0.0462017410900444,0.577519766520709,0.999920873563695,0.532892655176079,2.86247785354032,NA
"TD","Utility",53,100,-184.82,NA,NA,375.64,387.3,0.407168375095353,0.8810732345608,0.298663023347868,0.995295201475196,0.751700179472137,NA
"TD","Utility",54,100,-144.52,NA,NA,295.04,306.7,0.960197768406942,0.629818245768547,0.951556847070695,0.588086610755052,5.33962611691226,NA
"TD","Utility",55,100,-199.48,NA,NA,404.96,416.62,0.745619997614995,0.0838289222957155,0.757648077348327,0.98168265757452,0.072840142672225,NA
"TD","Utility",56,100,-190.67,NA,NA,387.34,399,0.387793875532225,0.184212701395154,0.606120747405973,0.999254558075242,0.114276306281402,NA
"TD","Utility",57,100,-157.72,NA,NA,321.44,333.1,0.640330957481638,0.323464683257043,0.89708017621091,0.403726039367335,6.39386546915733,NA
"TD","Utility",58,100,-190.22,NA,NA,386.44,398.1,0.46626549679786,0.183777129743248,0.5998111956891,0.998399777688065,0.119105300767755,NA
"TD","Utility",59,100,-124.57,NA,NA,255.14,266.8,0.781977394130081,1.17335850927503,0.932084258558088,0.534800583551964,9.87933864014692,NA
"TD","Utility",60,100,-204.78,NA,NA,415.56,427.22,0.185236022341996,0.162097267924749,0.745745103516979,0.998903618643871,0.0553534052133341,NA
"TD","Utility",61,100,-181.25,NA,NA,368.5,380.16,0.703108243644238,0.190494351089001,0.927420645685974,0.312553484816662,6.88605354487696,NA
"TD","Utility",62,100,-154.25,NA,NA,314.5,326.16,0.540940156206489,1.71158919288757,0.933242406716886,0.450178592404476,9.60275778579397,NA
"TD","Utility",63,100,-174.6,NA,NA,355.2,366.86,0.265401779906824,1.94766673623564,0.361321678503785,0.520276546676386,9.90282674641324,NA
"TD","Utility",64,100,-178.04,NA,NA,362.08,373.74,0.897607917198911,0.209870352875441,0.937520069639291,0.364464952578847,5.87949761586546,NA
"TD","Utility",65,100,-214.54,NA,NA,435.08,446.74,0.398145136190578,0.0485801249742508,0.784567492411112,0.752050880141963,0.104588798058168,NA
"TD","Utility",66,100,-151.48,NA,NA,308.96,320.62,0.470244030002505,0.370898498687893,0.921987730837769,0.36090574109664,9.43613089762527,NA
"TD","Utility",67,100,-124.16,NA,NA,254.32,265.98,0.824348853668198,1.18002879429133,0.932968211375914,0.536385779172537,9.96199966964911,NA
"TD","Utility",68,100,-161.05,NA,NA,328.1,339.76,0.503097830805928,0.322839245665818,0.90600422846944,0.361344313576534,7.72861454458097,NA
"TD","Utility",69,100,-189.48,NA,NA,384.96,396.62,0.361050225095823,1.17336245528878,0.933403431070974,0.404086093272886,8.49330386066296,NA
"TD","Utility",70,100,-182.45,NA,NA,370.9,382.56,0.964988884748891,0.189227518625557,0.827728493313513,0.976173452796979,0.178577454313359,NA
"TD","Utility",71,100,-117.42,NA,NA,240.84,252.5,0.789667062694207,2.04544003671947,0.928478107834302,0.560330645355552,9.98054759299641,NA
"TD","Utility",72,100,-121.15,NA,NA,248.3,259.96,0.628910263301805,2.95466302318459,0.929656394102662,0.542873371529527,9.97776487283445,NA
"TD","Utility",73,100,-203.74,NA,NA,413.48,425.14,0.415234696352854,0.710676135453296,0.803051694089913,0.996071254479253,0.305091426127508,NA
"TD","Utility",74,100,-124.89,NA,NA,255.78,267.44,0.857857148861513,0.936107955831003,0.94523757709597,0.513401437762053,9.72664349295815,NA
"TD","Utility",75,100,-179.87,NA,NA,365.74,377.4,0.629901704145595,0.199268886353821,0.931407182771234,0.276207589447751,9.83952858359455,NA
"TD","Utility",76,100,-164.58,NA,NA,335.16,346.82,0.359289909945801,0.364497002285354,0.291970911860694,0.999741229289431,0.291950004702963,NA
"TD","Utility",77,100,-167.82,NA,NA,341.64,353.3,0.446684151422232,1.46860518856885,0.932193784623393,0.435393663326172,9.06823476357691,NA
"TD","Utility",78,100,-165.72,NA,NA,337.44,349.1,0.378760501742363,0.432298531290144,0.306447306930966,0.998494492621826,0.359605627357486,NA
"TD","Utility",79,100,-204.95,NA,NA,415.9,427.56,0.372670353855938,0.686002678703517,0.802484372565118,0.99783332738956,0.289122806415153,NA
"TD","Utility",80,100,-157.03,NA,NA,320.06,331.72,0.428967847023159,0.430095953866839,0.855575323620004,0.599383536445163,2.2931537916871,NA
"TD","Utility",81,100,-221.2,NA,NA,448.4,460.06,0.111280993092805,0.0420480497825296,0.455586465399983,0.483101332913483,0.232809961749342,NA
"TD","Utility",82,100,-195.2,NA,NA,396.4,408.06,0.142161799827591,1.60663627263189,0.943830911557251,0.37252065023292,9.91100962243918,NA
"TD","Utility",83,100,-117.42,NA,NA,240.84,252.5,0.779834397835657,3.55762586234994,0.928478107834302,0.560330645355552,9.98054759299641,NA
"TD","Utility",84,100,-214.94,NA,NA,435.88,447.54,0.386252531083301,0.630521601997316,0.806543780483008,0.994392303569533,0.268896287735485,NA
"TD","Utility",85,100,-189.5,NA,NA,385,396.66,0.23896856745705,0.3059749789536,0.292084528218991,0.999303855162171,0.169748250938899,NA
"TD","Utility",86,100,-194.02,NA,NA,394.04,405.7,0.670282299863175,0.116263606119901,0.585241826878743,0.817274867341034,0.215370145274136,NA
"TD","Utility",87,100,-147.47,NA,NA,300.94,312.6,0.560497718863189,0.79223784707011,0.934083646138372,0.460325185718868,9.96584076243452,NA
"TD","Utility",88,100,-182.5,NA,NA,371,382.66,0.915246691787615,0.194212660659105,0.83399773346564,0.998765353709566,0.162989326842927,NA
"TD","Utility",89,100,-139.84,NA,NA,285.68,297.34,0.589335348224267,0.931611171881569,0.934619851655462,0.474377024468308,9.84397046716576,NA
"TD","Utility",90,100,-144.52,NA,NA,295.04,306.7,0.987134294584394,0.600823707412928,0.951556847070695,0.588086610755052,5.33962611691226,NA
"TD","Utility",91,100,-158.54,NA,NA,323.08,334.74,0.401124990079552,0.436571269761771,0.756789130947713,0.928535241659733,0.436291279779632,NA
"TD","Utility",92,100,-202.56,NA,NA,411.12,422.78,0.565618214197457,0.0649159974418581,0.743560299489404,0.961196693948684,0.0703327281174685,NA
"TD","Utility",93,100,-218.44,NA,NA,442.88,454.54,0.125127220060676,0.546449628192931,0.187814867322502,0.999040823958118,0.393003990319668,NA
"TD","Utility",94,100,-131.08,NA,NA,268.16,279.82,0.791645931312814,0.766796249431272,0.936967545046504,0.494866279970349,9.99291482617832,NA
"TD","Utility",95,100,-202.75,NA,NA,411.5,423.16,0.0988319513853639,0.092432988807559,0.00242513423807366,0.102441408679185,7.11552466673265,NA
"TD","Utility",96,100,-193.49,NA,NA,392.98,404.64,0.333673485321924,0.79963922020125,0.910759424114125,0.550747033693286,3.49038168906471,NA
"TD","Utility",97,100,-217.48,NA,NA,440.96,452.62,0.10172016825527,0.620830333791673,0.984804289698161,0.362636983842843,7.68602889372107,NA
"TD","Utility",98,100,-196.82,NA,NA,399.64,411.3,0.0187283449340612,0.165121834239408,0.00617543501950853,0.318770833668123,6.05587730880261,NA
"TD","Utility",99,100,-178.1,NA,NA,362.2,373.86,0.461979309096932,0.880842309403134,0.933161405388622,0.415042202284256,8.98928190945668,NA
"TD","Utility",100,100,-128.47,NA,NA,262.94,274.6,0.729020358063281,0.83565291385622,0.935566358515115,0.505375121364144,9.88845711922128,NA
"RSTD","TD",1,100,-126.41,NA,NA,256.82,264.59,0.285107890376821,0.724670132622123,0.900830753399671,0.940959396620696,NA,1.43561604238095
"RSTD","TD",2,100,-164.24,NA,NA,332.48,340.25,0.950232450617477,0.206436974462122,0.0544113264035027,0.340458965634708,NA,0.364579517394304
"RSTD","TD",3,100,-200.26,NA,NA,404.52,412.29,0.536011227406561,0.200363578274846,0.135480127242819,0.700594382210349,NA,1.00568439900399
"RSTD","TD",4,100,-199.78,NA,NA,403.56,411.33,0.321220333920792,0.649332832079381,0.700675941757127,0.0724979299287993,NA,0.142882495187223
"RSTD","TD",5,100,-146.06,NA,NA,296.12,303.89,0.525106647517532,0.973066303646192,0.867928202549376,0.398493912647829,NA,0.392999498639256
"RSTD","TD",6,100,-119.31,NA,NA,242.62,250.39,0.895209939451888,0.943225271301344,0.903649622179279,1.10516077898782,NA,3.35385648889427
"RSTD","TD",7,100,-181.34,NA,NA,366.68,374.45,0.753931205254048,0.197620301274583,0.018505737654823,0.0716640578328812,NA,0.18983699940145
"RSTD","TD",8,100,-150.45,NA,NA,304.9,312.67,0.0560640415642411,0.783013365231454,0.92661230309506,2.30628848653006,NA,3.41441693140154
"RSTD","TD",9,100,-177.31,NA,NA,358.62,366.39,0.479448032099754,0.989872474921867,0.774010339835234,0.203190279955862,NA,0.208000437050192
"RSTD","TD",10,100,-119.73,NA,NA,243.46,251.23,0.711294803768396,0.788163986755535,0.872836007324936,1.06898521073216,NA,2.30973086307261
"RSTD","TD",11,100,-129.9,NA,NA,263.8,271.57,0.5048349336721,0.797194604296237,0.89171989638335,0.929009213366566,NA,2.5054881726885
"RSTD","TD",12,100,-206.06,NA,NA,416.12,423.89,0.731893435353413,0.395451756194234,0.834818499949519,0.283125455421138,NA,0.618170124012977
"RSTD","TD",13,100,-122.87,NA,NA,249.74,257.51,0.275977379642427,0.511981163173914,0.876122270739131,1.0305119217461,NA,2.39124982816227
"RSTD","TD",14,100,-193.7,NA,NA,391.4,399.17,0.226354157319292,0.16033569118008,0.186761992449306,0.721986315755024,NA,0.894037933978152
"RSTD","TD",15,100,-118.71,NA,NA,241.42,249.19,0.315573724219576,0.984172471100464,0.90290003843398,1.11012838191242,NA,1.69604673600736
"RSTD","TD",16,100,-155.77,NA,NA,315.54,323.31,0.540354023920372,0.854036244563758,0.822363885855451,0.349994508105236,NA,0.362152148856662
"RSTD","TD",17,100,-129.74,NA,NA,263.48,271.25,0.66359161795117,0.0660558908712119,0.0450219287602381,5.24137212186511,NA,1.97567781611326
"RSTD","TD",18,100,-167.32,NA,NA,338.64,346.41,0.973287776112556,0.630256613949314,0.854229186644051,0.513661843608387,NA,0.855529390233469
"RSTD","TD",19,100,-185.4,NA,NA,374.8,382.57,0.340647828998044,0.988910319516435,0.680474900539743,0.135506253448774,NA,0.211397308856249
"RSTD","TD",20,100,-140.12,NA,NA,284.24,292.01,0.329378831898794,0.0628540490288287,0.0592890677759971,1.4567543892366,NA,2.33967715737489
"RSTD","TD",21,100,-196.01,NA,NA,396.02,403.79,0.285566801903769,0.0508385861758143,0.990860377109476,0.0652787195340144,NA,0.410096168983728
"RSTD","TD",22,100,-202.33,NA,NA,408.66,416.43,0.684979062527418,0.438995202770457,0.808056342412593,0.317478759437169,NA,0.685128960758448
"RSTD","TD",23,100,-188.79,NA,NA,381.58,389.35,0.529962481698021,0.27115519088693,0.243071330757609,0.687137152444405,NA,2.69503675574873
"RSTD","TD",24,100,-191.12,NA,NA,386.24,394.01,0.779200294986367,0.728794121881947,0.708983739375964,0.121086640884725,NA,0.160821524456017
"RSTD","TD",25,100,-206.24,NA,NA,416.48,424.25,0.0281218434683979,0.533772448310629,0.327455663038603,0.0641993337302635,NA,0.225168376229703
"RSTD","TD",26,100,-204.64,NA,NA,413.28,421.05,0.128862570039928,0.17050133110024,0.211169398502026,0.760584435474018,NA,1.37515528589011
"RSTD","TD",27,100,-149.86,NA,NA,303.72,311.49,0.980796684976667,0.860091791022569,0.910225675362888,0.856665172082346,NA,1.2001721150753
"RSTD","TD",28,100,-241.19,NA,NA,486.38,494.15,0.633000507717952,0.959949327167124,0.829889356336996,0.0194525649642249,NA,0.0240202485583723
"RSTD","TD",29,100,-129.42,NA,NA,262.84,270.61,0.234798390883952,0.4054856733419,0.868514724081937,0.892003885552128,NA,3.89528230370438
"RSTD","TD",30,100,-209.18,NA,NA,422.36,430.13,0.319981756620109,0.632078264839947,0.657122250294962,0.0518974332896137,NA,0.0559587455590604
"RSTD","TD",31,100,-122.89,NA,NA,249.78,257.55,0.417691254755482,0.885661983396858,0.899794277913863,1.02170781577482,NA,1.4762263855988
"RSTD","TD",32,100,-224.98,NA,NA,453.96,461.73,0.119032545015216,0.605491037247702,0.204066834030047,0.0417951301216735,NA,0.0459982767437321
"RSTD","TD",33,100,-119.73,NA,NA,243.46,251.23,0.824352919822559,0.753800751408562,0.872836007324936,1.06898521073216,NA,2.89878896835935
"RSTD","TD",34,100,-161.42,NA,NA,326.84,334.61,0.080542077543214,0.69156481907703,0.950276677105184,1.12797564222908,NA,3.2510444371212
"RSTD","TD",35,100,-189.51,NA,NA,383.02,390.79,0.788759883260354,0.407168375095353,0.261140908782307,0.762528997121719,NA,0.8810732345608
"RSTD","TD",36,100,-125.07,NA,NA,254.14,261.91,0.960197768406942,0.814909122884274,0.86300155807628,0.521448582118521,NA,0.491239995229989
"RSTD","TD",37,100,-182.37,NA,NA,368.74,376.51,0.983733647270128,0.387793875532225,0.326575384135939,0.175249089780849,NA,0.184212701395154
"RSTD","TD",38,100,-133.47,NA,NA,270.94,278.71,0.640330957481638,0.661732341628522,0.868351980344046,0.85444522473312,NA,1.1015722423634
"RSTD","TD",39,100,-127.5,NA,NA,259,266.77,0.591888564871624,0.781977394130081,0.88552816886943,0.914410955383504,NA,1.17335850927503
"RSTD","TD",40,100,-181.98,NA,NA,367.96,375.73,0.185236022341996,0.927017299691215,0.948577976057097,0.33264651583101,NA,0.406216487288475
"RSTD","TD",41,100,-168.49,NA,NA,340.98,348.75,0.5952471755445,0.540940156206489,0.390560792499521,0.938646858361992,NA,1.71158919288757
"RSTD","TD",42,100,-190.09,NA,NA,384.18,391.95,0.265401779906824,0.195171546889469,0.228874578521073,0.178623903312085,NA,0.226954524639678
"RSTD","TD",43,100,-212.52,NA,NA,429.04,436.81,0.604935176437721,0.398145136190578,0.866562641123213,0.0441842718345209,NA,0.0485801249742508
"RSTD","TD",44,100,-151.67,NA,NA,307.34,315.11,0.470244030002505,0.685449249343947,0.885636188954889,0.609012543463086,NA,0.648697707336396
"RSTD","TD",45,100,-165.83,NA,NA,335.66,343.43,0.371720403432846,0.503097830805928,0.78731494680717,0.275974558019678,NA,0.322839245665818
"RSTD","TD",46,100,-196.27,NA,NA,396.54,404.31,0.361050225095823,0.370053818682209,0.71928454179095,0.0841349071930283,NA,0.173567070005157
"RSTD","TD",47,100,-118.65,NA,NA,241.3,249.07,0.594613759312779,0.789667062694207,0.877623584802229,1.11884238087992,NA,2.04544003671947
"RSTD","TD",48,100,-134.27,NA,NA,272.54,280.31,0.628910263301805,0.0369398219045252,0.0414071153887981,1.26486632330121,NA,1.35408596597136
"RSTD","TD",49,100,-122.36,NA,NA,248.72,256.49,0.254382238723338,0.857857148861513,0.906405922581941,0.908292942735725,NA,0.936107955831003
"RSTD","TD",50,100,-144.7,NA,NA,293.4,301.17,0.629901704145595,0.59963444317691,0.862533407880311,0.71958923508669,NA,1.13030682034315
"RSTD","TD",51,100,-217.41,NA,NA,438.82,446.59,0.958562755258754,0.446684151422232,0.914482292241592,0.317529264605286,NA,1.46860518856885
"RSTD","TD",52,100,-136.37,NA,NA,276.74,284.51,0.378760501742363,0.716149265645072,0.891927996216488,0.840269767984581,NA,1.1838285959837
"RSTD","TD",53,100,-158.44,NA,NA,320.88,328.65,0.843001339351758,0.428967847023159,0.279592027342012,0.449546505046752,NA,0.430095953866839
"RSTD","TD",54,100,-144.05,NA,NA,292.1,299.87,0.111280993092805,0.926345025887713,0.934924816109471,1.05557547949764,NA,1.52358875974062
"RSTD","TD",55,100,-118.71,NA,NA,241.42,249.19,0.231767056509852,0.779834397835657,0.90290003843398,1.11012838191242,NA,3.55762586234994
"RSTD","TD",56,100,-119.19,NA,NA,242.38,250.15,0.386252531083301,0.815260800998658,0.900447204427364,1.10231822470124,NA,1.64474068483968
"RSTD","TD",57,100,-193.26,NA,NA,390.52,398.29,0.6529874894768,0.670282299863175,0.57801078626095,0.110101766984519,NA,0.116263606119901
"RSTD","TD",58,100,-188.74,NA,NA,381.48,389.25,0.560497718863189,0.274772666627541,0.223624426388881,0.543475200099336,NA,0.529099578669097
"RSTD","TD",59,100,-141.37,NA,NA,286.74,294.51,0.597106330329552,0.589335348224267,0.864757126732078,0.704931570710549,NA,0.931611171881569
"RSTD","TD",60,100,-153.34,NA,NA,310.68,318.45,0.987134294584394,0.800411853706464,0.907784255217923,0.831991517015971,NA,1.29764714087815
"RSTD","TD",61,100,-205.71,NA,NA,415.42,423.19,0.718285634880885,0.565618214197457,0.681087386105172,0.0572230126082103,NA,0.0649159974418581
"RSTD","TD",62,100,-223.28,NA,NA,450.56,458.33,0.125127220060676,0.773224814096466,0.98492394388222,0.390759452071816,NA,0.583291862625629
"RSTD","TD",63,100,-203.49,NA,NA,410.98,418.75,0.499009405029938,0.0988319513853639,0.340951392263999,0.0596124767314228,NA,0.092432988807559
"RSTD","TD",64,100,-160.69,NA,NA,325.38,333.15,0.333673485321924,0.454882015939802,0.841875128988638,0.543687129363045,NA,2.70696423376415
"RSTD","TD",65,100,-206.4,NA,NA,416.8,424.57,0.810415166895837,0.0187283449340612,0.580452637595283,0.0472183422255092,NA,0.165121834239408
"RSTD","TD",66,100,-159.64,NA,NA,323.28,331.05,0.461979309096932,0.296923782210797,0.252170922844155,0.447686951333664,NA,0.458040716126561
"RSTD","TD",67,100,-200.39,NA,NA,404.78,412.55,0.285626433324069,0.528872283641249,0.723042765822899,0.0715847662982386,NA,0.147296045374405
"RSTD","TD",68,100,-137.54,NA,NA,279.08,286.85,0.732509626774117,0.600311974063516,0.812266991801028,0.427478365283878,NA,0.449271724574598
"RSTD","TD",69,100,-184.08,NA,NA,372.16,379.93,0.977929984452203,0.529096166603267,0.316138206375297,0.806966278477595,NA,0.751786146880371
"RSTD","TD",70,100,-141.7,NA,NA,287.4,295.17,0.98177181975916,0.159414226887748,0.0554357755614159,0.627826500746576,NA,0.477379389107227
"RSTD","TD",71,100,-191.17,NA,NA,386.34,394.11,0.922829337418079,0.366323065012693,0.458340007036343,0.120412822355259,NA,0.0864430760253218
"RSTD","TD",72,100,-165.8,NA,NA,335.6,343.37,0.437475311337039,0.144657690776512,0.0705498642765676,9.95275138946786,NA,1.51204245735464
"RSTD","TD",73,100,-156.88,NA,NA,317.76,325.53,0.0812403932213783,0.858433880610391,0.951054174877435,1.12052995879613,NA,1.57674626609245
"RSTD","TD",74,100,-208.81,NA,NA,421.62,429.39,0.769064010120928,0.423705151304603,0.794396303186537,0.0506125329036213,NA,0.0550090870819986
"RSTD","TD",75,100,-248.36,NA,NA,500.72,508.49,0.27233505435288,0.0992442343849689,0.750157751276812,0.0132869690725969,NA,0.0195726837949201
"RSTD","TD",76,100,-190.58,NA,NA,385.16,392.93,0.714246998308226,0.356464033480734,0.23808976544609,0.731140550996625,NA,1.33508190601589
"RSTD","TD",77,100,-119.19,NA,NA,242.38,250.15,0.165105299558491,0.62026000325568,0.900447204427364,1.10231822470124,NA,2.11759630225509
"RSTD","TD",78,100,-136.09,NA,NA,276.18,283.95,0.948594216490164,0.818483957787976,0.851804200984693,0.431438631746201,NA,0.400698857048743
"RSTD","TD",79,100,-222.65,NA,NA,449.3,457.07,0.641159480903298,0.713674181839451,0.837837241171584,0.0368329748496154,NA,0.0414828715044559
"RSTD","TD",80,100,-120.51,NA,NA,245.02,252.79,0.602592710871249,0.798923129681498,0.887356789927887,1.04041969968746,NA,1.65777598732141
"RSTD","TD",81,100,-155.02,NA,NA,314.04,321.81,0.0268326783552766,0.983408806612715,0.932042533091536,1.96609410435388,NA,1.42827125892359
"RSTD","TD",82,100,-201.97,NA,NA,407.94,415.71,0.390374890295789,0.210965643869713,0.353625392632206,0.0658137500594566,NA,0.0709301116876304
"RSTD","TD",83,100,-110.43,NA,NA,224.86,232.63,0.909624356776476,0.0655163209885359,0.0517687319331649,0.69046110113801,NA,0.479556284306279
"RSTD","TD",84,100,-135.15,NA,NA,274.3,282.07,0.894585720263422,0.928069569170475,0.909928037682479,0.759672736379914,NA,0.784675157586944
"RSTD","TD",85,100,-150.27,NA,NA,304.54,312.31,0.16712597804144,0.591124507132918,0.910745178938163,0.732641105816972,NA,0.76918393555553
"RSTD","TD",86,100,-205.9,NA,NA,415.8,423.57,0.0963515317998827,0.187938303221017,0.250650005317455,0.0712669118140076,NA,0.16646143142134
"RSTD","TD",87,100,-128.9,NA,NA,261.8,269.57,0.812582350103185,0.879132093861699,0.896254772000178,0.940313129256183,NA,4.4038753097219
"RSTD","TD",88,100,-198.71,NA,NA,401.42,409.19,0.448961209738627,0.690639521926641,0.722908496228415,0.0775116954280622,NA,0.123227803417321
"RSTD","TD",89,100,-146.39,NA,NA,296.78,304.55,0.352596259210259,0.519048273330554,0.868990221324716,0.662331323726608,NA,0.771270071114314
"RSTD","TD",90,100,-134.05,NA,NA,272.1,279.87,0.7131295024883,0.112127762287855,0.0668663901159099,2.06462140284429,NA,3.4174234716404
"RSTD","TD",91,100,-199.46,NA,NA,402.92,410.69,0.102771484525874,0.0985191510990262,0.330483797782779,0.110647654346835,NA,0.348240172024816
"RSTD","TD",92,100,-198.55,NA,NA,401.1,408.87,0.14997310237959,0.461772011825815,0.670574672708763,0.0859272462759103,NA,0.261333189609714
"RSTD","TD",93,100,-155.56,NA,NA,315.12,322.89,0.435881547397003,0.7804279406555,0.901055869103004,0.599598495251056,NA,0.681397345848382
"RSTD","TD",94,100,-170.89,NA,NA,345.78,353.55,0.975024477113038,0.799848798895255,0.941596394649855,0.779168653611295,NA,4.33281822849937
"RSTD","TD",95,100,-135.87,NA,NA,275.74,283.51,0.723246149485931,0.623378630494699,0.81317384801262,0.436746838742896,NA,0.45622572209686
"RSTD","TD",96,100,-141.49,NA,NA,286.98,294.75,0.323681306792423,0.444453429430723,0.819654181566451,0.405486760144592,NA,0.446843124460429
"RSTD","TD",97,100,-198.85,NA,NA,401.7,409.47,0.521510650403798,0.40949847153388,0.76936953616576,0.0772488627465794,NA,0.118169202112595
"RSTD","TD",98,100,-182.08,NA,NA,368.16,375.93,0.418908317107707,0.978637758642435,0.741104411209383,0.161566260395545,NA,0.211078092921525
"RSTD","TD",99,100,-178.87,NA,NA,361.74,369.51,0.78953983867541,0.418743934947997,0.266408624393682,0.956412309316744,NA,2.49348991278757
"RSTD","TD",100,100,-193.29,NA,NA,390.58,398.35,0.956703607924283,0.607802340993658,0.652810929401207,0.104178860719376,NA,0.108669338996542
"RSTD","RSTD",1,100,-117.12,NA,NA,240.24,251.9,0.285107890376821,0.724670132622123,0.961147233446495,0.873919960809621,1.00472296081194,1.43561604238095
"RSTD","RSTD",2,100,-123.58,NA,NA,253.16,264.82,0.950232450617477,0.206436974462122,0.983781133277975,0.17822363671979,0.361624500209013,0.364579517394304
"RSTD","RSTD",3,100,-115.51,NA,NA,237.02,248.68,0.536011227406561,0.200363578274846,0.974327583220793,0.209714677549247,0.83377789067342,1.00568439900399
"RSTD","RSTD",4,100,-197.06,NA,NA,400.12,411.78,0.321220333920792,0.649332832079381,0.500618991838224,0.991901938603589,0.0850190707567792,0.142882495187223
"RSTD","RSTD",5,100,-145.07,NA,NA,296.14,307.8,0.525106647517532,0.973066303646192,0.935716606724318,0.85212083647872,0.397296367785179,0.392999498639256
"RSTD","RSTD",6,100,-109.53,NA,NA,225.06,236.72,0.895209939451888,0.943225271301344,0.911552983451323,0.890261207496033,5.90840734572314,3.35385648889427
"RSTD","RSTD",7,100,-161.84,NA,NA,329.68,341.34,0.753931205254048,0.197620301274583,0.793766299619517,0.143801216665846,0.150027704543321,0.18983699940145
"RSTD","RSTD",8,100,-137.91,NA,NA,281.82,293.48,0.0560640415642411,0.783013365231454,0.0526609989268269,0.999457394525302,1.58970668008818,3.41441693140154
"RSTD","RSTD",9,100,-176.23,NA,NA,358.46,370.12,0.479448032099754,0.989872474921867,0.561816663905529,0.763170008589682,0.205788628651576,0.208000437050192
"RSTD","RSTD",10,100,-94.06,NA,NA,194.12,205.78,0.711294803768396,0.788163986755535,0.908401609659464,0.881181067040611,7.76852105363627,2.30973086307261
"RSTD","RSTD",11,100,-117.23,NA,NA,240.46,252.12,0.5048349336721,0.797194604296237,0.96676320064239,0.864313174930639,0.983384912601261,2.5054881726885
"RSTD","RSTD",12,100,-141.19,NA,NA,288.38,300.04,0.731893435353413,0.395451756194234,0.999375113495613,0.375400138523562,0.600738286176247,0.618170124012977
"RSTD","RSTD",13,100,-100.71,NA,NA,207.42,219.08,0.275977379642427,0.511981163173914,0.908717238564201,0.883028567175827,8.06565644055792,2.39124982816227
"RSTD","RSTD",14,100,-125.73,NA,NA,257.46,269.12,0.226354157319292,0.16033569118008,0.98608052432158,0.297367776640759,0.743246374016545,0.894037933978152
"RSTD","RSTD",15,100,-109.47,NA,NA,224.94,236.6,0.315573724219576,0.984172471100464,0.912370911125172,0.890382492932369,5.8295277503087,1.69604673600736
"RSTD","RSTD",16,100,-155.77,NA,NA,317.54,329.2,0.540354023920372,0.854036244563758,0.81598076651833,0.821958146877274,0.350755814485976,0.362152148856662
"RSTD","RSTD",17,100,-73.46,NA,NA,152.92,164.58,0.66359161795117,0.0660558908712119,0.913492670837237,0.0656708957284992,4.96351806880671,1.97567781611326
"RSTD","RSTD",18,100,-135.61,NA,NA,277.22,288.88,0.973287776112556,0.630256613949314,0.996158930677291,0.538221093078563,0.667028629815497,0.855529390233469
"RSTD","RSTD",19,100,-183.83,NA,NA,373.66,385.32,0.340647828998044,0.988910319516435,0.45910490671569,0.729328032022763,0.163111032071132,0.211397308856249
"RSTD","RSTD",20,100,-84.11,NA,NA,174.22,185.88,0.329378831898794,0.0628540490288287,0.953129539525266,0.0732669362195435,1.2773750246678,2.33967715737489
"RSTD","RSTD",21,100,-116.17,NA,NA,238.34,250,0.285566801903769,0.0508385861758143,0.988955960016907,0.0909252240691621,0.387245633230082,0.410096168983728
"RSTD","RSTD",22,100,-134.51,NA,NA,275.02,286.68,0.684979062527418,0.438995202770457,0.987018773412045,0.397007698433172,0.663073019968256,0.685128960758448
"RSTD","RSTD",23,100,-112.93,NA,NA,231.86,243.52,0.529962481698021,0.27115519088693,0.977395315691806,0.277427914115277,0.80753450953997,2.69503675574873
"RSTD","RSTD",24,100,-191.06,NA,NA,388.12,399.78,0.779200294986367,0.728794121881947,0.746156728712182,0.695615708651765,0.117575119076498,0.160821524456017
"RSTD","RSTD",25,100,-152.44,NA,NA,310.88,322.54,0.0281218434683979,0.533772448310629,8.33033997677213e-05,0.372213953409886,0.163530339350498,0.225168376229703
"RSTD","RSTD",26,100,-158.17,NA,NA,322.34,334,0.128862570039928,0.17050133110024,0.986896208190775,0.395145503056527,0.68988024318289,1.37515528589011
"RSTD","RSTD",27,100,-105.31,NA,NA,216.62,228.28,0.980796684976667,0.860091791022569,0.996745294493617,0.837368858613812,1.00961407228611,1.2001721150753
"RSTD","RSTD",28,100,-241.12,NA,NA,488.24,499.9,0.633000507717952,0.959949327167124,0.709432578923092,0.92488041364247,0.0197892785345374,0.0240202485583723
"RSTD","RSTD",29,100,-103.38,NA,NA,212.76,224.42,0.234798390883952,0.4054856733419,0.960246504064084,0.694535249089785,1.10586579226551,3.89528230370438
"RSTD","RSTD",30,100,-206.69,NA,NA,419.38,431.04,0.319981756620109,0.632078264839947,0.4791337884872,0.997361448360088,0.0545533874590184,0.0559587455590604
"RSTD","RSTD",31,100,-113.46,NA,NA,232.92,244.58,0.417691254755482,0.885661983396858,0.958149180779745,0.875691418670582,1.08874017559011,1.4762263855988
"RSTD","RSTD",32,100,-220.17,NA,NA,446.34,458,0.119032545015216,0.605491037247702,0.112925031583003,0.599096839206263,0.0431730655902914,0.0459982767437321
"RSTD","RSTD",33,100,-94.06,NA,NA,194.12,205.78,0.824352919822559,0.753800751408562,0.908401609659464,0.881181067040611,7.76852105363627,2.89878896835935
"RSTD","RSTD",34,100,-159.16,NA,NA,324.32,335.98,0.080542077543214,0.69156481907703,0.064986543623727,0.591728736544501,1.08005760814277,3.2510444371212
"RSTD","RSTD",35,100,-118.28,NA,NA,242.56,254.22,0.788759883260354,0.407168375095353,0.981470660128904,0.355729327838372,0.791094671169711,0.8810732345608
"RSTD","RSTD",36,100,-112.82,NA,NA,231.64,243.3,0.960197768406942,0.814909122884274,0.988895307798777,0.810335850655123,0.527816881951917,0.491239995229989
"RSTD","RSTD",37,100,-169.71,NA,NA,345.42,357.08,0.983733647270128,0.387793875532225,0.767955084549604,0.250143209052065,0.144780134879243,0.184212701395154
"RSTD","RSTD",38,100,-109.26,NA,NA,224.52,236.18,0.640330957481638,0.661732341628522,0.97159688306155,0.812591433119288,0.906151772244495,1.1015722423634
"RSTD","RSTD",39,100,-111.83,NA,NA,229.66,241.32,0.591888564871624,0.781977394130081,0.964697546817378,0.854081379997874,0.996936578670596,1.17335850927503
"RSTD","RSTD",40,100,-178.17,NA,NA,362.34,374,0.185236022341996,0.927017299691215,0.196844418728069,0.893724035909287,0.359762206266889,0.406216487288475
"RSTD","RSTD",41,100,-111.32,NA,NA,228.64,240.3,0.5952471755445,0.540940156206489,0.971276785389687,0.512401174232762,0.95640170705408,1.71158919288757
"RSTD","RSTD",42,100,-183.97,NA,NA,373.94,385.6,0.265401779906824,0.195171546889469,0.471799068175393,0.181113248540175,0.120803195746475,0.226954524639678
"RSTD","RSTD",43,100,-211.83,NA,NA,429.66,441.32,0.604935176437721,0.398145136190578,0.675948247793184,0.999226055982712,0.0459514314732628,0.0485801249742508
"RSTD","RSTD",44,100,-140.43,NA,NA,286.86,298.52,0.470244030002505,0.685449249343947,0.978021034305552,0.838782988461369,0.618969849346709,0.648697707336396
"RSTD","RSTD",45,100,-165.81,NA,NA,337.62,349.28,0.371720403432846,0.503097830805928,0.811121422354614,0.788313386720108,0.276916062534903,0.322839245665818
"RSTD","RSTD",46,100,-195.31,NA,NA,396.62,408.28,0.361050225095823,0.370053818682209,0.604000432265258,0.891055515010096,0.0922730800554215,0.173567070005157
"RSTD","RSTD",47,100,-95.97,NA,NA,197.94,209.6,0.594613759312779,0.789667062694207,0.906878887912916,0.883606703832781,9.65801918272324,2.04544003671947
"RSTD","RSTD",48,100,-77.94,NA,NA,161.88,173.54,0.628910263301805,0.0369398219045252,0.951429248697273,0.049544287294413,1.30131423257411,1.35408596597136
"RSTD","RSTD",49,100,-114.86,NA,NA,235.72,247.38,0.254382238723338,0.857857148861513,0.963547324389896,0.879013072723181,0.946672897554874,0.936107955831003
"RSTD","RSTD",50,100,-120.22,NA,NA,246.44,258.1,0.629901704145595,0.59963444317691,0.984435933928865,0.786544979128395,0.75077341849056,1.13030682034315
"RSTD","RSTD",51,100,-117.93,NA,NA,241.86,253.52,0.958562755258754,0.446684151422232,0.999980232574692,0.41450771251124,0.843391450107854,1.46860518856885
"RSTD","RSTD",52,100,-123.95,NA,NA,253.9,265.56,0.378760501742363,0.716149265645072,0.971421123113902,0.859382732492458,0.874853579768496,1.1838285959837
"RSTD","RSTD",53,100,-121.52,NA,NA,249.04,260.7,0.843001339351758,0.428967847023159,0.984815320121694,0.348144142089022,0.463403598623493,0.430095953866839
"RSTD","RSTD",54,100,-142.69,NA,NA,291.38,303.04,0.111280993092805,0.926345025887713,0.965524568062149,0.922507215348567,1.07101513332654,1.52358875974062
"RSTD","RSTD",55,100,-109.47,NA,NA,224.94,236.6,0.231767056509852,0.779834397835657,0.912370911125172,0.890382492932369,5.8295277503087,3.55762586234994
"RSTD","RSTD",56,100,-109.2,NA,NA,224.4,236.06,0.386252531083301,0.815260800998658,0.913119045797563,0.888920936392147,5.36723360371743,1.64474068483968
"RSTD","RSTD",57,100,-193.18,NA,NA,392.36,404.02,0.6529874894768,0.670282299863175,0.553422258262968,0.61532247302594,0.112682734616717,0.116263606119901
"RSTD","RSTD",58,100,-148.78,NA,NA,303.56,315.22,0.560497718863189,0.274772666627541,0.938610476420961,0.280601087350361,0.575415497054828,0.529099578669097
"RSTD","RSTD",59,100,-118.19,NA,NA,242.38,254.04,0.597106330329552,0.589335348224267,0.985565439679339,0.78718493083405,0.730901885491326,0.931611171881569
"RSTD","RSTD",60,100,-102.77,NA,NA,211.54,223.2,0.987134294584394,0.800411853706464,0.998963719307418,0.823806460992903,1.00927389871986,1.29764714087815
"RSTD","RSTD",61,100,-205.21,NA,NA,416.42,428.08,0.718285634880885,0.565618214197457,0.613122828025432,0.901274268471715,0.0588401547267753,0.0649159974418581
"RSTD","RSTD",62,100,-222.81,NA,NA,451.62,463.28,0.125127220060676,0.773224814096466,0.999945981317766,0.959883284319659,0.396335504689336,0.583291862625629
"RSTD","RSTD",63,100,-191.01,NA,NA,388.02,399.68,0.499009405029938,0.0988319513853639,0.252968456049555,0.0357776999192804,0.112641329924344,0.092432988807559
"RSTD","RSTD",64,100,-111.59,NA,NA,229.18,240.84,0.333673485321924,0.454882015939802,0.972540088591802,0.564844884588518,0.891489341732541,2.70696423376415
"RSTD","RSTD",65,100,-111.14,NA,NA,228.28,239.94,0.810415166895837,0.0187283449340612,0.80920093397389,0.0204649483237302,0.183802133101807,0.165121834239408
"RSTD","RSTD",66,100,-128.67,NA,NA,263.34,275,0.461979309096932,0.296923782210797,0.969400085279571,0.306720828990902,0.446806732377194,0.458040716126561
"RSTD","RSTD",67,100,-197.32,NA,NA,400.64,412.3,0.285626433324069,0.528872283641249,0.490490193622129,0.997622886237585,0.08436313973327,0.147296045374405
"RSTD","RSTD",68,100,-128.13,NA,NA,262.26,273.92,0.732509626774117,0.600311974063516,0.971044499515461,0.755895822539117,0.427567659601943,0.449271724574598
"RSTD","RSTD",69,100,-119.65,NA,NA,245.3,256.96,0.977929984452203,0.529096166603267,0.98769581380106,0.432600419007272,0.780438628733353,0.751786146880371
"RSTD","RSTD",70,100,-104.6,NA,NA,215.2,226.86,0.98177181975916,0.159414226887748,0.983028221101693,0.148167643576385,0.460448492840526,0.477379389107227
"RSTD","RSTD",71,100,-187.19,NA,NA,380.38,392.04,0.922829337418079,0.366323065012693,0.56076905171212,0.23571577867574,0.113645964099208,0.0864430760253218
"RSTD","RSTD",72,100,-77.71,NA,NA,161.42,173.08,0.437475311337039,0.144657690776512,0.911326311470302,0.195991437510814,5.88605653715516,1.51204245735464
"RSTD","RSTD",73,100,-156.73,NA,NA,319.46,331.12,0.0812403932213783,0.858433880610391,0.962911008640097,0.93871989171466,1.13831766517209,1.57674626609245
"RSTD","RSTD",74,100,-208.52,NA,NA,423.04,434.7,0.769064010120928,0.423705151304603,0.704928999909945,0.9369133441509,0.0513269387119742,0.0550090870819986
"RSTD","RSTD",75,100,-247.75,NA,NA,501.5,513.16,0.27233505435288,0.0992442343849689,0.408369226395689,0.052244221573246,0.0149738881527171,0.0195726837949201
"RSTD","RSTD",76,100,-116.66,NA,NA,239.32,250.98,0.714246998308226,0.356464033480734,0.973938632888705,0.317192417352129,0.819524097663509,1.33508190601589
"RSTD","RSTD",77,100,-109.2,NA,NA,224.4,236.06,0.165105299558491,0.62026000325568,0.913119045797563,0.888920936392147,5.36723360371743,2.11759630225509
"RSTD","RSTD",78,100,-131.91,NA,NA,269.82,281.48,0.948594216490164,0.818483957787976,0.958612906654925,0.819795594224197,0.436812139705701,0.400698857048743
"RSTD","RSTD",79,100,-221.46,NA,NA,448.92,460.58,0.641159480903298,0.713674181839451,0.578230212304721,0.997540305529955,0.0385408799668328,0.0414828715044559
"RSTD","RSTD",80,100,-104.4,NA,NA,214.8,226.46,0.602592710871249,0.798923129681498,0.957352972228343,0.860221951224307,1.18037407390211,1.65777598732141
"RSTD","RSTD",81,100,-144.6,NA,NA,295.2,306.86,0.0268326783552766,0.983408806612715,0.0557050066957393,0.999995527252514,1.25940176310813,1.42827125892359
"RSTD","RSTD",82,100,-200.5,NA,NA,407,418.66,0.390374890295789,0.210965643869713,0.160657346160364,0.0663108354784165,0.0889910720041798,0.0709301116876304
"RSTD","RSTD",83,100,-87.31,NA,NA,180.62,192.28,0.909624356776476,0.0655163209885359,0.976454035861885,0.062855405413623,0.529672237298919,0.479556284306279
"RSTD","RSTD",84,100,-127.45,NA,NA,260.9,272.56,0.894585720263422,0.928069569170475,0.980958468170561,0.876608719130627,0.777130014753445,0.784675157586944
"RSTD","RSTD",85,100,-143.45,NA,NA,292.9,304.56,0.16712597804144,0.591124507132918,0.979351980171395,0.876835607541614,0.761891830458304,0.76918393555553
"RSTD","RSTD",86,100,-196.46,NA,NA,398.92,410.58,0.0963515317998827,0.187938303221017,0.027383912614761,0.279814516359905,0.0666666599851416,0.16646143142134
"RSTD","RSTD",87,100,-118.06,NA,NA,242.12,253.78,0.812582350103185,0.879132093861699,0.96507875020406,0.869359941923088,0.977368924518595,4.4038753097219
"RSTD","RSTD",88,100,-196.44,NA,NA,398.88,410.54,0.448961209738627,0.690639521926641,0.563561858866213,0.997096911472749,0.0876053284035348,0.123227803417321
"RSTD","RSTD",89,100,-127.01,NA,NA,260.02,271.68,0.352596259210259,0.519048273330554,0.988959683159878,0.811510315053374,0.69035486876188,0.771270071114314
"RSTD","RSTD",90,100,-74.84,NA,NA,155.68,167.34,0.7131295024883,0.112127762287855,0.907227809339442,0.10162436827103,9.292946793779,3.4174234716404
"RSTD","RSTD",91,100,-197.95,NA,NA,401.9,413.56,0.102771484525874,0.0985191510990262,0.60187472945626,0.996413157079533,0.0948496575694453,0.348240172024816
"RSTD","RSTD",92,100,-189.47,NA,NA,384.94,396.6,0.14997310237959,0.461772011825815,0.310508633015477,0.954237764265518,0.159041998045782,0.261333189609714
"RSTD","RSTD",93,100,-148.62,NA,NA,303.24,314.9,0.435881547397003,0.7804279406555,0.976305803981104,0.862719221708981,0.610964633359004,0.681397345848382
"RSTD","RSTD",94,100,-90.59,NA,NA,187.18,198.84,0.975024477113038,0.799848798895255,0.923374489436216,0.884011351827207,9.64940254741249,4.33281822849937
"RSTD","RSTD",95,100,-126.45,NA,NA,258.9,270.56,0.723246149485931,0.623378630494699,0.962672345384213,0.757871193967865,0.43866573560734,0.45622572209686
"RSTD","RSTD",96,100,-135.71,NA,NA,277.42,289.08,0.323681306792423,0.444453429430723,0.963365636688404,0.783305835847108,0.408215744678646,0.446843124460429
"RSTD","RSTD",97,100,-198.04,NA,NA,402.08,413.74,0.521510650403798,0.40949847153388,0.634813508604959,0.91481209698574,0.0824409851794432,0.118169202112595
"RSTD","RSTD",98,100,-181.28,NA,NA,368.56,380.22,0.418908317107707,0.978637758642435,0.537553587124098,0.734577779030463,0.169365699405143,0.211078092921525
"RSTD","RSTD",99,100,-107.47,NA,NA,220.94,232.6,0.78953983867541,0.418743934947997,0.971511549586628,0.378633400127085,0.920478335644547,2.49348991278757
"RSTD","RSTD",100,100,-193.2,NA,NA,392.4,404.06,0.956703607924283,0.607802340993658,0.685253544613817,0.623737600503448,0.103915867872125,0.108669338996542
"RSTD","Utility",1,100,-125.92,NA,NA,257.84,269.5,0.285107890376821,0.724670132622123,0.94587373804797,0.530982233606746,9.97445453265431,1.43561604238095
"RSTD","Utility",2,100,-161.75,NA,NA,329.5,341.16,0.950232450617477,0.206436974462122,0.100002656132208,0.627629810524025,2.71785487795485,0.364579517394304
"RSTD","Utility",3,100,-175.78,NA,NA,357.56,369.22,0.536011227406561,0.200363578274846,0.164277439236486,0.483680535878197,9.99363912550712,1.00568439900399
"RSTD","Utility",4,100,-199.79,NA,NA,405.58,417.24,0.321220333920792,0.649332832079381,0.73694089269681,0.998424507291558,0.0715736785758266,0.142882495187223
"RSTD","Utility",5,100,-146.03,NA,NA,298.06,309.72,0.525106647517532,0.973066303646192,0.911338889176146,0.663053754814409,2.03202091334366,0.392999498639256
"RSTD","Utility",6,100,-118.88,NA,NA,243.76,255.42,0.895209939451888,0.943225271301344,0.945210404424885,0.561761179955596,9.8640111489983,3.35385648889427
"RSTD","Utility",7,100,-187.09,NA,NA,380.18,391.84,0.753931205254048,0.197620301274583,0.558488590574901,0.189103291619319,2.72525947107161,0.18983699940145
"RSTD","Utility",8,100,-150.43,NA,NA,306.86,318.52,0.0560640415642411,0.783013365231454,0.94127644872987,0.79506225041011,6.13331118035541,3.41441693140154
"RSTD","Utility",9,100,-177.4,NA,NA,360.8,372.46,0.479448032099754,0.989872474921867,0.790804226419088,0.934144554974246,0.276003475076061,0.208000437050192
"RSTD","Utility",10,100,-117.42,NA,NA,240.84,252.5,0.711294803768396,0.788163986755535,0.928478107834302,0.560330645355552,9.98054759299641,2.30973086307261
"RSTD","Utility",11,100,-128.92,NA,NA,263.84,275.5,0.5048349336721,0.797194604296237,0.942130825142111,0.526751829569923,9.94499632477822,2.5054881726885
"RSTD","Utility",12,100,-206.14,NA,NA,418.28,429.94,0.731893435353413,0.395451756194234,0.842020689115764,0.954095459553425,0.347466845507063,0.618170124012977
"RSTD","Utility",13,100,-120.99,NA,NA,247.98,259.64,0.275977379642427,0.511981163173914,0.93144455070997,0.549250995663342,9.9711971140671,2.39124982816227
"RSTD","Utility",14,100,-183.21,NA,NA,372.42,384.08,0.226354157319292,0.16033569118008,0.267854250578245,0.49382124816443,9.97509438859212,0.894037933978152
"RSTD","Utility",15,100,-118.29,NA,NA,242.58,254.24,0.315573724219576,0.984172471100464,0.944599580853225,0.560418213788206,9.94616692003599,1.69604673600736
"RSTD","Utility",16,100,-155.64,NA,NA,317.28,328.94,0.540354023920372,0.854036244563758,0.933931024948044,0.37655729183101,8.86217825698628,0.362152148856662
"RSTD","Utility",17,100,-129.74,NA,NA,265.48,277.14,0.66359161795117,0.0660558908712119,0.0390373235887624,0.914205430948435,8.55399061766802,1.97567781611326
"RSTD","Utility",18,100,-166.29,NA,NA,338.58,350.24,0.973287776112556,0.630256613949314,0.936105702066575,0.438816861440193,9.04306513889165,0.855529390233469
"RSTD","Utility",19,100,-185.45,NA,NA,376.9,388.56,0.340647828998044,0.988910319516435,0.700901545565854,0.998466192745183,0.14274841437388,0.211397308856249
"RSTD","Utility",20,100,-140.12,NA,NA,286.24,297.9,0.329378831898794,0.0628540490288287,0.0594915922120556,0.98081890224,1.55830471495911,2.33967715737489
"RSTD","Utility",21,100,-176.2,NA,NA,358.4,370.06,0.285566801903769,0.0508385861758143,0.0592762134146496,0.399485428192867,9.99843381209666,0.410096168983728
"RSTD","Utility",22,100,-202.37,NA,NA,410.74,422.4,0.684979062527418,0.438995202770457,0.818940131316819,0.962675897251571,0.376933270126296,0.685128960758448
"RSTD","Utility",23,100,-176.1,NA,NA,358.2,369.86,0.529962481698021,0.27115519088693,0.281442190361095,0.483071976521933,9.99603934665572,2.69503675574873
"RSTD","Utility",24,100,-191.12,NA,NA,388.24,399.9,0.779200294986367,0.728794121881947,0.70177177804491,0.997187222091516,0.120383672192647,0.160821524456017
"RSTD","Utility",25,100,-206.25,NA,NA,418.5,430.16,0.0281218434683979,0.533772448310629,0.320798223825595,0.993186750890495,0.0658607806096728,0.225168376229703
"RSTD","Utility",26,100,-204.66,NA,NA,415.32,426.98,0.128862570039928,0.17050133110024,0.206609497073459,0.999631304893945,0.766062715716524,1.37515528589011
"RSTD","Utility",27,100,-148.21,NA,NA,302.42,314.08,0.980796684976667,0.860091791022569,0.951944208915768,0.514558924100912,9.88693265688951,1.2001721150753
"RSTD","Utility",28,100,-241.27,NA,NA,488.54,500.2,0.633000507717952,0.959949327167124,0.72148448146941,0.91498327715208,0.025772291365059,0.0240202485583723
"RSTD","Utility",29,100,-127.65,NA,NA,261.3,272.96,0.234798390883952,0.4054856733419,0.931391480491451,0.518480628343072,9.97157938837657,3.89528230370438
"RSTD","Utility",30,100,-209.19,NA,NA,424.38,436.04,0.319981756620109,0.632078264839947,0.653247889421138,0.93914572875797,0.06299850663701,0.0559587455590604
"RSTD","Utility",31,100,-122.37,NA,NA,250.74,262.4,0.417691254755482,0.885661983396858,0.944614804065369,0.550413485039048,9.61080614709254,1.4762263855988
"RSTD","Utility",32,100,-223.85,NA,NA,453.7,465.36,0.119032545015216,0.605491037247702,0.270000682883923,0.00511269712645922,1.56583881907526,0.0459982767437321
"RSTD","Utility",33,100,-117.42,NA,NA,240.84,252.5,0.824352919822559,0.753800751408562,0.928478107834302,0.560330645355552,9.98054759299641,2.89878896835935
"RSTD","Utility",34,100,-161.4,NA,NA,328.8,340.46,0.080542077543214,0.69156481907703,0.960745740347752,0.729902258936956,4.33263300161456,3.2510444371212
"RSTD","Utility",35,100,-178.69,NA,NA,363.38,375.04,0.788759883260354,0.407168375095353,0.345337289976436,0.493822847517008,9.98263117933022,0.8810732345608
"RSTD","Utility",36,100,-124.78,NA,NA,255.56,267.22,0.960197768406942,0.814909122884274,0.937025270141551,0.466607364499366,7.74975488511119,0.491239995229989
"RSTD","Utility",37,100,-181.22,NA,NA,368.44,380.1,0.983733647270128,0.387793875532225,0.348914405201365,0.700947385696521,0.564555929953663,0.184212701395154
"RSTD","Utility",38,100,-131.33,NA,NA,268.66,280.32,0.640330957481638,0.661732341628522,0.931743023515077,0.509130381929373,9.94397303593352,1.1015722423634
"RSTD","Utility",39,100,-126.07,NA,NA,258.14,269.8,0.591888564871624,0.781977394130081,0.939919124649928,0.522661605977314,9.99864753306536,1.17335850927503
"RSTD","Utility",40,100,-181.96,NA,NA,369.92,381.58,0.185236022341996,0.927017299691215,0.972712642255863,0.509600130893633,3.85212380773211,0.406216487288475
"RSTD","Utility",41,100,-168.29,NA,NA,342.58,354.24,0.5952471755445,0.540940156206489,0.460073198978159,0.751350701790871,3.12072197650679,1.71158919288757
"RSTD","Utility",42,100,-189.44,NA,NA,384.88,396.54,0.265401779906824,0.195171546889469,0.222187747471777,0.786007663926338,0.473413669680553,0.226954524639678
"RSTD","Utility",43,100,-212.53,NA,NA,431.06,442.72,0.604935176437721,0.398145136190578,0.890297000603868,0.787393846415402,0.0962365640586223,0.0485801249742508
"RSTD","Utility",44,100,-150.8,NA,NA,307.6,319.26,0.470244030002505,0.685449249343947,0.942740689344573,0.489422137229326,8.0376785915083,0.648697707336396
"RSTD","Utility",45,100,-165.38,NA,NA,336.76,348.42,0.371720403432846,0.503097830805928,0.928663615702668,0.325735966877482,9.88050992424093,0.322839245665818
"RSTD","Utility",46,100,-196.28,NA,NA,398.56,410.22,0.361050225095823,0.370053818682209,0.726231406766353,0.997809608427632,0.0853273058391836,0.173567070005157
"RSTD","Utility",47,100,-116.79,NA,NA,239.58,251.24,0.594613759312779,0.789667062694207,0.930968161520098,0.563269131024366,9.95199795799443,2.04544003671947
"RSTD","Utility",48,100,-134.13,NA,NA,274.26,285.92,0.628910263301805,0.0369398219045252,0.0532348947532023,0.587159477173632,9.72200957935449,1.35408596597136
"RSTD","Utility",49,100,-122.12,NA,NA,250.24,261.9,0.254382238723338,0.857857148861513,0.950407382955773,0.520774877009981,9.98178789312032,0.936107955831003
"RSTD","Utility",50,100,-142.87,NA,NA,291.74,303.4,0.629901704145595,0.59963444317691,0.932771736794134,0.480152634083016,9.96358132160495,1.13030682034315
"RSTD","Utility",51,100,-216.87,NA,NA,439.74,451.4,0.958562755258754,0.446684151422232,0.966499271033519,0.366426213098049,8.81219277520876,1.46860518856885
"RSTD","Utility",52,100,-135.45,NA,NA,276.9,288.56,0.378760501742363,0.716149265645072,0.943741019597498,0.511671073144088,9.84174561241484,1.1838285959837
"RSTD","Utility",53,100,-158.33,NA,NA,322.66,334.32,0.843001339351758,0.428967847023159,0.284243376701332,0.944788332075144,0.575519795952458,0.430095953866839
"RSTD","Utility",54,100,-143.89,NA,NA,293.78,305.44,0.111280993092805,0.926345025887713,0.963929395248111,0.553610970173519,9.67399552478889,1.52358875974062
"RSTD","Utility",55,100,-118.29,NA,NA,242.58,254.24,0.231767056509852,0.779834397835657,0.944599580853225,0.560418213788206,9.94616692003599,3.55762586234994
"RSTD","Utility",56,100,-118.63,NA,NA,243.26,254.92,0.386252531083301,0.815260800998658,0.943280657740556,0.560227258585628,9.94711762486001,1.64474068483968
"RSTD","Utility",57,100,-193.06,NA,NA,392.12,403.78,0.6529874894768,0.670282299863175,0.590862269345759,0.812904953116593,0.224770940745295,0.116263606119901
"RSTD","Utility",58,100,-188.6,NA,NA,383.2,394.86,0.560497718863189,0.274772666627541,0.225852721401384,0.943959824437312,0.702856775677316,0.529099578669097
"RSTD","Utility",59,100,-139.84,NA,NA,285.68,297.34,0.597106330329552,0.589335348224267,0.934619851655462,0.474377024468308,9.84397046716576,0.931611171881569
"RSTD","Utility",60,100,-151.27,NA,NA,308.54,320.2,0.987134294584394,0.800411853706464,0.950666694079948,0.51110353615994,9.95521135326748,1.29764714087815
"RSTD","Utility",61,100,-205.7,NA,NA,417.4,429.06,0.718285634880885,0.565618214197457,0.702761115791133,0.878755014840719,0.0877151494484281,0.0649159974418581
"RSTD","Utility",62,100,-223.28,NA,NA,452.56,464.22,0.125127220060676,0.773224814096466,0.99110794195279,0.489945719209003,5.15057422496622,0.583291862625629
"RSTD","Utility",63,100,-200.85,NA,NA,407.7,419.36,0.499009405029938,0.0988319513853639,0.344912076929031,0.0134826581225802,2.81697374943206,0.092432988807559
"RSTD","Utility",64,100,-160.74,NA,NA,327.48,339.14,0.333673485321924,0.454882015939802,0.851617837011662,0.94514024824037,0.697131562635878,2.70696423376415
"RSTD","Utility",65,100,-189.95,NA,NA,385.9,397.56,0.810415166895837,0.0187283449340612,0.0482476114891678,0.000281887882929838,9.99601988351855,0.165121834239408
"RSTD","Utility",66,100,-159.24,NA,NA,324.48,336.14,0.461979309096932,0.296923782210797,0.250791912439216,0.89139406432854,0.749524447731733,0.458040716126561
"RSTD","Utility",67,100,-200.4,NA,NA,406.8,418.46,0.285626433324069,0.528872283641249,0.731029980354533,0.998388899997468,0.071940180625423,0.147296045374405
"RSTD","Utility",68,100,-136.95,NA,NA,279.9,291.56,0.732509626774117,0.600311974063516,0.923662150656995,0.415775042586029,8.47858729284887,0.449271724574598
"RSTD","Utility",69,100,-182.15,NA,NA,370.3,381.96,0.977929984452203,0.529096166603267,0.404157884464876,0.587723309101653,6.04084731911807,0.751786146880371
"RSTD","Utility",70,100,-141.77,NA,NA,289.54,301.2,0.98177181975916,0.159414226887748,0.0563987294758989,0.999535073021781,0.667675563239795,0.477379389107227
"RSTD","Utility",71,100,-188.16,NA,NA,382.32,393.98,0.922829337418079,0.366323065012693,0.486745240234441,0.369277324964809,1.39282793134994,0.0864430760253218
"RSTD","Utility",72,100,-155.36,NA,NA,316.72,328.38,0.437475311337039,0.144657690776512,0.137768810363799,0.517612461061817,9.99947934177686,1.51204245735464
"RSTD","Utility",73,100,-156.86,NA,NA,319.72,331.38,0.0812403932213783,0.858433880610391,0.96576379232459,0.645745445906839,6.48022317294701,1.57674626609245
"RSTD","Utility",74,100,-208.72,NA,NA,423.44,435.1,0.769064010120928,0.423705151304603,0.796010808776357,0.750912970098533,0.124136021805004,0.0550090870819986
"RSTD","Utility",75,100,-248.27,NA,NA,502.54,514.2,0.27233505435288,0.0992442343849689,0.708501169379621,0.0516400180295829,0.425505094719385,0.0195726837949201
"RSTD","Utility",76,100,-177.48,NA,NA,360.96,372.62,0.714246998308226,0.356464033480734,0.303138206492706,0.495783691610706,9.99907075277281,1.33508190601589
"RSTD","Utility",77,100,-118.63,NA,NA,243.26,254.92,0.165105299558491,0.62026000325568,0.943280657740556,0.560227258585628,9.94711762486001,2.11759630225509
"RSTD","Utility",78,100,-135.71,NA,NA,277.42,289.08,0.948594216490164,0.818483957787976,0.937053846909006,0.407702162229493,9.13785616876313,0.400698857048743
"RSTD","Utility",79,100,-222.73,NA,NA,451.46,463.12,0.641159480903298,0.713674181839451,0.825952041194775,0.970902209247014,0.0431246832849186,0.0414828715044559
"RSTD","Utility",80,100,-118.99,NA,NA,243.98,255.64,0.602592710871249,0.798923129681498,0.937418105226418,0.55122076790709,9.94124662914918,1.65777598732141
"RSTD","Utility",81,100,-155.01,NA,NA,316.02,327.68,0.0268326783552766,0.983408806612715,0.949966990560937,0.722144388858519,7.73106145607446,1.42827125892359
"RSTD","Utility",82,100,-201.86,NA,NA,409.72,421.38,0.390374890295789,0.210965643869713,0.367470362879612,0.751986443757175,0.164350261070122,0.0709301116876304
"RSTD","Utility",83,100,-110.43,NA,NA,226.86,238.52,0.909624356776476,0.0655163209885359,0.0521825709664355,0.999713699502771,0.695383339118126,0.479556284306279
"RSTD","Utility",84,100,-134.97,NA,NA,275.94,287.6,0.894585720263422,0.928069569170475,0.951583360029017,0.539331524193099,7.50149685449316,0.784675157586944
"RSTD","Utility",85,100,-150.2,NA,NA,306.4,318.06,0.16712597804144,0.591124507132918,0.948566100318707,0.566772660336923,6.35086072671937,0.76918393555553
"RSTD","Utility",86,100,-205.83,NA,NA,417.66,429.32,0.0963515317998827,0.187938303221017,0.267504234177461,0.834173901850785,0.129853065227751,0.16646143142134
"RSTD","Utility",87,100,-128.18,NA,NA,262.36,274.02,0.812582350103185,0.879132093861699,0.943929427650012,0.532484205285333,9.86547304843137,4.4038753097219
"RSTD","Utility",88,100,-198.72,NA,NA,403.44,415.1,0.448961209738627,0.690639521926641,0.709647744346445,0.998519747446316,0.0778219124319814,0.123227803417321
"RSTD","Utility",89,100,-145.13,NA,NA,296.26,307.92,0.352596259210259,0.519048273330554,0.9348345088821,0.488264832773196,8.69412762439553,0.771270071114314
"RSTD","Utility",90,100,-132.61,NA,NA,271.22,282.88,0.7131295024883,0.112127762287855,0.0848326329483209,0.716647713788395,9.96364850622676,3.4174234716404
"RSTD","Utility",91,100,-199.48,NA,NA,404.96,416.62,0.102771484525874,0.0985191510990262,0.329509784958903,0.999324709272863,0.10902569968006,0.348240172024816
"RSTD","Utility",92,100,-198.56,NA,NA,403.12,414.78,0.14997310237959,0.461772011825815,0.668168169711225,0.999875976623326,0.0847839203399531,0.261333189609714
"RSTD","Utility",93,100,-155.25,NA,NA,316.5,328.16,0.435881547397003,0.7804279406555,0.952022938591217,0.479145947879387,8.31199481585392,0.681397345848382
"RSTD","Utility",94,100,-169.84,NA,NA,345.68,357.34,0.975024477113038,0.799848798895255,0.968262802256941,0.50829669387329,9.71345602912193,4.33281822849937
"RSTD","Utility",95,100,-135.28,NA,NA,276.56,288.22,0.723246149485931,0.623378630494699,0.926276672436282,0.398798092846143,9.64185256902891,0.45622572209686
"RSTD","Utility",96,100,-140.3,NA,NA,286.6,298.26,0.323681306792423,0.444453429430723,0.929551295500192,0.385132001139341,9.86683913000252,0.446843124460429
"RSTD","Utility",97,100,-198.87,NA,NA,403.74,415.4,0.521510650403798,0.40949847153388,0.759706789519717,0.990686148494024,0.076823154858365,0.118169202112595
"RSTD","Utility",98,100,-182.46,NA,NA,370.92,382.58,0.418908317107707,0.978637758642435,0.744834095835584,0.938524771050348,0.223155734903076,0.211078092921525
"RSTD","Utility",99,100,-166.55,NA,NA,339.1,350.76,0.78953983867541,0.418743934947997,0.372372203808376,0.52172030086995,9.97904636085801,2.49348991278757
"RSTD","Utility",100,100,-192.95,NA,NA,391.9,403.56,0.956703607924283,0.607802340993658,0.662895363555147,0.724242344639576,0.317837714999625,0.108669338996542
"Utility","TD",1,100,-169.22,NA,NA,342.44,350.21,0.285107890376821,0.724670132622123,0.233183077092623,0.356399438231504,NA,1.43561604238095
"Utility","TD",2,100,-246.67,NA,NA,497.34,505.11,0.950232450617477,0.206436974462122,0.872224306926454,0.0147300957576141,NA,0.364579517394304
"Utility","TD",3,100,-212.89,NA,NA,429.78,437.55,0.536011227406561,0.200363578274846,0.681009290526653,0.0446079156875919,NA,1.00568439900399
"Utility","TD",4,100,-221.51,NA,NA,447.02,454.79,0.321220333920792,0.649332832079381,0.519389354077539,0.0348768359555413,NA,0.142882495187223
"Utility","TD",5,100,-157.69,NA,NA,319.38,327.15,0.525106647517532,0.973066303646192,0.728899209024109,0.301096451868664,NA,0.392999498639256
"Utility","TD",6,100,-129.62,NA,NA,263.24,271.01,0.895209939451888,0.943225271301344,0.898167008163653,0.94471205750063,NA,3.35385648889427
"Utility","TD",7,100,-249.53,NA,NA,503.06,510.83,0.753931205254048,0.197620301274583,0.916768815295751,8.9654571618663e-06,NA,0.18983699940145
"Utility","TD",8,100,-203.12,NA,NA,410.24,418.01,0.0560640415642411,0.783013365231454,0.0934058572026804,0.862812465632732,NA,3.41441693140154
"Utility","TD",9,100,-187.03,NA,NA,378.06,385.83,0.479448032099754,0.989872474921867,0.647354693702401,0.135626844653977,NA,0.208000437050192
"Utility","TD",10,100,-136,NA,NA,276,283.77,0.711294803768396,0.788163986755535,0.867361751124063,0.754508098930751,NA,2.30973086307261
"Utility","TD",11,100,-177.64,NA,NA,359.28,367.05,0.5048349336721,0.797194604296237,0.838676366820869,0.455122474783958,NA,2.5054881726885
"Utility","TD",12,100,-201.31,NA,NA,406.62,414.39,0.731893435353413,0.395451756194234,0.916261289833771,0.0604179304083488,NA,0.618170124012977
"Utility","TD",13,100,-176.24,NA,NA,356.48,364.25,0.275977379642427,0.511981163173914,0.237018526336533,0.220021144253482,NA,2.39124982816227
"Utility","TD",14,100,-221.74,NA,NA,447.48,455.25,0.226354157319292,0.16033569118008,0.536707487977606,0.0344853783235483,NA,0.894037933978152
"Utility","TD",15,100,-185.32,NA,NA,374.64,382.41,0.315573724219576,0.984172471100464,0.261088968902154,0.882512083400355,NA,1.69604673600736
"Utility","TD",16,100,-187.37,NA,NA,378.74,386.51,0.540354023920372,0.854036244563758,0.637727266189634,0.127163409343261,NA,0.362152148856662
"Utility","TD",17,100,-203.14,NA,NA,410.28,418.05,0.66359161795117,0.0660558908712119,0.879521646065226,0.056934146457364,NA,1.97567781611326
"Utility","TD",18,100,-191.14,NA,NA,386.28,394.05,0.973287776112556,0.630256613949314,0.743765418272377,0.112433950364986,NA,0.855529390233469
"Utility","TD",19,100,-190.66,NA,NA,385.32,393.09,0.340647828998044,0.988910319516435,0.567512656555496,0.117952206793806,NA,0.211397308856249
"Utility","TD",20,100,-202.79,NA,NA,409.58,417.35,0.329378831898794,0.0628540490288287,0.288230736187696,0.0639614646543118,NA,2.33967715737489
"Utility","TD",21,100,-249.53,NA,NA,503.06,510.83,0.285566801903769,0.0508385861758143,0.242462087756049,1.33976553030777e-05,NA,0.410096168983728
"Utility","TD",22,100,-200.32,NA,NA,404.64,412.41,0.684979062527418,0.438995202770457,0.717194462794177,0.0685172741397846,NA,0.685128960758448
"Utility","TD",23,100,-192.75,NA,NA,389.5,397.27,0.529962481698021,0.27115519088693,0.462391973744515,0.11473493762132,NA,2.69503675574873
"Utility","TD",24,100,-200.54,NA,NA,405.08,412.85,0.779200294986367,0.728794121881947,0.832031230491405,0.0641283701673445,NA,0.160821524456017
"Utility","TD",25,100,-216.59,NA,NA,437.18,444.95,0.0281218434683979,0.533772448310629,0.374824644863347,0.0362938548074789,NA,0.225168376229703
"Utility","TD",26,100,-204.1,NA,NA,412.2,419.97,0.128862570039928,0.17050133110024,0.0676747977101664,0.0654098663396658,NA,1.37515528589011
"Utility","TD",27,100,-144.58,NA,NA,293.16,300.93,0.980796684976667,0.860091791022569,0.919621893917712,0.703290543970773,NA,1.2001721150753
"Utility","TD",28,100,-247.27,NA,NA,498.54,506.31,0.633000507717952,0.959949327167124,0.679477422166869,0.0145124328076839,NA,0.0240202485583723
"Utility","TD",29,100,-183.83,NA,NA,371.66,379.43,0.234798390883952,0.4054856733419,0.214704319745515,0.205416489388129,NA,3.89528230370438
"Utility","TD",30,100,-251.68,NA,NA,507.36,515.13,0.319981756620109,0.632078264839947,0.725164664570247,0.00978884025688099,NA,0.0559587455590604
"Utility","TD",31,100,-192.72,NA,NA,389.44,397.21,0.417691254755482,0.885661983396858,0.825017739500125,0.382061785172536,NA,1.4762263855988
"Utility","TD",32,100,-257.63,NA,NA,519.26,527.03,0.119032545015216,0.605491037247702,0.652955787220788,0.00693707649069959,NA,0.0459982767437321
"Utility","TD",33,100,-123.61,NA,NA,251.22,258.99,0.824352919822559,0.753800751408562,0.877150157723873,0.924531691792718,NA,2.89878896835935
"Utility","TD",34,100,-232.03,NA,NA,468.06,475.83,0.080542077543214,0.69156481907703,0.791108938045244,0.103547348774053,NA,3.2510444371212
"Utility","TD",35,100,-196.47,NA,NA,396.94,404.71,0.788759883260354,0.407168375095353,0.688822999585788,0.0877581178724553,NA,0.8810732345608
"Utility","TD",36,100,-177.94,NA,NA,359.88,367.65,0.960197768406942,0.814909122884274,0.809952516592761,0.201932727544184,NA,0.491239995229989
"Utility","TD",37,100,-247.62,NA,NA,499.24,507.01,0.983733647270128,0.387793875532225,0.882356376613719,0.0140215179838037,NA,0.184212701395154
"Utility","TD",38,100,-174.26,NA,NA,352.52,360.29,0.640330957481638,0.661732341628522,0.593098667687585,0.181304490980663,NA,1.1015722423634
"Utility","TD",39,100,-139.83,NA,NA,283.66,291.43,0.591888564871624,0.781977394130081,0.791809944365649,0.401141652279362,NA,1.17335850927503
"Utility","TD",40,100,-185.3,NA,NA,374.6,382.37,0.185236022341996,0.927017299691215,0.216587850657772,0.229970368158632,NA,0.406216487288475
"Utility","TD",41,100,-180.32,NA,NA,364.64,372.41,0.5952471755445,0.540940156206489,0.49543589752603,0.159574008416667,NA,1.71158919288757
"Utility","TD",42,100,-249.53,NA,NA,503.06,510.83,0.265401779906824,0.195171546889469,0.752862078202912,5.28175469875419e-06,NA,0.226954524639678
"Utility","TD",43,100,-249.53,NA,NA,503.06,510.83,0.604935176437721,0.398145136190578,0.181464173930624,3.38245612836899e-06,NA,0.0485801249742508
"Utility","TD",44,100,-190.51,NA,NA,385.02,392.79,0.470244030002505,0.685449249343947,0.559797874267279,0.125153516620794,NA,0.648697707336396
"Utility","TD",45,100,-214.66,NA,NA,433.32,441.09,0.371720403432846,0.503097830805928,0.53050851953075,0.0438181137893052,NA,0.322839245665818
"Utility","TD",46,100,-248.25,NA,NA,500.5,508.27,0.361050225095823,0.370053818682209,0.676566331573333,0.0136767940476351,NA,0.173567070005157
"Utility","TD",47,100,-150.68,NA,NA,305.36,313.13,0.594613759312779,0.789667062694207,0.858365335674565,0.618839052748144,NA,2.04544003671947
"Utility","TD",48,100,-219.47,NA,NA,442.94,450.71,0.628910263301805,0.0369398219045252,0.986105330292673,0.0336431296405811,NA,1.35408596597136
"Utility","TD",49,100,-162.01,NA,NA,328.02,335.79,0.254382238723338,0.857857148861513,0.218423523494443,0.442731583819096,NA,0.936107955831003
"Utility","TD",50,100,-185.48,NA,NA,374.96,382.73,0.629901704145595,0.59963444317691,0.500825771741982,0.143786336625045,NA,1.13030682034315
"Utility","TD",51,100,-194.15,NA,NA,392.3,400.07,0.958562755258754,0.446684151422232,0.667480004923419,0.100897121009054,NA,1.46860518856885
"Utility","TD",52,100,-170.47,NA,NA,344.94,352.71,0.378760501742363,0.716149265645072,0.309556909043471,0.252717586837573,NA,1.1838285959837
"Utility","TD",53,100,-210.15,NA,NA,424.3,432.07,0.843001339351758,0.428967847023159,0.986706325286275,0.0440083692277368,NA,0.430095953866839
"Utility","TD",54,100,-218.61,NA,NA,441.22,448.99,0.111280993092805,0.926345025887713,0.848331609410363,0.243691118926941,NA,1.52358875974062
"Utility","TD",55,100,-188.77,NA,NA,381.54,389.31,0.231767056509852,0.779834397835657,0.243723157475814,0.708783408669353,NA,3.55762586234994
"Utility","TD",56,100,-203.32,NA,NA,410.64,418.41,0.386252531083301,0.815260800998658,0.808503881817853,0.315042276806079,NA,1.64474068483968
"Utility","TD",57,100,-229.51,NA,NA,463.02,470.79,0.6529874894768,0.670282299863175,0.590035362966334,0.0307978360795388,NA,0.116263606119901
"Utility","TD",58,100,-225.12,NA,NA,454.24,462.01,0.560497718863189,0.274772666627541,0.504786908587321,0.0352259751961856,NA,0.529099578669097
"Utility","TD",59,100,-190.98,NA,NA,385.96,393.73,0.597106330329552,0.589335348224267,0.570335345624012,0.120275878372511,NA,0.931611171881569
"Utility","TD",60,100,-120.1,NA,NA,244.2,251.97,0.987134294584394,0.800411853706464,0.903036415739646,0.561054349159618,NA,1.29764714087815
"Utility","TD",61,100,-249.53,NA,NA,503.06,510.83,0.718285634880885,0.565618214197457,0.349997863585193,8.59998845514715e-06,NA,0.0649159974418581
"Utility","TD",62,100,-204.89,NA,NA,413.78,421.55,0.125127220060676,0.773224814096466,0.64213057174977,0.0606890593748037,NA,0.583291862625629
"Utility","TD",63,100,-249.53,NA,NA,503.06,510.83,0.499009405029938,0.0988319513853639,0.964158540718485,7.29797418102932e-06,NA,0.092432988807559
"Utility","TD",64,100,-183.51,NA,NA,371.02,378.79,0.333673485321924,0.454882015939802,0.303322716919559,0.193261703993042,NA,2.70696423376415
"Utility","TD",65,100,-249.53,NA,NA,503.06,510.83,0.810415166895837,0.0187283449340612,0.181464173930624,3.38245612836899e-06,NA,0.165121834239408
"Utility","TD",66,100,-230,NA,NA,464,471.77,0.461979309096932,0.296923782210797,0.534965030471472,0.0303561469682699,NA,0.458040716126561
"Utility","TD",67,100,-239.32,NA,NA,482.64,490.41,0.285626433324069,0.528872283641249,0.599264192908105,0.0216310837091145,NA,0.147296045374405
"Utility","TD",68,100,-197.1,NA,NA,398.2,405.97,0.732509626774117,0.600311974063516,0.642328910513597,0.0875056809898386,NA,0.449271724574598
"Utility","TD",69,100,-195.1,NA,NA,394.2,401.97,0.977929984452203,0.529096166603267,0.714657794437511,0.0914768756798862,NA,0.751786146880371
"Utility","TD",70,100,-245.53,NA,NA,495.06,502.83,0.98177181975916,0.159414226887748,0.81370420585497,0.0159871563246755,NA,0.477379389107227
"Utility","TD",71,100,-249.53,NA,NA,503.06,510.83,0.922829337418079,0.366323065012693,0.419069191889115,8.26406498167372e-06,NA,0.0864430760253218
"Utility","TD",72,100,-205.06,NA,NA,414.12,421.89,0.437475311337039,0.144657690776512,0.404818285339823,0.0546125818661147,NA,1.51204245735464
"Utility","TD",73,100,-231.73,NA,NA,467.46,475.23,0.0812403932213783,0.858433880610391,0.875767253756873,0.225031015800845,NA,1.57674626609245
"Utility","TD",74,100,-249.53,NA,NA,503.06,510.83,0.769064010120928,0.423705151304603,0.788885755859573,4.49309475849368e-06,NA,0.0550090870819986
"Utility","TD",75,100,-249.53,NA,NA,503.06,510.83,0.27233505435288,0.0992442343849689,0.52745347498642,1.28908080752694e-07,NA,0.0195726837949201
"Utility","TD",76,100,-195.47,NA,NA,394.94,402.71,0.714246998308226,0.356464033480734,0.649455751822277,0.0946800693874623,NA,1.33508190601589
"Utility","TD",77,100,-171.09,NA,NA,346.18,353.95,0.165105299558491,0.62026000325568,0.23562343810707,0.283736470463632,NA,2.11759630225509
"Utility","TD",78,100,-187.26,NA,NA,378.52,386.29,0.948594216490164,0.818483957787976,0.820204490093906,0.124310932295006,NA,0.400698857048743
"Utility","TD",79,100,-249.53,NA,NA,503.06,510.83,0.641159480903298,0.713674181839451,0.349997863585193,8.59998845514715e-06,NA,0.0414828715044559
"Utility","TD",80,100,-160.26,NA,NA,324.52,332.29,0.602592710871249,0.798923129681498,0.854581701856905,0.553496811030519,NA,1.65777598732141
"Utility","TD",81,100,-205.17,NA,NA,414.34,422.11,0.0268326783552766,0.983408806612715,0.999898282528729,0.420772491180979,NA,1.42827125892359
"Utility","TD",82,100,-249.53,NA,NA,503.06,510.83,0.390374890295789,0.210965643869713,0.964158540718485,7.29797418102932e-06,NA,0.0709301116876304
"Utility","TD",83,100,-251.16,NA,NA,506.32,514.09,0.909624356776476,0.0655163209885359,0.702755783245532,0.0104346123226671,NA,0.479556284306279
"Utility","TD",84,100,-153.56,NA,NA,311.12,318.89,0.894585720263422,0.928069569170475,0.865966394247788,0.595884621233085,NA,0.784675157586944
"Utility","TD",85,100,-201.9,NA,NA,407.8,415.57,0.16712597804144,0.591124507132918,0.176538698438964,0.0790175775077247,NA,0.76918393555553
"Utility","TD",86,100,-249.53,NA,NA,503.06,510.83,0.0963515317998827,0.187938303221017,0.550848869606282,1.31370639064121e-05,NA,0.16646143142134
"Utility","TD",87,100,-119.73,NA,NA,243.46,251.23,0.812582350103185,0.879132093861699,0.872836007324936,1.06898521073216,NA,4.4038753097219
"Utility","TD",88,100,-219.56,NA,NA,443.12,450.89,0.448961209738627,0.690639521926641,0.601523537873856,0.0362742133735491,NA,0.123227803417321
"Utility","TD",89,100,-201.96,NA,NA,407.92,415.69,0.352596259210259,0.519048273330554,0.758821681483223,0.0635779589367439,NA,0.771270071114314
"Utility","TD",90,100,-193.55,NA,NA,391.1,398.87,0.7131295024883,0.112127762287855,0.580538852266124,0.0853313146446701,NA,3.4174234716404
"Utility","TD",91,100,-249.53,NA,NA,503.06,510.83,0.102771484525874,0.0985191510990262,0.752862078202912,5.28175469875419e-06,NA,0.348240172024816
"Utility","TD",92,100,-230.63,NA,NA,465.26,473.03,0.14997310237959,0.461772011825815,0.459790640710392,0.0300637556364657,NA,0.261333189609714
"Utility","TD",93,100,-177.18,NA,NA,358.36,366.13,0.435881547397003,0.7804279406555,0.357526636346818,0.193605107002034,NA,0.681397345848382
"Utility","TD",94,100,-136.43,NA,NA,276.86,284.63,0.975024477113038,0.799848798895255,0.943750337727735,0.937628853059633,NA,4.33281822849937
"Utility","TD",95,100,-196.26,NA,NA,396.52,404.29,0.723246149485931,0.623378630494699,0.630704178629728,0.0886126031748523,NA,0.45622572209686
"Utility","TD",96,100,-206.44,NA,NA,416.88,424.65,0.323681306792423,0.444453429430723,0.310778213443499,0.0529077283236935,NA,0.446843124460429
"Utility","TD",97,100,-249.53,NA,NA,503.06,510.83,0.521510650403798,0.40949847153388,0.478161214352086,1.24880705259563e-05,NA,0.118169202112595
"Utility","TD",98,100,-189.75,NA,NA,383.5,391.27,0.418908317107707,0.978637758642435,0.596655915087196,0.119441912814118,NA,0.211078092921525
"Utility","TD",99,100,-190.05,NA,NA,384.1,391.87,0.78953983867541,0.418743934947997,0.596263093033651,0.122764951808229,NA,2.49348991278757
"Utility","TD",100,100,-238.16,NA,NA,480.32,488.09,0.956703607924283,0.607802340993658,0.769315179357697,0.0225157994587428,NA,0.108669338996542
"Utility","RSTD",1,100,-158.75,NA,NA,323.5,335.16,0.285107890376821,0.724670132622123,0.931894625117228,0.309816635603724,0.301180956346418,1.43561604238095
"Utility","RSTD",2,100,-246.64,NA,NA,499.28,510.94,0.950232450617477,0.206436974462122,0.793615907628733,0.917466697765281,0.0146470296319116,0.364579517394304
"Utility","RSTD",3,100,-212.59,NA,NA,431.18,442.84,0.536011227406561,0.200363578274846,0.59516978576802,0.825626918371513,0.0440137186423984,1.00568439900399
"Utility","RSTD",4,100,-221.5,NA,NA,449,460.66,0.321220333920792,0.649332832079381,0.544004471362307,0.585712948482322,0.0342128971284839,0.142882495187223
"Utility","RSTD",5,100,-155.71,NA,NA,317.42,329.08,0.525106647517532,0.973066303646192,0.896040471982233,0.723513784542922,0.301657259742054,0.392999498639256
"Utility","RSTD",6,100,-118.11,NA,NA,242.22,253.88,0.895209939451888,0.943225271301344,0.966461720257909,0.870533566367781,0.984108140629901,3.35385648889427
"Utility","RSTD",7,100,-249.54,NA,NA,505.08,516.74,0.753931205254048,0.197620301274583,0.819886117856459,0.771236246781689,1.51263349139802e-05,0.18983699940145
"Utility","RSTD",8,100,-154.92,NA,NA,315.84,327.5,0.0560640415642411,0.783013365231454,0.999812336556792,0.202790568088407,0.611238995972006,3.41441693140154
"Utility","RSTD",9,100,-186.85,NA,NA,379.7,391.36,0.479448032099754,0.989872474921867,0.722749637272676,0.632663052650057,0.130848503637445,0.208000437050192
"Utility","RSTD",10,100,-112.93,NA,NA,231.86,243.52,0.711294803768396,0.788163986755535,0.978204993695379,0.79923676152024,0.794001093268398,2.30973086307261
"Utility","RSTD",11,100,-131.49,NA,NA,268.98,280.64,0.5048349336721,0.797194604296237,0.993068911032017,0.476438225692349,0.712802445173945,2.5054881726885
"Utility","RSTD",12,100,-200.52,NA,NA,407.04,418.7,0.731893435353413,0.395451756194234,0.73820860567065,0.99912075571976,0.0641201960029407,0.618170124012977
"Utility","RSTD",13,100,-166.4,NA,NA,338.8,350.46,0.275977379642427,0.511981163173914,0.573652610113071,0.197813837893235,0.173374206602288,2.39124982816227
"Utility","RSTD",14,100,-221.74,NA,NA,449.48,461.14,0.226354157319292,0.16033569118008,0.513339873286974,0.50265820763641,0.034170120752368,0.894037933978152
"Utility","RSTD",15,100,-126.43,NA,NA,258.86,270.52,0.315573724219576,0.984172471100464,0.965332325028354,0.363490990526398,0.832740445448261,1.69604673600736
"Utility","RSTD",16,100,-186.7,NA,NA,379.4,391.06,0.540354023920372,0.854036244563758,0.704231811758361,0.555343527981561,0.119126028566135,0.362152148856662
"Utility","RSTD",17,100,-202.66,NA,NA,411.32,422.98,0.66359161795117,0.0660558908712119,0.724686917277755,0.991220441845367,0.0583838985359961,1.97567781611326
"Utility","RSTD",18,100,-191.14,NA,NA,388.28,399.94,0.973287776112556,0.630256613949314,0.764593953573904,0.76292543563906,0.111053996166169,0.855529390233469
"Utility","RSTD",19,100,-190.55,NA,NA,387.1,398.76,0.340647828998044,0.988910319516435,0.624939982134635,0.543743253072037,0.113908959409363,0.211397308856249
"Utility","RSTD",20,100,-202.52,NA,NA,411.04,422.7,0.329378831898794,0.0628540490288287,0.21873688108343,0.113581328449631,0.0705197992713782,2.33967715737489
"Utility","RSTD",21,100,-249.58,NA,NA,505.16,516.82,0.285566801903769,0.0508385861758143,0.666690278348155,0.79711280259502,4.14013247020237e-05,0.410096168983728
"Utility","RSTD",22,100,-199.88,NA,NA,405.76,417.42,0.684979062527418,0.438995202770457,0.640824217414543,0.89712971464857,0.0707033275137002,0.685128960758448
"Utility","RSTD",23,100,-192.25,NA,NA,390.5,402.16,0.529962481698021,0.27115519088693,0.534681358144716,0.379377644998278,0.10812518595727,2.69503675574873
"Utility","RSTD",24,100,-199.08,NA,NA,404.16,415.82,0.779200294986367,0.728794121881947,0.646209425944359,0.998507326903366,0.0734168793760936,0.160821524456017
"Utility","RSTD",25,100,-216.27,NA,NA,438.54,450.2,0.0281218434683979,0.533772448310629,0.185094651560106,0.085672053257687,0.0376218478877783,0.225168376229703
"Utility","RSTD",26,100,-203.62,NA,NA,413.24,424.9,0.128862570039928,0.17050133110024,0.104187119347724,0.0465875097618879,0.0679124015268408,1.37515528589011
"Utility","RSTD",27,100,-135.6,NA,NA,277.2,288.86,0.980796684976667,0.860091791022569,0.984317204422758,0.873179861229645,0.701786947406223,1.2001721150753
"Utility","RSTD",28,100,-247.27,NA,NA,500.54,512.2,0.633000507717952,0.959949327167124,0.688725258958856,0.634904525069308,0.0142237254164284,0.0240202485583723
"Utility","RSTD",29,100,-173.06,NA,NA,352.12,363.78,0.234798390883952,0.4054856733419,0.776815726183664,0.188679060078306,0.111285024101572,3.89528230370438
"Utility","RSTD",30,100,-249.53,NA,NA,505.06,516.72,0.319981756620109,0.632078264839947,0.628257955723953,0.634896466808063,1.20381765788499e-05,0.0559587455590604
"Utility","RSTD",31,100,-141.86,NA,NA,289.72,301.38,0.417691254755482,0.885661983396858,0.995322945449007,0.428335906244686,0.636383747524308,1.4762263855988
"Utility","RSTD",32,100,-249.61,NA,NA,505.22,516.88,0.119032545015216,0.605491037247702,0.554334657328186,0.084673196260732,1.47155660902613e-05,0.0459982767437321
"Utility","RSTD",33,100,-103.52,NA,NA,213.04,224.7,0.824352919822559,0.753800751408562,0.964716498640975,0.833980103916475,0.985803976036489,2.89878896835935
"Utility","RSTD",34,100,-178.41,NA,NA,362.82,374.48,0.080542077543214,0.69156481907703,0.988765618363926,0.187176249604474,0.688463066356559,3.2510444371212
"Utility","RSTD",35,100,-196.47,NA,NA,398.94,410.6,0.788759883260354,0.407168375095353,0.704683617367864,0.694077417561582,0.0869137062302596,0.8810732345608
"Utility","RSTD",36,100,-177.93,NA,NA,361.86,373.52,0.960197768406942,0.814909122884274,0.827920391027917,0.809585620374729,0.201301616493305,0.491239995229989
"Utility","RSTD",37,100,-247.59,NA,NA,501.18,512.84,0.983733647270128,0.387793875532225,0.782955509427175,0.955121709963749,0.0138185388831212,0.184212701395154
"Utility","RSTD",38,100,-172.97,NA,NA,351.94,363.6,0.640330957481638,0.661732341628522,0.855093345605707,0.632966153313462,0.188677091065442,1.1015722423634
"Utility","RSTD",39,100,-132.79,NA,NA,271.58,283.24,0.591888564871624,0.781977394130081,0.951821524574305,0.745416131639355,0.405947858056982,1.17335850927503
"Utility","RSTD",40,100,-180.82,NA,NA,367.64,379.3,0.185236022341996,0.927017299691215,0.456601587344749,0.201313531244604,0.131864081997283,0.406216487288475
"Utility","RSTD",41,100,-179.43,NA,NA,364.86,376.52,0.5952471755445,0.540940156206489,0.547239559300551,0.416222460746992,0.149442665824902,1.71158919288757
"Utility","RSTD",42,100,-249.53,NA,NA,505.06,516.72,0.265401779906824,0.195171546889469,0.667971573885084,0.715192351809044,1.91073596691612e-05,0.226954524639678
"Utility","RSTD",43,100,-249.53,NA,NA,505.06,516.72,0.604935176437721,0.398145136190578,0.762842161768892,0.351518183275075,3.19914229498436e-06,0.0485801249742508
"Utility","RSTD",44,100,-190.14,NA,NA,386.28,397.94,0.470244030002505,0.685449249343947,0.622029557303554,0.509494200878147,0.118165596044176,0.648697707336396
"Utility","RSTD",45,100,-214.56,NA,NA,435.12,446.78,0.371720403432846,0.503097830805928,0.538715150615288,0.667221566651259,0.0424935566719961,0.322839245665818
"Utility","RSTD",46,100,-248.24,NA,NA,502.48,514.14,0.361050225095823,0.370053818682209,0.720248152824671,0.662434626542707,0.0135547603072585,0.173567070005157
"Utility","RSTD",47,100,-126.35,NA,NA,258.7,270.36,0.594613759312779,0.789667062694207,0.994421766634867,0.731669560501069,0.654037612298714,2.04544003671947
"Utility","RSTD",48,100,-219.31,NA,NA,444.62,456.28,0.628910263301805,0.0369398219045252,0.770301747720554,0.996714437058357,0.0350326256185777,1.35408596597136
"Utility","RSTD",49,100,-147.27,NA,NA,300.54,312.2,0.254382238723338,0.857857148861513,0.953490484477906,0.333913619626984,0.373947662133487,0.936107955831003
"Utility","RSTD",50,100,-184.75,NA,NA,375.5,387.16,0.629901704145595,0.59963444317691,0.542439768163949,0.418057584828159,0.138890646627115,1.13030682034315
"Utility","RSTD",51,100,-193.99,NA,NA,393.98,405.64,0.958562755258754,0.446684151422232,0.609188310422954,0.703163989147714,0.104900036899457,1.46860518856885
"Utility","RSTD",52,100,-168.72,NA,NA,343.44,355.1,0.378760501742363,0.716149265645072,0.500750506171867,0.308085781047985,0.21366854315921,1.1838285959837
"Utility","RSTD",53,100,-209.89,NA,NA,425.78,437.44,0.843001339351758,0.428967847023159,0.838682714289823,0.999937417116385,0.0459451196403248,0.430095953866839
"Utility","RSTD",54,100,-179.1,NA,NA,364.2,375.86,0.111280993092805,0.926345025887713,0.977442653001258,0.240476478808213,0.718013173976131,1.52358875974062
"Utility","RSTD",55,100,-116.76,NA,NA,239.52,251.18,0.231767056509852,0.779834397835657,0.980955843028687,0.336358805422857,0.808360789300279,3.55762586234994
"Utility","RSTD",56,100,-160.08,NA,NA,326.16,337.82,0.386252531083301,0.815260800998658,0.999625292409686,0.418955198194994,0.495010672251364,1.64474068483968
"Utility","RSTD",57,100,-229.49,NA,NA,464.98,476.64,0.6529874894768,0.670282299863175,0.559758748138215,0.615055198078323,0.0304946244377216,0.116263606119901
"Utility","RSTD",58,100,-225.04,NA,NA,456.08,467.74,0.560497718863189,0.274772666627541,0.464203319846025,0.581803423470391,0.0349718977903203,0.529099578669097
"Utility","RSTD",59,100,-190.6,NA,NA,387.2,398.86,0.597106330329552,0.589335348224267,0.633275780773583,0.508606008097988,0.116414460867091,0.931611171881569
"Utility","RSTD",60,100,-115.24,NA,NA,236.48,248.14,0.987134294584394,0.800411853706464,0.973819852651034,0.86727796011266,0.56433745332381,1.29764714087815
"Utility","RSTD",61,100,-251.82,NA,NA,509.64,521.3,0.718285634880885,0.565618214197457,0.712138547067306,0.762602271473176,0.00954704231713663,0.0649159974418581
"Utility","RSTD",62,100,-203.66,NA,NA,413.32,424.98,0.125127220060676,0.773224814096466,0.553729759721886,0.999304447171469,0.0614590881381142,0.583291862625629
"Utility","RSTD",63,100,-249.53,NA,NA,505.06,516.72,0.499009405029938,0.0988319513853639,0.674784062019277,0.567339547086699,8.15430950230071e-06,0.092432988807559
"Utility","RSTD",64,100,-174.05,NA,NA,354.1,365.76,0.333673485321924,0.454882015939802,0.581636510551246,0.213622434738454,0.149962803208559,2.70696423376415
"Utility","RSTD",65,100,-249.53,NA,NA,505.06,516.72,0.810415166895837,0.0187283449340612,0.762842161768892,0.351518183275075,3.19914229498436e-06,0.165121834239408
"Utility","RSTD",66,100,-229.95,NA,NA,465.9,477.56,0.461979309096932,0.296923782210797,0.495630575049194,0.617530244272865,0.0305121530545891,0.458040716126561
"Utility","RSTD",67,100,-239.31,NA,NA,484.62,496.28,0.285626433324069,0.528872283641249,0.643359952176332,0.580613681002084,0.0215171715395546,0.147296045374405
"Utility","RSTD",68,100,-197.09,NA,NA,400.18,411.84,0.732509626774117,0.600311974063516,0.653161444827617,0.62819947685533,0.0855285471595866,0.449271724574598
"Utility","RSTD",69,100,-195.09,NA,NA,396.18,407.84,0.977929984452203,0.529096166603267,0.707573863786907,0.724699914229505,0.0911671859560131,0.751786146880371
"Utility","RSTD",70,100,-245.5,NA,NA,497,508.66,0.98177181975916,0.159414226887748,0.726983261859894,0.87479367174942,0.015768670875389,0.477379389107227
"Utility","RSTD",71,100,-249.54,NA,NA,505.08,516.74,0.922829337418079,0.366323065012693,0.227182107628283,0.398082604602392,1.39888900947255e-05,0.0864430760253218
"Utility","RSTD",72,100,-204.62,NA,NA,415.24,426.9,0.437475311337039,0.144657690776512,0.325423050903127,0.13026352437096,0.0580672927697633,1.51204245735464
"Utility","RSTD",73,100,-199.35,NA,NA,404.7,416.36,0.0812403932213783,0.858433880610391,0.999575694388161,0.301028005115463,0.468680707815121,1.57674626609245
"Utility","RSTD",74,100,-249.53,NA,NA,505.06,516.72,0.769064010120928,0.423705151304603,0.670647465930526,0.056720145232461,8.57627589774733e-06,0.0550090870819986
"Utility","RSTD",75,100,-249.53,NA,NA,505.06,516.72,0.27233505435288,0.0992442343849689,0.880104669354704,0.235239838237167,3.59042310311945e-08,0.0195726837949201
"Utility","RSTD",76,100,-195.46,NA,NA,396.92,408.58,0.714246998308226,0.356464033480734,0.676426608934106,0.64903916089571,0.0912828062686469,1.33508190601589
"Utility","RSTD",77,100,-159.87,NA,NA,325.74,337.4,0.165105299558491,0.62026000325568,0.632219669518861,0.220394721428336,0.19010218605125,2.11759630225509
"Utility","RSTD",78,100,-186.97,NA,NA,379.94,391.6,0.948594216490164,0.818483957787976,0.902905211145755,0.777745111814056,0.124866883054278,0.400698857048743
"Utility","RSTD",79,100,-251.82,NA,NA,509.64,521.3,0.641159480903298,0.713674181839451,0.712138547067306,0.762602271473176,0.00954704231713663,0.0414828715044559
"Utility","RSTD",80,100,-139.9,NA,NA,285.8,297.46,0.602592710871249,0.798923129681498,0.986154650944865,0.763617917647359,0.567609241805493,1.65777598732141
"Utility","RSTD",81,100,-205.17,NA,NA,416.34,428,0.0268326783552766,0.983408806612715,0.99996754854516,0.997545650159634,0.423936033164673,1.42827125892359
"Utility","RSTD",82,100,-249.53,NA,NA,505.06,516.72,0.390374890295789,0.210965643869713,0.674784062019277,0.567339547086699,8.15430950230071e-06,0.0709301116876304
"Utility","RSTD",83,100,-249.53,NA,NA,505.06,516.72,0.909624356776476,0.0655163209885359,0.554444754900549,0.428087749982478,9.5896682451059e-06,0.479556284306279
"Utility","RSTD",84,100,-151.19,NA,NA,308.38,320.04,0.894585720263422,0.928069569170475,0.931272320420885,0.848224129474052,0.590328750759549,0.784675157586944
"Utility","RSTD",85,100,-201.82,NA,NA,409.64,421.3,0.16712597804144,0.591124507132918,0.190445813995687,0.144154507006421,0.079039143270188,0.76918393555553
"Utility","RSTD",86,100,-249.53,NA,NA,505.06,516.72,0.0963515317998827,0.187938303221017,0.00625689470632962,0.841863376219749,4.33840770793982e-06,0.16646143142134
"Utility","RSTD",87,100,-94.06,NA,NA,194.12,205.78,0.812582350103185,0.879132093861699,0.908401609659464,0.881181067040611,7.76852105363627,4.4038753097219
"Utility","RSTD",88,100,-219.44,NA,NA,444.88,456.54,0.448961209738627,0.690639521926641,0.566339441318368,0.76153843627879,0.036206430189835,0.123227803417321
"Utility","RSTD",89,100,-200.36,NA,NA,406.72,418.38,0.352596259210259,0.519048273330554,0.547598403829064,0.996908262576371,0.068664850390774,0.771270071114314
"Utility","RSTD",90,100,-193.44,NA,NA,392.88,404.54,0.7131295024883,0.112127762287855,0.627805989339426,0.547557297836579,0.0845547292098743,3.4174234716404
"Utility","RSTD",91,100,-249.53,NA,NA,505.06,516.72,0.102771484525874,0.0985191510990262,0.667971573885084,0.715192351809044,1.91073596691612e-05,0.348240172024816
"Utility","RSTD",92,100,-230.63,NA,NA,467.26,478.92,0.14997310237959,0.461772011825815,0.450004888121816,0.461176475515626,0.0300683448960558,0.261333189609714
"Utility","RSTD",93,100,-176.27,NA,NA,358.54,370.2,0.435881547397003,0.7804279406555,0.515353115414207,0.358496958623615,0.166586477933334,0.681397345848382
"Utility","RSTD",94,100,-110.52,NA,NA,227.04,238.7,0.975024477113038,0.799848798895255,0.947974484749147,0.894412876137829,9.92282722681515,4.33281822849937
"Utility","RSTD",95,100,-196.26,NA,NA,398.52,410.18,0.723246149485931,0.623378630494699,0.620255426910744,0.633998167913963,0.0908881331562618,0.45622572209686
"Utility","RSTD",96,100,-206.15,NA,NA,418.3,429.96,0.323681306792423,0.444453429430723,0.240514686150996,0.125025094526936,0.0555606421928264,0.446843124460429
"Utility","RSTD",97,100,-249.53,NA,NA,505.06,516.72,0.521510650403798,0.40949847153388,0.483647247582978,0.34130994278241,7.51730457398169e-06,0.118169202112595
"Utility","RSTD",98,100,-189.67,NA,NA,385.34,397,0.418908317107707,0.978637758642435,0.624483675587896,0.567454663293534,0.117318838789803,0.211078092921525
"Utility","RSTD",99,100,-189.84,NA,NA,385.68,397.34,0.78953983867541,0.418743934947997,0.646255373797271,0.556110154799099,0.119014180994584,2.49348991278757
"Utility","RSTD",100,100,-237.99,NA,NA,481.98,493.64,0.956703607924283,0.607802340993658,0.651873959380838,0.994559676930794,0.0221326904038764,0.108669338996542
"Utility","Utility",1,100,-168.91,NA,NA,343.82,355.48,0.285107890376821,0.724670132622123,0.238097866088566,0.882487223261066,0.598546417180205,1.43561604238095
"Utility","Utility",2,100,-246.63,NA,NA,499.26,510.92,0.950232450617477,0.206436974462122,0.846063426194553,0.403659974678023,0.12842823754309,0.364579517394304
"Utility","Utility",3,100,-212.2,NA,NA,430.4,442.06,0.536011227406561,0.200363578274846,0.693979063671461,0.154225926711179,0.975636767963091,1.00568439900399
"Utility","Utility",4,100,-221.44,NA,NA,448.88,460.54,0.321220333920792,0.649332832079381,0.530818365221596,0.668126237878275,0.116620956810865,0.142882495187223
"Utility","Utility",5,100,-157.71,NA,NA,321.42,333.08,0.525106647517532,0.973066303646192,0.878084389211608,0.473261705371628,4.2402591547524,0.392999498639256
"Utility","Utility",6,100,-128.88,NA,NA,263.76,275.42,0.895209939451888,0.943225271301344,0.944885120243575,0.532626972324798,9.82008886113861,3.35385648889427
"Utility","Utility",7,100,-254.53,NA,NA,515.06,526.72,0.753931205254048,0.197620301274583,0.999820686246358,0.0343452585568578,0.188962004114788,0.18983699940145
"Utility","Utility",8,100,-200.78,NA,NA,407.56,419.22,0.0560640415642411,0.783013365231454,0.105196653403827,0.798180311442773,2.11111899601437,3.41441693140154
"Utility","Utility",9,100,-187.3,NA,NA,380.6,392.26,0.479448032099754,0.989872474921867,0.67973364334073,0.917078263056888,0.204773254830585,0.208000437050192
"Utility","Utility",10,100,-134.35,NA,NA,274.7,286.36,0.711294803768396,0.788163986755535,0.93417182469386,0.486242188765084,9.96397185341783,2.30973086307261
"Utility","Utility",11,100,-177.08,NA,NA,360.16,371.82,0.5048349336721,0.797194604296237,0.928434625085694,0.446298521910055,7.43162980326377,2.5054881726885
"Utility","Utility",12,100,-200.71,NA,NA,407.42,419.08,0.731893435353413,0.395451756194234,0.926302959625547,0.426735869124689,0.519590168867514,0.618170124012977
"Utility","Utility",13,100,-172.49,NA,NA,350.98,362.64,0.275977379642427,0.511981163173914,0.245755832614256,0.571842568339405,1.40597288562589,2.39124982816227
"Utility","Utility",14,100,-221.55,NA,NA,449.1,460.76,0.226354157319292,0.16033569118008,0.510489388524095,0.447713500274788,0.260621636947157,0.894037933978152
"Utility","Utility",15,100,-179.92,NA,NA,365.84,377.5,0.315573724219576,0.984172471100464,0.346500164919269,0.538648579325488,9.18442234092789,1.69604673600736
"Utility","Utility",16,100,-187.38,NA,NA,380.76,392.42,0.540354023920372,0.854036244563758,0.639163784664834,0.979861066587294,0.134159209027078,0.362152148856662
"Utility","Utility",17,100,-200.94,NA,NA,407.88,419.54,0.66359161795117,0.0660558908712119,0.912385383187849,0.00283376691130079,2.4215631584087,1.97567781611326
"Utility","Utility",18,100,-191.19,NA,NA,388.38,400.04,0.973287776112556,0.630256613949314,0.751377272148444,0.969181730147821,0.122524908994863,0.855529390233469
"Utility","Utility",19,100,-190.66,NA,NA,387.32,398.98,0.340647828998044,0.988910319516435,0.55963774526437,0.997812401083551,0.121904890289473,0.211397308856249
"Utility","Utility",20,100,-201.04,NA,NA,408.08,419.74,0.329378831898794,0.0628540490288287,0.343541723023516,0.0849260399845597,1.8191912146195,2.33967715737489
"Utility","Utility",21,100,-252.4,NA,NA,510.8,522.46,0.285566801903769,0.0508385861758143,0.773495685606265,0.0140011934516919,0.321153637825272,0.410096168983728
"Utility","Utility",22,100,-199.38,NA,NA,404.76,416.42,0.684979062527418,0.438995202770457,0.721178414687418,0.363968898141153,0.779266096542587,0.685128960758448
"Utility","Utility",23,100,-187.92,NA,NA,381.84,393.5,0.529962481698021,0.27115519088693,0.521144748625845,0.18209185097112,2.74748114969601,2.69503675574873
"Utility","Utility",24,100,-200.37,NA,NA,406.74,418.4,0.779200294986367,0.728794121881947,0.831937287798387,0.705864745887322,0.206770719661154,0.160821524456017
"Utility","Utility",25,100,-216.56,NA,NA,439.12,450.78,0.0281218434683979,0.533772448310629,0.00470178630494656,0.157715373133213,0.807852802846348,0.225168376229703
"Utility","Utility",26,100,-202.05,NA,NA,410.1,421.76,0.128862570039928,0.17050133110024,0.0043900296623917,0.0150216039516302,9.3649622535216,1.37515528589011
"Utility","Utility",27,100,-144.52,NA,NA,295.04,306.7,0.980796684976667,0.860091791022569,0.951556847070695,0.588086610755052,5.33962611691226,1.2001721150753
"Utility","Utility",28,100,-247.31,NA,NA,500.62,512.28,0.633000507717952,0.959949327167124,0.738326483927115,0.893461471513652,0.0201465338801663,0.0240202485583723
"Utility","Utility",29,100,-173.94,NA,NA,353.88,365.54,0.234798390883952,0.4054856733419,0.244512230132144,0.287493993974529,3.07103197817398,3.89528230370438
"Utility","Utility",30,100,-251.67,NA,NA,509.34,521,0.319981756620109,0.632078264839947,0.726867137856981,0.245081515194894,0.155185570740452,0.0559587455590604
"Utility","Utility",31,100,-192.43,NA,NA,390.86,402.52,0.417691254755482,0.885661983396858,0.926683774284597,0.423131904648692,7.22973982386628,1.4762263855988
"Utility","Utility",32,100,-257.54,NA,NA,521.08,532.74,0.119032545015216,0.605491037247702,0.673462659256097,0.0036773823511165,0.269993871264693,0.0459982767437321
"Utility","Utility",33,100,-122.06,NA,NA,250.12,261.78,0.824352919822559,0.753800751408562,0.93444100045184,0.524185779803042,9.89290704616759,2.89878896835935
"Utility","Utility",34,100,-232.08,NA,NA,470.16,481.82,0.080542077543214,0.69156481907703,0.784458106386468,0.997590781766016,0.111110493575945,3.2510444371212
"Utility","Utility",35,100,-195.16,NA,NA,396.32,407.98,0.788759883260354,0.407168375095353,0.712618391301988,0.423475087666016,0.842829110766201,0.8810732345608
"Utility","Utility",36,100,-178.1,NA,NA,362.2,373.86,0.960197768406942,0.814909122884274,0.930601314418226,0.377647547703703,5.30762424562211,0.491239995229989
"Utility","Utility",37,100,-247.64,NA,NA,501.28,512.94,0.983733647270128,0.387793875532225,0.898953837050065,0.480457823319294,0.0924302515931883,0.184212701395154
"Utility","Utility",38,100,-174.65,NA,NA,355.3,366.96,0.640330957481638,0.661732341628522,0.907561155752105,0.28134317951018,9.22780928928429,1.1015722423634
"Utility","Utility",39,100,-138.97,NA,NA,283.94,295.6,0.591888564871624,0.781977394130081,0.920436988203175,0.382915615606552,9.83552452890828,1.17335850927503
"Utility","Utility",40,100,-185.17,NA,NA,376.34,388,0.185236022341996,0.927017299691215,0.218738880223312,0.913432254436609,0.335312268532648,0.406216487288475
"Utility","Utility",41,100,-179.92,NA,NA,365.84,377.5,0.5952471755445,0.540940156206489,0.500434297149347,0.801807879309646,0.345611398425643,1.71158919288757
"Utility","Utility",42,100,-252.4,NA,NA,510.8,522.46,0.265401779906824,0.195171546889469,0.783441425237876,0.0745732493029184,0.260900045939955,0.226954524639678
"Utility","Utility",43,100,-249.84,NA,NA,505.68,517.34,0.604935176437721,0.398145136190578,0.789670918496444,0.886207021646407,8.38016315841596e-05,0.0485801249742508
"Utility","Utility",44,100,-189.78,NA,NA,385.56,397.22,0.470244030002505,0.685449249343947,0.584991193255442,0.677851409640506,0.43979174688944,0.648697707336396
"Utility","Utility",45,100,-214.24,NA,NA,434.48,446.14,0.371720403432846,0.503097830805928,0.561861282743732,0.311179910126887,0.527065492961733,0.322839245665818
"Utility","Utility",46,100,-248.24,NA,NA,502.48,514.14,0.361050225095823,0.370053818682209,0.726034040321084,0.301440792187108,0.170001931442772,0.173567070005157
"Utility","Utility",47,100,-149.53,NA,NA,305.06,316.72,0.594613759312779,0.789667062694207,0.935927516499623,0.458461438578249,9.96874422911763,2.04544003671947
"Utility","Utility",48,100,-218.93,NA,NA,443.86,455.52,0.628910263301805,0.0369398219045252,0.991533444447375,0.0575686629145869,1.05721087809797,1.35408596597136
"Utility","Utility",49,100,-162.01,NA,NA,330.02,341.68,0.254382238723338,0.857857148861513,0.218552391031865,0.999032526242385,0.444744151824711,0.936107955831003
"Utility","Utility",50,100,-184.98,NA,NA,375.96,387.62,0.629901704145595,0.59963444317691,0.510510706987578,0.750266942480909,0.386714182778221,1.13030682034315
"Utility","Utility",51,100,-193.76,NA,NA,393.52,405.18,0.958562755258754,0.446684151422232,0.674158401835267,0.682569897774896,0.356411257140048,1.46860518856885
"Utility","Utility",52,100,-170.3,NA,NA,346.6,358.26,0.378760501742363,0.716149265645072,0.312862952220404,0.904176368690052,0.393653138748312,1.1838285959837
"Utility","Utility",53,100,-209.76,NA,NA,425.52,437.18,0.843001339351758,0.428967847023159,0.99956685927144,0.388334487682703,0.41432486519322,0.430095953866839
"Utility","Utility",54,100,-218.32,NA,NA,442.64,454.3,0.111280993092805,0.926345025887713,0.949275551318711,0.315212577333722,9.4411578560681,1.52358875974062
"Utility","Utility",55,100,-178.48,NA,NA,362.96,374.62,0.231767056509852,0.779834397835657,0.346796062743993,0.488682908236452,9.99817794805144,3.55762586234994
"Utility","Utility",56,100,-203,NA,NA,412,423.66,0.386252531083301,0.815260800998658,0.918180117194603,0.428883939623486,5.86349933037913,1.64474068483968
"Utility","Utility",57,100,-229.51,NA,NA,465.02,476.68,0.6529874894768,0.670282299863175,0.597716218248217,0.669353522186975,0.10284874940978,0.116263606119901
"Utility","Utility",58,100,-224.96,NA,NA,455.92,467.58,0.560497718863189,0.274772666627541,0.509817057909294,0.477064321493528,0.236192647880829,0.529099578669097
"Utility","Utility",59,100,-190.12,NA,NA,386.24,397.9,0.597106330329552,0.589335348224267,0.60766626652323,0.608088426085016,0.563655384894721,0.931611171881569
"Utility","Utility",60,100,-120.11,NA,NA,246.22,257.88,0.987134294584394,0.800411853706464,0.90515002596085,0.989096225351481,0.591197745831891,1.29764714087815
"Utility","Utility",61,100,-249.53,NA,NA,505.06,516.72,0.718285634880885,0.565618214197457,0.548848091713829,0.973821985561501,1.3140347778412e-05,0.0649159974418581
"Utility","Utility",62,100,-204.93,NA,NA,415.86,427.52,0.125127220060676,0.773224814096466,0.553789045484512,0.973514211354348,0.0694169806815792,0.583291862625629
"Utility","Utility",63,100,-255.7,NA,NA,517.4,529.06,0.499009405029938,0.0988319513853639,0.97965952884066,0.0924420330048119,0.0664364970484291,0.092432988807559
"Utility","Utility",64,100,-175.45,NA,NA,356.9,368.56,0.333673485321924,0.454882015939802,0.34157357595797,0.361674644437901,2.78190573937644,2.70696423376415
"Utility","Utility",65,100,-249.84,NA,NA,505.68,517.34,0.810415166895837,0.0187283449340612,0.789670918496444,0.886207021646407,8.38016315841596e-05,0.165121834239408
"Utility","Utility",66,100,-229.72,NA,NA,465.44,477.1,0.461979309096932,0.296923782210797,0.567763470641595,0.21887253976255,0.519826973932265,0.458040716126561
"Utility","Utility",67,100,-239.27,NA,NA,484.54,496.2,0.285626433324069,0.528872283641249,0.579662903995575,0.587957335889606,0.0974239391606389,0.147296045374405
"Utility","Utility",68,100,-196.18,NA,NA,398.36,410.02,0.732509626774117,0.600311974063516,0.658124689954484,0.49695001237811,0.615621052003854,0.449271724574598
"Utility","Utility",69,100,-194.4,NA,NA,394.8,406.46,0.977929984452203,0.529096166603267,0.741799022690052,0.554722938660986,0.529879443041528,0.751786146880371
"Utility","Utility",70,100,-245.49,NA,NA,496.98,508.64,0.98177181975916,0.159414226887748,0.826624487305408,0.322624890449649,0.186771922711114,0.477379389107227
"Utility","Utility",71,100,-249.6,NA,NA,505.2,516.86,0.922829337418079,0.366323065012693,0.349259611175764,0.157363565125565,3.76735338925051e-05,0.0864430760253218
"Utility","Utility",72,100,-203.32,NA,NA,412.64,424.3,0.437475311337039,0.144657690776512,0.4426169562889,0.0102625921042221,2.05568664566004,1.51204245735464
"Utility","Utility",73,100,-231.82,NA,NA,469.64,481.3,0.0812403932213783,0.858433880610391,0.877816362952845,0.986442186296703,0.22609744850273,1.57674626609245
"Utility","Utility",74,100,-255.23,NA,NA,516.46,528.12,0.769064010120928,0.423705151304603,0.990448708626426,0.0638099048781863,0.116651499212954,0.0550090870819986
"Utility","Utility",75,100,-249.53,NA,NA,505.06,516.72,0.27233505435288,0.0992442343849689,0.244190378489719,0.32204812472846,9.07811004756756e-08,0.0195726837949201
"Utility","Utility",76,100,-193.66,NA,NA,393.32,404.98,0.714246998308226,0.356464033480734,0.682848280587021,0.378407311268675,1.07346403794248,1.33508190601589
"Utility","Utility",77,100,-167.14,NA,NA,340.28,351.94,0.165105299558491,0.62026000325568,0.237046321779863,0.644019586473908,1.36303879282358,2.11759630225509
"Utility","Utility",78,100,-187.44,NA,NA,380.88,392.54,0.948594216490164,0.818483957787976,0.813281723745497,0.943573153211654,0.15171411299433,0.400698857048743
"Utility","Utility",79,100,-249.53,NA,NA,505.06,516.72,0.641159480903298,0.713674181839451,0.548848091713829,0.973821985561501,1.3140347778412e-05,0.0414828715044559
"Utility","Utility",80,100,-158.85,NA,NA,323.7,335.36,0.602592710871249,0.798923129681498,0.934199004497185,0.44294620058283,9.46158142261745,1.65777598732141
"Utility","Utility",81,100,-205.17,NA,NA,416.34,428,0.0268326783552766,0.983408806612715,0.999875333794764,0.657405905944423,2.24128232960806,1.42827125892359
"Utility","Utility",82,100,-255.7,NA,NA,517.4,529.06,0.390374890295789,0.210965643869713,0.97965952884066,0.0924420330048119,0.0664364970484291,0.0709301116876304
"Utility","Utility",83,100,-251.15,NA,NA,508.3,519.96,0.909624356776476,0.0655163209885359,0.723931454550375,0.154316154448469,0.228520042558104,0.479556284306279
"Utility","Utility",84,100,-153.46,NA,NA,312.92,324.58,0.894585720263422,0.928069569170475,0.916181581297671,0.624210398989986,3.69096944452992,0.784675157586944
"Utility","Utility",85,100,-199.92,NA,NA,405.84,417.5,0.16712597804144,0.591124507132918,0.170861652664741,0.318097245598834,1.11549842019242,0.76918393555553
"Utility","Utility",86,100,-254.53,NA,NA,515.06,526.72,0.0963515317998827,0.187938303221017,0.925275488509472,0.0726058287754172,0.160192258171638,0.16646143142134
"Utility","Utility",87,100,-117.42,NA,NA,240.84,252.5,0.812582350103185,0.879132093861699,0.928478107834302,0.560330645355552,9.98054759299641,4.4038753097219
"Utility","Utility",88,100,-219.52,NA,NA,445.04,456.7,0.448961209738627,0.690639521926641,0.632152380884512,0.692649469605431,0.112162878487697,0.123227803417321
"Utility","Utility",89,100,-200.4,NA,NA,406.8,418.46,0.352596259210259,0.519048273330554,0.777767541993443,0.185657550651841,1.37920996207491,0.771270071114314
"Utility","Utility",90,100,-188.91,NA,NA,383.82,395.48,0.7131295024883,0.112127762287855,0.627571252621863,0.0212023767735812,3.83565709982943,3.4174234716404
"Utility","Utility",91,100,-252.4,NA,NA,510.8,522.46,0.102771484525874,0.0985191510990262,0.783441425237876,0.0745732493029184,0.260900045939955,0.348240172024816
"Utility","Utility",92,100,-230.6,NA,NA,467.2,478.86,0.14997310237959,0.461772011825815,0.460046598325076,0.596057799681048,0.128521773868093,0.261333189609714
"Utility","Utility",93,100,-177.19,NA,NA,360.38,372.04,0.435881547397003,0.7804279406555,0.341340500702144,0.994596797506097,0.198244326761264,0.681397345848382
"Utility","Utility",94,100,-136.14,NA,NA,278.28,289.94,0.975024477113038,0.799848798895255,0.968646359865822,0.530639322313055,9.96355096601646,4.33281822849937
"Utility","Utility",95,100,-195.24,NA,NA,396.48,408.14,0.723246149485931,0.623378630494699,0.661965572310849,0.490490047747329,0.642586759297086,0.45622572209686
"Utility","Utility",96,100,-205.66,NA,NA,417.32,428.98,0.323681306792423,0.444453429430723,0.356118775607901,0.26478343353087,0.770937289200975,0.446843124460429
"Utility","Utility",97,100,-251.88,NA,NA,509.76,521.42,0.521510650403798,0.40949847153388,0.710875533856774,0.476701247930368,0.0640131320102,0.118169202112595
"Utility","Utility",98,100,-189.76,NA,NA,385.52,397.18,0.418908317107707,0.978637758642435,0.594854339828281,0.998142833257801,0.119225650340174,0.211078092921525
"Utility","Utility",99,100,-189.77,NA,NA,385.54,397.2,0.78953983867541,0.418743934947997,0.62473997680731,0.776155371831462,0.29204234791551,2.49348991278757
"Utility","Utility",100,100,-238.15,NA,NA,482.3,493.96,0.956703607924283,0.607802340993658,0.778838837553413,0.523393100845102,0.127650208085711,0.108669338996542
