"simulate_model","fit_model","iteration","ACC","LogL","LogPr","LogPo","AIC","BIC","input_param_1","input_param_2","output_param_1","output_param_2","output_param_3","input_param_3"
"TD","TD",1,100,-112.95,NA,NA,229.9,237.67,0.643091264180839,0.83357874206723,0.78557482382811,0.848379966361056,NA,NA
"TD","TD",2,100,-94.94,NA,NA,193.88,201.65,0.724670132622123,1.43561604238095,0.793641756947933,1.14641181191152,NA,NA
"TD","TD",3,100,-104.16,NA,NA,212.32,220.09,0.950232450617477,2.03779015681686,0.887259376443429,5.28455740029913,NA,NA
"TD","TD",4,100,-201.5,NA,NA,407,414.77,0.682289758697152,0.0720224548131227,0.789539387866851,0.0630122781342261,NA,NA
"TD","TD",5,100,-129.68,NA,NA,263.36,271.13,0.200363578274846,1.00568439900399,0.137536304912864,0.949335018931212,NA,NA
"TD","TD",6,100,-170.52,NA,NA,345.04,352.81,0.321220333920792,0.298665664158762,0.197406734216027,0.311341985576084,NA,NA
"TD","TD",7,100,-214.38,NA,NA,432.76,440.53,0.571441247593611,0.0502132950350642,0.503542878172894,0.0443324692060657,NA,NA
"TD","TD",8,100,-140.39,NA,NA,284.78,292.55,0.973066303646192,0.392999498639256,0.847249344172527,0.421643678126623,NA,NA
"TD","TD",9,100,-255.66,NA,NA,515.32,523.09,0.895209939451888,0.0054737395918251,0.0118742643953562,0.00255251643838019,NA,NA
"TD","TD",10,100,-161.99,NA,NA,327.98,335.75,0.0494146177079529,0.507862410508096,0.0441359428329148,0.524197835686391,NA,NA
"TD","TD",11,100,-201.52,NA,NA,407.04,414.81,0.197620301274583,0.18983699940145,0.0833318798353159,0.182840284787335,NA,NA
"TD","TD",12,100,-194.66,NA,NA,393.32,401.09,0.0560640415642411,0.566026730462909,0.0503187951742868,0.625280013354932,NA,NA
"TD","TD",13,100,-139.46,NA,NA,282.92,290.69,0.051307131536305,1.23247370731968,0.0441323481012358,1.36711419745686,NA,NA
"TD","TD",14,100,-177.67,NA,NA,359.34,367.11,0.989872474921867,0.208000437050192,0.800052861441001,0.205415414151568,NA,NA
"TD","TD",15,100,-140.01,NA,NA,284.02,291.79,0.711294803768396,0.57632797351107,0.728319941590166,0.586293838874578,NA,NA
"TD","TD",16,100,-259.19,NA,NA,522.38,530.15,0.0768930825870484,0.00966986734420061,0.01,0.01,NA,NA
"TD","TD",17,100,-90.8,NA,NA,185.6,193.37,0.797194604296237,2.5054881726885,0.811623050175429,1.37991448370414,NA,NA
"TD","TD",18,100,-98.81,NA,NA,201.62,209.39,0.731893435353413,1.27495420533688,0.797288699011663,1.10584830640986,NA,NA
"TD","TD",19,100,-106.77,NA,NA,217.54,225.31,0.809085062006488,0.797056699129653,0.799038179282152,0.884891275049631,NA,NA
"TD","TD",20,100,-111.57,NA,NA,227.14,234.91,0.511981163173914,2.39124982816227,0.218911624123329,0.905088112031593,NA,NA
"TD","TD",21,100,-116.71,NA,NA,237.42,245.19,0.226354157319292,1.66897989056053,0.145399949635804,1.11733794413832,NA,NA
"TD","TD",22,100,-127.41,NA,NA,258.82,266.59,0.300222688354552,0.955442077438247,0.150605203181052,0.938522820717282,NA,NA
"TD","TD",23,100,-103.59,NA,NA,211.18,218.95,0.984172471100464,1.69604673600736,0.887934564936522,9.60791631771315,NA,NA
"TD","TD",24,100,-174.49,NA,NA,352.98,360.75,0.540354023920372,0.234106497689865,0.236628974026402,0.25615503107574,NA,NA
"TD","TD",25,100,-157.37,NA,NA,318.74,326.51,0.870058757020161,0.327183235902339,0.817072000777457,0.322335053909007,NA,NA
"TD","TD",26,100,-113.14,NA,NA,230.28,238.05,0.0660558908712119,1.97567781611326,0.0772237097548558,1.20447349352196,NA,NA
"TD","TD",27,100,-168.49,NA,NA,340.98,348.75,0.973287776112556,0.260513227898628,0.831358702142578,0.268394871973457,NA,NA
"TD","TD",28,100,-126.34,NA,NA,256.68,264.45,0.290595552418381,1.05573849655212,0.156268952331984,0.921733624606058,NA,NA
"TD","TD",29,100,-175.23,NA,NA,354.46,362.23,0.988910319516435,0.211397308856249,0.824908484253024,0.221530057016041,NA,NA
"TD","TD",30,100,-115.18,NA,NA,234.36,242.13,0.329378831898794,2.0851063261411,0.191596311215095,1.05160171287433,NA,NA
"TD","TD",31,100,-137.22,NA,NA,278.44,286.21,0.11878991080448,0.835414388175023,0.0941921114085215,0.949742743709802,NA,NA
"TD","TD",32,100,-176.4,NA,NA,356.8,364.57,0.0508385861758143,0.410096168983728,0.0437577953424469,0.426506014167866,NA,NA
"TD","TD",33,100,-115.89,NA,NA,235.78,243.55,0.684979062527418,0.756628525771442,0.787609111502228,0.768936794616167,NA,NA
"TD","TD",34,100,-201.39,NA,NA,406.78,414.55,0.842564480379224,0.0599249633960426,0.689215336469736,0.0682766691040192,NA,NA
"TD","TD",35,100,-114.32,NA,NA,232.64,240.41,0.27115519088693,2.69503675574873,0.186057858580016,1.08704354346657,NA,NA
"TD","TD",36,100,-124.08,NA,NA,252.16,259.93,0.779200294986367,0.457588243763894,0.806057203094105,0.484251999265955,NA,NA
"TD","TD",37,100,-104.5,NA,NA,213,220.77,0.982565350597724,3.92570209977795,0.886188356110367,4.29000652708779,NA,NA
"TD","TD",38,100,-176.62,NA,NA,357.24,365.01,0.533772448310629,0.225168376229703,0.609287795752496,0.186015612987152,NA,NA
"TD","TD",39,100,-124.76,NA,NA,253.52,261.29,0.128862570039928,1.75030500992181,0.113240130352706,1.16030113816833,NA,NA
"TD","TD",40,100,-202.68,NA,NA,409.36,417.13,0.420502026332542,0.0828633031448371,0.700756393328414,0.062814052060211,NA,NA
"TD","TD",41,100,-110.11,NA,NA,224.22,231.99,0.860091791022569,1.2001721150753,0.834314603828405,0.95214805769564,NA,NA
"TD","TD",42,100,-157.93,NA,NA,319.86,327.63,0.633000507717952,0.316391955215622,0.727729535655392,0.301777453339918,NA,NA
"TD","TD",43,100,-111.6,NA,NA,227.2,234.97,0.512010124279186,2.01376353887389,0.242398032253185,0.901635668404836,NA,NA
"TD","TD",44,100,-112.53,NA,NA,229.06,236.83,0.4054856733419,3.89528230370438,0.275080617379217,1.00249097298727,NA,NA
"TD","TD",45,100,-177.83,NA,NA,359.66,367.43,0.319981756620109,0.264156529679894,0.17724490230677,0.288218301661976,NA,NA
"TD","TD",46,100,-112.8,NA,NA,229.6,237.37,0.947748523205519,1.36391219958187,0.862010379895455,1.02999164377594,NA,NA
"TD","TD",47,100,-119.23,NA,NA,242.46,250.23,0.885661983396858,1.4762263855988,0.878042593467604,3.40362649960943,NA,NA
"TD","TD",48,100,-199.86,NA,NA,403.72,411.49,0.119032545015216,0.210982074495405,0.0698687872771093,0.22207170188256,NA,NA
"TD","TD",49,100,-265.4,NA,NA,534.8,542.57,0.931592519162223,0.648705839645118,0.01,0.01,NA,NA
"TD","TD",50,100,-90.8,NA,NA,185.6,193.37,0.753800751408562,2.89878896835935,0.816440098562722,1.41448044096013,NA,NA
"TD","TD",51,100,-178.2,NA,NA,360.4,368.17,0.080542077543214,0.38312963815406,0.064848815123807,0.394845456654897,NA,NA
"TD","TD",52,100,-192.61,NA,NA,389.22,396.99,0.0462017410900444,0.577519766520709,0.0434130398374939,0.646276628372441,NA,NA
"TD","TD",53,100,-118.59,NA,NA,241.18,248.95,0.407168375095353,0.8810732345608,0.174738186928145,0.86221583539295,NA,NA
"TD","TD",54,100,-138.72,NA,NA,281.44,289.21,0.960197768406942,0.629818245768547,0.889862599464614,0.721003038000762,NA,NA
"TD","TD",55,100,-199.68,NA,NA,403.36,411.13,0.745619997614995,0.0838289222957155,0.714398679871843,0.0694962684466803,NA,NA
"TD","TD",56,100,-190.62,NA,NA,385.24,393.01,0.387793875532225,0.184212701395154,0.666230400050878,0.115249153340608,NA,NA
"TD","TD",57,100,-156.74,NA,NA,317.48,325.25,0.640330957481638,0.323464683257043,0.690865932245664,0.30772979004809,NA,NA
"TD","TD",58,100,-189.85,NA,NA,383.7,391.47,0.46626549679786,0.183777129743248,0.485888322941877,0.134210464219461,NA,NA
"TD","TD",59,100,-106.76,NA,NA,217.52,225.29,0.781977394130081,1.17335850927503,0.800243231808973,4.67587808091172,NA,NA
"TD","TD",60,100,-204.12,NA,NA,412.24,420.01,0.185236022341996,0.162097267924749,0.160229195019422,0.102432824963838,NA,NA
"TD","TD",61,100,-181.34,NA,NA,366.68,374.45,0.703108243644238,0.190494351089001,0.745822192523244,0.158933102718503,NA,NA
"TD","TD",62,100,-112.27,NA,NA,228.54,236.31,0.540940156206489,1.71158919288757,0.359824786664076,0.877561380965651,NA,NA
"TD","TD",63,100,-112.86,NA,NA,229.72,237.49,0.265401779906824,1.94766673623564,0.178291989076846,1.10669489845164,NA,NA
"TD","TD",64,100,-177.73,NA,NA,359.46,367.23,0.897607917198911,0.209870352875441,0.785540126654225,0.197564032386549,NA,NA
"TD","TD",65,100,-217.98,NA,NA,439.96,447.73,0.398145136190578,0.0485801249742508,0.0687790660939343,0.042260833594012,NA,NA
"TD","TD",66,100,-145.38,NA,NA,294.76,302.53,0.470244030002505,0.370898498687893,0.451151826393834,0.329642805766029,NA,NA
"TD","TD",67,100,-102.25,NA,NA,208.5,216.27,0.824348853668198,1.18002879429133,0.86737937690042,3.67728012346215,NA,NA
"TD","TD",68,100,-159.86,NA,NA,323.72,331.49,0.503097830805928,0.322839245665818,0.693678296702904,0.288769715311071,NA,NA
"TD","TD",69,100,-139.38,NA,NA,282.76,290.53,0.361050225095823,1.17336245528878,0.124058656640413,2.9814882732773,NA,NA
"TD","TD",70,100,-182.78,NA,NA,369.56,377.33,0.964988884748891,0.189227518625557,0.829628284998421,0.146672914517045,NA,NA
"TD","TD",71,100,-90.85,NA,NA,185.7,193.47,0.789667062694207,2.04544003671947,0.864949867963475,4.20131235660565,NA,NA
"TD","TD",72,100,-97.57,NA,NA,199.14,206.91,0.628910263301805,2.95466302318459,0.672234622464497,9.59754767403208,NA,NA
"TD","TD",73,100,-143.95,NA,NA,291.9,299.67,0.415234696352854,0.710676135453296,0.19947783960439,0.87865946516539,NA,NA
"TD","TD",74,100,-108.26,NA,NA,220.52,228.29,0.857857148861513,0.936107955831003,0.840164144001193,0.910862511680605,NA,NA
"TD","TD",75,100,-180.09,NA,NA,364.18,371.95,0.629901704145595,0.199268886353821,0.701086403115104,0.171271691302267,NA,NA
"TD","TD",76,100,-158.15,NA,NA,320.3,328.07,0.359289909945801,0.364497002285354,0.189635049867054,0.388423831276583,NA,NA
"TD","TD",77,100,-118.9,NA,NA,241.8,249.57,0.446684151422232,1.46860518856885,0.177718905691722,0.874908264871429,NA,NA
"TD","TD",78,100,-139.08,NA,NA,282.16,289.93,0.378760501742363,0.432298531290144,0.172490841953353,0.525118597394395,NA,NA
"TD","TD",79,100,-144.32,NA,NA,292.64,300.41,0.372670353855938,0.686002678703517,0.18969863620221,0.828788882624656,NA,NA
"TD","TD",80,100,-137.8,NA,NA,279.6,287.37,0.428967847023159,0.430095953866839,0.264127492845903,0.453123801569315,NA,NA
"TD","TD",81,100,-220.97,NA,NA,445.94,453.71,0.111280993092805,0.0420480497825296,0.0102220689418025,0.0358020689211971,NA,NA
"TD","TD",82,100,-122.67,NA,NA,249.34,257.11,0.142161799827591,1.60663627263189,0.116489977184463,1.15270492963475,NA,NA
"TD","TD",83,100,-90.81,NA,NA,185.62,193.39,0.779834397835657,3.55762586234994,0.806822888319165,1.33225001645292,NA,NA
"TD","TD",84,100,-153.03,NA,NA,310.06,317.83,0.386252531083301,0.630521601997316,0.156042282537108,0.821894705017156,NA,NA
"TD","TD",85,100,-178.86,NA,NA,361.72,369.49,0.23896856745705,0.3059749789536,0.142975662733975,0.318361449217144,NA,NA
"TD","TD",86,100,-194.21,NA,NA,392.42,400.19,0.670282299863175,0.116263606119901,0.525020080267736,0.115693000169242,NA,NA
"TD","TD",87,100,-122.79,NA,NA,249.58,257.35,0.560497718863189,0.79223784707011,0.696913387621979,0.685393564525324,NA,NA
"TD","TD",88,100,-183.14,NA,NA,370.28,378.05,0.915246691787615,0.194212660659105,0.764730330740637,0.134289193699097,NA,NA
"TD","TD",89,100,-114.67,NA,NA,233.34,241.11,0.589335348224267,0.931611171881569,0.715903951628218,0.753510011519495,NA,NA
"TD","TD",90,100,-138.71,NA,NA,281.42,289.19,0.987134294584394,0.600823707412928,0.888035681805005,0.721655059665717,NA,NA
"TD","TD",91,100,-135.73,NA,NA,275.46,283.23,0.401124990079552,0.436571269761771,0.250066013164306,0.476223169618279,NA,NA
"TD","TD",92,100,-208.23,NA,NA,420.46,428.23,0.565618214197457,0.0649159974418581,0.0519554604881697,0.0647602671609357,NA,NA
"TD","TD",93,100,-187.25,NA,NA,378.5,386.27,0.125127220060676,0.546449628192931,0.102313457548006,0.627242297049949,NA,NA
"TD","TD",94,100,-109.98,NA,NA,223.96,231.73,0.791645931312814,0.766796249431272,0.795019890300371,0.854091070051721,NA,NA
"TD","TD",95,100,-208.26,NA,NA,420.52,428.29,0.0988319513853639,0.092432988807559,0.0364043715564655,0.0592959219334977,NA,NA
"TD","TD",96,100,-131.79,NA,NA,267.58,275.35,0.333673485321924,0.79963922020125,0.144426745509654,0.88387230513708,NA,NA
"TD","TD",97,100,-180.94,NA,NA,365.88,373.65,0.10172016825527,0.620830333791673,0.0845481379068935,0.705644920901485,NA,NA
"TD","TD",98,100,-201.49,NA,NA,406.98,414.75,0.0187283449340612,0.165121834239408,0.019012534086423,0.157079170920809,NA,NA
"TD","TD",99,100,-129.68,NA,NA,263.36,271.13,0.461979309096932,0.880842309403134,0.202021373761356,0.750540907376496,NA,NA
"TD","TD",100,100,-106.8,NA,NA,217.6,225.37,0.729020358063281,0.83565291385622,0.796356007569807,0.893616371411082,NA,NA
"TD","RSTD",1,100,-112.75,NA,NA,231.5,243.16,0.643091264180839,0.83357874206723,0.561206862764572,0.712631040810303,0.823300304144633,NA
"TD","RSTD",2,100,-95.31,NA,NA,196.62,208.28,0.724670132622123,1.43561604238095,0.702550293918707,0.830564640483631,3.59998091997051,NA
"TD","RSTD",3,100,-101.06,NA,NA,208.12,219.78,0.950232450617477,2.03779015681686,0.15092573444753,0.454809087127639,1.1062334175765,NA
"TD","RSTD",4,100,-200.82,NA,NA,407.64,419.3,0.682289758697152,0.0720224548131227,0.575806487726444,0.741665326882691,0.0738445538407772,NA
"TD","RSTD",5,100,-144.88,NA,NA,295.76,307.42,0.200363578274846,1.00568439900399,0.48992321462216,0.321500808826753,0.715169060202084,NA
"TD","RSTD",6,100,-170.04,NA,NA,346.08,357.74,0.321220333920792,0.298665664158762,0.204317996688358,0.179806724437622,0.309800129737805,NA
"TD","RSTD",7,100,-213.41,NA,NA,432.82,444.48,0.571441247593611,0.0502132950350642,0.488711218753472,0.978104752909484,0.0432100746581804,NA
"TD","RSTD",8,100,-146.42,NA,NA,298.84,310.5,0.973066303646192,0.392999498639256,0.592926239489296,0.769504263858555,0.315405072511665,NA
"TD","RSTD",9,100,-255.45,NA,NA,516.9,528.56,0.895209939451888,0.0054737395918251,0.139572119195577,0,0.00358016243955743,NA
"TD","RSTD",10,100,-161.41,NA,NA,328.82,340.48,0.0494146177079529,0.507862410508096,0.0371412127214372,0.0311160091924751,0.540808034885702,NA
"TD","RSTD",11,100,-204.39,NA,NA,414.78,426.44,0.197620301274583,0.18983699940145,0.524533247921705,1,0.0580425931250715,NA
"TD","RSTD",12,100,-194.08,NA,NA,394.16,405.82,0.0560640415642411,0.566026730462909,0.0423434340131363,0.0355350522863938,0.591459463624857,NA
"TD","RSTD",13,100,-148.73,NA,NA,303.46,315.12,0.051307131536305,1.23247370731968,0.0473560342326385,0.0383617301479622,0.67271692750299,NA
"TD","RSTD",14,100,-177.61,NA,NA,361.22,372.88,0.989872474921867,0.208000437050192,0.847915034017271,0.814755279278429,0.202005067731117,NA
"TD","RSTD",15,100,-139.33,NA,NA,284.66,296.32,0.711294803768396,0.57632797351107,0.602963618236049,0.70395235930628,0.612795279946966,NA
"TD","RSTD",16,100,-249.53,NA,NA,505.06,516.72,0.0768930825870484,0.00966986734420061,0.545620522236714,0.447645408460316,0,NA
"TD","RSTD",17,100,-92.97,NA,NA,191.94,203.6,0.797194604296237,2.5054881726885,0.82419876314802,0.785524578375453,6.12533223522085,NA
"TD","RSTD",18,100,-99.05,NA,NA,204.1,215.76,0.731893435353413,1.27495420533688,0.967492288205344,0.825204584290686,1.09482197599128,NA
"TD","RSTD",19,100,-107.95,NA,NA,221.9,233.56,0.809085062006488,0.797056699129653,0.314179006703593,0.56522096014696,0.933240737209001,NA
"TD","RSTD",20,100,-108.27,NA,NA,222.54,234.2,0.511981163173914,2.39124982816227,0.173407062410243,0.214384763517415,1.06514545474472,NA
"TD","RSTD",21,100,-137.12,NA,NA,280.24,291.9,0.226354157319292,1.66897989056053,0.974845765805886,0.339213783382904,0.766065843657256,NA
"TD","RSTD",22,100,-127.32,NA,NA,260.64,272.3,0.300222688354552,0.955442077438247,0.154949506361891,0.150408986181335,0.918436207003157,NA
"TD","RSTD",23,100,-103.73,NA,NA,213.46,225.12,0.984172471100464,1.69604673600736,0.347580232904267,0.724504239562918,1.28764711486656,NA
"TD","RSTD",24,100,-174.44,NA,NA,354.88,366.54,0.540354023920372,0.234106497689865,0.240793388118691,0.227601027885111,0.250768797477075,NA
"TD","RSTD",25,100,-157.01,NA,NA,320.02,331.68,0.870058757020161,0.327183235902339,0.899826526791287,0.821573231557917,0.317981360404174,NA
"TD","RSTD",26,100,-144.08,NA,NA,294.16,305.82,0.0660558908712119,1.97567781611326,0.965265560498727,0.240143518629353,0.809488025318421,NA
"TD","RSTD",27,100,-170.63,NA,NA,347.26,358.92,0.973287776112556,0.260513227898628,0.61793219473572,0.778807760866609,0.254118015384749,NA
"TD","RSTD",28,100,-126.09,NA,NA,258.18,269.84,0.290595552418381,1.05573849655212,0.159807071793267,0.151209241843047,0.884497451933821,NA
"TD","RSTD",29,100,-175.9,NA,NA,357.8,369.46,0.988910319516435,0.211397308856249,0.757776742210831,0.842211294530986,0.208612484317769,NA
"TD","RSTD",30,100,-120.18,NA,NA,246.36,258.02,0.329378831898794,2.0851063261411,0.418423194691733,0.30877655586173,7.74585694587512,NA
"TD","RSTD",31,100,-136.64,NA,NA,279.28,290.94,0.11878991080448,0.835414388175023,0.101188983897217,0.0886684758150988,0.798297308154287,NA
"TD","RSTD",32,100,-181.08,NA,NA,368.16,379.82,0.0508385861758143,0.410096168983728,0.014210406895757,0,0.205919805062018,NA
"TD","RSTD",33,100,-122.72,NA,NA,251.44,263.1,0.684979062527418,0.756628525771442,0.788317032709268,0.825216627790027,1.43595510266463,NA
"TD","RSTD",34,100,-206.16,NA,NA,418.32,429.98,0.842564480379224,0.0599249633960426,0.123530921340857,0.0850607800606789,0.125557202056751,NA
"TD","RSTD",35,100,-111.87,NA,NA,229.74,241.4,0.27115519088693,2.69503675574873,0.31555460071372,0.241167072225358,1.03457311735048,NA
"TD","RSTD",36,100,-134.99,NA,NA,275.98,287.64,0.779200294986367,0.457588243763894,0.449081029333585,0.515010898206751,0.419096726157865,NA
"TD","RSTD",37,100,-101.44,NA,NA,208.88,220.54,0.982565350597724,3.92570209977795,0.136843382978017,0.400575251550743,1.18653068244559,NA
"TD","RSTD",38,100,-175.23,NA,NA,356.46,368.12,0.533772448310629,0.225168376229703,0.236191681866157,0.22339731362188,0.24966828691206,NA
"TD","RSTD",39,100,-119.42,NA,NA,244.84,256.5,0.128862570039928,1.75030500992181,0.0965107930770725,0.0766540924140017,1.31730179935361,NA
"TD","RSTD",40,100,-207.33,NA,NA,420.66,432.32,0.420502026332542,0.0828633031448371,0.0355763255833883,0.00833443444500139,0.0665940373071808,NA
"TD","RSTD",41,100,-107.7,NA,NA,221.4,233.06,0.860091791022569,1.2001721150753,0.188741912990741,0.402107488988694,0.994754862160609,NA
"TD","RSTD",42,100,-159.91,NA,NA,325.82,337.48,0.633000507717952,0.316391955215622,0.469991774701411,0.465747176085393,0.264494118973947,NA
"TD","RSTD",43,100,-115.86,NA,NA,237.72,249.38,0.512010124279186,2.01376353887389,0.749318529435054,0.465343572150108,0.857153799792127,NA
"TD","RSTD",44,100,-109.78,NA,NA,225.56,237.22,0.4054856733419,3.89528230370438,0.549617553013491,0.374944904894423,0.973176272590988,NA
"TD","RSTD",45,100,-177.33,NA,NA,360.66,372.32,0.319981756620109,0.264156529679894,0.188956458934431,0.16039774529261,0.283826620650795,NA
"TD","RSTD",46,100,-114.23,NA,NA,234.46,246.12,0.947748523205519,1.36391219958187,0.37379070194729,0.733479412711613,4.90496587219747,NA
"TD","RSTD",47,100,-116.12,NA,NA,238.24,249.9,0.885661983396858,1.4762263855988,0.485537901549561,0.757651404167083,0.950516450674685,NA
"TD","RSTD",48,100,-199.56,NA,NA,405.12,416.78,0.119032545015216,0.210982074495405,0.0689062246750047,0.0577604653128763,0.226568407147749,NA
"TD","RSTD",49,100,-131.03,NA,NA,268.06,279.72,0.931592519162223,0.648705839645118,0.886743228621374,0.864535804329964,0.728073004716519,NA
"TD","RSTD",50,100,-90.64,NA,NA,187.28,198.94,0.753800751408562,2.89878896835935,0.446245653476318,0.679584966689959,1.46690612650816,NA
"TD","RSTD",51,100,-178.15,NA,NA,362.3,373.96,0.080542077543214,0.38312963815406,0.0655970385194244,0.0622289938535108,0.393219641713205,NA
"TD","RSTD",52,100,-191.82,NA,NA,389.64,401.3,0.0462017410900444,0.577519766520709,0.0300230672795926,0.0220136880520413,0.544925906267717,NA
"TD","RSTD",53,100,-139.78,NA,NA,285.56,297.22,0.407168375095353,0.8810732345608,1,0.44828355449833,0.377118152702982,NA
"TD","RSTD",54,100,-135.29,NA,NA,276.58,288.24,0.960197768406942,0.629818245768547,0.960959772113335,0.872874438159495,0.703294074406491,NA
"TD","RSTD",55,100,-204.48,NA,NA,414.96,426.62,0.745619997614995,0.0838289222957155,0.210492287282035,0.163315127342708,0.1208541261315,NA
"TD","RSTD",56,100,-192.97,NA,NA,391.94,403.6,0.387793875532225,0.184212701395154,0.186104986900475,0.146323114339589,0.177305565202846,NA
"TD","RSTD",57,100,-155.27,NA,NA,316.54,328.2,0.640330957481638,0.323464683257043,0.899839471457359,0.731606646229484,0.306138081658932,NA
"TD","RSTD",58,100,-190.03,NA,NA,386.06,397.72,0.46626549679786,0.183777129743248,0.459086280955297,0.336319657728414,0.122044157836652,NA
"TD","RSTD",59,100,-102.43,NA,NA,210.86,222.52,0.781977394130081,1.17335850927503,0.446002333613903,0.75510740136906,5.40009895697218,NA
"TD","RSTD",60,100,-204.14,NA,NA,414.28,425.94,0.185236022341996,0.162097267924749,0.19158308869924,0.149931865942393,0.0786261523204626,NA
"TD","RSTD",61,100,-180.99,NA,NA,367.98,379.64,0.703108243644238,0.190494351089001,0.813279811086206,0.717066901324804,0.156520240213388,NA
"TD","RSTD",62,100,-107.48,NA,NA,220.96,232.62,0.540940156206489,1.71158919288757,0.175091675661764,0.243912543457518,1.05330952305754,NA
"TD","RSTD",63,100,-111.12,NA,NA,228.24,239.9,0.265401779906824,1.94766673623564,0.358945189233198,0.262622993479279,1.04330351823719,NA
"TD","RSTD",64,100,-181.11,NA,NA,368.22,379.88,0.897607917198911,0.209870352875441,0.262957788435028,0.331076586158863,0.219169690384862,NA
"TD","RSTD",65,100,-215.41,NA,NA,436.82,448.48,0.398145136190578,0.0485801249742508,0.36222639240948,0.385185900460714,0.0442173883223846,NA
"TD","RSTD",66,100,-142.58,NA,NA,291.16,302.82,0.470244030002505,0.370898498687893,0.884428925320194,0.70189881547456,0.347648132408907,NA
"TD","RSTD",67,100,-101.46,NA,NA,208.92,220.58,0.824348853668198,1.18002879429133,0.949756131860121,0.834029057659574,1.06456666403291,NA
"TD","RSTD",68,100,-159.18,NA,NA,324.36,336.02,0.503097830805928,0.322839245665818,0.725083849865352,0.644669442586373,0.281915788652783,NA
"TD","RSTD",69,100,-124.02,NA,NA,254.04,265.7,0.361050225095823,1.17336245528878,0.143823458810291,0.142982645691584,1.09870322450809,NA
"TD","RSTD",70,100,-182.6,NA,NA,371.2,382.86,0.964988884748891,0.189227518625557,0.853053793863003,0.836984598490554,0.156655267205298,NA
"TD","RSTD",71,100,-90.6,NA,NA,187.2,198.86,0.789667062694207,2.04544003671947,0.444459391321904,0.705154497119354,2.25028058782414,NA
"TD","RSTD",72,100,-95.11,NA,NA,196.22,207.88,0.628910263301805,2.95466302318459,0.337725376042491,0.593038772384501,1.55069832295035,NA
"TD","RSTD",73,100,-144.12,NA,NA,294.24,305.9,0.415234696352854,0.710676135453296,0.299035776190591,0.269728901914542,0.757032933891406,NA
"TD","RSTD",74,100,-107.07,NA,NA,220.14,231.8,0.857857148861513,0.936107955831003,0.471604371404001,0.737020669540257,0.930644479382981,NA
"TD","RSTD",75,100,-180.04,NA,NA,366.08,377.74,0.629901704145595,0.199268886353821,0.794184389633838,0.751313087659693,0.182253276247216,NA
"TD","RSTD",76,100,-157.91,NA,NA,321.82,333.48,0.359289909945801,0.364497002285354,0.198995873846598,0.182508002309994,0.378451758662656,NA
"TD","RSTD",77,100,-117.27,NA,NA,240.54,252.2,0.446684151422232,1.46860518856885,0.17132954111127,0.201362796955161,0.934423457672667,NA
"TD","RSTD",78,100,-139.12,NA,NA,284.24,295.9,0.378760501742363,0.432298531290144,0.189655803387304,0.184233120547405,0.519790619300963,NA
"TD","RSTD",79,100,-150.39,NA,NA,306.78,318.44,0.372670353855938,0.686002678703517,0.565599951084214,0.401731840147761,0.567858642960823,NA
"TD","RSTD",80,100,-141.87,NA,NA,289.74,301.4,0.428967847023159,0.430095953866839,0.559698671391278,0.482899966948637,0.349485657021238,NA
"TD","RSTD",81,100,-220.67,NA,NA,447.34,459,0.111280993092805,0.0420480497825296,0.025854236703234,0,0.0365398981899132,NA
"TD","RSTD",82,100,-119.71,NA,NA,245.42,257.08,0.142161799827591,1.60663627263189,0.107131582593595,0.0903263332976045,1.20222114122571,NA
"TD","RSTD",83,100,-90.81,NA,NA,187.62,199.28,0.779834397835657,3.55762586234994,0.848860837374167,0.864267421470478,4.58818335375412,NA
"TD","RSTD",84,100,-166.52,NA,NA,339.04,350.7,0.386252531083301,0.630521601997316,0.804056990708712,0.379347946730234,0.490253120847165,NA
"TD","RSTD",85,100,-176.83,NA,NA,359.66,371.32,0.23896856745705,0.3059749789536,0.148196120337816,0.106070634942086,0.289486147907607,NA
"TD","RSTD",86,100,-194.43,NA,NA,394.86,406.52,0.670282299863175,0.116263606119901,0.572135704741837,0.495926137877727,0.114077552048349,NA
"TD","RSTD",87,100,-121.34,NA,NA,248.68,260.34,0.560497718863189,0.79223784707011,0.269747610674231,0.416152958679068,0.743767464597362,NA
"TD","RSTD",88,100,-181.95,NA,NA,369.9,381.56,0.915246691787615,0.194212660659105,1,0.807675935095658,0.161380548061763,NA
"TD","RSTD",89,100,-113.23,NA,NA,232.46,244.12,0.589335348224267,0.931611171881569,0.3628718639245,0.526276730841131,0.803678751970459,NA
"TD","RSTD",90,100,-164.14,NA,NA,334.28,345.94,0.987134294584394,0.600823707412928,0.0557790139939575,0.0634276202774787,0.829748813612336,NA
"TD","RSTD",91,100,-135.54,NA,NA,277.08,288.74,0.401124990079552,0.436571269761771,0.225712493093792,0.239402782664137,0.498171787929403,NA
"TD","RSTD",92,100,-202.3,NA,NA,410.6,422.26,0.565618214197457,0.0649159974418581,0.767007079073956,0.879419729804395,0.0662506771717547,NA
"TD","RSTD",93,100,-186.03,NA,NA,378.06,389.72,0.125127220060676,0.546449628192931,0.109269549434488,0.094479294821316,0.560781547167031,NA
"TD","RSTD",94,100,-110.92,NA,NA,227.84,239.5,0.791645931312814,0.766796249431272,0.349972741990719,0.58931847804848,0.878548585877681,NA
"TD","RSTD",95,100,-207.7,NA,NA,421.4,433.06,0.0988319513853639,0.092432988807559,0.0335708558687943,0.00700798681972442,0.0610767717491577,NA
"TD","RSTD",96,100,-132.52,NA,NA,271.04,282.7,0.333673485321924,0.79963922020125,0.158907806745387,0.156749588497629,0.752629449508538,NA
"TD","RSTD",97,100,-180.96,NA,NA,367.92,379.58,0.10172016825527,0.620830333791673,0.0832530715887258,0.0788402538071283,0.672481213195423,NA
"TD","RSTD",98,100,-201.04,NA,NA,408.08,419.74,0.0187283449340612,0.165121834239408,0.0133773103847843,0,0.149682673286505,NA
"TD","RSTD",99,100,-137.12,NA,NA,280.24,291.9,0.461979309096932,0.880842309403134,0.782441356757262,0.475262594994688,0.671299549515505,NA
"TD","RSTD",100,100,-106.73,NA,NA,219.46,231.12,0.729020358063281,0.83565291385622,0.601243769499789,0.744581726837756,0.905567475773375,NA
"TD","Utility",1,100,-112.9,NA,NA,231.8,243.46,0.643091264180839,0.83357874206723,0.810828175305856,0.901017811170817,1.28791133190916,NA
"TD","Utility",2,100,-97.56,NA,NA,201.12,212.78,0.724670132622123,1.43561604238095,0.77472544462141,0.997895396333322,3.19012415723241,NA
"TD","Utility",3,100,-105.54,NA,NA,217.08,228.74,0.950232450617477,2.03779015681686,0.900850616870886,0.855717309638473,5.40769530241667,NA
"TD","Utility",4,100,-202.61,NA,NA,411.22,422.88,0.682289758697152,0.0720224548131227,0.938285852110547,0.16960780930056,1.22677230227954,NA
"TD","Utility",5,100,-128.62,NA,NA,263.24,274.9,0.200363578274846,1.00568439900399,0.124933576123374,0.888253225507946,1.57593837430495,NA
"TD","Utility",6,100,-170.43,NA,NA,346.86,358.52,0.321220333920792,0.298665664158762,0.17309112344469,0.923933109904293,0.456313462006417,NA
"TD","Utility",7,100,-214.22,NA,NA,434.44,446.1,0.571441247593611,0.0502132950350642,0.712696453424022,0.569187226751744,0.203642654071229,NA
"TD","Utility",8,100,-140.85,NA,NA,287.7,299.36,0.973066303646192,0.392999498639256,0.942184831151164,0.402637242162254,9.06320876231915,NA
"TD","Utility",9,100,-249.53,NA,NA,505.06,516.72,0.895209939451888,0.0054737395918251,0.87922915135295,0.487804642140783,0,NA
"TD","Utility",10,100,-196.53,NA,NA,399.06,410.72,0.0494146177079529,0.507862410508096,0.981939139793484,0.562650133705268,2.30651753428352,NA
"TD","Utility",11,100,-206.57,NA,NA,419.14,430.8,0.197620301274583,0.18983699940145,0.951944953285838,1,0.0488785086957517,NA
"TD","Utility",12,100,-196.77,NA,NA,399.54,411.2,0.0560640415642411,0.566026730462909,0.00886744305044187,0.427378493040889,9.69929976085061,NA
"TD","Utility",13,100,-138.71,NA,NA,283.42,295.08,0.051307131536305,1.23247370731968,0.0442094039271879,0.973233741373963,1.51187760730075,NA
"TD","Utility",14,100,-187.13,NA,NA,380.26,391.92,0.989872474921867,0.208000437050192,0.0734860437962515,0.807330023526752,0.759879827940161,NA
"TD","Utility",15,100,-140.12,NA,NA,286.24,297.9,0.711294803768396,0.57632797351107,0.769715370210072,0.864810063497313,1.10440147494812,NA
"TD","Utility",16,100,-249.53,NA,NA,505.06,516.72,0.0768930825870484,0.00966986734420061,0,0,0,NA
"TD","Utility",17,100,-90.99,NA,NA,187.98,199.64,0.797194604296237,2.5054881726885,0.889150936100108,0.581105256584773,9.9118418242394,NA
"TD","Utility",18,100,-98.79,NA,NA,203.58,215.24,0.731893435353413,1.27495420533688,0.79154067391644,1,1.08930248988716,NA
"TD","Utility",19,100,-106.76,NA,NA,219.52,231.18,0.809085062006488,0.797056699129653,0.875577591931791,0.65577158486799,4.78202502061524,NA
"TD","Utility",20,100,-112.26,NA,NA,230.52,242.18,0.511981163173914,2.39124982816227,0.285839098840216,0.970697174504817,1.02217163793835,NA
"TD","Utility",21,100,-116.28,NA,NA,238.56,250.22,0.226354157319292,1.66897989056053,0.139269001879945,0.931379493708023,1.47204559235239,NA
"TD","Utility",22,100,-127.34,NA,NA,260.68,272.34,0.300222688354552,0.955442077438247,0.151159726181186,0.983225488603212,1.00227821632255,NA
"TD","Utility",23,100,-104.31,NA,NA,214.62,226.28,0.984172471100464,1.69604673600736,0.902435000914802,0.873169849386466,10,NA
"TD","Utility",24,100,-176.3,NA,NA,358.6,370.26,0.540354023920372,0.234106497689865,0.887590725169891,0.391865663607802,4.71260031145331,NA
"TD","Utility",25,100,-157.4,NA,NA,320.8,332.46,0.870058757020161,0.327183235902339,0.902616881463432,0.547915279193383,3.01779213477584,NA
"TD","Utility",26,100,-119.85,NA,NA,245.7,257.36,0.0660558908712119,1.97567781611326,0.0328098138264636,0.678304743703614,6.73618804656758,NA
"TD","Utility",27,100,-168.59,NA,NA,343.18,354.84,0.973287776112556,0.260513227898628,0.913424101571554,0.542054152654853,2.61695105749678,NA
"TD","Utility",28,100,-139.01,NA,NA,284.02,295.68,0.290595552418381,1.05573849655212,0.333539504969842,0.506316467595015,8.80100016132034,NA
"TD","Utility",29,100,-175.39,NA,NA,356.78,368.44,0.988910319516435,0.211397308856249,0.944139398159494,0.34233410920265,7.31962505820502,NA
"TD","Utility",30,100,-114.01,NA,NA,234.02,245.68,0.329378831898794,2.0851063261411,0.28316630648499,0.806648033608781,2.51880363432528,NA
"TD","Utility",31,100,-135.64,NA,NA,277.28,288.94,0.11878991080448,0.835414388175023,0.084659320116418,0.894454925390959,1.57655910637577,NA
"TD","Utility",32,100,-175.35,NA,NA,356.7,368.36,0.0508385861758143,0.410096168983728,0.0211960825570428,0.709747219054301,1.73368937430344,NA
"TD","Utility",33,100,-115.86,NA,NA,237.72,249.38,0.684979062527418,0.756628525771442,0.778566827076776,0.99996017377495,0.777066828104076,NA
"TD","Utility",34,100,-201.71,NA,NA,409.42,421.08,0.842564480379224,0.0599249633960426,0.751277169512812,0.518861665589176,0.409521522349647,NA
"TD","Utility",35,100,-111.81,NA,NA,229.62,241.28,0.27115519088693,2.69503675574873,0.285635541927829,0.658685612954408,5.22716699078782,NA
"TD","Utility",36,100,-124.1,NA,NA,254.2,265.86,0.779200294986367,0.457588243763894,0.804603960791293,0.979575818723847,0.529716579786302,NA
"TD","Utility",37,100,-105.93,NA,NA,217.86,229.52,0.982565350597724,3.92570209977795,0.889197148979827,0.880805092403281,2.20543592807667,NA
"TD","Utility",38,100,-175.36,NA,NA,356.72,368.38,0.533772448310629,0.225168376229703,0.214399196296443,0.968215267475997,0.297844503973359,NA
"TD","Utility",39,100,-122.32,NA,NA,250.64,262.3,0.128862570039928,1.75030500992181,0.0603060059988351,0.711874034300695,5.99418574972178,NA
"TD","Utility",40,100,-204.4,NA,NA,414.8,426.46,0.420502026332542,0.0828633031448371,0.777421872670273,0.00932974947262679,2.09895136808433,NA
"TD","Utility",41,100,-121.92,NA,NA,249.84,261.5,0.860091791022569,1.2001721150753,0.798619692309969,0.816465162580682,3.59492446245023,NA
"TD","Utility",42,100,-157.52,NA,NA,321.04,332.7,0.633000507717952,0.316391955215622,0.89792868241305,0.377126369779322,7.46783848457909,NA
"TD","Utility",43,100,-111.62,NA,NA,229.24,240.9,0.512010124279186,2.01376353887389,0.249758420187309,1,0.91383151461238,NA
"TD","Utility",44,100,-109.85,NA,NA,225.7,237.36,0.4054856733419,3.89528230370438,0.443637265886564,0.535393628885409,9.64739634276474,NA
"TD","Utility",45,100,-177.84,NA,NA,361.68,373.34,0.319981756620109,0.264156529679894,0.186395717353717,0.990935026566225,0.285986131109078,NA
"TD","Utility",46,100,-113.29,NA,NA,232.58,244.24,0.947748523205519,1.36391219958187,0.921555985363613,0.585677050093622,7.82717606562372,NA
"TD","Utility",47,100,-116.71,NA,NA,239.42,251.08,0.885661983396858,1.4762263855988,0.864499245175077,0.893851817664534,1.55414029438464,NA
"TD","Utility",48,100,-199.76,NA,NA,405.52,417.18,0.119032545015216,0.210982074495405,0.0319436198266226,0.698579394610639,1.06387659295776,NA
"TD","Utility",49,100,-131.81,NA,NA,269.62,281.28,0.931592519162223,0.648705839645118,0.937513432348404,0.481073215824208,10,NA
"TD","Utility",50,100,-90.86,NA,NA,187.72,199.38,0.753800751408562,2.89878896835935,0.828596802280242,0.888868586896198,2.133079491034,NA
"TD","Utility",51,100,-178.32,NA,NA,362.64,374.3,0.080542077543214,0.38312963815406,0.0455690947815317,0.795316972671967,1.11113567407151,NA
"TD","Utility",52,100,-192.27,NA,NA,390.54,402.2,0.0462017410900444,0.577519766520709,0.00950174599580984,0.462285051655838,8.93781837414031,NA
"TD","Utility",53,100,-123.22,NA,NA,252.44,264.1,0.407168375095353,0.8810732345608,0.313189768296927,0.822966388647813,1.81715413872118,NA
"TD","Utility",54,100,-139.09,NA,NA,284.18,295.84,0.960197768406942,0.629818245768547,0.935991803148783,0.585134485734641,5.47807102464097,NA
"TD","Utility",55,100,-201.1,NA,NA,408.2,419.86,0.745619997614995,0.0838289222957155,0.861673806519497,0.185508193035553,1.21097501323229,NA
"TD","Utility",56,100,-190.69,NA,NA,387.38,399.04,0.387793875532225,0.184212701395154,0.619996043137044,0.877583101401489,0.187623073807118,NA
"TD","Utility",57,100,-156.36,NA,NA,318.72,330.38,0.640330957481638,0.323464683257043,0.90388294257434,0.361068318159716,8.47286281933549,NA
"TD","Utility",58,100,-196.19,NA,NA,398.38,410.04,0.46626549679786,0.183777129743248,0.64844252707837,0.125573040493849,2.3343544776972,NA
"TD","Utility",59,100,-102.45,NA,NA,210.9,222.56,0.781977394130081,1.17335850927503,0.868800181039985,0.919221572858921,3.64119190388108,NA
"TD","Utility",60,100,-205.97,NA,NA,417.94,429.6,0.185236022341996,0.162097267924749,0.51308456284406,0.481505166703183,0.411268919537564,NA
"TD","Utility",61,100,-182.8,NA,NA,371.6,383.26,0.703108243644238,0.190494351089001,0.941818221420808,0.214220754340345,10,NA
"TD","Utility",62,100,-112.36,NA,NA,230.72,242.38,0.540940156206489,1.71158919288757,0.359390590788098,0.992732878275593,0.91521951347932,NA
"TD","Utility",63,100,-111.37,NA,NA,228.74,240.4,0.265401779906824,1.94766673623564,0.313156934605685,0.600667963071136,7.14039876866189,NA
"TD","Utility",64,100,-178.02,NA,NA,362.04,373.7,0.897607917198911,0.209870352875441,0.893365784360805,0.564708459456356,1.80893105623493,NA
"TD","Utility",65,100,-214.5,NA,NA,435,446.66,0.398145136190578,0.0485801249742508,0.733222935972091,0.672106551404161,0.139448730156033,NA
"TD","Utility",66,100,-144.72,NA,NA,295.44,307.1,0.470244030002505,0.370898498687893,0.770869097446209,0.743450950090035,1.1891717875071,NA
"TD","Utility",67,100,-106.76,NA,NA,219.52,231.18,0.824348853668198,1.18002879429133,0.72002585405026,0.969943745492572,8.02360442122163,NA
"TD","Utility",68,100,-159.74,NA,NA,325.48,337.14,0.503097830805928,0.322839245665818,0.889312379274206,0.394621580172669,6.4346961506866,NA
"TD","Utility",69,100,-123.77,NA,NA,253.54,265.2,0.361050225095823,1.17336245528878,0.150464215330619,0.998754504331441,0.99372393379792,NA
"TD","Utility",70,100,-183.39,NA,NA,372.78,384.44,0.964988884748891,0.189227518625557,0.940697596436681,0.432919775349139,3.19737662560827,NA
"TD","Utility",71,100,-90.89,NA,NA,187.78,199.44,0.789667062694207,2.04544003671947,0.876734450195046,0.906865855345792,5.73453861183221,NA
"TD","Utility",72,100,-94.96,NA,NA,195.92,207.58,0.628910263301805,2.95466302318459,0.814008203901624,0.91088069338153,1.81248102210267,NA
"TD","Utility",73,100,-143.96,NA,NA,293.92,305.58,0.415234696352854,0.710676135453296,0.207092896746071,1,0.857032455114279,NA
"TD","Utility",74,100,-130.38,NA,NA,266.76,278.42,0.857857148861513,0.936107955831003,0.0779719276771872,1,1.08799789962993,NA
"TD","Utility",75,100,-180.55,NA,NA,367.1,378.76,0.629901704145595,0.199268886353821,0.93574720497214,0.269179819079444,9.83633038131523,NA
"TD","Utility",76,100,-158.19,NA,NA,322.38,334.04,0.359289909945801,0.364497002285354,0.191825150479834,0.955900364905815,0.470125518404352,NA
"TD","Utility",77,100,-120.49,NA,NA,246.98,258.64,0.446684151422232,1.46860518856885,0.254050648573992,0.967960486082585,0.929969650849591,NA
"TD","Utility",78,100,-139.8,NA,NA,285.6,297.26,0.378760501742363,0.432298531290144,0.179435099735954,0.933924806487784,0.694374750936242,NA
"TD","Utility",79,100,-144.33,NA,NA,294.66,306.32,0.372670353855938,0.686002678703517,0.189077363144527,1,0.823389658002525,NA
"TD","Utility",80,100,-138.76,NA,NA,283.52,295.18,0.428967847023159,0.430095953866839,0.331588187595238,0.965356590922931,0.461449965060494,NA
"TD","Utility",81,100,-222.07,NA,NA,450.14,461.8,0.111280993092805,0.0420480497825296,0.508300313053758,0.110772201388994,0.850796458674304,NA
"TD","Utility",82,100,-121.67,NA,NA,249.34,261,0.142161799827591,1.60663627263189,0.0731242130759928,0.779480706026,4.61805328465094,NA
"TD","Utility",83,100,-90.83,NA,NA,187.66,199.32,0.779834397835657,3.55762586234994,0.821581550997587,0.999441621246229,1.59245077756771,NA
"TD","Utility",84,100,-156.72,NA,NA,319.44,331.1,0.386252531083301,0.630521601997316,0.224558272720785,0.914324909337259,1.02427589065686,NA
"TD","Utility",85,100,-177.33,NA,NA,360.66,372.32,0.23896856745705,0.3059749789536,0.0932770152674271,0.725540481152779,1.28700620283435,NA
"TD","Utility",86,100,-194.17,NA,NA,394.34,406,0.670282299863175,0.116263606119901,0.597275178876336,0.654795842862366,0.406333894972347,NA
"TD","Utility",87,100,-123.27,NA,NA,252.54,264.2,0.560497718863189,0.79223784707011,0.795279788496834,0.751701390486129,2.22252349234578,NA
"TD","Utility",88,100,-183.54,NA,NA,373.08,384.74,0.915246691787615,0.194212660659105,0.908691452176917,0.617048157057352,1.12073998185425,NA
"TD","Utility",89,100,-115.55,NA,NA,237.1,248.76,0.589335348224267,0.931611171881569,0.856999037800575,0.579440817400109,5.92915944444331,NA
"TD","Utility",90,100,-138.93,NA,NA,283.86,295.52,0.987134294584394,0.600823707412928,0.917128393381349,0.758981798403865,2.24029411683041,NA
"TD","Utility",91,100,-135.74,NA,NA,277.48,289.14,0.401124990079552,0.436571269761771,0.234382422366281,1,0.492704306252286,NA
"TD","Utility",92,100,-203.32,NA,NA,412.64,424.3,0.565618214197457,0.0649159974418581,0.733708915350553,0.416738966681238,0.517991568627101,NA
"TD","Utility",93,100,-185.87,NA,NA,377.74,389.4,0.125127220060676,0.546449628192931,0.0926718444649956,0.878550798656389,1.11949634677874,NA
"TD","Utility",94,100,-109.94,NA,NA,225.88,237.54,0.791645931312814,0.766796249431272,0.848405952756456,0.771797760512356,2.51428598603415,NA
"TD","Utility",95,100,-207.89,NA,NA,421.78,433.44,0.0988319513853639,0.092432988807559,0.00436760787695062,0.316936066548746,0.774597253100942,NA
"TD","Utility",96,100,-131.79,NA,NA,269.58,281.24,0.333673485321924,0.79963922020125,0.1402965193339,0.987828522296853,0.948448565080562,NA
"TD","Utility",97,100,-192.65,NA,NA,391.3,402.96,0.10172016825527,0.620830333791673,0.0165980344158843,0.50194955986884,8.06802917550016,NA
"TD","Utility",98,100,-201.01,NA,NA,408.02,419.68,0.0187283449340612,0.165121834239408,0.00708973943957096,0.419674549321601,3.47831115482525,NA
"TD","Utility",99,100,-137.17,NA,NA,280.34,292,0.461979309096932,0.880842309403134,0.481783392724939,0.589963796588255,5.11788307467823,NA
"TD","Utility",100,100,-106.8,NA,NA,219.6,231.26,0.729020358063281,0.83565291385622,0.798751996966612,0.995324993120562,0.92579656069135,NA
"RSTD","TD",1,100,-112.56,NA,NA,229.12,236.89,0.285107890376821,0.724670132622123,0.886862443221951,9.6745182693417,NA,1.43561604238095
"RSTD","TD",2,100,-181.56,NA,NA,367.12,374.89,0.950232450617477,0.206436974462122,0.176999435947674,0.304964056757746,NA,0.364579517394304
"RSTD","TD",3,100,-159.14,NA,NA,322.28,330.05,0.536011227406561,0.200363578274846,0.154982087837638,0.655089671330952,NA,1.00568439900399
"RSTD","TD",4,100,-199.69,NA,NA,403.38,411.15,0.321220333920792,0.649332832079381,0.73503191491383,0.0716324962717435,NA,0.142882495187223
"RSTD","TD",5,100,-141.63,NA,NA,287.26,295.03,0.525106647517532,0.973066303646192,0.822471303278673,0.405431137829786,NA,0.392999498639256
"RSTD","TD",6,100,-103.84,NA,NA,211.68,219.45,0.895209939451888,0.943225271301344,0.886683720099486,9.1397567005784,NA,3.35385648889427
"RSTD","TD",7,100,-193.23,NA,NA,390.46,398.23,0.753931205254048,0.197620301274583,0.695407705725555,0.0911803167674419,NA,0.18983699940145
"RSTD","TD",8,100,-74.41,NA,NA,152.82,160.59,0.0560640415642411,0.783013365231454,0,1.23457102353161,NA,3.41441693140154
"RSTD","TD",9,100,-176.98,NA,NA,357.96,365.73,0.479448032099754,0.989872474921867,0.765938367923811,0.203417125566722,NA,0.208000437050192
"RSTD","TD",10,100,-90.77,NA,NA,185.54,193.31,0.711294803768396,0.788163986755535,0.87746099708067,9.18391086864065,NA,2.30973086307261
"RSTD","TD",11,100,-114.7,NA,NA,233.4,241.17,0.5048349336721,0.797194604296237,0.877820681829131,3.10334008448783,NA,2.5054881726885
"RSTD","TD",12,100,-152.7,NA,NA,309.4,317.17,0.731893435353413,0.395451756194234,0.116859562795756,1.41722604637093,NA,0.618170124012977
"RSTD","TD",13,100,-97.31,NA,NA,198.62,206.39,0.275977379642427,0.511981163173914,0.815768559931633,1.19725926660734,NA,2.39124982816227
"RSTD","TD",14,100,-134.94,NA,NA,273.88,281.65,0.226354157319292,0.16033569118008,0.151890723550326,0.851831837077209,NA,0.894037933978152
"RSTD","TD",15,100,-129.74,NA,NA,263.48,271.25,0.315573724219576,0.984172471100464,0.771436866273959,8.57670492366752,NA,1.69604673600736
"RSTD","TD",16,100,-154.05,NA,NA,312.1,319.87,0.540354023920372,0.854036244563758,0.795019326778282,0.359342911770395,NA,0.362152148856662
"RSTD","TD",17,100,-220,NA,NA,444,451.77,0.66359161795117,0.0660558908712119,0.0933474192339001,0.285527078696232,NA,1.97567781611326
"RSTD","TD",18,100,-126.78,NA,NA,257.56,265.33,0.973287776112556,0.630256613949314,0.233585050984823,0.737027198287116,NA,0.855529390233469
"RSTD","TD",19,100,-183.59,NA,NA,371.18,378.95,0.340647828998044,0.988910319516435,0.543832526180096,0.149783891632829,NA,0.211397308856249
"RSTD","TD",20,100,-214.62,NA,NA,433.24,441.01,0.329378831898794,0.0628540490288287,0.0820112841756041,0.3280768373269,NA,2.33967715737489
"RSTD","TD",21,100,-198.83,NA,NA,401.66,409.43,0.285566801903769,0.0508385861758143,0.136941098571634,0.176413783489663,NA,0.410096168983728
"RSTD","TD",22,100,-142.58,NA,NA,289.16,296.93,0.684979062527418,0.438995202770457,0.106005350040546,1.57173485284203,NA,0.685128960758448
"RSTD","TD",23,100,-123.06,NA,NA,250.12,257.89,0.529962481698021,0.27115519088693,0.185425447746175,0.971579734946094,NA,2.69503675574873
"RSTD","TD",24,100,-191.34,NA,NA,386.68,394.45,0.779200294986367,0.728794121881947,0.680618614060913,0.121517159917948,NA,0.160821524456017
"RSTD","TD",25,100,-194.08,NA,NA,392.16,399.93,0.0281218434683979,0.533772448310629,0.0699442209233486,0.288387849769849,NA,0.225168376229703
"RSTD","TD",26,100,-122.27,NA,NA,248.54,256.31,0.128862570039928,0.17050133110024,0.107158026402518,1.1374350976746,NA,1.37515528589011
"RSTD","TD",27,100,-101.18,NA,NA,206.36,214.13,0.980796684976667,0.860091791022569,0.816171415391416,1.1580884811803,NA,1.2001721150753
"RSTD","TD",28,100,-241.58,NA,NA,487.16,494.93,0.633000507717952,0.959949327167124,0.570461072811421,0.0196403103529302,NA,0.0240202485583723
"RSTD","TD",29,100,-98.6,NA,NA,201.2,208.97,0.234798390883952,0.4054856733419,0.61343201335965,6.49839483594459,NA,3.89528230370438
"RSTD","TD",30,100,-211.89,NA,NA,427.78,435.55,0.319981756620109,0.632078264839947,0.0319331364513606,0.0521025010894477,NA,0.0559587455590604
"RSTD","TD",31,100,-108.01,NA,NA,220.02,227.79,0.417691254755482,0.885661983396858,0.886873483426928,8.61706410068187,NA,1.4762263855988
"RSTD","TD",32,100,-217.37,NA,NA,438.74,446.51,0.119032545015216,0.605491037247702,0.134839548279012,0.0414595464465304,NA,0.0459982767437321
"RSTD","TD",33,100,-90.81,NA,NA,185.62,193.39,0.824352919822559,0.753800751408562,0.819847005942697,1.51114768013128,NA,2.89878896835935
"RSTD","TD",34,100,-97.86,NA,NA,199.72,207.49,0.080542077543214,0.69156481907703,0.00330226539300714,1.04083490265935,NA,3.2510444371212
"RSTD","TD",35,100,-121.63,NA,NA,247.26,255.03,0.788759883260354,0.407168375095353,0.179103152178366,0.955105867592349,NA,0.8810732345608
"RSTD","TD",36,100,-130.14,NA,NA,264.28,272.05,0.960197768406942,0.814909122884274,0.088218702350943,0.834492701733404,NA,0.491239995229989
"RSTD","TD",37,100,-185.41,NA,NA,374.82,382.59,0.983733647270128,0.387793875532225,0.348937840699343,0.176537765540114,NA,0.184212701395154
"RSTD","TD",38,100,-105.94,NA,NA,215.88,223.65,0.640330957481638,0.661732341628522,0.780720309413221,0.957853689942622,NA,1.1015722423634
"RSTD","TD",39,100,-265.05,NA,NA,534.1,541.87,0.591888564871624,0.781977394130081,0.01,0.01,NA,1.17335850927503
"RSTD","TD",40,100,-186.17,NA,NA,376.34,384.11,0.185236022341996,0.927017299691215,0.653963113870144,0.138089613466355,NA,0.406216487288475
"RSTD","TD",41,100,-105.83,NA,NA,215.66,223.43,0.5952471755445,0.540940156206489,0.33082952524128,1.06114670801894,NA,1.71158919288757
"RSTD","TD",42,100,-184.33,NA,NA,372.66,380.43,0.265401779906824,0.195171546889469,0.148818738461039,0.279867104433364,NA,0.226954524639678
"RSTD","TD",43,100,-217.97,NA,NA,439.94,447.71,0.604935176437721,0.398145136190578,0.0897604399027237,0.0407940516104634,NA,0.0485801249742508
"RSTD","TD",44,100,-134.48,NA,NA,272.96,280.73,0.470244030002505,0.685449249343947,0.810083749759331,0.664638125946751,NA,0.648697707336396
"RSTD","TD",45,100,-164.02,NA,NA,332.04,339.81,0.371720403432846,0.503097830805928,0.743793619593084,0.28060619926301,NA,0.322839245665818
"RSTD","TD",46,100,-196.16,NA,NA,396.32,404.09,0.361050225095823,0.370053818682209,0.689564175718222,0.086016438340927,NA,0.173567070005157
"RSTD","TD",47,100,-93.01,NA,NA,190.02,197.79,0.594613759312779,0.789667062694207,0.872022182002026,4.76211627797974,NA,2.04544003671947
"RSTD","TD",48,100,-220.73,NA,NA,445.46,453.23,0.628910263301805,0.0369398219045252,0.0801313072350202,0.290036545395208,NA,1.35408596597136
"RSTD","TD",49,100,-110.55,NA,NA,225.1,232.87,0.254382238723338,0.857857148861513,0.867226274613882,0.974525197639348,NA,0.936107955831003
"RSTD","TD",50,100,-117.23,NA,NA,238.46,246.23,0.629901704145595,0.59963444317691,0.771335852163997,0.807707254888681,NA,1.13030682034315
"RSTD","TD",51,100,-117.4,NA,NA,238.8,246.57,0.958562755258754,0.446684151422232,0.208827366910043,0.989532517750911,NA,1.46860518856885
"RSTD","TD",52,100,-138.89,NA,NA,281.78,289.55,0.378760501742363,0.716149265645072,0.811823255600318,4.53781739837249,NA,1.1838285959837
"RSTD","TD",53,100,-131.75,NA,NA,267.5,275.27,0.843001339351758,0.428967847023159,0.179711540900431,0.63100045051918,NA,0.430095953866839
"RSTD","TD",54,100,-134.44,NA,NA,272.88,280.65,0.111280993092805,0.926345025887713,0.00321470042335844,0.607008533056377,NA,1.52358875974062
"RSTD","TD",55,100,-264.93,NA,NA,533.86,541.63,0.231767056509852,0.779834397835657,0.01,0.01,NA,3.55762586234994
"RSTD","TD",56,100,-103.52,NA,NA,211.04,218.81,0.386252531083301,0.815260800998658,0.886410776028364,7.29529237804306,NA,1.64474068483968
"RSTD","TD",57,100,-193.3,NA,NA,390.6,398.37,0.6529874894768,0.670282299863175,0.551766866031031,0.114650409875979,NA,0.116263606119901
"RSTD","TD",58,100,-166.41,NA,NA,336.82,344.59,0.560497718863189,0.274772666627541,0.147704327813279,0.795933057858171,NA,0.529099578669097
"RSTD","TD",59,100,-114.67,NA,NA,233.34,241.11,0.597106330329552,0.589335348224267,0.7204780515253,0.758707870331406,NA,0.931611171881569
"RSTD","TD",60,100,-98.79,NA,NA,201.58,209.35,0.987134294584394,0.800411853706464,0.793065286536025,1.08437146837174,NA,1.29764714087815
"RSTD","TD",61,100,-206.12,NA,NA,416.24,424.01,0.718285634880885,0.565618214197457,0.544359074881739,0.059106866716464,NA,0.0649159974418581
"RSTD","TD",62,100,-200.74,NA,NA,405.48,413.25,0.125127220060676,0.773224814096466,0,0.310120886085427,NA,0.583291862625629
"RSTD","TD",63,100,-207.23,NA,NA,418.46,426.23,0.499009405029938,0.0988319513853639,0.231873374557468,0.0703262343143789,NA,0.092432988807559
"RSTD","TD",64,100,-105.68,NA,NA,215.36,223.13,0.333673485321924,0.454882015939802,0.386475830516519,0.986751166325876,NA,2.70696423376415
"RSTD","TD",65,100,-210.84,NA,NA,425.68,433.45,0.810415166895837,0.0187283449340612,0.349315514709959,0.0500667271007372,NA,0.165121834239408
"RSTD","TD",66,100,-131.86,NA,NA,267.72,275.49,0.461979309096932,0.296923782210797,0.176026374513066,0.612061951652399,NA,0.458040716126561
"RSTD","TD",67,100,-200.47,NA,NA,404.94,412.71,0.285626433324069,0.528872283641249,0.533573152451705,0.081322554441098,NA,0.147296045374405
"RSTD","TD",68,100,-128.12,NA,NA,260.24,268.01,0.732509626774117,0.600311974063516,0.725039836932458,0.445222792807705,NA,0.449271724574598
"RSTD","TD",69,100,-115.06,NA,NA,234.12,241.89,0.977929984452203,0.529096166603267,0.219015013863377,0.920143944055247,NA,0.751786146880371
"RSTD","TD",70,100,-179.91,NA,NA,363.82,371.59,0.98177181975916,0.159414226887748,0.120290233333903,0.393050993143614,NA,0.477379389107227
"RSTD","TD",71,100,-193.33,NA,NA,390.66,398.43,0.922829337418079,0.366323065012693,0.518642776852111,0.112336760530748,NA,0.0864430760253218
"RSTD","TD",72,100,-164.73,NA,NA,333.46,341.23,0.437475311337039,0.144657690776512,0.129362612544513,0.668055232186313,NA,1.51204245735464
"RSTD","TD",73,100,-153.01,NA,NA,310.02,317.79,0.0812403932213783,0.858433880610391,0.943418698767994,1.13187154756885,NA,1.57674626609245
"RSTD","TD",74,100,-208.93,NA,NA,421.86,429.63,0.769064010120928,0.423705151304603,0.743090841382854,0.0499460820194701,NA,0.0550090870819986
"RSTD","TD",75,100,-249.04,NA,NA,502.08,509.85,0.27233505435288,0.0992442343849689,0.0536765782461571,0.0131216970800794,NA,0.0195726837949201
"RSTD","TD",76,100,-122.75,NA,NA,249.5,257.27,0.714246998308226,0.356464033480734,0.173806529550679,0.950412023227953,NA,1.33508190601589
"RSTD","TD",77,100,-105.1,NA,NA,214.2,221.97,0.165105299558491,0.62026000325568,0.8670698039141,1.23521066590424,NA,2.11759630225509
"RSTD","TD",78,100,-132.19,NA,NA,268.38,276.15,0.948594216490164,0.818483957787976,0.804107009503842,0.439587002233598,NA,0.400698857048743
"RSTD","TD",79,100,-219.69,NA,NA,443.38,451.15,0.641159480903298,0.713674181839451,0.217872283947642,0.0382231382856546,NA,0.0414828715044559
"RSTD","TD",80,100,-100.2,NA,NA,204.4,212.17,0.602592710871249,0.798923129681498,0.843651625842986,1.19052939468431,NA,1.65777598732141
"RSTD","TD",81,100,-83.78,NA,NA,171.56,179.33,0.0268326783552766,0.983408806612715,0,5.7447044642542,NA,1.42827125892359
"RSTD","TD",82,100,-207.96,NA,NA,419.92,427.69,0.390374890295789,0.210965643869713,0.099610658932627,0.0686090523403401,NA,0.0709301116876304
"RSTD","TD",83,100,-200,NA,NA,404,411.77,0.909624356776476,0.0655163209885359,0.0751775800385471,0.197814864160313,NA,0.479556284306279
"RSTD","TD",84,100,-123.39,NA,NA,250.78,258.55,0.894585720263422,0.928069569170475,0.863272901056934,0.790092058316648,NA,0.784675157586944
"RSTD","TD",85,100,-139.45,NA,NA,282.9,290.67,0.16712597804144,0.591124507132918,0.861490380065687,0.779263629800933,NA,0.76918393555553
"RSTD","TD",86,100,-199.88,NA,NA,403.76,411.53,0.0963515317998827,0.187938303221017,0.0797554508737834,0.200281963427708,NA,0.16646143142134
"RSTD","TD",87,100,-113.79,NA,NA,231.58,239.35,0.812582350103185,0.879132093861699,0.857011928893954,1.02855678749493,NA,4.4038753097219
"RSTD","TD",88,100,-203.35,NA,NA,410.7,418.47,0.448961209738627,0.690639521926641,0.196353448540594,0.128364320730509,NA,0.123227803417321
"RSTD","TD",89,100,-123.76,NA,NA,251.52,259.29,0.352596259210259,0.519048273330554,0.766451188691693,0.711217516548104,NA,0.771270071114314
"RSTD","TD",90,100,-197,NA,NA,398,405.77,0.7131295024883,0.112127762287855,0.106406193730244,0.445863045019669,NA,3.4174234716404
"RSTD","TD",91,100,-182.17,NA,NA,368.34,376.11,0.102771484525874,0.0985191510990262,0.0798154611189533,0.355772011891322,NA,0.348240172024816
"RSTD","TD",92,100,-189,NA,NA,382,389.77,0.14997310237959,0.461772011825815,0.0046481086346841,0.218117466150118,NA,0.261333189609714
"RSTD","TD",93,100,-142.89,NA,NA,289.78,297.55,0.435881547397003,0.7804279406555,0.838885559608645,0.636917209897601,NA,0.681397345848382
"RSTD","TD",94,100,-92.97,NA,NA,189.94,197.71,0.975024477113038,0.799848798895255,0.728997241546786,9.11969853446518,NA,4.33281822849937
"RSTD","TD",95,100,-126.39,NA,NA,256.78,264.55,0.723246149485931,0.623378630494699,0.730881420866998,0.455995004993484,NA,0.45622572209686
"RSTD","TD",96,100,-132.68,NA,NA,269.36,277.13,0.323681306792423,0.444453429430723,0.792904332465598,0.440475199366591,NA,0.446843124460429
"RSTD","TD",97,100,-199.05,NA,NA,402.1,409.87,0.521510650403798,0.40949847153388,0.777188747243878,0.0743869573946074,NA,0.118169202112595
"RSTD","TD",98,100,-180.51,NA,NA,365.02,372.79,0.418908317107707,0.978637758642435,0.620810554480874,0.169328187205941,NA,0.211078092921525
"RSTD","TD",99,100,-111.01,NA,NA,226.02,233.79,0.78953983867541,0.418743934947997,0.182526591013594,1.1872074503251,NA,2.49348991278757
"RSTD","TD",100,100,-193.49,NA,NA,390.98,398.75,0.956703607924283,0.607802340993658,0.618499799024745,0.109032778677843,NA,0.108669338996542
"RSTD","RSTD",1,100,-113.84,NA,NA,233.68,245.34,0.285107890376821,0.724670132622123,0.502037086393505,0.801423147059644,7.14597097321261,1.43561604238095
"RSTD","RSTD",2,100,-127.38,NA,NA,260.76,272.42,0.950232450617477,0.206436974462122,0.396621294357929,0.106174795824542,0.373752153280328,0.364579517394304
"RSTD","RSTD",3,100,-116.52,NA,NA,239.04,250.7,0.536011227406561,0.200363578274846,1,0.194593992553441,0.598318732353237,1.00568439900399
"RSTD","RSTD",4,100,-197.75,NA,NA,401.5,413.16,0.321220333920792,0.649332832079381,0.456757246866374,0.885935393683949,0.0795166197389313,0.142882495187223
"RSTD","RSTD",5,100,-139.89,NA,NA,285.78,297.44,0.525106647517532,0.973066303646192,0.54529793975725,0.794336865444202,0.440041557367403,0.392999498639256
"RSTD","RSTD",6,100,-105.22,NA,NA,216.44,228.1,0.895209939451888,0.943225271301344,0.584462439745078,0.831989571510499,7.72896311817821,3.35385648889427
"RSTD","RSTD",7,100,-162,NA,NA,330,341.66,0.753931205254048,0.197620301274583,0.69987275824401,0.131579036058923,0.158705850438174,0.18983699940145
"RSTD","RSTD",8,100,-74.59,NA,NA,155.18,166.84,0.0560640415642411,0.783013365231454,0.0717717351560678,0.947599799160713,9.30360608791914,3.41441693140154
"RSTD","RSTD",9,100,-175.71,NA,NA,357.42,369.08,0.479448032099754,0.989872474921867,0.479986240288405,0.696524664035898,0.211795297123082,0.208000437050192
"RSTD","RSTD",10,100,-90.64,NA,NA,187.28,198.94,0.711294803768396,0.788163986755535,0.538464623688066,0.724012379629642,1.42296877211224,2.30973086307261
"RSTD","RSTD",11,100,-115.08,NA,NA,236.16,247.82,0.5048349336721,0.797194604296237,0.730285234702876,0.860487354842794,7.66779055676089,2.5054881726885
"RSTD","RSTD",12,100,-137.72,NA,NA,281.44,293.1,0.731893435353413,0.395451756194234,0.772084241132635,0.348578223879794,0.6457611361561,0.618170124012977
"RSTD","RSTD",13,100,-98.01,NA,NA,202.02,213.68,0.275977379642427,0.511981163173914,0.333763369621599,0.636626671927146,2.35744429344691,2.39124982816227
"RSTD","RSTD",14,100,-119.02,NA,NA,244.04,255.7,0.226354157319292,0.16033569118008,0.349919301638832,0.188201230655722,0.8764868793709,0.894037933978152
"RSTD","RSTD",15,100,-103.67,NA,NA,213.34,225,0.315573724219576,0.984172471100464,0.730692437309039,0.864951955213227,4.94317724317893,1.69604673600736
"RSTD","RSTD",16,100,-152.52,NA,NA,311.04,322.7,0.540354023920372,0.854036244563758,0.422063634401588,0.661576409489775,0.340320728689209,0.362152148856662
"RSTD","RSTD",17,100,-70.08,NA,NA,146.16,157.82,0.66359161795117,0.0660558908712119,0.415114689864476,0,1.55536743067449,1.97567781611326
"RSTD","RSTD",18,100,-148.52,NA,NA,303.04,314.7,0.973287776112556,0.630256613949314,0.697957054615927,0.475492374239415,7.25634257725765,0.855529390233469
"RSTD","RSTD",19,100,-179.98,NA,NA,365.96,377.62,0.340647828998044,0.988910319516435,0.351657086071732,0.60711106404197,0.20078417582207,0.211397308856249
"RSTD","RSTD",20,100,-80.87,NA,NA,167.74,179.4,0.329378831898794,0.0628540490288287,0.960928594870158,0.0728118204357566,1.13681848682761,2.33967715737489
"RSTD","RSTD",21,100,-102.55,NA,NA,211.1,222.76,0.285566801903769,0.0508385861758143,0.990978333851804,0.0662173472622124,0.439006743902845,0.410096168983728
"RSTD","RSTD",22,100,-130.33,NA,NA,266.66,278.32,0.684979062527418,0.438995202770457,0.732964006657989,0.360829254305121,0.74152774612748,0.685128960758448
"RSTD","RSTD",23,100,-108.93,NA,NA,223.86,235.52,0.529962481698021,0.27115519088693,0.672936340559547,0.251212223239948,0.835188918010851,2.69503675574873
"RSTD","RSTD",24,100,-191.25,NA,NA,388.5,400.16,0.779200294986367,0.728794121881947,0.761222494107161,0.678341445928218,0.112444419094343,0.160821524456017
"RSTD","RSTD",25,100,-141.26,NA,NA,288.52,300.18,0.0281218434683979,0.533772448310629,0,0.214675818393358,0.262890236641914,0.225168376229703
"RSTD","RSTD",26,100,-122.93,NA,NA,251.86,263.52,0.128862570039928,0.17050133110024,0.115251551041028,0.12219055294722,0.939186634604509,1.37515528589011
"RSTD","RSTD",27,100,-101.16,NA,NA,208.32,219.98,0.980796684976667,0.860091791022569,0.829123144487695,0.816531306122725,1.06986944667384,1.2001721150753
"RSTD","RSTD",28,100,-241.51,NA,NA,489.02,500.68,0.633000507717952,0.959949327167124,0.526701678687453,0.669406423142715,0.0194076862507186,0.0240202485583723
"RSTD","RSTD",29,100,-97.86,NA,NA,201.72,213.38,0.234798390883952,0.4054856733419,0.395331787105758,0.538067059726365,8.8968354681794,3.89528230370438
"RSTD","RSTD",30,100,-209.13,NA,NA,424.26,435.92,0.319981756620109,0.632078264839947,0.886637112184237,0.974136571084225,0.046256647355149,0.0559587455590604
"RSTD","RSTD",31,100,-107.28,NA,NA,220.56,232.22,0.417691254755482,0.885661983396858,0.331712183833711,0.695405545709949,1.15327722125273,1.4762263855988
"RSTD","RSTD",32,100,-211.79,NA,NA,429.58,441.24,0.119032545015216,0.605491037247702,0.00243524899884286,0.123116061429796,0.04329637320733,0.0459982767437321
"RSTD","RSTD",33,100,-90.5,NA,NA,187,198.66,0.824352919822559,0.753800751408562,0.25084403830752,0.548467754151708,4.17023008879195,2.89878896835935
"RSTD","RSTD",34,100,-95.02,NA,NA,196.04,207.7,0.080542077543214,0.69156481907703,0.0669318043394587,0.854149175286615,1.03518008120256,3.2510444371212
"RSTD","RSTD",35,100,-115.2,NA,NA,236.4,248.06,0.788759883260354,0.407168375095353,0.84516356824719,0.342371446837042,0.830191562410588,0.8810732345608
"RSTD","RSTD",36,100,-112.85,NA,NA,231.7,243.36,0.960197768406942,0.814909122884274,0.997530354888714,0.811378956400336,0.530410071126115,0.491239995229989
"RSTD","RSTD",37,100,-170.01,NA,NA,346.02,357.68,0.983733647270128,0.387793875532225,0.866808563874485,0.258636537362485,0.137090769810003,0.184212701395154
"RSTD","RSTD",38,100,-105.94,NA,NA,217.88,229.54,0.640330957481638,0.661732341628522,0.641921597872898,0.737069799281355,0.952212907380574,1.1015722423634
"RSTD","RSTD",39,100,-107.65,NA,NA,221.3,232.96,0.591888564871624,0.781977394130081,0.174793729135944,0.374775664181329,1.01762695337618,1.17335850927503
"RSTD","RSTD",40,100,-161.4,NA,NA,328.8,340.46,0.185236022341996,0.927017299691215,0.0902933947248746,0.205010754619381,0.472461073944479,0.406216487288475
"RSTD","RSTD",41,100,-114.77,NA,NA,235.54,247.2,0.5952471755445,0.540940156206489,1,0.532870786982211,4.46002157716814,1.71158919288757
"RSTD","RSTD",42,100,-177.15,NA,NA,360.3,371.96,0.265401779906824,0.195171546889469,0.191153587411848,0.105909768795345,0.253187159673768,0.226954524639678
"RSTD","RSTD",43,100,-217.13,NA,NA,440.26,451.92,0.604935176437721,0.398145136190578,0.0383922213576264,0,0.0413040464725841,0.0485801249742508
"RSTD","RSTD",44,100,-132.26,NA,NA,270.52,282.18,0.470244030002505,0.685449249343947,0.578454097145827,0.756050166581037,0.686329080037098,0.648697707336396
"RSTD","RSTD",45,100,-163.27,NA,NA,332.54,344.2,0.371720403432846,0.503097830805928,0.425377990129112,0.638691771490019,0.290197643918623,0.322839245665818
"RSTD","RSTD",46,100,-195.51,NA,NA,397.02,408.68,0.361050225095823,0.370053818682209,0.581042952202556,0.799648200503427,0.0978644375620312,0.173567070005157
"RSTD","RSTD",47,100,-93.16,NA,NA,192.32,203.98,0.594613759312779,0.789667062694207,0.85793134213607,0.853061356735934,2.19139110989127,2.04544003671947
"RSTD","RSTD",48,100,-74.46,NA,NA,154.92,166.58,0.628910263301805,0.0369398219045252,0.545540449945482,0,1.26948623122653,1.35408596597136
"RSTD","RSTD",49,100,-108.25,NA,NA,222.5,234.16,0.254382238723338,0.857857148861513,0.470256844592084,0.785423790981562,0.999561630203976,0.936107955831003
"RSTD","RSTD",50,100,-117.5,NA,NA,241,252.66,0.629901704145595,0.59963444317691,0.986841330414674,0.777507569481745,0.740560248714658,1.13030682034315
"RSTD","RSTD",51,100,-114.82,NA,NA,235.64,247.3,0.958562755258754,0.446684151422232,0.980510085567017,0.404122189283753,0.919487227366861,1.46860518856885
"RSTD","RSTD",52,100,-124.12,NA,NA,254.24,265.9,0.378760501742363,0.716149265645072,0.522371074118257,0.79763000326464,2.52377780262153,1.1838285959837
"RSTD","RSTD",53,100,-121.69,NA,NA,249.38,261.04,0.843001339351758,0.428967847023159,0.733283724221877,0.315367377969706,0.472964159937878,0.430095953866839
"RSTD","RSTD",54,100,-110.68,NA,NA,227.36,239.02,0.111280993092805,0.926345025887713,0.101672507504546,0.567916603111428,0.93274658900375,1.52358875974062
"RSTD","RSTD",55,100,-103.7,NA,NA,213.4,225.06,0.231767056509852,0.779834397835657,0.770798118227994,0.871959075867301,6.7044577203917,3.55762586234994
"RSTD","RSTD",56,100,-103.46,NA,NA,212.92,224.58,0.386252531083301,0.815260800998658,0.827553352073565,0.878571487696885,5.27142504486157,1.64474068483968
"RSTD","RSTD",57,100,-196.14,NA,NA,398.28,409.94,0.6529874894768,0.670282299863175,0.32007778251824,0.243612646941594,0.155013822146878,0.116263606119901
"RSTD","RSTD",58,100,-146.52,NA,NA,299.04,310.7,0.560497718863189,0.274772666627541,0.76738117728319,0.266456302052656,0.590925367853804,0.529099578669097
"RSTD","RSTD",59,100,-112.41,NA,NA,230.82,242.48,0.597106330329552,0.589335348224267,0.219659075639783,0.355825005362578,0.867808441719558,0.931611171881569
"RSTD","RSTD",60,100,-99.74,NA,NA,205.48,217.14,0.987134294584394,0.800411853706464,0.541659240451873,0.792620798122481,5.30827805710755,1.29764714087815
"RSTD","RSTD",61,100,-208.53,NA,NA,423.06,434.72,0.718285634880885,0.565618214197457,0.456525104610945,0.205545994075045,0.0527539109868419,0.0649159974418581
"RSTD","RSTD",62,100,-176.19,NA,NA,358.38,370.04,0.125127220060676,0.773224814096466,0.0765901889677702,0.283739899640894,0.636347283842591,0.583291862625629
"RSTD","RSTD",63,100,-187.49,NA,NA,380.98,392.64,0.499009405029938,0.0988319513853639,0.259501504826533,0.0470455853521605,0.132566845739499,0.092432988807559
"RSTD","RSTD",64,100,-108.32,NA,NA,222.64,234.3,0.333673485321924,0.454882015939802,0.919047571939827,0.554479036896532,0.916470155847526,2.70696423376415
"RSTD","RSTD",65,100,-122.07,NA,NA,250.14,261.8,0.810415166895837,0.0187283449340612,0.606814557174673,0.0124490880781552,0.153161088615917,0.165121834239408
"RSTD","RSTD",66,100,-123.63,NA,NA,253.26,264.92,0.461979309096932,0.296923782210797,0.246387018615427,0.165133842021896,0.552022606850544,0.458040716126561
"RSTD","RSTD",67,100,-206.62,NA,NA,419.24,430.9,0.285626433324069,0.528872283641249,0.0157330623020657,0.00075,0.0694415168880672,0.147296045374405
"RSTD","RSTD",68,100,-126.11,NA,NA,258.22,269.88,0.732509626774117,0.600311974063516,0.89778600313773,0.743483307204014,0.445003175892542,0.449271724574598
"RSTD","RSTD",69,100,-115.89,NA,NA,237.78,249.44,0.977929984452203,0.529096166603267,0.580508429807807,0.363839815808327,0.83817880105644,0.751786146880371
"RSTD","RSTD",70,100,-104,NA,NA,214,225.66,0.98177181975916,0.159414226887748,0.734890946050877,0.127807578170209,0.475272052703544,0.477379389107227
"RSTD","RSTD",71,100,-187.93,NA,NA,381.86,393.52,0.922829337418079,0.366323065012693,0.537402515320548,0.20051425573342,0.114894513546594,0.0864430760253218
"RSTD","RSTD",72,100,-94.66,NA,NA,195.32,206.98,0.437475311337039,0.144657690776512,0.448095848117944,0.119428607559389,0.542460316145622,1.51204245735464
"RSTD","RSTD",73,100,-153.21,NA,NA,312.42,324.08,0.0812403932213783,0.858433880610391,0.999437609256791,0.961133982237365,1.05839337281587,1.57674626609245
"RSTD","RSTD",74,100,-210.87,NA,NA,427.74,439.4,0.769064010120928,0.423705151304603,0.581046701166439,0.273962960145618,0.0486625943953737,0.0550090870819986
"RSTD","RSTD",75,100,-247.57,NA,NA,501.14,512.8,0.27233505435288,0.0992442343849689,0.146037507283676,0,0.0148614837263305,0.0195726837949201
"RSTD","RSTD",76,100,-112.49,NA,NA,230.98,242.64,0.714246998308226,0.356464033480734,0.739201267353809,0.298027136634477,0.866735051492984,1.33508190601589
"RSTD","RSTD",77,100,-103.28,NA,NA,212.56,224.22,0.165105299558491,0.62026000325568,0.350135292594574,0.709913822835566,1.26422093869302,2.11759630225509
"RSTD","RSTD",78,100,-131.51,NA,NA,269.02,280.68,0.948594216490164,0.818483957787976,0.906584680779438,0.807456346455313,0.431690204314374,0.400698857048743
"RSTD","RSTD",79,100,-218.8,NA,NA,443.6,455.26,0.641159480903298,0.713674181839451,0.478364705155324,0.339078276383767,0.0376734653915713,0.0414828715044559
"RSTD","RSTD",80,100,-99.83,NA,NA,205.66,217.32,0.602592710871249,0.798923129681498,0.356468561752485,0.655707923628578,1.24105117204009,1.65777598732141
"RSTD","RSTD",81,100,-80.48,NA,NA,166.96,178.62,0.0268326783552766,0.983408806612715,0.0499312907308155,0.465872483087273,1.29138832703087,1.42827125892359
"RSTD","RSTD",82,100,-206.04,NA,NA,418.08,429.74,0.390374890295789,0.210965643869713,0.0369203067758754,0,0.070252373760663,0.0709301116876304
"RSTD","RSTD",83,100,-87.12,NA,NA,180.24,191.9,0.909624356776476,0.0655163209885359,0.814212032119957,0.059759603661949,0.5145030031318,0.479556284306279
"RSTD","RSTD",84,100,-121.14,NA,NA,248.28,259.94,0.894585720263422,0.928069569170475,0.389282465029538,0.742589022912908,0.819487300228942,0.784675157586944
"RSTD","RSTD",85,100,-169.45,NA,NA,344.9,356.56,0.16712597804144,0.591124507132918,0.999218981853537,0.693089629675552,9.40174988659795,0.76918393555553
"RSTD","RSTD",86,100,-194.09,NA,NA,394.18,405.84,0.0963515317998827,0.187938303221017,0.0406863731898712,0.136348732279282,0.138963625887891,0.16646143142134
"RSTD","RSTD",87,100,-112.59,NA,NA,231.18,242.84,0.812582350103185,0.879132093861699,0.575447579021,0.800381891243628,0.998849594323343,4.4038753097219
"RSTD","RSTD",88,100,-205.35,NA,NA,416.7,428.36,0.448961209738627,0.690639521926641,0.0208014607346723,0,0.0874198112260895,0.123227803417321
"RSTD","RSTD",89,100,-123.21,NA,NA,252.42,264.08,0.352596259210259,0.519048273330554,0.445986233856921,0.629964436366655,0.716335975271555,0.771270071114314
"RSTD","RSTD",90,100,-74.11,NA,NA,154.22,165.88,0.7131295024883,0.112127762287855,0.597724069848464,0.0771779636832656,0.980454812526199,3.4174234716404
"RSTD","RSTD",91,100,-182.06,NA,NA,370.12,381.78,0.102771484525874,0.0985191510990262,0.0756979905926261,0.0690793098965042,0.376426080255223,0.348240172024816
"RSTD","RSTD",92,100,-183.15,NA,NA,372.3,383.96,0.14997310237959,0.461772011825815,0.0683088043365408,0.161645122457882,0.325262271937332,0.261333189609714
"RSTD","RSTD",93,100,-181.65,NA,NA,369.3,380.96,0.435881547397003,0.7804279406555,0.617295881565695,0.685218424234442,6.86366195745717,0.681397345848382
"RSTD","RSTD",94,100,-90.73,NA,NA,187.46,199.12,0.975024477113038,0.799848798895255,0.235309224750334,0.49570213856001,2.84052886107482,4.33281822849937
"RSTD","RSTD",95,100,-124.98,NA,NA,255.96,267.62,0.723246149485931,0.623378630494699,0.998813592221036,0.770778547558694,0.44685852511228,0.45622572209686
"RSTD","RSTD",96,100,-134.25,NA,NA,274.5,286.16,0.323681306792423,0.444453429430723,0.994712799483781,0.783684828986579,0.408481308558123,0.446843124460429
"RSTD","RSTD",97,100,-203.14,NA,NA,412.28,423.94,0.521510650403798,0.40949847153388,0.24008868449276,0.336995849793514,0.104928744351303,0.118169202112595
"RSTD","RSTD",98,100,-180.16,NA,NA,366.32,377.98,0.418908317107707,0.978637758642435,0.213889605356176,0.355983961606733,0.269090318270208,0.211078092921525
"RSTD","RSTD",99,100,-103.6,NA,NA,213.2,224.86,0.78953983867541,0.418743934947997,0.685752840435956,0.343496108670792,1.02689617756261,2.49348991278757
"RSTD","RSTD",100,100,-193.34,NA,NA,392.68,404.34,0.956703607924283,0.607802340993658,0.701973870180151,0.592902377143923,0.103553753607413,0.108669338996542
"RSTD","Utility",1,100,-112.85,NA,NA,231.7,243.36,0.285107890376821,0.724670132622123,0.867873063621531,0.960363768822678,1.22761031308086,1.43561604238095
"RSTD","Utility",2,100,-145.83,NA,NA,297.66,309.32,0.950232450617477,0.206436974462122,0.0536861538003357,0.446107205872809,9.99789805708805,0.364579517394304
"RSTD","Utility",3,100,-113.21,NA,NA,232.42,244.08,0.536011227406561,0.200363578274846,0.0997327784117525,0.508959824428541,10,1.00568439900399
"RSTD","Utility",4,100,-201.69,NA,NA,409.38,421.04,0.321220333920792,0.649332832079381,0.876482786472342,0.312634771388517,0.763648051650764,0.142882495187223
"RSTD","Utility",5,100,-142.14,NA,NA,290.28,301.94,0.525106647517532,0.973066303646192,0.927679364529521,0.438806961814172,7.11904570433688,0.392999498639256
"RSTD","Utility",6,100,-105.6,NA,NA,217.2,228.86,0.895209939451888,0.943225271301344,0.904267142556784,0.828454193589987,6.14763594580871,3.35385648889427
"RSTD","Utility",7,100,-188.32,NA,NA,382.64,394.3,0.753931205254048,0.197620301274583,0.675681635862117,0.153783789001304,2.88353213067027,0.18983699940145
"RSTD","Utility",8,100,-74.39,NA,NA,154.78,166.44,0.0560640415642411,0.783013365231454,0,1,1.24876185863296,3.41441693140154
"RSTD","Utility",9,100,-177.32,NA,NA,360.64,372.3,0.479448032099754,0.989872474921867,0.903286364851625,0.442380268203424,3.64466547219068,0.208000437050192
"RSTD","Utility",10,100,-90.91,NA,NA,187.82,199.48,0.711294803768396,0.788163986755535,0.85125526186006,0.955803059337953,2.73345010207346,2.30973086307261
"RSTD","Utility",11,100,-129.74,NA,NA,265.48,277.14,0.5048349336721,0.797194604296237,0.743789903057255,0.936731840103425,4.63578544608086,2.5054881726885
"RSTD","Utility",12,100,-152.26,NA,NA,310.52,322.18,0.731893435353413,0.395451756194234,0.106691017700156,0.96659979352588,1.62335746616538,0.618170124012977
"RSTD","Utility",13,100,-97.39,NA,NA,200.78,212.44,0.275977379642427,0.511981163173914,0.874234507552005,0.719941813321867,4.50904981366439,2.39124982816227
"RSTD","Utility",14,100,-116.8,NA,NA,239.6,251.26,0.226354157319292,0.16033569118008,0.112133408517732,0.647769023195851,5.38644473489063,0.894037933978152
"RSTD","Utility",15,100,-105.81,NA,NA,217.62,229.28,0.315573724219576,0.984172471100464,0.872119547673147,1,1.19199269772389,1.69604673600736
"RSTD","Utility",16,100,-154.25,NA,NA,314.5,326.16,0.540354023920372,0.854036244563758,0.909451858688301,0.480761371025479,4.81325351886952,0.362152148856662
"RSTD","Utility",17,100,-140.15,NA,NA,286.3,297.96,0.66359161795117,0.0660558908712119,0.0502963172598201,0.421460548867389,10,1.97567781611326
"RSTD","Utility",18,100,-131.38,NA,NA,268.76,280.42,0.973287776112556,0.630256613949314,0.441799819611119,0.73958379433411,2.51562237248685,0.855529390233469
"RSTD","Utility",19,100,-183.92,NA,NA,373.84,385.5,0.340647828998044,0.988910319516435,0.445296149351622,0.992711793337534,0.172406442467374,0.211397308856249
"RSTD","Utility",20,100,-151.13,NA,NA,308.26,319.92,0.329378831898794,0.0628540490288287,0.0632733008072028,0.432810958039582,7.17081689680745,2.33967715737489
"RSTD","Utility",21,100,-146.24,NA,NA,298.48,310.14,0.285566801903769,0.0508385861758143,0.0458299823851701,0.412900244317227,10,0.410096168983728
"RSTD","Utility",22,100,-142.59,NA,NA,291.18,302.84,0.684979062527418,0.438995202770457,0.104138461860131,0.999676901021761,1.59333338081456,0.685128960758448
"RSTD","Utility",23,100,-109.69,NA,NA,225.38,237.04,0.529962481698021,0.27115519088693,0.167102515152514,0.652739824852613,4.68555190952366,2.69503675574873
"RSTD","Utility",24,100,-193.03,NA,NA,392.06,403.72,0.779200294986367,0.728794121881947,0.890519437929576,0.372741252061149,3.29705846807259,0.160821524456017
"RSTD","Utility",25,100,-193.98,NA,NA,393.96,405.62,0.0281218434683979,0.533772448310629,0.0690431867651472,0.992143717911558,0.28549534239091,0.225168376229703
"RSTD","Utility",26,100,-142.26,NA,NA,290.52,302.18,0.128862570039928,0.17050133110024,0.227003991828547,0.716401896263077,3.60006159585693,1.37515528589011
"RSTD","Utility",27,100,-101.15,NA,NA,208.3,219.96,0.980796684976667,0.860091791022569,0.839506683585049,0.872024867918015,2.01086572504535,1.2001721150753
"RSTD","Utility",28,100,-241.72,NA,NA,489.44,501.1,0.633000507717952,0.959949327167124,0.955910568118217,0.0508722646433281,0.597803917922825,0.0240202485583723
"RSTD","Utility",29,100,-98.78,NA,NA,203.56,215.22,0.234798390883952,0.4054856733419,0.626194173194199,0.948876490210529,7.50091805383519,3.89528230370438
"RSTD","Utility",30,100,-209.25,NA,NA,424.5,436.16,0.319981756620109,0.632078264839947,0.624955353248319,0.978321248968543,0.0539235427048906,0.0559587455590604
"RSTD","Utility",31,100,-109.2,NA,NA,224.4,236.06,0.417691254755482,0.885661983396858,0.881207778056311,0.892265579352537,1.81444707322979,1.4762263855988
"RSTD","Utility",32,100,-215.84,NA,NA,437.68,449.34,0.119032545015216,0.605491037247702,0.31437243460701,0.0342336529540083,1.41982012118915,0.0459982767437321
"RSTD","Utility",33,100,-90.93,NA,NA,187.86,199.52,0.824352919822559,0.753800751408562,0.887683476850006,0.802786759586086,8.03041469910709,2.89878896835935
"RSTD","Utility",34,100,-99.01,NA,NA,204.02,215.68,0.080542077543214,0.69156481907703,0.00175021426579308,1,0.835218583313363,3.2510444371212
"RSTD","Utility",35,100,-116.62,NA,NA,239.24,250.9,0.788759883260354,0.407168375095353,0.327752251559801,0.498282154148775,9.96097739225446,0.8810732345608
"RSTD","Utility",36,100,-120.8,NA,NA,247.6,259.26,0.960197768406942,0.814909122884274,0.880028160311794,0.716769998297178,2.0373286626872,0.491239995229989
"RSTD","Utility",37,100,-182.93,NA,NA,371.86,383.52,0.983733647270128,0.387793875532225,0.169657196839064,0.681805930639959,1.02895987690822,0.184212701395154
"RSTD","Utility",38,100,-105.86,NA,NA,217.72,229.38,0.640330957481638,0.661732341628522,0.862836625082763,0.645821032852242,5.2493240818086,1.1015722423634
"RSTD","Utility",39,100,-109.03,NA,NA,224.06,235.72,0.591888564871624,0.781977394130081,0.896654358269932,0.75442584236632,3.83915168477041,1.17335850927503
"RSTD","Utility",40,100,-180.01,NA,NA,366.02,377.68,0.185236022341996,0.927017299691215,0.971644002304895,0.35465894748728,9.98471758611836,0.406216487288475
"RSTD","Utility",41,100,-105.83,NA,NA,217.66,229.32,0.5952471755445,0.540940156206489,0.329543890049048,1,1.05283576159177,1.71158919288757
"RSTD","Utility",42,100,-177.66,NA,NA,361.32,372.98,0.265401779906824,0.195171546889469,0.0888678834796789,0.600431054909628,2.12297889013698,0.226954524639678
"RSTD","Utility",43,100,-218.17,NA,NA,442.34,454,0.604935176437721,0.398145136190578,0.00365641889440614,0.312581959985783,0.494993071859017,0.0485801249742508
"RSTD","Utility",44,100,-134.53,NA,NA,275.06,286.72,0.470244030002505,0.685449249343947,0.823191793748707,0.913340863113819,0.988082467119635,0.648697707336396
"RSTD","Utility",45,100,-164.03,NA,NA,334.06,345.72,0.371720403432846,0.503097830805928,0.843864599031273,0.655132707334369,1.5051171791525,0.322839245665818
"RSTD","Utility",46,100,-196.18,NA,NA,398.36,410.02,0.361050225095823,0.370053818682209,0.734014993330459,1,0.083257088379508,0.173567070005157
"RSTD","Utility",47,100,-93.15,NA,NA,192.3,203.96,0.594613759312779,0.789667062694207,0.848757656977602,0.893238721125442,2.20519797030584,2.04544003671947
"RSTD","Utility",48,100,-287.28,NA,NA,580.56,592.22,0.628910263301805,0.0369398219045252,0.01,0.01,0.01,1.35408596597136
"RSTD","Utility",49,100,-110.82,NA,NA,227.64,239.3,0.254382238723338,0.857857148861513,0.89646233799486,0.78497524973394,2.64802135033466,0.936107955831003
"RSTD","Utility",50,100,-127.98,NA,NA,261.96,273.62,0.629901704145595,0.59963444317691,0.634183261132756,0.940060562947341,9.34227216503123,1.13030682034315
"RSTD","Utility",51,100,-115.54,NA,NA,237.08,248.74,0.958562755258754,0.446684151422232,0.283150280146884,0.786584165545674,2.65417830969008,1.46860518856885
"RSTD","Utility",52,100,-120.2,NA,NA,246.4,258.06,0.378760501742363,0.716149265645072,0.897648647179652,0.676672506049429,4.29625267759595,1.1838285959837
"RSTD","Utility",53,100,-130.09,NA,NA,266.18,277.84,0.843001339351758,0.428967847023159,0.157877990820783,0.854083786249457,1.28654200027334,0.430095953866839
"RSTD","Utility",54,100,-139.35,NA,NA,284.7,296.36,0.111280993092805,0.926345025887713,0.953415070327711,0.573667391344035,8.91177991763006,1.52358875974062
"RSTD","Utility",55,100,-106.07,NA,NA,218.14,229.8,0.231767056509852,0.779834397835657,0.899592689250662,0.822312167793611,3.46756910328284,3.55762586234994
"RSTD","Utility",56,100,-105.58,NA,NA,217.16,228.82,0.386252531083301,0.815260800998658,0.913311732946343,0.716987818432054,7.70258337890901,1.64474068483968
"RSTD","Utility",57,100,-193.79,NA,NA,393.58,405.24,0.6529874894768,0.670282299863175,0.606080467573756,0.458182780911077,0.928354431735734,0.116263606119901
"RSTD","Utility",58,100,-161.73,NA,NA,329.46,341.12,0.560497718863189,0.274772666627541,0.109143611670025,0.79844642289215,2.43434264782143,0.529099578669097
"RSTD","Utility",59,100,-115.64,NA,NA,237.28,248.94,0.597106330329552,0.589335348224267,0.87468909584835,0.523474220670481,8.00718254735715,0.931611171881569
"RSTD","Utility",60,100,-98.8,NA,NA,203.6,215.26,0.987134294584394,0.800411853706464,0.809077614229171,0.932915493065038,1.52087666506346,1.29764714087815
"RSTD","Utility",61,100,-205.89,NA,NA,417.78,429.44,0.718285634880885,0.565618214197457,0.662708892324853,0.673841264243969,0.187127571139451,0.0649159974418581
"RSTD","Utility",62,100,-200.71,NA,NA,407.42,419.08,0.125127220060676,0.773224814096466,0,1,0.319412900993683,0.583291862625629
"RSTD","Utility",63,100,-201.83,NA,NA,409.66,421.32,0.499009405029938,0.0988319513853639,0.297629431675252,0.281617474412551,1.44111946673161,0.092432988807559
"RSTD","Utility",64,100,-106.92,NA,NA,219.84,231.5,0.333673485321924,0.454882015939802,0.461428329896114,0.810617424358966,2.41401536865875,2.70696423376415
"RSTD","Utility",65,100,-195.08,NA,NA,396.16,407.82,0.810415166895837,0.0187283449340612,0.0564937417539654,0.284850874236402,3.10980367773085,0.165121834239408
"RSTD","Utility",66,100,-164.03,NA,NA,334.06,345.72,0.461979309096932,0.296923782210797,0.807260481604383,0.36257703979616,6.92872730477259,0.458040716126561
"RSTD","Utility",67,100,-201.79,NA,NA,409.58,421.24,0.285626433324069,0.528872283641249,0.919218845183543,0.484763341950574,0.417860845733766,0.147296045374405
"RSTD","Utility",68,100,-128.49,NA,NA,262.98,274.64,0.732509626774117,0.600311974063516,0.860336393991321,0.548740182677823,4.04377644918138,0.449271724574598
"RSTD","Utility",69,100,-115.19,NA,NA,236.38,248.04,0.977929984452203,0.529096166603267,0.283913238173751,0.853711969014163,1.75831221265897,0.751786146880371
"RSTD","Utility",70,100,-128.86,NA,NA,263.72,275.38,0.98177181975916,0.159414226887748,0.0494012368027253,0.494655298966775,10,0.477379389107227
"RSTD","Utility",71,100,-189.91,NA,NA,385.82,397.48,0.922829337418079,0.366323065012693,0.528642917540026,0.159170937962151,2.9283140934871,0.0864430760253218
"RSTD","Utility",72,100,-92.97,NA,NA,191.94,203.6,0.437475311337039,0.144657690776512,0.0802506154616025,0.540735897319029,10,1.51204245735464
"RSTD","Utility",73,100,-153.01,NA,NA,312.02,323.68,0.0812403932213783,0.858433880610391,0.968099999691851,0.583726957671743,8.60690686700287,1.57674626609245
"RSTD","Utility",74,100,-208.88,NA,NA,423.76,435.42,0.769064010120928,0.423705151304603,0.811554552888544,0.461404913736104,0.35414304337597,0.0550090870819986
"RSTD","Utility",75,100,-248.79,NA,NA,503.58,515.24,0.27233505435288,0.0992442343849689,0.294991349887799,0.378315919540882,0.126846574033131,0.0195726837949201
"RSTD","Utility",76,100,-112.87,NA,NA,231.74,243.4,0.714246998308226,0.356464033480734,0.235647645920657,0.601418215520499,6.30312369177343,1.33508190601589
"RSTD","Utility",77,100,-104.74,NA,NA,215.48,227.14,0.165105299558491,0.62026000325568,0.884177052549358,0.977047393637096,3.14299383813061,2.11759630225509
"RSTD","Utility",78,100,-132.32,NA,NA,270.64,282.3,0.948594216490164,0.818483957787976,0.868669133157857,0.702359937446795,1.8403713727345,0.400698857048743
"RSTD","Utility",79,100,-218.11,NA,NA,442.22,453.88,0.641159480903298,0.713674181839451,0.74321361389031,0.239210303054168,0.587207650280286,0.0414828715044559
"RSTD","Utility",80,100,-100.23,NA,NA,206.46,218.12,0.602592710871249,0.798923129681498,0.84164771305512,0.998077881061709,1.15968340749693,1.65777598732141
"RSTD","Utility",81,100,-82.29,NA,NA,170.58,182.24,0.0268326783552766,0.983408806612715,0.000613084560813845,0.706680607992527,4.58079503565796,1.42827125892359
"RSTD","Utility",82,100,-207.86,NA,NA,421.72,433.38,0.390374890295789,0.210965643869713,0.00833161706019568,0.343197145917447,0.726074550769979,0.0709301116876304
"RSTD","Utility",83,100,-146.76,NA,NA,299.52,311.18,0.909624356776476,0.0655163209885359,0.0414597729374619,0.416183897202042,10,0.479556284306279
"RSTD","Utility",84,100,-123.71,NA,NA,253.42,265.08,0.894585720263422,0.928069569170475,0.908768314001548,0.682046674562941,3.72693433030989,0.784675157586944
"RSTD","Utility",85,100,-139.45,NA,NA,284.9,296.56,0.16712597804144,0.591124507132918,0.861521664635665,1,0.782459141200318,0.76918393555553
"RSTD","Utility",86,100,-199.03,NA,NA,404.06,415.72,0.0963515317998827,0.187938303221017,0.0324090315689119,0.353872193358337,3.11068178118614,0.16646143142134
"RSTD","Utility",87,100,-114.28,NA,NA,234.56,246.22,0.812582350103185,0.879132093861699,0.924431959159957,0.548172328991716,9.66331701491745,4.4038753097219
"RSTD","Utility",88,100,-200.68,NA,NA,407.36,419.02,0.448961209738627,0.690639521926641,0.741892569641435,0.475277434759761,0.492833553704845,0.123227803417321
"RSTD","Utility",89,100,-123.86,NA,NA,253.72,265.38,0.352596259210259,0.519048273330554,0.795827341129789,0.878527485367035,1.23508637324156,0.771270071114314
"RSTD","Utility",90,100,-110.52,NA,NA,227.04,238.7,0.7131295024883,0.112127762287855,0.0609403248744399,0.478291990184217,10,3.4174234716404
"RSTD","Utility",91,100,-197.07,NA,NA,400.14,411.8,0.102771484525874,0.0985191510990262,0,0.351672032229092,3.03988374617758,0.348240172024816
"RSTD","Utility",92,100,-189.04,NA,NA,384.08,395.74,0.14997310237959,0.461772011825815,0.00548340626353279,0.91421395454208,0.358553503950572,0.261333189609714
"RSTD","Utility",93,100,-143.13,NA,NA,292.26,303.92,0.435881547397003,0.7804279406555,0.876639199896627,0.782542621874424,1.79088320847664,0.681397345848382
"RSTD","Utility",94,100,-92.98,NA,NA,191.96,203.62,0.975024477113038,0.799848798895255,0.731365667573837,1,3.21086842439696,4.33281822849937
"RSTD","Utility",95,100,-126.73,NA,NA,259.46,271.12,0.723246149485931,0.623378630494699,0.851692129965326,0.61947170887258,2.87393729666546,0.45622572209686
"RSTD","Utility",96,100,-131.56,NA,NA,269.12,280.78,0.323681306792423,0.444453429430723,0.793073376545437,0.754880385216646,1.34308142782996,0.446843124460429
"RSTD","Utility",97,100,-199.86,NA,NA,405.72,417.38,0.521510650403798,0.40949847153388,0.801901543033928,0.540391152434699,0.406245443732961,0.118169202112595
"RSTD","Utility",98,100,-181.78,NA,NA,369.56,381.22,0.418908317107707,0.978637758642435,0.879985854869599,0.517886799923355,2.32936302909181,0.211078092921525
"RSTD","Utility",99,100,-104.25,NA,NA,214.5,226.16,0.78953983867541,0.418743934947997,0.33497172786036,0.568028537477376,8.71495317136972,2.49348991278757
"RSTD","Utility",100,100,-193.27,NA,NA,392.54,404.2,0.956703607924283,0.607802340993658,0.661721917648887,0.561347780300317,0.603788635230964,0.108669338996542
"Utility","TD",1,100,-146.81,NA,NA,297.62,305.39,0.285107890376821,0.724670132622123,0.159475884250051,0.485466659269885,NA,1.43561604238095
"Utility","TD",2,100,-248.7,NA,NA,501.4,509.17,0.950232450617477,0.206436974462122,0.01,0.01,NA,0.364579517394304
"Utility","TD",3,100,-215.04,NA,NA,434.08,441.85,0.536011227406561,0.200363578274846,0.135829519653696,0.0474644750161011,NA,1.00568439900399
"Utility","TD",4,100,-221.16,NA,NA,446.32,454.09,0.321220333920792,0.649332832079381,0.0265470020979732,0.0357778845664892,NA,0.142882495187223
"Utility","TD",5,100,-157.15,NA,NA,318.3,326.07,0.525106647517532,0.973066303646192,0.258309807863152,0.324295930087997,NA,0.392999498639256
"Utility","TD",6,100,-113.79,NA,NA,231.58,239.35,0.895209939451888,0.943225271301344,0.856694539676731,1.01995967831028,NA,3.35385648889427
"Utility","TD",7,100,-256.03,NA,NA,516.06,523.83,0.753931205254048,0.197620301274583,0.01,0.01,NA,0.18983699940145
"Utility","TD",8,100,-139.61,NA,NA,283.22,290.99,0.0560640415642411,0.783013365231454,0.0762800234334593,1.01779568168737,NA,3.41441693140154
"Utility","TD",9,100,-230.64,NA,NA,465.28,473.05,0.479448032099754,0.989872474921867,0.01,0.01,NA,0.208000437050192
"Utility","TD",10,100,-109.59,NA,NA,223.18,230.95,0.711294803768396,0.788163986755535,0.75252642406939,0.812414835130886,NA,2.30973086307261
"Utility","TD",11,100,-122.18,NA,NA,248.36,256.13,0.5048349336721,0.797194604296237,0.182603593093906,0.854714455394967,NA,2.5054881726885
"Utility","TD",12,100,-201.15,NA,NA,406.3,414.07,0.731893435353413,0.395451756194234,0.907505750996616,0.0610036667648189,NA,0.618170124012977
"Utility","TD",13,100,-177.56,NA,NA,359.12,366.89,0.275977379642427,0.511981163173914,0.188649752509294,0.295124146099908,NA,2.39124982816227
"Utility","TD",14,100,-221.31,NA,NA,446.62,454.39,0.226354157319292,0.16033569118008,0.0337714469020145,0.0361847876568276,NA,0.894037933978152
"Utility","TD",15,100,-116.55,NA,NA,237.1,244.87,0.315573724219576,0.984172471100464,0.177868292462264,1.03522574963293,NA,1.69604673600736
"Utility","TD",16,100,-187.04,NA,NA,378.08,385.85,0.540354023920372,0.854036244563758,0.598434985636201,0.130896872686575,NA,0.362152148856662
"Utility","TD",17,100,-205.21,NA,NA,414.42,422.19,0.66359161795117,0.0660558908712119,0.464134218346131,0.0631455194731544,NA,1.97567781611326
"Utility","TD",18,100,-191.41,NA,NA,386.82,394.59,0.973287776112556,0.630256613949314,0.731496451431703,0.111230316505326,NA,0.855529390233469
"Utility","TD",19,100,-188.9,NA,NA,381.8,389.57,0.340647828998044,0.988910319516435,0.205060895519053,0.204936214255385,NA,0.211397308856249
"Utility","TD",20,100,-208.23,NA,NA,420.46,428.23,0.329378831898794,0.0628540490288287,0.208775898096552,0.0656910584748457,NA,2.33967715737489
"Utility","TD",21,100,-249.53,NA,NA,503.06,510.83,0.285566801903769,0.0508385861758143,0.105498181049289,0,NA,0.410096168983728
"Utility","TD",22,100,-201.37,NA,NA,406.74,414.51,0.684979062527418,0.438995202770457,0.449638129384154,0.082923491848139,NA,0.685128960758448
"Utility","TD",23,100,-194.46,NA,NA,392.92,400.69,0.529962481698021,0.27115519088693,0.519405559499213,0.110605062526075,NA,2.69503675574873
"Utility","TD",24,100,-200.71,NA,NA,405.42,413.19,0.779200294986367,0.728794121881947,0.799387392844267,0.0653620242573563,NA,0.160821524456017
"Utility","TD",25,100,-220.96,NA,NA,445.92,453.69,0.0281218434683979,0.533772448310629,0.0113840683025868,0.035815659769195,NA,0.225168376229703
"Utility","TD",26,100,-209.2,NA,NA,422.4,430.17,0.128862570039928,0.17050133110024,0.0667745474435264,0.0615289518941128,NA,1.37515528589011
"Utility","TD",27,100,-138.72,NA,NA,281.44,289.21,0.980796684976667,0.860091791022569,0.889740815416498,0.720411213425047,NA,1.2001721150753
"Utility","TD",28,100,-247.94,NA,NA,499.88,507.65,0.633000507717952,0.959949327167124,0.00343314134646898,0.0138769670958512,NA,0.0240202485583723
"Utility","TD",29,100,-187.48,NA,NA,378.96,386.73,0.234798390883952,0.4054856733419,0.208491825255616,0.232508838508771,NA,3.89528230370438
"Utility","TD",30,100,-249.53,NA,NA,503.06,510.83,0.319981756620109,0.632078264839947,0.0618785671217472,0,NA,0.0559587455590604
"Utility","TD",31,100,-127.84,NA,NA,259.68,267.45,0.417691254755482,0.885661983396858,0.152341744353646,0.931552706020009,NA,1.4762263855988
"Utility","TD",32,100,-258.45,NA,NA,520.9,528.67,0.119032545015216,0.605491037247702,0.01,0.01,NA,0.0459982767437321
"Utility","TD",33,100,-100.67,NA,NA,205.34,213.11,0.824352919822559,0.753800751408562,0.787233623335779,1.09705460088162,NA,2.89878896835935
"Utility","TD",34,100,-164.36,NA,NA,332.72,340.49,0.080542077543214,0.69156481907703,0.0923546904068703,0.716485112089449,NA,3.2510444371212
"Utility","TD",35,100,-196.7,NA,NA,397.4,405.17,0.788759883260354,0.407168375095353,0.671987951508826,0.0888417159936235,NA,0.8810732345608
"Utility","TD",36,100,-178.45,NA,NA,360.9,368.67,0.960197768406942,0.814909122884274,0.800721706675578,0.198028160252521,NA,0.491239995229989
"Utility","TD",37,100,-249.08,NA,NA,502.16,509.93,0.983733647270128,0.387793875532225,0.00749637693468821,0.0126731128352561,NA,0.184212701395154
"Utility","TD",38,100,-173.43,NA,NA,350.86,358.63,0.640330957481638,0.661732341628522,0.528489295335447,0.193196935283956,NA,1.1015722423634
"Utility","TD",39,100,-128.6,NA,NA,261.2,268.97,0.591888564871624,0.781977394130081,0.668570984256238,0.428145042001622,NA,1.17335850927503
"Utility","TD",40,100,-172.35,NA,NA,348.7,356.47,0.185236022341996,0.927017299691215,0.125986273852006,0.351969151984068,NA,0.406216487288475
"Utility","TD",41,100,-181.81,NA,NA,367.62,375.39,0.5952471755445,0.540940156206489,0.511018459938715,0.163033939503962,NA,1.71158919288757
"Utility","TD",42,100,-252.92,NA,NA,509.84,517.61,0.265401779906824,0.195171546889469,0.0287488800491122,0.0082470162432272,NA,0.226954524639678
"Utility","TD",43,100,-258.16,NA,NA,520.32,528.09,0.604935176437721,0.398145136190578,0.01,0.01,NA,0.0485801249742508
"Utility","TD",44,100,-190.09,NA,NA,384.18,391.95,0.470244030002505,0.685449249343947,0.49566001034147,0.136745742328357,NA,0.648697707336396
"Utility","TD",45,100,-214.61,NA,NA,433.22,440.99,0.371720403432846,0.503097830805928,0.312935768442265,0.0448542566068347,NA,0.322839245665818
"Utility","TD",46,100,-248.92,NA,NA,501.84,509.61,0.361050225095823,0.370053818682209,0.204104023398593,0.0131458828069552,NA,0.173567070005157
"Utility","TD",47,100,-122.04,NA,NA,248.08,255.85,0.594613759312779,0.789667062694207,0.604582564172355,0.695037293868503,NA,2.04544003671947
"Utility","TD",48,100,-219.47,NA,NA,442.94,450.71,0.628910263301805,0.0369398219045252,1,0.0336372468312203,NA,1.35408596597136
"Utility","TD",49,100,-131.55,NA,NA,267.1,274.87,0.254382238723338,0.857857148861513,0.148940429344019,0.614776012641243,NA,0.936107955831003
"Utility","TD",50,100,-187.03,NA,NA,378.06,385.83,0.629901704145595,0.59963444317691,0.559622350933848,0.144501438471969,NA,1.13030682034315
"Utility","TD",51,100,-194.45,NA,NA,392.9,400.67,0.958562755258754,0.446684151422232,0.588008485401212,0.106445342133798,NA,1.46860518856885
"Utility","TD",52,100,-166.43,NA,NA,336.86,344.63,0.378760501742363,0.716149265645072,0.240343428411658,0.316774441273595,NA,1.1838285959837
"Utility","TD",53,100,-210.69,NA,NA,425.38,433.15,0.843001339351758,0.428967847023159,0.774006215101517,0.0462720528233856,NA,0.430095953866839
"Utility","TD",54,100,-141.19,NA,NA,286.38,294.15,0.111280993092805,0.926345025887713,0.103211504853458,0.959822617150783,NA,1.52358875974062
"Utility","TD",55,100,-121.04,NA,NA,246.08,253.85,0.231767056509852,0.779834397835657,0.16101822768851,0.940384073370858,NA,3.55762586234994
"Utility","TD",56,100,-143.52,NA,NA,291.04,298.81,0.386252531083301,0.815260800998658,0.155935464758733,0.951629027472918,NA,1.64474068483968
"Utility","TD",57,100,-231.85,NA,NA,467.7,475.47,0.6529874894768,0.670282299863175,0.091348880625217,0.0293644290773501,NA,0.116263606119901
"Utility","TD",58,100,-225.63,NA,NA,455.26,463.03,0.560497718863189,0.274772666627541,0.604636190466082,0.0342098771913519,NA,0.529099578669097
"Utility","TD",59,100,-190.6,NA,NA,385.2,392.97,0.597106330329552,0.589335348224267,0.500037516358419,0.13226954445937,NA,0.931611171881569
"Utility","TD",60,100,-127.09,NA,NA,258.18,265.95,0.987134294584394,0.800411853706464,0.975310316451671,0.474931917945861,NA,1.29764714087815
"Utility","TD",61,100,-249.53,NA,NA,503.06,510.83,0.718285634880885,0.565618214197457,0.0637755953443828,0,NA,0.0649159974418581
"Utility","TD",62,100,-201.21,NA,NA,406.42,414.19,0.125127220060676,0.773224814096466,0.0969057326875578,0.179740327869851,NA,0.583291862625629
"Utility","TD",63,100,-258.9,NA,NA,521.8,529.57,0.499009405029938,0.0988319513853639,0.01,0.01,NA,0.092432988807559
"Utility","TD",64,100,-186.14,NA,NA,376.28,384.05,0.333673485321924,0.454882015939802,0.311586807279416,0.202393386489048,NA,2.70696423376415
"Utility","TD",65,100,-255.66,NA,NA,515.32,523.09,0.810415166895837,0.0187283449340612,0.0118742643953562,0.00255251643838019,NA,0.165121834239408
"Utility","TD",66,100,-231.91,NA,NA,467.82,475.59,0.461979309096932,0.296923782210797,0.0764098629181228,0.0294503585548876,NA,0.458040716126561
"Utility","TD",67,100,-239.56,NA,NA,483.12,490.89,0.285626433324069,0.528872283641249,0.55866438312463,0.0215282560195784,NA,0.147296045374405
"Utility","TD",68,100,-197.28,NA,NA,398.56,406.33,0.732509626774117,0.600311974063516,0.611050850828978,0.0892602391242449,NA,0.449271724574598
"Utility","TD",69,100,-195.34,NA,NA,394.68,402.45,0.977929984452203,0.529096166603267,0.723248531925222,0.0889408317079102,NA,0.751786146880371
"Utility","TD",70,100,-247.11,NA,NA,498.22,505.99,0.98177181975916,0.159414226887748,0.0520278756166984,0.0149778138972175,NA,0.477379389107227
"Utility","TD",71,100,-256.75,NA,NA,517.5,525.27,0.922829337418079,0.366323065012693,0.01,0.01,NA,0.0864430760253218
"Utility","TD",72,100,-209.91,NA,NA,423.82,431.59,0.437475311337039,0.144657690776512,0.492203309370641,0.0502820548623522,NA,1.51204245735464
"Utility","TD",73,100,-142.02,NA,NA,288.04,295.81,0.0812403932213783,0.858433880610391,0.075059443479171,0.971257431642711,NA,1.57674626609245
"Utility","TD",74,100,-257.46,NA,NA,518.92,526.69,0.769064010120928,0.423705151304603,0.01,0.01,NA,0.0550090870819986
"Utility","TD",75,100,-266.47,NA,NA,536.94,544.71,0.27233505435288,0.0992442343849689,0.01,0.01,NA,0.0195726837949201
"Utility","TD",76,100,-195.67,NA,NA,395.34,403.11,0.714246998308226,0.356464033480734,0.639929843678445,0.0956210509561911,NA,1.33508190601589
"Utility","TD",77,100,-168.47,NA,NA,340.94,348.71,0.165105299558491,0.62026000325568,0.196387687323015,0.344324146153567,NA,2.11759630225509
"Utility","TD",78,100,-187.58,NA,NA,379.16,386.93,0.948594216490164,0.818483957787976,0.809547965154056,0.125614166863099,NA,0.400698857048743
"Utility","TD",79,100,-252.21,NA,NA,508.42,516.19,0.641159480903298,0.713674181839451,0.0212500000000426,0.00939254859611231,NA,0.0414828715044559
"Utility","TD",80,100,-133.59,NA,NA,271.18,278.95,0.602592710871249,0.798923129681498,0.663438248649299,0.61963606500882,NA,1.65777598732141
"Utility","TD",81,100,-143.29,NA,NA,290.58,298.35,0.0268326783552766,0.983408806612715,0.0319527755717904,1.16497583383582,NA,1.42827125892359
"Utility","TD",82,100,-258.9,NA,NA,521.8,529.57,0.390374890295789,0.210965643869713,0.01,0.01,NA,0.0709301116876304
"Utility","TD",83,100,-251.57,NA,NA,507.14,514.91,0.909624356776476,0.0655163209885359,0.01,0.01,NA,0.479556284306279
"Utility","TD",84,100,-151.5,NA,NA,307,314.77,0.894585720263422,0.928069569170475,0.840305234175135,0.586765022520747,NA,0.784675157586944
"Utility","TD",85,100,-207.16,NA,NA,418.32,426.09,0.16712597804144,0.591124507132918,0.261575631324509,0.0650819217644334,NA,0.76918393555553
"Utility","TD",86,100,-256.05,NA,NA,516.1,523.87,0.0963515317998827,0.187938303221017,0.01,0.01,NA,0.16646143142134
"Utility","TD",87,100,-90.76,NA,NA,185.52,193.29,0.812582350103185,0.879132093861699,0.878142290455251,9.73194776547312,NA,4.4038753097219
"Utility","TD",88,100,-219.37,NA,NA,442.74,450.51,0.448961209738627,0.690639521926641,0.603500741790864,0.0359692809628516,NA,0.123227803417321
"Utility","TD",89,100,-202.17,NA,NA,408.34,416.11,0.352596259210259,0.519048273330554,0.588241126788216,0.0683103626042918,NA,0.771270071114314
"Utility","TD",90,100,-198.3,NA,NA,400.6,408.37,0.7131295024883,0.112127762287855,0.667538755951245,0.077837028548126,NA,3.4174234716404
"Utility","TD",91,100,-249.53,NA,NA,503.06,510.83,0.102771484525874,0.0985191510990262,0.0435203674193706,0,NA,0.348240172024816
"Utility","TD",92,100,-229.72,NA,NA,463.44,471.21,0.14997310237959,0.461772011825815,0.0267005460100083,0.0308968566253853,NA,0.261333189609714
"Utility","TD",93,100,-175.24,NA,NA,354.48,362.25,0.435881547397003,0.7804279406555,0.277675331811334,0.241492010631088,NA,0.681397345848382
"Utility","TD",94,100,-103.88,NA,NA,211.76,219.53,0.975024477113038,0.799848798895255,0.887642957998079,6.48738577914204,NA,4.33281822849937
"Utility","TD",95,100,-196.43,NA,NA,396.86,404.63,0.723246149485931,0.623378630494699,0.620640895276485,0.0906921583086367,NA,0.45622572209686
"Utility","TD",96,100,-214.44,NA,NA,432.88,440.65,0.323681306792423,0.444453429430723,0.342747680282096,0.0451132246264941,NA,0.446843124460429
"Utility","TD",97,100,-252.25,NA,NA,508.5,516.27,0.521510650403798,0.40949847153388,0.0212500000000107,0.00931818181818182,NA,0.118169202112595
"Utility","TD",98,100,-189.27,NA,NA,382.54,390.31,0.418908317107707,0.978637758642435,0.530470947747121,0.127942125988306,NA,0.211078092921525
"Utility","TD",99,100,-190.13,NA,NA,384.26,392.03,0.78953983867541,0.418743934947997,0.559903668756019,0.128159071012302,NA,2.49348991278757
"Utility","TD",100,100,-240.47,NA,NA,484.94,492.71,0.956703607924283,0.607802340993658,0.0885352353276843,0.0217501452835781,NA,0.108669338996542
"Utility","RSTD",1,100,-144.4,NA,NA,294.8,306.46,0.285107890376821,0.724670132622123,0.233199442686717,0.161801089778318,0.412076172187195,1.43561604238095
"Utility","RSTD",2,100,-247.61,NA,NA,501.22,512.88,0.950232450617477,0.206436974462122,0.0770931059505533,0,0.0146872042752997,0.364579517394304
"Utility","RSTD",3,100,-212.78,NA,NA,431.56,443.22,0.536011227406561,0.200363578274846,0.5921611888886,0.775700320624386,0.0446946658300002,1.00568439900399
"Utility","RSTD",4,100,-220.79,NA,NA,447.58,459.24,0.321220333920792,0.649332832079381,0.0316344946557504,0,0.0366300175933074,0.142882495187223
"Utility","RSTD",5,100,-157.1,NA,NA,320.2,331.86,0.525106647517532,0.973066303646192,0.271752129256266,0.288295382400899,0.316752505154367,0.392999498639256
"Utility","RSTD",6,100,-114.75,NA,NA,235.5,247.16,0.895209939451888,0.943225271301344,0.347160367874702,0.702813308188196,2.06711095931396,3.35385648889427
"Utility","RSTD",7,100,-249.53,NA,NA,505.06,516.72,0.753931205254048,0.197620301274583,0.623252123596358,0.14628402091168,0,0.18983699940145
"Utility","RSTD",8,100,-157.19,NA,NA,320.38,332.04,0.0560640415642411,0.783013365231454,0.955866827381939,0.204094914388231,0.682372021848689,3.41441693140154
"Utility","RSTD",9,100,-186.16,NA,NA,378.32,389.98,0.479448032099754,0.989872474921867,0.210394800852145,0.179439350947236,0.219814565476913,0.208000437050192
"Utility","RSTD",10,100,-111.96,NA,NA,229.92,241.58,0.711294803768396,0.788163986755535,0.183723541568087,0.313619006488748,0.930266624294785,2.30973086307261
"Utility","RSTD",11,100,-128.76,NA,NA,263.52,275.18,0.5048349336721,0.797194604296237,0.975377257382752,0.475298191233792,0.724601542284248,2.5054881726885
"Utility","RSTD",12,100,-206.95,NA,NA,419.9,431.56,0.731893435353413,0.395451756194234,0.234967102764181,0.111828816338722,0.0872335490651894,0.618170124012977
"Utility","RSTD",13,100,-165.52,NA,NA,337.04,348.7,0.275977379642427,0.511981163173914,0.459892681761711,0.172792633927724,0.19528807737269,2.39124982816227
"Utility","RSTD",14,100,-220.69,NA,NA,447.38,459.04,0.226354157319292,0.16033569118008,0.0467670276193967,0.00533176428441374,0.0368862624970216,0.894037933978152
"Utility","RSTD",15,100,-120.82,NA,NA,247.64,259.3,0.315573724219576,0.984172471100464,0.78658355500323,0.348727792339065,0.884575602906307,1.69604673600736
"Utility","RSTD",16,100,-186.43,NA,NA,378.86,390.52,0.540354023920372,0.854036244563758,0.50729708324883,0.346746545006847,0.133147750804767,0.362152148856662
"Utility","RSTD",17,100,-205.91,NA,NA,417.82,429.48,0.66359161795117,0.0660558908712119,0.385086847941261,0.387320048394522,0.0692323104902431,1.97567781611326
"Utility","RSTD",18,100,-202.94,NA,NA,411.88,423.54,0.973287776112556,0.630256613949314,0.0297446478776205,0,0.115557725461646,0.855529390233469
"Utility","RSTD",19,100,-188.48,NA,NA,382.96,394.62,0.340647828998044,0.988910319516435,0.186676128682596,0.151197110848381,0.210147368075964,0.211397308856249
"Utility","RSTD",20,100,-208.19,NA,NA,422.38,434.04,0.329378831898794,0.0628540490288287,0.131500195264687,0.0652786551234423,0.0655179634939724,2.33967715737489
"Utility","RSTD",21,100,-249.53,NA,NA,505.06,516.72,0.285566801903769,0.0508385861758143,0.310885379869202,0.728950019942911,0,0.410096168983728
"Utility","RSTD",22,100,-200.64,NA,NA,407.28,418.94,0.684979062527418,0.438995202770457,0.755698693800843,0.700267025357307,0.0667583440427651,0.685128960758448
"Utility","RSTD",23,100,-193.5,NA,NA,393,404.66,0.529962481698021,0.27115519088693,0.52631434775814,0.327556703981519,0.106138819125904,2.69503675574873
"Utility","RSTD",24,100,-199.85,NA,NA,405.7,417.36,0.779200294986367,0.728794121881947,0.724986264634403,0.918061039464005,0.0733872380585465,0.160821524456017
"Utility","RSTD",25,100,-220.67,NA,NA,447.34,459,0.0281218434683979,0.533772448310629,0.025854236703234,0,0.0365398981899132,0.225168376229703
"Utility","RSTD",26,100,-208.99,NA,NA,423.98,435.64,0.128862570039928,0.17050133110024,0.0488056479755519,0.010108598568673,0.0572945727008918,1.37515528589011
"Utility","RSTD",27,100,-147.95,NA,NA,301.9,313.56,0.980796684976667,0.860091791022569,0.905448618528581,0.88690800405847,2.91515295475082,1.2001721150753
"Utility","RSTD",28,100,-247.43,NA,NA,500.86,512.52,0.633000507717952,0.959949327167124,0.0704096486782436,0,0.0149941071977189,0.0240202485583723
"Utility","RSTD",29,100,-173.79,NA,NA,353.58,365.24,0.234798390883952,0.4054856733419,0.536893646011752,0.168210973710113,0.135102105296093,3.89528230370438
"Utility","RSTD",30,100,-249.53,NA,NA,505.06,516.72,0.319981756620109,0.632078264839947,0.547129095814849,0.807421920507406,0,0.0559587455590604
"Utility","RSTD",31,100,-138.36,NA,NA,282.72,294.38,0.417691254755482,0.885661983396858,0.815307766611583,0.395304346618487,0.668779980122815,1.4762263855988
"Utility","RSTD",32,100,-257.37,NA,NA,520.74,532.4,0.119032545015216,0.605491037247702,0.140447653735231,0,0.00795634964283744,0.0459982767437321
"Utility","RSTD",33,100,-101.93,NA,NA,209.86,221.52,0.824352919822559,0.753800751408562,0.760257273730598,0.843103670130863,2.73263496680367,2.89878896835935
"Utility","RSTD",34,100,-140.63,NA,NA,287.26,298.92,0.080542077543214,0.69156481907703,0.0951361211309657,0.0582105899653238,0.854780288425925,3.2510444371212
"Utility","RSTD",35,100,-196.73,NA,NA,399.46,411.12,0.788759883260354,0.407168375095353,0.692661779370581,0.608753015490598,0.0860357724161523,0.8810732345608
"Utility","RSTD",36,100,-183.72,NA,NA,373.44,385.1,0.960197768406942,0.814909122884274,0.185547636673607,0.217848996562643,0.241167487703124,0.491239995229989
"Utility","RSTD",37,100,-248.65,NA,NA,503.3,514.96,0.983733647270128,0.387793875532225,0.0601355575667935,0,0.0136454456373927,0.184212701395154
"Utility","RSTD",38,100,-173.16,NA,NA,352.32,363.98,0.640330957481638,0.661732341628522,0.515663578757496,0.441326057144772,0.187795284052405,1.1015722423634
"Utility","RSTD",39,100,-131.42,NA,NA,268.84,280.5,0.591888564871624,0.781977394130081,0.204141840256605,0.249687283513182,0.510629079054392,1.17335850927503
"Utility","RSTD",40,100,-172.51,NA,NA,351.02,362.68,0.185236022341996,0.927017299691215,0.327271339907438,0.164442222769259,0.179358948709774,0.406216487288475
"Utility","RSTD",41,100,-180.41,NA,NA,366.82,378.48,0.5952471755445,0.540940156206489,0.670209753196644,0.457103714556967,0.13426573158862,1.71158919288757
"Utility","RSTD",42,100,-249.53,NA,NA,505.06,516.72,0.265401779906824,0.195171546889469,0.156361994412198,0.112937498304133,0,0.226954524639678
"Utility","RSTD",43,100,-249.53,NA,NA,505.06,516.72,0.604935176437721,0.398145136190578,0.635552310517613,0.761657029317424,0,0.0485801249742508
"Utility","RSTD",44,100,-189.54,NA,NA,385.08,396.74,0.470244030002505,0.685449249343947,0.5628763541571,0.461226350156045,0.125415896930531,0.648697707336396
"Utility","RSTD",45,100,-215.39,NA,NA,436.78,448.44,0.371720403432846,0.503097830805928,0.044698828222471,0.00882108440864477,0.0446669393053646,0.322839245665818
"Utility","RSTD",46,100,-248.5,NA,NA,503,514.66,0.361050225095823,0.370053818682209,0.086511835904812,0,0.0140668581601126,0.173567070005157
"Utility","RSTD",47,100,-122.62,NA,NA,251.24,262.9,0.594613759312779,0.789667062694207,0.730279816426649,0.676016109325638,0.685427116650197,2.04544003671947
"Utility","RSTD",48,100,-222.6,NA,NA,451.2,462.86,0.628910263301805,0.0369398219045252,0.85593031525174,0.302449264949036,0.0325908836471239,1.35408596597136
"Utility","RSTD",49,100,-130.95,NA,NA,267.9,279.56,0.254382238723338,0.857857148861513,0.20078672837711,0.162478375181506,0.48232886899306,0.936107955831003
"Utility","RSTD",50,100,-185.73,NA,NA,377.46,389.12,0.629901704145595,0.59963444317691,0.60500627777685,0.434821078153429,0.133617641379758,1.13030682034315
"Utility","RSTD",51,100,-198.46,NA,NA,402.92,414.58,0.958562755258754,0.446684151422232,0.297162021534463,0.242893213387516,0.156217012510378,1.46860518856885
"Utility","RSTD",52,100,-164.39,NA,NA,334.78,346.44,0.378760501742363,0.716149265645072,0.313307172069504,0.226279317396669,0.284754419959695,1.1838285959837
"Utility","RSTD",53,100,-213.4,NA,NA,432.8,444.46,0.843001339351758,0.428967847023159,0.509382446552387,0.756552981968226,0.0656585720653242,0.430095953866839
"Utility","RSTD",54,100,-130.96,NA,NA,267.92,279.58,0.111280993092805,0.926345025887713,0.104091090745296,0.0768662001338348,0.948728313446624,1.52358875974062
"Utility","RSTD",55,100,-113.77,NA,NA,233.54,245.2,0.231767056509852,0.779834397835657,0.952604044445145,0.336458391953619,0.83460837202353,3.55762586234994
"Utility","RSTD",56,100,-155.9,NA,NA,317.8,329.46,0.386252531083301,0.815260800998658,0.824407469969794,0.396099412169283,0.535233732824851,1.64474068483968
"Utility","RSTD",57,100,-229.75,NA,NA,465.5,477.16,0.6529874894768,0.670282299863175,0.67695758869042,0.909203825614546,0.0294022253392493,0.116263606119901
"Utility","RSTD",58,100,-226.07,NA,NA,458.14,469.8,0.560497718863189,0.274772666627541,0.322963752086676,0.378956743508823,0.0349454654686066,0.529099578669097
"Utility","RSTD",59,100,-190.04,NA,NA,386.08,397.74,0.597106330329552,0.589335348224267,0.542121442847381,0.425097746721569,0.12266978221334,0.931611171881569
"Utility","RSTD",60,100,-115.29,NA,NA,236.58,248.24,0.987134294584394,0.800411853706464,0.971064867730218,0.866111181372642,0.560803135706498,1.29764714087815
"Utility","RSTD",61,100,-249.53,NA,NA,505.06,516.72,0.718285634880885,0.565618214197457,0.318766784119904,0.205367279568422,0,0.0649159974418581
"Utility","RSTD",62,100,-202.37,NA,NA,410.74,422.4,0.125127220060676,0.773224814096466,0.180115338013189,0.129468294253992,0.101533902851643,0.583291862625629
"Utility","RSTD",63,100,-258.9,NA,NA,523.8,535.46,0.499009405029938,0.0988319513853639,0.01,0.01,0.01,0.092432988807559
"Utility","RSTD",64,100,-174,NA,NA,354,365.66,0.333673485321924,0.454882015939802,0.585932214060364,0.205639636508668,0.14986447551266,2.70696423376415
"Utility","RSTD",65,100,-249.53,NA,NA,505.06,516.72,0.810415166895837,0.0187283449340612,0.228458259376568,0.146902811008843,0,0.165121834239408
"Utility","RSTD",66,100,-231.56,NA,NA,469.12,480.78,0.461979309096932,0.296923782210797,0.06564869227823,0.000420015414015559,0.0290040864218825,0.458040716126561
"Utility","RSTD",67,100,-239.92,NA,NA,485.84,497.5,0.285626433324069,0.528872283641249,0.544713348416154,0.936232660543358,0.0206889404632465,0.147296045374405
"Utility","RSTD",68,100,-197.34,NA,NA,400.68,412.34,0.732509626774117,0.600311974063516,0.744146978271536,0.595168257421731,0.0818461240222825,0.449271724574598
"Utility","RSTD",69,100,-196.55,NA,NA,399.1,410.76,0.977929984452203,0.529096166603267,0.602829641495284,0.533656451152653,0.120240886016726,0.751786146880371
"Utility","RSTD",70,100,-246.6,NA,NA,499.2,510.86,0.98177181975916,0.159414226887748,0.650939845062019,0.241210430924456,0.0154770172698434,0.477379389107227
"Utility","RSTD",71,100,-249.53,NA,NA,505.06,516.72,0.922829337418079,0.366323065012693,0.0495248858605432,0.0390679358503567,0,0.0864430760253218
"Utility","RSTD",72,100,-209.94,NA,NA,425.88,437.54,0.437475311337039,0.144657690776512,0.556816630671379,0.654586832831311,0.0480052590788137,1.51204245735464
"Utility","RSTD",73,100,-135.65,NA,NA,277.3,288.96,0.0812403932213783,0.858433880610391,0.0683079497019688,0.0536558116673667,1.00756829161479,1.57674626609245
"Utility","RSTD",74,100,-249.53,NA,NA,505.06,516.72,0.769064010120928,0.423705151304603,0.892350150959263,0.18738508926394,0,0.0550090870819986
"Utility","RSTD",75,100,-266.47,NA,NA,538.94,550.6,0.27233505435288,0.0992442343849689,0.01,0.01,0.01,0.0195726837949201
"Utility","RSTD",76,100,-195.66,NA,NA,397.32,408.98,0.714246998308226,0.356464033480734,0.631886920398024,0.582865857516755,0.0926254330256967,1.33508190601589
"Utility","RSTD",77,100,-155.47,NA,NA,316.94,328.6,0.165105299558491,0.62026000325568,0.30644587017253,0.145247662072018,0.284632042462381,2.11759630225509
"Utility","RSTD",78,100,-187.11,NA,NA,380.22,391.88,0.948594216490164,0.818483957787976,0.932259847037865,0.787949408327035,0.120969451030103,0.400698857048743
"Utility","RSTD",79,100,-249.53,NA,NA,505.06,516.72,0.641159480903298,0.713674181839451,0.665659513108682,0.827243528369282,0,0.0414828715044559
"Utility","RSTD",80,100,-133.51,NA,NA,273.02,284.68,0.602592710871249,0.798923129681498,0.544526443734294,0.603732236856933,0.637461940939413,1.65777598732141
"Utility","RSTD",81,100,-156.05,NA,NA,318.1,329.76,0.0268326783552766,0.983408806612715,0.0277683154840673,0.0253503439663174,0.560283352479924,1.42827125892359
"Utility","RSTD",82,100,-258.9,NA,NA,523.8,535.46,0.390374890295789,0.210965643869713,0.01,0.01,0.01,0.0709301116876304
"Utility","RSTD",83,100,-249.53,NA,NA,505.06,516.72,0.909624356776476,0.0655163209885359,0.808784254576702,1,0,0.479556284306279
"Utility","RSTD",84,100,-181.47,NA,NA,368.94,380.6,0.894585720263422,0.928069569170475,0.313938944998591,0.341269108890408,0.445928069888448,0.784675157586944
"Utility","RSTD",85,100,-207.3,NA,NA,420.6,432.26,0.16712597804144,0.591124507132918,0.15988965419177,0.137645814120856,0.0824467423080824,0.76918393555553
"Utility","RSTD",86,100,-249.53,NA,NA,505.06,516.72,0.0963515317998827,0.187938303221017,0.0480409543237268,0.0394528018734873,0,0.16646143142134
"Utility","RSTD",87,100,-90.83,NA,NA,187.66,199.32,0.812582350103185,0.879132093861699,0.792141232990583,0.831829184650972,2.13374934654511,4.4038753097219
"Utility","RSTD",88,100,-220.48,NA,NA,446.96,458.62,0.448961209738627,0.690639521926641,0.0408258883359123,0,0.0365742675649349,0.123227803417321
"Utility","RSTD",89,100,-200.69,NA,NA,407.38,419.04,0.352596259210259,0.519048273330554,0.566445654174623,0.970999756555612,0.0679204898401392,0.771270071114314
"Utility","RSTD",90,100,-198.46,NA,NA,402.92,414.58,0.7131295024883,0.112127762287855,0.588298509750943,0.603108488732339,0.0817076778178572,3.4174234716404
"Utility","RSTD",91,100,-249.53,NA,NA,505.06,516.72,0.102771484525874,0.0985191510990262,0.427296539806177,0.666788923319516,0,0.348240172024816
"Utility","RSTD",92,100,-229.26,NA,NA,464.52,476.18,0.14997310237959,0.461772011825815,0.0459712996629641,0,0.0315059380083516,0.261333189609714
"Utility","RSTD",93,100,-175.36,NA,NA,356.72,368.38,0.435881547397003,0.7804279406555,0.579012430667802,0.371595560961052,0.176765050474735,0.681397345848382
"Utility","RSTD",94,100,-103.72,NA,NA,213.44,225.1,0.975024477113038,0.799848798895255,0.516741558146659,0.807061607259284,1.35954021633117,4.33281822849937
"Utility","RSTD",95,100,-196.69,NA,NA,399.38,411.04,0.723246149485931,0.623378630494699,0.559219587319225,0.50073073494523,0.100965120684618,0.45622572209686
"Utility","RSTD",96,100,-215.34,NA,NA,436.68,448.34,0.323681306792423,0.444453429430723,0.0469200574754137,0.00308271491382174,0.0441821636378366,0.446843124460429
"Utility","RSTD",97,100,-249.53,NA,NA,505.06,516.72,0.521510650403798,0.40949847153388,0.579876385808114,0.00813331169216422,0,0.118169202112595
"Utility","RSTD",98,100,-190.09,NA,NA,386.18,397.84,0.418908317107707,0.978637758642435,0.320033984017443,0.236915857854361,0.158815732461564,0.211078092921525
"Utility","RSTD",99,100,-190.17,NA,NA,386.34,398,0.78953983867541,0.418743934947997,0.44993636014357,0.362620554452884,0.144861571356999,2.49348991278757
"Utility","RSTD",100,100,-240.43,NA,NA,486.86,498.52,0.956703607924283,0.607802340993658,0.0527823030309538,0.00318415993065,0.0211562697667065,0.108669338996542
"Utility","Utility",1,100,-143.97,NA,NA,293.94,305.6,0.285107890376821,0.724670132622123,0.145964825237291,0.808282369277392,1.17581755956492,1.43561604238095
"Utility","Utility",2,100,-246.67,NA,NA,499.34,511,0.950232450617477,0.206436974462122,0.922919251608389,0,0.553255225262695,0.364579517394304
"Utility","Utility",3,100,-212.24,NA,NA,430.48,442.14,0.536011227406561,0.200363578274846,0.693981686853835,0,1.69032169341276,1.00568439900399
"Utility","Utility",4,100,-220.93,NA,NA,447.86,459.52,0.321220333920792,0.649332832079381,0.0119209661391107,0.348881827970168,0.394212243635592,0.142882495187223
"Utility","Utility",5,100,-156.33,NA,NA,318.66,330.32,0.525106647517532,0.973066303646192,0.905953996468503,0.351691353687029,8.9357626773067,0.392999498639256
"Utility","Utility",6,100,-114.27,NA,NA,234.54,246.2,0.895209939451888,0.943225271301344,0.92359594242049,0.551346550885805,9.39044148886555,3.35385648889427
"Utility","Utility",7,100,-249.53,NA,NA,505.06,516.72,0.753931205254048,0.197620301274583,0.180469780379579,0.0241173207769101,0,0.18983699940145
"Utility","Utility",8,100,-125.46,NA,NA,256.92,268.58,0.0560640415642411,0.783013365231454,0.0343638197231927,0.518052190321941,9.35292645920881,3.41441693140154
"Utility","Utility",9,100,-186.74,NA,NA,379.48,391.14,0.479448032099754,0.989872474921867,0.163789396768472,0.836498490956377,0.46636325824312,0.208000437050192
"Utility","Utility",10,100,-109.95,NA,NA,225.9,237.56,0.711294803768396,0.788163986755535,0.861344136204977,0.599363240726093,5.77265228929548,2.30973086307261
"Utility","Utility",11,100,-287.29,NA,NA,580.58,592.24,0.5048349336721,0.797194604296237,0.01,0.01,0.01,2.5054881726885
"Utility","Utility",12,100,-200.72,NA,NA,407.44,419.1,0.731893435353413,0.395451756194234,0.987905685185104,0.30239592553014,0.813782645284273,0.618170124012977
"Utility","Utility",13,100,-167.58,NA,NA,341.16,352.82,0.275977379642427,0.511981163173914,0.149046178104273,0.52687919224942,2.60391695558266,2.39124982816227
"Utility","Utility",14,100,-220.9,NA,NA,447.8,459.46,0.226354157319292,0.16033569118008,0.0111864563165749,0.216626621249928,0.623003270511267,0.894037933978152
"Utility","Utility",15,100,-116.11,NA,NA,238.22,249.88,0.315573724219576,0.984172471100464,0.150246834206886,0.898764088463096,1.6750033368251,1.69604673600736
"Utility","Utility",16,100,-188.07,NA,NA,382.14,393.8,0.540354023920372,0.854036244563758,0.62623978920896,0.62701388168227,0.533717586171454,0.362152148856662
"Utility","Utility",17,100,-201.3,NA,NA,408.6,420.26,0.66359161795117,0.0660558908712119,0.928129968423891,0.285905961831556,0.844198823096892,1.97567781611326
"Utility","Utility",18,100,-192.32,NA,NA,390.64,402.3,0.973287776112556,0.630256613949314,0.785578840421423,0.684389479785628,0.404969408173207,0.855529390233469
"Utility","Utility",19,100,-191.68,NA,NA,389.36,401.02,0.340647828998044,0.988910319516435,0.165367657227761,0.555433699110983,1.25893824544067,0.211397308856249
"Utility","Utility",20,100,-206.4,NA,NA,418.8,430.46,0.329378831898794,0.0628540490288287,0.418626022299959,0.112480280756619,1.46094459447342,2.33967715737489
"Utility","Utility",21,100,-249.53,NA,NA,505.06,516.72,0.285566801903769,0.0508385861758143,0.928981269131449,0.0357743465419335,0,0.410096168983728
"Utility","Utility",22,100,-200.53,NA,NA,407.06,418.72,0.684979062527418,0.438995202770457,0.459425005835919,0.479442077263005,0.718525028636492,0.685128960758448
"Utility","Utility",23,100,-191.46,NA,NA,388.92,400.58,0.529962481698021,0.27115519088693,0.487629261475589,0.671063755821818,0.422554857943424,2.69503675574873
"Utility","Utility",24,100,-201.04,NA,NA,408.08,419.74,0.779200294986367,0.728794121881947,0.67719824833351,0.52754357736272,0.394636880062633,0.160821524456017
"Utility","Utility",25,100,-220.87,NA,NA,447.74,459.4,0.0281218434683979,0.533772448310629,0.0119583246091779,0.435596973369529,0.282225510816597,0.225168376229703
"Utility","Utility",26,100,-207.79,NA,NA,421.58,433.24,0.128862570039928,0.17050133110024,0.0289780531269495,0.353795237056046,0.712035417552574,1.37515528589011
"Utility","Utility",27,100,-138.81,NA,NA,283.62,295.28,0.980796684976667,0.860091791022569,0.891170592255247,1,0.683918498063378,1.2001721150753
"Utility","Utility",28,100,-247.63,NA,NA,501.26,512.92,0.633000507717952,0.959949327167124,0.914595458748832,0.0917421514125933,0.366106271755712,0.0240202485583723
"Utility","Utility",29,100,-172.91,NA,NA,351.82,363.48,0.234798390883952,0.4054856733419,0.160508043015983,0.388314804551754,3.16200026960362,3.89528230370438
"Utility","Utility",30,100,-252.18,NA,NA,510.36,522.02,0.319981756620109,0.632078264839947,0.0130820887144148,0.0951447882011264,0.250904059192956,0.0559587455590604
"Utility","Utility",31,100,-127.81,NA,NA,261.62,273.28,0.417691254755482,0.885661983396858,0.153040369863501,0.954143305824381,1.12172988818589,1.4762263855988
"Utility","Utility",32,100,-249.53,NA,NA,505.06,516.72,0.119032545015216,0.605491037247702,0.564754539661595,0.0312483067531807,0,0.0459982767437321
"Utility","Utility",33,100,-99.98,NA,NA,205.96,217.62,0.824352919822559,0.753800751408562,0.80721857578166,0.999270092548587,1.0035342801131,2.89878896835935
"Utility","Utility",34,100,-144.07,NA,NA,294.14,305.8,0.080542077543214,0.69156481907703,0.0440067330120685,0.526042679592835,9.24526375209576,3.2510444371212
"Utility","Utility",35,100,-195.48,NA,NA,396.96,408.62,0.788759883260354,0.407168375095353,0.733575372150243,0.265879151788193,1.46500960542566,0.8810732345608
"Utility","Utility",36,100,-178.46,NA,NA,362.92,374.58,0.960197768406942,0.814909122884274,0.815801737771388,1,0.197529784937645,0.491239995229989
"Utility","Utility",37,100,-248.99,NA,NA,503.98,515.64,0.983733647270128,0.387793875532225,0,0.126382577070567,0.303247577768175,0.184212701395154
"Utility","Utility",38,100,-173.74,NA,NA,353.48,365.14,0.640330957481638,0.661732341628522,0.830061933860505,0.474843601340472,2.81261749183438,1.1015722423634
"Utility","Utility",39,100,-128.77,NA,NA,263.54,275.2,0.591888564871624,0.781977394130081,0.763245502281982,0.738718978752806,1.46847841699712,1.17335850927503
"Utility","Utility",40,100,-169.48,NA,NA,344.96,356.62,0.185236022341996,0.927017299691215,0.111326471285387,0.789883914115662,0.911053146629801,0.406216487288475
"Utility","Utility",41,100,-181.46,NA,NA,368.92,380.58,0.5952471755445,0.540940156206489,0.520522378470551,0.62967322883125,0.692939387404436,1.71158919288757
"Utility","Utility",42,100,-249.53,NA,NA,505.06,516.72,0.265401779906824,0.195171546889469,0,0.133022640370597,0,0.226954524639678
"Utility","Utility",43,100,-249.53,NA,NA,505.06,516.72,0.604935176437721,0.398145136190578,0.899259702354346,0.00709529246065814,0,0.0485801249742508
"Utility","Utility",44,100,-189.37,NA,NA,384.74,396.4,0.470244030002505,0.685449249343947,0.547612948286493,0.637140321283924,0.546157403488822,0.648697707336396
"Utility","Utility",45,100,-214.11,NA,NA,434.22,445.88,0.371720403432846,0.503097830805928,0.518328535152481,0.233016254838701,0.690855987014555,0.322839245665818
"Utility","Utility",46,100,-248.99,NA,NA,503.98,515.64,0.361050225095823,0.370053818682209,0.00743362682706733,0.0429391519280586,0.396310762280254,0.173567070005157
"Utility","Utility",47,100,-122.17,NA,NA,250.34,262,0.594613759312779,0.789667062694207,0.612927972358115,0.974685089605612,0.779317479691662,2.04544003671947
"Utility","Utility",48,100,-220.14,NA,NA,446.28,457.94,0.628910263301805,0.0369398219045252,0.591528527760838,0.780460118961483,0.0794523765152259,1.35408596597136
"Utility","Utility",49,100,-131.8,NA,NA,269.6,281.26,0.254382238723338,0.857857148861513,0.155728055392862,1,0.554881765336425,0.936107955831003
"Utility","Utility",50,100,-191.8,NA,NA,389.6,401.26,0.629901704145595,0.59963444317691,0.242855414740519,0.977143476743766,0.206056626935424,1.13030682034315
"Utility","Utility",51,100,-194.05,NA,NA,394.1,405.76,0.958562755258754,0.446684151422232,0.630384571329269,0.569283248507811,0.575298822748576,1.46860518856885
"Utility","Utility",52,100,-164.89,NA,NA,335.78,347.44,0.378760501742363,0.716149265645072,0.228377307915414,0.749141943363123,0.990876117586062,1.1838285959837
"Utility","Utility",53,100,-209.92,NA,NA,425.84,437.5,0.843001339351758,0.428967847023159,1,0,1.74135057168333,0.430095953866839
"Utility","Utility",54,100,-130.6,NA,NA,267.2,278.86,0.111280993092805,0.926345025887713,0.0738549514512416,0.755876918639445,3.50483364281287,1.52358875974062
"Utility","Utility",55,100,-115.55,NA,NA,237.1,248.76,0.231767056509852,0.779834397835657,0.243171247917567,0.638327813949685,5.05318428273384,3.55762586234994
"Utility","Utility",56,100,-143.52,NA,NA,293.04,304.7,0.386252531083301,0.815260800998658,0.155959635812317,1,0.952563830125125,1.64474068483968
"Utility","Utility",57,100,-230.31,NA,NA,466.62,478.28,0.6529874894768,0.670282299863175,0.876206210144427,0,1.07037324773061,0.116263606119901
"Utility","Utility",58,100,-225.83,NA,NA,457.66,469.32,0.560497718863189,0.274772666627541,0.36901292568986,0.639021165758043,0.129876937885505,0.529099578669097
"Utility","Utility",59,100,-189.86,NA,NA,385.72,397.38,0.597106330329552,0.589335348224267,0.588097848598934,0.537802436771471,0.77463055050473,0.931611171881569
"Utility","Utility",60,100,-118.55,NA,NA,243.1,254.76,0.987134294584394,0.800411853706464,0.90794170766063,0.810709203532476,1.37661461115777,1.29764714087815
"Utility","Utility",61,100,-249.53,NA,NA,505.06,516.72,0.718285634880885,0.565618214197457,1,0,0,0.0649159974418581
"Utility","Utility",62,100,-200.45,NA,NA,406.9,418.56,0.125127220060676,0.773224814096466,0.0648535839469482,0.755259305067761,0.663066092046323,0.583291862625629
"Utility","Utility",63,100,-249.53,NA,NA,505.06,516.72,0.499009405029938,0.0988319513853639,0.387287182092792,0.357328126167188,0,0.092432988807559
"Utility","Utility",64,100,-175.94,NA,NA,357.88,369.54,0.333673485321924,0.454882015939802,0.325272701923688,0.347323556029224,3.15502393590785,2.70696423376415
"Utility","Utility",65,100,-249.53,NA,NA,505.06,516.72,0.810415166895837,0.0187283449340612,0.796616774444932,0.339223370222517,0,0.165121834239408
"Utility","Utility",66,100,-230.03,NA,NA,466.06,477.72,0.461979309096932,0.296923782210797,0.637616335202167,0.150141083751897,0.652165186699593,0.458040716126561
"Utility","Utility",67,100,-239.45,NA,NA,484.9,496.56,0.285626433324069,0.528872283641249,0.671064705829347,0.163254791982086,0.449483137772128,0.147296045374405
"Utility","Utility",68,100,-196.3,NA,NA,398.6,410.26,0.732509626774117,0.600311974063516,0.628904797062316,0.465265365452594,0.709232065529328,0.449271724574598
"Utility","Utility",69,100,-194.7,NA,NA,395.4,407.06,0.977929984452203,0.529096166603267,0.751406760664139,0.442803251815794,0.808665125267793,0.751786146880371
"Utility","Utility",70,100,-245.56,NA,NA,497.12,508.78,0.98177181975916,0.159414226887748,0.986110080691767,0.0443742816469565,0.503692794410909,0.477379389107227
"Utility","Utility",71,100,-249.53,NA,NA,505.06,516.72,0.922829337418079,0.366323065012693,0.528226793017448,0.0238802790584399,0,0.0864430760253218
"Utility","Utility",72,100,-208.38,NA,NA,422.76,434.42,0.437475311337039,0.144657690776512,0.491468709778871,0.000987706067135272,1.97921158640675,1.51204245735464
"Utility","Utility",73,100,-136.21,NA,NA,278.42,290.08,0.0812403932213783,0.858433880610391,0.0606042446876892,0.849875002277254,2.05480759099861,1.57674626609245
"Utility","Utility",74,100,-249.53,NA,NA,505.06,516.72,0.769064010120928,0.423705151304603,0.221156251023971,0.0924891477000153,0,0.0550090870819986
"Utility","Utility",75,100,-249.53,NA,NA,505.06,516.72,0.27233505435288,0.0992442343849689,0.224580711819973,0.0121261800377131,0,0.0195726837949201
"Utility","Utility",76,100,-194.87,NA,NA,395.74,407.4,0.714246998308226,0.356464033480734,0.647770652666629,0.826352410241261,0.180977333487703,1.33508190601589
"Utility","Utility",77,100,-156.32,NA,NA,318.64,330.3,0.165105299558491,0.62026000325568,0.117338470405039,0.569424008621408,3.13021504753562,2.11759630225509
"Utility","Utility",78,100,-187.61,NA,NA,381.22,392.88,0.948594216490164,0.818483957787976,0.838294176788278,1,0.126546326582486,0.400698857048743
"Utility","Utility",79,100,-249.53,NA,NA,505.06,516.72,0.641159480903298,0.713674181839451,0.29469683144956,0.00524434671436591,0,0.0414828715044559
"Utility","Utility",80,100,-134.21,NA,NA,274.42,286.08,0.602592710871249,0.798923129681498,0.728612235170976,0.818854977799324,1.32935318436579,1.65777598732141
"Utility","Utility",81,100,-145.3,NA,NA,296.6,308.26,0.0268326783552766,0.983408806612715,0.0108826072422428,0.621976926858123,6.86162876485942,1.42827125892359
"Utility","Utility",82,100,-255.81,NA,NA,517.62,529.28,0.390374890295789,0.210965643869713,0.01,0.01,0.0623897058823853,0.0709301116876304
"Utility","Utility",83,100,-249.53,NA,NA,505.06,516.72,0.909624356776476,0.0655163209885359,0.0682700696117262,0.0311410599184829,0,0.479556284306279
"Utility","Utility",84,100,-151.95,NA,NA,309.9,321.56,0.894585720263422,0.928069569170475,0.933353629347188,0.442051080759705,10,0.784675157586944
"Utility","Utility",85,100,-206.95,NA,NA,419.9,431.56,0.16712597804144,0.591124507132918,0.630634222165227,0.350628110845189,0.550417031123924,0.76918393555553
"Utility","Utility",86,100,-249.53,NA,NA,505.06,516.72,0.0963515317998827,0.187938303221017,0.983148673888457,0.333683368797641,0,0.16646143142134
"Utility","Utility",87,100,-90.82,NA,NA,187.64,199.3,0.812582350103185,0.879132093861699,0.82291391133077,0.933984077577585,1.81352034759257,4.4038753097219
"Utility","Utility",88,100,-219.71,NA,NA,445.42,457.08,0.448961209738627,0.690639521926641,0.409422103827654,0.34955203651056,0.405672435283943,0.123227803417321
"Utility","Utility",89,100,-200.5,NA,NA,407,418.66,0.352596259210259,0.519048273330554,0.775313689600447,0.281938489632396,0.964411793208104,0.771270071114314
"Utility","Utility",90,100,-195.25,NA,NA,396.5,408.16,0.7131295024883,0.112127762287855,0.655846678804892,0.459705701329382,0.673042396693569,3.4174234716404
"Utility","Utility",91,100,-249.53,NA,NA,505.06,516.72,0.102771484525874,0.0985191510990262,0.324617947370094,0.0765251295751447,0,0.348240172024816
"Utility","Utility",92,100,-229.59,NA,NA,465.18,476.84,0.14997310237959,0.461772011825815,0.00820612674462446,0.118147474557688,0.765128000167103,0.261333189609714
"Utility","Utility",93,100,-179.59,NA,NA,365.18,376.84,0.435881547397003,0.7804279406555,0.7802031491772,0.462325263438823,2.62034213050727,0.681397345848382
"Utility","Utility",94,100,-105.99,NA,NA,217.98,229.64,0.975024477113038,0.799848798895255,0.895845504853185,0.867044866274024,3.47113083287602,4.33281822849937
"Utility","Utility",95,100,-195.38,NA,NA,396.76,408.42,0.723246149485931,0.623378630494699,0.660344096545742,0.433112159060464,0.799593889171712,0.45622572209686
"Utility","Utility",96,100,-213.92,NA,NA,433.84,445.5,0.323681306792423,0.444453429430723,0.475658022786334,0.169986612022331,0.908496926475124,0.446843124460429
"Utility","Utility",97,100,-255.76,NA,NA,517.52,529.18,0.521510650403798,0.40949847153388,0.01,0.01,0.01,0.118169202112595
"Utility","Utility",98,100,-193.34,NA,NA,392.68,404.34,0.418908317107707,0.978637758642435,0.620831954410352,0.400100776634721,1.08217736894814,0.211078092921525
"Utility","Utility",99,100,-190.27,NA,NA,386.54,398.2,0.78953983867541,0.418743934947997,0.682991932283187,0.57800372719453,0.633992481468604,2.49348991278757
"Utility","Utility",100,100,-238.42,NA,NA,482.84,494.5,0.956703607924283,0.607802340993658,0.727746194073725,0,0.868672863317215,0.108669338996542
