"simulate_model","fit_model","iteration","ACC","LogL","LogPr","LogPo","AIC","BIC","input_param_1","input_param_2","output_param_1","output_param_2","output_param_3","input_param_3"
"TD","TD",1,100,-112.88,NA,NA,229.76,237.53,0.643091264180839,0.83357874206723,0.786554423207438,0.813258606377079,NA,NA
"TD","TD",2,100,-95.46,NA,NA,194.92,202.69,0.724670132622123,1.43561604238095,0.859433087094729,3.41639548923777,NA,NA
"TD","TD",3,100,-104.85,NA,NA,213.7,221.47,0.950232450617477,2.03779015681686,0.885038899137905,3.49241427310353,NA,NA
"TD","TD",4,100,-201.5,NA,NA,407,414.77,0.682289758697152,0.0720224548131227,0.789539387866851,0.0630122781342261,NA,NA
"TD","TD",5,100,-129.68,NA,NA,263.36,271.13,0.200363578274846,1.00568439900399,0.137661057080894,0.947141565832407,NA,NA
"TD","TD",6,100,-170.52,NA,NA,345.04,352.81,0.321220333920792,0.298665664158762,0.197406734216027,0.311341985576084,NA,NA
"TD","TD",7,100,-213.82,NA,NA,431.64,439.41,0.571441247593611,0.0502132950350642,0.78720690374367,0.042502467190957,NA,NA
"TD","TD",8,100,-140.39,NA,NA,284.78,292.55,0.973066303646192,0.392999498639256,0.844379646839041,0.420832915880166,NA,NA
"TD","TD",9,100,-249.53,NA,NA,503.06,510.83,0.895209939451888,0.0054737395918251,0,0,NA,NA
"TD","TD",10,100,-161.99,NA,NA,327.98,335.75,0.0494146177079529,0.507862410508096,0.0441359428329148,0.524197835686391,NA,NA
"TD","TD",11,100,-201.52,NA,NA,407.04,414.81,0.197620301274583,0.18983699940145,0.0833318798353159,0.182840284787335,NA,NA
"TD","TD",12,100,-194.71,NA,NA,393.42,401.19,0.0560640415642411,0.566026730462909,0.048962135161583,0.602276270714544,NA,NA
"TD","TD",13,100,-139.46,NA,NA,282.92,290.69,0.051307131536305,1.23247370731968,0.0441323481012358,1.36711419745686,NA,NA
"TD","TD",14,100,-177.69,NA,NA,359.38,367.15,0.989872474921867,0.208000437050192,0.790077951869845,0.200941761628148,NA,NA
"TD","TD",15,100,-140.02,NA,NA,284.04,291.81,0.711294803768396,0.57632797351107,0.722647632617403,0.587514326193706,NA,NA
"TD","TD",16,100,-259.19,NA,NA,522.38,530.15,0.0768930825870484,0.00966986734420061,0.01,0.01,NA,NA
"TD","TD",17,100,-90.8,NA,NA,185.6,193.37,0.797194604296237,2.5054881726885,0.810917551958603,1.34103499161809,NA,NA
"TD","TD",18,100,-98.99,NA,NA,201.98,209.75,0.731893435353413,1.27495420533688,0.788777873955347,1.19435684277308,NA,NA
"TD","TD",19,100,-106.77,NA,NA,217.54,225.31,0.809085062006488,0.797056699129653,0.798365419254418,0.895964211748898,NA,NA
"TD","TD",20,100,-111.58,NA,NA,227.16,234.93,0.511981163173914,2.39124982816227,0.225037823558931,0.894505461401061,NA,NA
"TD","TD",21,100,-116.71,NA,NA,237.42,245.19,0.226354157319292,1.66897989056053,0.146317310204139,1.09894552394609,NA,NA
"TD","TD",22,100,-127.4,NA,NA,258.8,266.57,0.300222688354552,0.955442077438247,0.153313795921752,0.929764491078188,NA,NA
"TD","TD",23,100,-105.27,NA,NA,214.54,222.31,0.984172471100464,1.69604673600736,0.888917157309725,3.53639123102774,NA,NA
"TD","TD",24,100,-174.5,NA,NA,353,360.77,0.540354023920372,0.234106497689865,0.244130829909462,0.250847690515347,NA,NA
"TD","TD",25,100,-157.37,NA,NA,318.74,326.51,0.870058757020161,0.327183235902339,0.819219297960565,0.322439665501384,NA,NA
"TD","TD",26,100,-109.54,NA,NA,223.08,230.85,0.0660558908712119,1.97567781611326,0.0595588700092997,2.11876028524339,NA,NA
"TD","TD",27,100,-168.49,NA,NA,340.98,348.75,0.973287776112556,0.260513227898628,0.838788491715234,0.269876639337307,NA,NA
"TD","TD",28,100,-126.34,NA,NA,256.68,264.45,0.290595552418381,1.05573849655212,0.155695696229137,0.930538480625431,NA,NA
"TD","TD",29,100,-175.23,NA,NA,354.46,362.23,0.988910319516435,0.211397308856249,0.824908484253024,0.221530057016041,NA,NA
"TD","TD",30,100,-115.18,NA,NA,234.36,242.13,0.329378831898794,2.0851063261411,0.195357344401356,1.03665477817574,NA,NA
"TD","TD",31,100,-137.1,NA,NA,278.2,285.97,0.11878991080448,0.835414388175023,0.0907817193121224,1.03229296161372,NA,NA
"TD","TD",32,100,-176.4,NA,NA,356.8,364.57,0.0508385861758143,0.410096168983728,0.0437577953424469,0.426506014167866,NA,NA
"TD","TD",33,100,-115.86,NA,NA,235.72,243.49,0.684979062527418,0.756628525771442,0.782876348055193,0.782273171256484,NA,NA
"TD","TD",34,100,-201.39,NA,NA,406.78,414.55,0.842564480379224,0.0599249633960426,0.689215336469736,0.0682766691040192,NA,NA
"TD","TD",35,100,-114.32,NA,NA,232.64,240.41,0.27115519088693,2.69503675574873,0.181277874931014,1.12009297638107,NA,NA
"TD","TD",36,100,-124.09,NA,NA,252.18,259.95,0.779200294986367,0.457588243763894,0.804343821510594,0.479337970343678,NA,NA
"TD","TD",37,100,-104.91,NA,NA,213.82,221.59,0.982565350597724,3.92570209977795,0.885052846774083,3.37898215464276,NA,NA
"TD","TD",38,100,-175.3,NA,NA,354.6,362.37,0.533772448310629,0.225168376229703,0.214355992613027,0.267919723453705,NA,NA
"TD","TD",39,100,-124.75,NA,NA,253.5,261.27,0.128862570039928,1.75030500992181,0.111387738523947,1.15801682068456,NA,NA
"TD","TD",40,100,-202.68,NA,NA,409.36,417.13,0.420502026332542,0.0828633031448371,0.700756393328414,0.062814052060211,NA,NA
"TD","TD",41,100,-110.12,NA,NA,224.24,232.01,0.860091791022569,1.2001721150753,0.833073172212909,0.964161691154116,NA,NA
"TD","TD",42,100,-157.88,NA,NA,319.76,327.53,0.633000507717952,0.316391955215622,0.701459383733841,0.300154276093243,NA,NA
"TD","TD",43,100,-111.59,NA,NA,227.18,234.95,0.512010124279186,2.01376353887389,0.237411489543616,0.897458271022162,NA,NA
"TD","TD",44,100,-112.53,NA,NA,229.06,236.83,0.4054856733419,3.89528230370438,0.274749160518298,1.00733092723218,NA,NA
"TD","TD",45,100,-177.83,NA,NA,359.66,367.43,0.319981756620109,0.264156529679894,0.17724490230677,0.288218301661976,NA,NA
"TD","TD",46,100,-112.81,NA,NA,229.62,237.39,0.947748523205519,1.36391219958187,0.863427942605839,1.05529165486926,NA,NA
"TD","TD",47,100,-118.99,NA,NA,241.98,249.75,0.885661983396858,1.4762263855988,0.82619710946852,0.712113037934054,NA,NA
"TD","TD",48,100,-199.86,NA,NA,403.72,411.49,0.119032545015216,0.210982074495405,0.0698687872771093,0.22207170188256,NA,NA
"TD","TD",49,100,-131.18,NA,NA,266.36,274.13,0.931592519162223,0.648705839645118,0.867135025141035,0.765971437249148,NA,NA
"TD","TD",50,100,-90.81,NA,NA,185.62,193.39,0.753800751408562,2.89878896835935,0.810834721871969,1.33865691310128,NA,NA
"TD","TD",51,100,-178.2,NA,NA,360.4,368.17,0.080542077543214,0.38312963815406,0.0646851260679588,0.39362303916804,NA,NA
"TD","TD",52,100,-192.61,NA,NA,389.22,396.99,0.0462017410900444,0.577519766520709,0.0434130398374939,0.646276628372441,NA,NA
"TD","TD",53,100,-118.59,NA,NA,241.18,248.95,0.407168375095353,0.8810732345608,0.173673792890572,0.859120859601115,NA,NA
"TD","TD",54,100,-148.63,NA,NA,301.26,309.03,0.960197768406942,0.629818245768547,0.89072470359643,5,NA,NA
"TD","TD",55,100,-199.68,NA,NA,403.36,411.13,0.745619997614995,0.0838289222957155,0.714398679871843,0.0694962684466803,NA,NA
"TD","TD",56,100,-190.25,NA,NA,384.5,392.27,0.387793875532225,0.184212701395154,0.535700536453533,0.12326727659129,NA,NA
"TD","TD",57,100,-156.7,NA,NA,317.4,325.17,0.640330957481638,0.323464683257043,0.702155215203773,0.304534061404836,NA,NA
"TD","TD",58,100,-189.82,NA,NA,383.64,391.41,0.46626549679786,0.183777129743248,0.497036529529957,0.131088774836265,NA,NA
"TD","TD",59,100,-101.18,NA,NA,206.36,214.13,0.781977394130081,1.17335850927503,0.812236083525928,1.09500280829566,NA,NA
"TD","TD",60,100,-204.12,NA,NA,412.24,420.01,0.185236022341996,0.162097267924749,0.160229195019422,0.102432824963838,NA,NA
"TD","TD",61,100,-181.34,NA,NA,366.68,374.45,0.703108243644238,0.190494351089001,0.743868483278149,0.156193764904677,NA,NA
"TD","TD",62,100,-112.27,NA,NA,228.54,236.31,0.540940156206489,1.71158919288757,0.360974799409241,0.878692533607696,NA,NA
"TD","TD",63,100,-112.92,NA,NA,229.84,237.61,0.265401779906824,1.94766673623564,0.171743189849832,1.12099708109797,NA,NA
"TD","TD",64,100,-177.73,NA,NA,359.46,367.23,0.897607917198911,0.209870352875441,0.801151590829929,0.203642859236694,NA,NA
"TD","TD",65,100,-214.65,NA,NA,433.3,441.07,0.398145136190578,0.0485801249742508,0.588199035202114,0.0437629721294848,NA,NA
"TD","TD",66,100,-145.38,NA,NA,294.76,302.53,0.470244030002505,0.370898498687893,0.451151826393834,0.329642805766029,NA,NA
"TD","TD",67,100,-101.13,NA,NA,206.26,214.03,0.824348853668198,1.18002879429133,0.810130624011289,1.07245929061227,NA,NA
"TD","TD",68,100,-159.89,NA,NA,323.78,331.55,0.503097830805928,0.322839245665818,0.703524226231636,0.290319012811672,NA,NA
"TD","TD",69,100,-123.78,NA,NA,251.56,259.33,0.361050225095823,1.17336245528878,0.148943764062262,0.984225262725526,NA,NA
"TD","TD",70,100,-182.78,NA,NA,369.56,377.33,0.964988884748891,0.189227518625557,0.829628284998421,0.146672914517045,NA,NA
"TD","TD",71,100,-90.83,NA,NA,185.66,193.43,0.789667062694207,2.04544003671947,0.824547936631945,1.61491743206567,NA,NA
"TD","TD",72,100,-94.92,NA,NA,193.84,201.61,0.628910263301805,2.95466302318459,0.798639469125984,1.17756531616242,NA,NA
"TD","TD",73,100,-143.95,NA,NA,291.9,299.67,0.415234696352854,0.710676135453296,0.191386931467962,0.874619705662859,NA,NA
"TD","TD",74,100,-112.66,NA,NA,229.32,237.09,0.857857148861513,0.936107955831003,0.870085182595334,1.91530571464036,NA,NA
"TD","TD",75,100,-180.09,NA,NA,364.18,371.95,0.629901704145595,0.199268886353821,0.701086403115104,0.171271691302267,NA,NA
"TD","TD",76,100,-158.15,NA,NA,320.3,328.07,0.359289909945801,0.364497002285354,0.184628150867717,0.392999244746038,NA,NA
"TD","TD",77,100,-118.88,NA,NA,241.76,249.53,0.446684151422232,1.46860518856885,0.171488228791958,0.888230919257911,NA,NA
"TD","TD",78,100,-139.08,NA,NA,282.16,289.93,0.378760501742363,0.432298531290144,0.167893592511313,0.548465731744787,NA,NA
"TD","TD",79,100,-144.32,NA,NA,292.64,300.41,0.372670353855938,0.686002678703517,0.190717949496207,0.837335277845174,NA,NA
"TD","TD",80,100,-137.81,NA,NA,279.62,287.39,0.428967847023159,0.430095953866839,0.266396866240558,0.446022358801947,NA,NA
"TD","TD",81,100,-220.96,NA,NA,445.92,453.69,0.111280993092805,0.0420480497825296,0.0370655446143656,0.0367046737994982,NA,NA
"TD","TD",82,100,-122.67,NA,NA,249.34,257.11,0.142161799827591,1.60663627263189,0.116146659239988,1.16753366170302,NA,NA
"TD","TD",83,100,-90.89,NA,NA,185.78,193.55,0.779834397835657,3.55762586234994,0.838341600171406,2.05068117524897,NA,NA
"TD","TD",84,100,-153.04,NA,NA,310.08,317.85,0.386252531083301,0.630521601997316,0.152632528772239,0.822611471977031,NA,NA
"TD","TD",85,100,-178.86,NA,NA,361.72,369.49,0.23896856745705,0.3059749789536,0.142975662733975,0.318361449217144,NA,NA
"TD","TD",86,100,-194.21,NA,NA,392.42,400.19,0.670282299863175,0.116263606119901,0.530968355672462,0.112283048050009,NA,NA
"TD","TD",87,100,-122.79,NA,NA,249.58,257.35,0.560497718863189,0.79223784707011,0.69333939843392,0.68484411768209,NA,NA
"TD","TD",88,100,-182.89,NA,NA,369.78,377.55,0.915246691787615,0.194212660659105,0.839065978447293,0.152451800011712,NA,NA
"TD","TD",89,100,-114.71,NA,NA,233.42,241.19,0.589335348224267,0.931611171881569,0.730778862047292,0.750033968985755,NA,NA
"TD","TD",90,100,-138.73,NA,NA,281.46,289.23,0.987134294584394,0.600823707412928,0.887998854663797,0.734404979369412,NA,NA
"TD","TD",91,100,-135.72,NA,NA,275.44,283.21,0.401124990079552,0.436571269761771,0.24480064710752,0.481191945793851,NA,NA
"TD","TD",92,100,-208.22,NA,NA,420.44,428.21,0.565618214197457,0.0649159974418581,0.0412926252867235,0.06863492196644,NA,NA
"TD","TD",93,100,-187.25,NA,NA,378.5,386.27,0.125127220060676,0.546449628192931,0.102313457548006,0.627242297049949,NA,NA
"TD","TD",94,100,-109.98,NA,NA,223.96,231.73,0.791645931312814,0.766796249431272,0.795738703611469,0.852709183667783,NA,NA
"TD","TD",95,100,-208.26,NA,NA,420.52,428.29,0.0988319513853639,0.092432988807559,0.0364043715564655,0.0592959219334977,NA,NA
"TD","TD",96,100,-131.79,NA,NA,267.58,275.35,0.333673485321924,0.79963922020125,0.143631898859505,0.881617466802099,NA,NA
"TD","TD",97,100,-180.94,NA,NA,365.88,373.65,0.10172016825527,0.620830333791673,0.0847633044141058,0.702808738096289,NA,NA
"TD","TD",98,100,-201.48,NA,NA,406.96,414.73,0.0187283449340612,0.165121834239408,0.0171696243467749,0.158580222261774,NA,NA
"TD","TD",99,100,-129.68,NA,NA,263.36,271.13,0.461979309096932,0.880842309403134,0.199761190087928,0.759663316640527,NA,NA
"TD","TD",100,100,-106.83,NA,NA,217.66,225.43,0.729020358063281,0.83565291385622,0.791565879877415,0.897061666183667,NA,NA
"TD","RSTD",1,100,-112.74,NA,NA,231.48,243.14,0.643091264180839,0.83357874206723,0.575102334215733,0.721327803385337,0.818607763181951,NA
"TD","RSTD",2,100,-94.94,NA,NA,195.88,207.54,0.724670132622123,1.43561604238095,0.430311508025851,0.654798574379206,1.28113011068855,NA
"TD","RSTD",3,100,-101.28,NA,NA,208.56,220.22,0.950232450617477,2.03779015681686,0.143150018916399,0.437896940938766,1.24284058422734,NA
"TD","RSTD",4,100,-200.82,NA,NA,407.64,419.3,0.682289758697152,0.0720224548131227,0.575806487726444,0.741665326882691,0.0738445538407772,NA
"TD","RSTD",5,100,-135.87,NA,NA,277.74,289.4,0.200363578274846,1.00568439900399,0.242449235805458,0.22808800470805,0.816641715029386,NA
"TD","RSTD",6,100,-170.27,NA,NA,346.54,358.2,0.321220333920792,0.298665664158762,0.24008847233868,0.20102445421549,0.28273590378148,NA
"TD","RSTD",7,100,-214.91,NA,NA,435.82,447.48,0.571441247593611,0.0502132950350642,0.623246974450794,0.453952223881612,0.0432967290012842,NA
"TD","RSTD",8,100,-146.42,NA,NA,298.84,310.5,0.973066303646192,0.392999498639256,0.592926239489296,0.769504263858555,0.315405072511665,NA
"TD","RSTD",9,100,-255.45,NA,NA,516.9,528.56,0.895209939451888,0.0054737395918251,0.139572119195577,0,0.00358016243955743,NA
"TD","RSTD",10,100,-161.41,NA,NA,328.82,340.48,0.0494146177079529,0.507862410508096,0.0371412127214372,0.0311160091924751,0.540808034885702,NA
"TD","RSTD",11,100,-201.51,NA,NA,409.02,420.68,0.197620301274583,0.18983699940145,0.123272302882291,0.0983945224468129,0.154897000719643,NA
"TD","RSTD",12,100,-194.08,NA,NA,394.16,405.82,0.0560640415642411,0.566026730462909,0.0423434340131363,0.0355350522863938,0.591459463624857,NA
"TD","RSTD",13,100,-138.27,NA,NA,282.54,294.2,0.051307131536305,1.23247370731968,0.0346629811799072,0.0285388593322054,1.13617925750734,NA
"TD","RSTD",14,100,-177.62,NA,NA,361.24,372.9,0.989872474921867,0.208000437050192,0.855336579232367,0.808306940380266,0.214583737520399,NA
"TD","RSTD",15,100,-139.33,NA,NA,284.66,296.32,0.711294803768396,0.57632797351107,0.601310309154495,0.696333854959751,0.609101902791781,NA
"TD","RSTD",16,100,-249.53,NA,NA,505.06,516.72,0.0768930825870484,0.00966986734420061,0.501389184948975,0.957204519605011,0,NA
"TD","RSTD",17,100,-90.49,NA,NA,186.98,198.64,0.797194604296237,2.5054881726885,0.255034416304968,0.559941055033184,4.60158840047408,NA
"TD","RSTD",18,100,-99.62,NA,NA,205.24,216.9,0.731893435353413,1.27495420533688,0.397179282886033,0.659628105804887,1.76664503818622,NA
"TD","RSTD",19,100,-106.85,NA,NA,219.7,231.36,0.809085062006488,0.797056699129653,0.496959638000617,0.701121702093717,0.929088675978092,NA
"TD","RSTD",20,100,-111.46,NA,NA,228.92,240.58,0.511981163173914,2.39124982816227,0.292686447075839,0.315429537101802,0.938990888204455,NA
"TD","RSTD",21,100,-116.28,NA,NA,238.56,250.22,0.226354157319292,1.66897989056053,0.145166791360376,0.135904423479428,1.08549362871526,NA
"TD","RSTD",22,100,-127.34,NA,NA,260.68,272.34,0.300222688354552,0.955442077438247,0.150409537417923,0.146577724239598,0.927415712603274,NA
"TD","RSTD",23,100,-101.06,NA,NA,208.12,219.78,0.984172471100464,1.69604673600736,0.14776934062404,0.450955133904886,1.12193555519742,NA
"TD","RSTD",24,100,-175.38,NA,NA,356.76,368.42,0.540354023920372,0.234106497689865,0.652368375427074,0.575215221652542,0.183820843632693,NA
"TD","RSTD",25,100,-157.01,NA,NA,320.02,331.68,0.870058757020161,0.327183235902339,0.899826526791287,0.821573231557917,0.317981360404174,NA
"TD","RSTD",26,100,-143.62,NA,NA,293.24,304.9,0.0660558908712119,1.97567781611326,0.915278478207357,0.238246045348589,0.891278483909233,NA
"TD","RSTD",27,100,-170.63,NA,NA,347.26,358.92,0.973287776112556,0.260513227898628,0.61793219473572,0.778807760866609,0.254118015384749,NA
"TD","RSTD",28,100,-133.34,NA,NA,272.68,284.34,0.290595552418381,1.05573849655212,0.351685897909636,0.257624642921127,0.774810955236793,NA
"TD","RSTD",29,100,-175.9,NA,NA,357.8,369.46,0.988910319516435,0.211397308856249,0.757776742210831,0.842211294530986,0.208612484317769,NA
"TD","RSTD",30,100,-113.48,NA,NA,232.96,244.62,0.329378831898794,2.0851063261411,0.502793142306248,0.331890433015838,0.973361146402044,NA
"TD","RSTD",31,100,-179.59,NA,NA,365.18,376.84,0.11878991080448,0.835414388175023,0.997309984772216,0.29950148235928,0.663092019444521,NA
"TD","RSTD",32,100,-197.03,NA,NA,400.06,411.72,0.0508385861758143,0.410096168983728,0.496039670819812,0.888528840616063,0.108498076001319,NA
"TD","RSTD",33,100,-115.74,NA,NA,237.48,249.14,0.684979062527418,0.756628525771442,0.604464721884217,0.730695784136456,0.800221362389155,NA
"TD","RSTD",34,100,-206.16,NA,NA,418.32,429.98,0.842564480379224,0.0599249633960426,0.123530921340857,0.0850607800606789,0.125557202056751,NA
"TD","RSTD",35,100,-112.06,NA,NA,230.12,241.78,0.27115519088693,2.69503675574873,0.419021461607488,0.278881919043971,1.00735516304697,NA
"TD","RSTD",36,100,-123.24,NA,NA,252.48,264.14,0.779200294986367,0.457588243763894,0.892229458726595,0.807856976228591,0.478709230139086,NA
"TD","RSTD",37,100,-101.06,NA,NA,208.12,219.78,0.982565350597724,3.92570209977795,0.148497676429226,0.45030914119325,1.12092607678152,NA
"TD","RSTD",38,100,-175.23,NA,NA,356.46,368.12,0.533772448310629,0.225168376229703,0.236191681866157,0.22339731362188,0.24966828691206,NA
"TD","RSTD",39,100,-119.39,NA,NA,244.78,256.44,0.128862570039928,1.75030500992181,0.0987707916881657,0.0794749410191503,1.28612713672446,NA
"TD","RSTD",40,100,-206.88,NA,NA,419.76,431.42,0.420502026332542,0.0828633031448371,0.494905370175862,0.233879937373158,0.0660033631692642,NA
"TD","RSTD",41,100,-109.08,NA,NA,224.16,235.82,0.860091791022569,1.2001721150753,0.485270452792659,0.730794999822631,0.960966996768458,NA
"TD","RSTD",42,100,-159.91,NA,NA,325.82,337.48,0.633000507717952,0.316391955215622,0.469991774701411,0.465747176085393,0.264494118973947,NA
"TD","RSTD",43,100,-108.27,NA,NA,222.54,234.2,0.512010124279186,2.01376353887389,0.166317724551408,0.206874168662354,1.1086335165334,NA
"TD","RSTD",44,100,-111.86,NA,NA,229.72,241.38,0.4054856733419,3.89528230370438,0.296729542338344,0.275683965671671,1.00866411193131,NA
"TD","RSTD",45,100,-177.34,NA,NA,360.68,372.34,0.319981756620109,0.264156529679894,0.193208441265368,0.166414729970244,0.282035534273709,NA
"TD","RSTD",46,100,-111.2,NA,NA,228.4,240.06,0.947748523205519,1.36391219958187,0.542517637518572,0.803281769034172,1.07166478072614,NA
"TD","RSTD",47,100,-116.05,NA,NA,238.1,249.76,0.885661983396858,1.4762263855988,0.610291049682438,0.799093052181135,0.962286713829414,NA
"TD","RSTD",48,100,-199.56,NA,NA,405.12,416.78,0.119032545015216,0.210982074495405,0.0689062246750047,0.0577604653128763,0.226568407147749,NA
"TD","RSTD",49,100,-155.83,NA,NA,317.66,329.32,0.931592519162223,0.648705839645118,0.0606645670325015,0.0730839753395921,1.00678028203476,NA
"TD","RSTD",50,100,-90.8,NA,NA,187.6,199.26,0.753800751408562,2.89878896835935,0.570317515035964,0.728754658672738,1.22044609848142,NA
"TD","RSTD",51,100,-178.15,NA,NA,362.3,373.96,0.080542077543214,0.38312963815406,0.0655970385194244,0.0622289938535108,0.393219641713205,NA
"TD","RSTD",52,100,-196.07,NA,NA,398.14,409.8,0.0462017410900444,0.577519766520709,0.0166154222895737,0,0.427406556783425,NA
"TD","RSTD",53,100,-117.25,NA,NA,240.5,252.16,0.407168375095353,0.8810732345608,0.15458351915313,0.175656527448225,0.935924769084568,NA
"TD","RSTD",54,100,-164.14,NA,NA,334.28,345.94,0.960197768406942,0.629818245768547,0.0557790139939575,0.0634276202774787,0.829748813612336,NA
"TD","RSTD",55,100,-204.48,NA,NA,414.96,426.62,0.745619997614995,0.0838289222957155,0.210492287282035,0.163315127342708,0.1208541261315,NA
"TD","RSTD",56,100,-192.97,NA,NA,391.94,403.6,0.387793875532225,0.184212701395154,0.186104986900475,0.146323114339589,0.177305565202846,NA
"TD","RSTD",57,100,-155.27,NA,NA,316.54,328.2,0.640330957481638,0.323464683257043,0.899839471457359,0.731606646229484,0.306138081658932,NA
"TD","RSTD",58,100,-190.03,NA,NA,386.06,397.72,0.46626549679786,0.183777129743248,0.459086280955297,0.336319657728414,0.122044157836652,NA
"TD","RSTD",59,100,-102.27,NA,NA,210.54,222.2,0.781977394130081,1.17335850927503,0.425372399201356,0.70476959125466,2.05684443588959,NA
"TD","RSTD",60,100,-203.99,NA,NA,413.98,425.64,0.185236022341996,0.162097267924749,0.604505716469104,0.890251003686442,0.0615433040870673,NA
"TD","RSTD",61,100,-180.97,NA,NA,367.94,379.6,0.703108243644238,0.190494351089001,0.845675637943712,0.732719602784847,0.157495810665601,NA
"TD","RSTD",62,100,-107.47,NA,NA,220.94,232.6,0.540940156206489,1.71158919288757,0.174159221286969,0.238834133889554,1.04882252683728,NA
"TD","RSTD",63,100,-111.08,NA,NA,228.16,239.82,0.265401779906824,1.94766673623564,0.300814914537161,0.239956907588704,1.09065606102177,NA
"TD","RSTD",64,100,-181.11,NA,NA,368.22,379.88,0.897607917198911,0.209870352875441,0.262957788435028,0.331076586158863,0.219169690384862,NA
"TD","RSTD",65,100,-217.68,NA,NA,441.36,453.02,0.398145136190578,0.0485801249742508,0.0343086932507794,0,0.0403121664606977,NA
"TD","RSTD",66,100,-142.58,NA,NA,291.16,302.82,0.470244030002505,0.370898498687893,0.883847930650847,0.70226965025469,0.350362465452707,NA
"TD","RSTD",67,100,-102.08,NA,NA,210.16,221.82,0.824348853668198,1.18002879429133,0.593933632585631,0.793774473000221,2.24533179716939,NA
"TD","RSTD",68,100,-159.18,NA,NA,324.36,336.02,0.503097830805928,0.322839245665818,0.725083849865352,0.644669442586373,0.281915788652783,NA
"TD","RSTD",69,100,-123.77,NA,NA,253.54,265.2,0.361050225095823,1.17336245528878,0.154529682808532,0.152565908188043,0.960842197253357,NA
"TD","RSTD",70,100,-181.94,NA,NA,369.88,381.54,0.964988884748891,0.189227518625557,0.974609686139698,0.828558047863409,0.170369817734016,NA
"TD","RSTD",71,100,-90.44,NA,NA,186.88,198.54,0.789667062694207,2.04544003671947,0.3204149228305,0.630680938807638,3.30414065698839,NA
"TD","RSTD",72,100,-94.86,NA,NA,195.72,207.38,0.628910263301805,2.95466302318459,0.454059022423107,0.66622812867436,1.22069094411586,NA
"TD","RSTD",73,100,-144.13,NA,NA,294.26,305.92,0.415234696352854,0.710676135453296,0.274454774406091,0.251491329147834,0.711210324269289,NA
"TD","RSTD",74,100,-106.87,NA,NA,219.74,231.4,0.857857148861513,0.936107955831003,0.345487778540839,0.643808347074885,0.941238736325036,NA
"TD","RSTD",75,100,-180.04,NA,NA,366.08,377.74,0.629901704145595,0.199268886353821,0.794184389633838,0.751313087659693,0.182253276247216,NA
"TD","RSTD",76,100,-157.91,NA,NA,321.82,333.48,0.359289909945801,0.364497002285354,0.198995873846598,0.182508002309994,0.378451758662656,NA
"TD","RSTD",77,100,-117.28,NA,NA,240.56,252.22,0.446684151422232,1.46860518856885,0.170009368124126,0.201115847981594,0.954136228554499,NA
"TD","RSTD",78,100,-139.08,NA,NA,284.16,295.82,0.378760501742363,0.432298531290144,0.167829746533559,0.167973169120188,0.543781790189942,NA
"TD","RSTD",79,100,-144.53,NA,NA,295.06,306.72,0.372670353855938,0.686002678703517,0.212723045422206,0.212626538844974,0.751497513654785,NA
"TD","RSTD",80,100,-141.87,NA,NA,289.74,301.4,0.428967847023159,0.430095953866839,0.559698671391278,0.482899966948637,0.349485657021238,NA
"TD","RSTD",81,100,-220.67,NA,NA,447.34,459,0.111280993092805,0.0420480497825296,0.025854236703234,0,0.0365398981899132,NA
"TD","RSTD",82,100,-119.77,NA,NA,245.54,257.2,0.142161799827591,1.60663627263189,0.109649216724303,0.0918094637102416,1.15801252564604,NA
"TD","RSTD",83,100,-90.64,NA,NA,187.28,198.94,0.779834397835657,3.55762586234994,0.484297758692164,0.69832533815453,1.41868855812449,NA
"TD","RSTD",84,100,-152.9,NA,NA,311.8,323.46,0.386252531083301,0.630521601997316,0.146594283172848,0.152393793469656,0.851743919186494,NA
"TD","RSTD",85,100,-176.83,NA,NA,359.66,371.32,0.23896856745705,0.3059749789536,0.148196120337816,0.106070634942086,0.289486147907607,NA
"TD","RSTD",86,100,-194.43,NA,NA,394.86,406.52,0.670282299863175,0.116263606119901,0.572135704741837,0.495926137877727,0.114077552048349,NA
"TD","RSTD",87,100,-121.11,NA,NA,248.22,259.88,0.560497718863189,0.79223784707011,0.22095156655326,0.346769487376233,0.773404247447085,NA
"TD","RSTD",88,100,-181.95,NA,NA,369.9,381.56,0.915246691787615,0.194212660659105,1,0.807675935095658,0.161380548061763,NA
"TD","RSTD",89,100,-112.4,NA,NA,230.8,242.46,0.589335348224267,0.931611171881569,0.216375036817969,0.351242099105499,0.868539568918913,NA
"TD","RSTD",90,100,-135.29,NA,NA,276.58,288.24,0.987134294584394,0.600823707412928,0.956380199471282,0.870615487840755,0.703772035549922,NA
"TD","RSTD",91,100,-135.55,NA,NA,277.1,288.76,0.401124990079552,0.436571269761771,0.233160684453418,0.249700975112902,0.495911062842721,NA
"TD","RSTD",92,100,-204.68,NA,NA,415.36,427.02,0.565618214197457,0.0649159974418581,0.348087310628512,0.897687108712574,0.0583371135215023,NA
"TD","RSTD",93,100,-186.19,NA,NA,378.38,390.04,0.125127220060676,0.546449628192931,0.116303066459867,0.0997549380612363,0.538322600446168,NA
"TD","RSTD",94,100,-109.91,NA,NA,225.82,237.48,0.791645931312814,0.766796249431272,0.637568987433488,0.753488027052263,0.859306334004091,NA
"TD","RSTD",95,100,-207.7,NA,NA,421.4,433.06,0.0988319513853639,0.092432988807559,0.0335708558687943,0.00700798681972442,0.0610767717491577,NA
"TD","RSTD",96,100,-151.26,NA,NA,308.52,320.18,0.333673485321924,0.79963922020125,0.126338373995081,0.148470142747296,4.06379239437991,NA
"TD","RSTD",97,100,-180.87,NA,NA,367.74,379.4,0.10172016825527,0.620830333791673,0.0843899740648469,0.0812137368888641,0.711046449144598,NA
"TD","RSTD",98,100,-201.04,NA,NA,408.08,419.74,0.0187283449340612,0.165121834239408,0.0133773103847843,0,0.149682673286505,NA
"TD","RSTD",99,100,-127.17,NA,NA,260.34,272,0.461979309096932,0.880842309403134,0.169280911986769,0.205863713446916,0.840222604038172,NA
"TD","RSTD",100,100,-106.75,NA,NA,219.5,231.16,0.729020358063281,0.83565291385622,0.612593737310745,0.742611172066274,0.875884396262776,NA
"TD","Utility",1,100,-112.95,NA,NA,231.9,243.56,0.643091264180839,0.83357874206723,0.866565146972813,0.657048770045315,4.27766117673934,NA
"TD","Utility",2,100,-94.93,NA,NA,195.86,207.52,0.724670132622123,1.43561604238095,0.803850881021946,0.992310771445869,1.24312142370847,NA
"TD","Utility",3,100,-104.25,NA,NA,214.5,226.16,0.950232450617477,2.03779015681686,0.886771530656586,1,5,NA
"TD","Utility",4,100,-201.49,NA,NA,408.98,420.64,0.682289758697152,0.0720224548131227,0.760797159280937,0.950699418172844,0.0779596157529523,NA
"TD","Utility",5,100,-128.61,NA,NA,263.22,274.88,0.200363578274846,1.00568439900399,0.126303802509039,0.894009427262522,1.51774754670486,NA
"TD","Utility",6,100,-170.47,NA,NA,346.94,358.6,0.321220333920792,0.298665664158762,0.16318299150772,0.930302807485165,0.464647634417514,NA
"TD","Utility",7,100,-214.61,NA,NA,435.22,446.88,0.571441247593611,0.0502132950350642,0.776821890403084,0.27237550436977,0.594083914495282,NA
"TD","Utility",8,100,-140.72,NA,NA,287.44,299.1,0.973066303646192,0.392999498639256,0.916693787849283,0.562871887853383,3.66985130159727,NA
"TD","Utility",9,100,-249.53,NA,NA,505.06,516.72,0.895209939451888,0.0054737395918251,0.685733978256552,0.0228810479345269,0,NA
"TD","Utility",10,100,-161.55,NA,NA,329.1,340.76,0.0494146177079529,0.507862410508096,0.0151901064838798,0.600277841957257,3.808785711566,NA
"TD","Utility",11,100,-201.52,NA,NA,409.04,420.7,0.197620301274583,0.18983699940145,0.0869433057731911,1,0.187614287785412,NA
"TD","Utility",12,100,-194.56,NA,NA,395.12,406.78,0.0560640415642411,0.566026730462909,0.0234237704636307,0.70803548218674,2.56123885818483,NA
"TD","Utility",13,100,-197.47,NA,NA,400.94,412.6,0.051307131536305,1.23247370731968,0.0113073289280175,0.367881004508154,5,NA
"TD","Utility",14,100,-177.67,NA,NA,361.34,373,0.989872474921867,0.208000437050192,0.809653737808281,0.999899038919406,0.203911525034236,NA
"TD","Utility",15,100,-140.53,NA,NA,287.06,298.72,0.711294803768396,0.57632797351107,0.667356097018743,1,0.578404622647468,NA
"TD","Utility",16,100,-249.53,NA,NA,505.06,516.72,0.0768930825870484,0.00966986734420061,0.370660282249442,0.672525906690491,0,NA
"TD","Utility",17,100,-90.8,NA,NA,187.6,199.26,0.797194604296237,2.5054881726885,0.815023985259038,1,1.40074945541143,NA
"TD","Utility",18,100,-98.79,NA,NA,203.58,215.24,0.731893435353413,1.27495420533688,0.832804603684932,0.829282024820892,2.37015882935026,NA
"TD","Utility",19,100,-106.76,NA,NA,219.52,231.18,0.809085062006488,0.797056699129653,0.809369883980196,0.96548149410424,1.05278507621267,NA
"TD","Utility",20,100,-111.57,NA,NA,229.14,240.8,0.511981163173914,2.39124982816227,0.21669045436628,1,0.916812502222286,NA
"TD","Utility",21,100,-116.33,NA,NA,238.66,250.32,0.226354157319292,1.66897989056053,0.134245009290172,0.914266762897783,1.62101131405988,NA
"TD","Utility",22,100,-127.54,NA,NA,261.08,272.74,0.300222688354552,0.955442077438247,0.14677164354483,0.927021182717168,1.27973888202063,NA
"TD","Utility",23,100,-105.4,NA,NA,216.8,228.46,0.984172471100464,1.69604673600736,0.895228411549517,0.906775106210666,4.3363123669763,NA
"TD","Utility",24,100,-176.36,NA,NA,358.72,370.38,0.540354023920372,0.234106497689865,0.815220741128987,0.650306368601311,1.13659072384583,NA
"TD","Utility",25,100,-157.39,NA,NA,320.78,332.44,0.870058757020161,0.327183235902339,0.890787187882122,0.615191521546615,2.10123406882665,NA
"TD","Utility",26,100,-108.17,NA,NA,222.34,234,0.0660558908712119,1.97567781611326,0.0508698297521368,0.905191718224157,3.53454009054451,NA
"TD","Utility",27,100,-168.62,NA,NA,343.24,354.9,0.973287776112556,0.260513227898628,0.928894395863924,0.430931500277863,4.82090481762947,NA
"TD","Utility",28,100,-126.07,NA,NA,258.14,269.8,0.290595552418381,1.05573849655212,0.146544575533683,0.942053285596467,1.2141705451876,NA
"TD","Utility",29,100,-175.38,NA,NA,356.76,368.42,0.988910319516435,0.211397308856249,0.932641396533444,0.402775835327625,5,NA
"TD","Utility",30,100,-114,NA,NA,234,245.66,0.329378831898794,2.0851063261411,0.287437938761624,0.802781196624172,2.51165331631789,NA
"TD","Utility",31,100,-135.66,NA,NA,277.32,288.98,0.11878991080448,0.835414388175023,0.0863179926365,0.91625334555528,1.43302486944606,NA
"TD","Utility",32,100,-175.81,NA,NA,357.62,369.28,0.0508385861758143,0.410096168983728,0.0316894810852076,0.884732183341969,0.712894362248965,NA
"TD","Utility",33,100,-115.87,NA,NA,237.74,249.4,0.684979062527418,0.756628525771442,0.822753011550775,0.851828627140447,1.58392588665498,NA
"TD","Utility",34,100,-202.78,NA,NA,411.56,423.22,0.842564480379224,0.0599249633960426,0.858151921957402,0.0661624401949246,1.79738955092121,NA
"TD","Utility",35,100,-112.28,NA,NA,230.56,242.22,0.27115519088693,2.69503675574873,0.22271967241364,0.842618682231544,2.13956257508691,NA
"TD","Utility",36,100,-124.09,NA,NA,254.18,265.84,0.779200294986367,0.457588243763894,0.807375732850725,0.991413959977314,0.507299160440073,NA
"TD","Utility",37,100,-105.67,NA,NA,217.34,229,0.982565350597724,3.92570209977795,0.900716660313462,0.854593641463381,5,NA
"TD","Utility",38,100,-177.85,NA,NA,361.7,373.36,0.533772448310629,0.225168376229703,0.882309150226742,0.432354443595383,3.66403158680081,NA
"TD","Utility",39,100,-120.76,NA,NA,247.52,259.18,0.128862570039928,1.75030500992181,0.0958333342476038,0.89598888473105,1.97009563106187,NA
"TD","Utility",40,100,-204.02,NA,NA,414.04,425.7,0.420502026332542,0.0828633031448371,0.952769358309303,0.229669075973708,0.930940771050162,NA
"TD","Utility",41,100,-110.56,NA,NA,227.12,238.78,0.860091791022569,1.2001721150753,0.893689471423729,0.667401310546349,4.76571259354512,NA
"TD","Utility",42,100,-157.62,NA,NA,321.24,332.9,0.633000507717952,0.316391955215622,0.843052768681192,0.579789293676396,2.37280258133585,NA
"TD","Utility",43,100,-111.61,NA,NA,229.22,240.88,0.512010124279186,2.01376353887389,0.243235179364191,1,0.916598265955236,NA
"TD","Utility",44,100,-110.36,NA,NA,226.72,238.38,0.4054856733419,3.89528230370438,0.377070010909415,0.702647997163938,4.07247143364308,NA
"TD","Utility",45,100,-187.31,NA,NA,380.62,392.28,0.319981756620109,0.264156529679894,0.84640013005677,0.436045458093771,3.19246112561192,NA
"TD","Utility",46,100,-287.31,NA,NA,580.62,592.28,0.947748523205519,1.36391219958187,0.01,0.01,0.01,NA
"TD","Utility",47,100,-116.66,NA,NA,239.32,250.98,0.885661983396858,1.4762263855988,0.844622064882554,1,0.927225654288445,NA
"TD","Utility",48,100,-202.21,NA,NA,410.42,422.08,0.119032545015216,0.210982074495405,0.00780158118500786,0.304416452627991,4.46373718222585,NA
"TD","Utility",49,100,-131.58,NA,NA,269.16,280.82,0.931592519162223,0.648705839645118,0.914696677298113,0.651461320867862,4.01725857744571,NA
"TD","Utility",50,100,-90.82,NA,NA,187.64,199.3,0.753800751408562,2.89878896835935,0.808802335954216,1,1.30431128841074,NA
"TD","Utility",51,100,-179.97,NA,NA,365.94,377.6,0.080542077543214,0.38312963815406,0.0181152053737458,0.566429160343328,3.42695659267462,NA
"TD","Utility",52,100,-191.62,NA,NA,389.24,400.9,0.0462017410900444,0.577519766520709,0.0158400309003408,0.615431794232988,4.09783011239773,NA
"TD","Utility",53,100,-118.59,NA,NA,243.18,254.84,0.407168375095353,0.8810732345608,0.179984958659044,1,0.85764720597125,NA
"TD","Utility",54,100,-138.82,NA,NA,283.64,295.3,0.960197768406942,0.629818245768547,0.902623341320372,0.883252690935657,1.25402414859817,NA
"TD","Utility",55,100,-199.67,NA,NA,405.34,417,0.745619997614995,0.0838289222957155,0.791291973181031,0.9957119610114,0.067971545264714,NA
"TD","Utility",56,100,-193.26,NA,NA,392.52,404.18,0.387793875532225,0.184212701395154,0.576147469024245,0.486372857666979,0.630479485938868,NA
"TD","Utility",57,100,-156.39,NA,NA,318.78,330.44,0.640330957481638,0.323464683257043,0.879955991778115,0.44712527086304,5,NA
"TD","Utility",58,100,-190.48,NA,NA,386.96,398.62,0.46626549679786,0.183777129743248,0.563119954167333,0.804348496791735,0.266053523754485,NA
"TD","Utility",59,100,-101.18,NA,NA,208.36,220.02,0.781977394130081,1.17335850927503,0.81612492649627,0.962757932921404,1.2633849898292,NA
"TD","Utility",60,100,-203.8,NA,NA,413.6,425.26,0.185236022341996,0.162097267924749,0.0126810430418716,0.426769533431994,2.97524579491105,NA
"TD","Utility",61,100,-181.93,NA,NA,369.86,381.52,0.703108243644238,0.190494351089001,0.860651853454724,0.582222738878798,1.35162183744846,NA
"TD","Utility",62,100,-112.28,NA,NA,230.56,242.22,0.540940156206489,1.71158919288757,0.347658767223282,1,0.894219091691629,NA
"TD","Utility",63,100,-110.96,NA,NA,227.92,239.58,0.265401779906824,1.94766673623564,0.251154459571244,0.777801109330933,3.08861117205587,NA
"TD","Utility",64,100,-177.84,NA,NA,361.68,373.34,0.897607917198911,0.209870352875441,0.815338019517595,0.936915314535131,0.276397469226319,NA
"TD","Utility",65,100,-214.86,NA,NA,435.72,447.38,0.398145136190578,0.0485801249742508,0.975148981927605,0.246138076149837,0.605117090993366,NA
"TD","Utility",66,100,-144.92,NA,NA,295.84,307.5,0.470244030002505,0.370898498687893,0.866715354907882,0.470643113865188,5,NA
"TD","Utility",67,100,-101.15,NA,NA,208.3,219.96,0.824348853668198,1.18002879429133,0.845045909027524,0.841312026432791,2.25291006253267,NA
"TD","Utility",68,100,-159.75,NA,NA,325.5,337.16,0.503097830805928,0.322839245665818,0.877209096148881,0.436102448211949,5,NA
"TD","Utility",69,100,-123.78,NA,NA,253.56,265.22,0.361050225095823,1.17336245528878,0.150463880804773,0.979580506601785,1.07184001915201,NA
"TD","Utility",70,100,-183.3,NA,NA,372.6,384.26,0.964988884748891,0.189227518625557,0.899669169352591,0.721640162728305,0.673023394599396,NA
"TD","Utility",71,100,-90.86,NA,NA,187.72,199.38,0.789667062694207,2.04544003671947,0.867615706628679,0.732344572375368,5,NA
"TD","Utility",72,100,-94.95,NA,NA,195.9,207.56,0.628910263301805,2.95466302318459,0.861582102976617,0.721377243498343,4.48106385048079,NA
"TD","Utility",73,100,-143.95,NA,NA,293.9,305.56,0.415234696352854,0.710676135453296,0.192002028999891,1,0.876377739072487,NA
"TD","Utility",74,100,-108.44,NA,NA,222.88,234.54,0.857857148861513,0.936107955831003,0.86327823472425,0.856810513146632,1.78031807714778,NA
"TD","Utility",75,100,-180.58,NA,NA,367.16,378.82,0.629901704145595,0.199268886353821,0.91179298073416,0.37615860734638,4.93330336359669,NA
"TD","Utility",76,100,-158.17,NA,NA,322.34,334,0.359289909945801,0.364497002285354,0.179663091195412,0.959638603428226,0.479420030378447,NA
"TD","Utility",77,100,-119.22,NA,NA,244.44,256.1,0.446684151422232,1.46860518856885,0.144065163418208,1,1.00326908298493,NA
"TD","Utility",78,100,-139.1,NA,NA,284.2,295.86,0.378760501742363,0.432298531290144,0.183320021692133,1,0.514341345960278,NA
"TD","Utility",79,100,-144.32,NA,NA,294.64,306.3,0.372670353855938,0.686002678703517,0.190759268793616,1,0.835779090050481,NA
"TD","Utility",80,100,-146.16,NA,NA,298.32,309.98,0.428967847023159,0.430095953866839,0.764239200424433,0.515834953063906,3.83797090205863,NA
"TD","Utility",81,100,-220.95,NA,NA,447.9,459.56,0.111280993092805,0.0420480497825296,0.00745414458776277,0.130500429379269,0.859120750389648,NA
"TD","Utility",82,100,-119.78,NA,NA,245.56,257.22,0.142161799827591,1.60663627263189,0.0961128473221596,0.864243592681934,2.28873571109713,NA
"TD","Utility",83,100,-90.85,NA,NA,187.7,199.36,0.779834397835657,3.55762586234994,0.830211086126363,0.984125809303532,1.80307217808963,NA
"TD","Utility",84,100,-153.03,NA,NA,312.06,323.72,0.386252531083301,0.630521601997316,0.155906170434834,1,0.828539721852081,NA
"TD","Utility",85,100,-177.13,NA,NA,360.26,371.92,0.23896856745705,0.3059749789536,0.106082891298043,0.770529900937161,1.00189027087088,NA
"TD","Utility",86,100,-194.24,NA,NA,394.48,406.14,0.670282299863175,0.116263606119901,0.525050053889143,0.591229673948955,0.557673076082202,NA
"TD","Utility",87,100,-123.22,NA,NA,252.44,264.1,0.560497718863189,0.79223784707011,0.788052656542161,0.776761235657527,1.98227408276581,NA
"TD","Utility",88,100,-183.43,NA,NA,372.86,384.52,0.915246691787615,0.194212660659105,0.878543731585843,0.771729150548546,0.511702931876487,NA
"TD","Utility",89,100,-114.67,NA,NA,235.34,247,0.589335348224267,0.931611171881569,0.719989747979416,1,0.756994924519591,NA
"TD","Utility",90,100,-139.07,NA,NA,284.14,295.8,0.987134294584394,0.600823707412928,0.933319968674588,0.611495763098767,4.74830203920075,NA
"TD","Utility",91,100,-135.72,NA,NA,277.44,289.1,0.401124990079552,0.436571269761771,0.242717492575354,1,0.479857030268262,NA
"TD","Utility",92,100,-204.46,NA,NA,414.92,426.58,0.565618214197457,0.0649159974418581,0.757296746725763,0.00964348847507587,2.20541884238349,NA
"TD","Utility",93,100,-185.86,NA,NA,377.72,389.38,0.125127220060676,0.546449628192931,0.0911951282537609,0.881071304013411,1.11519113218522,NA
"TD","Utility",94,100,-109.96,NA,NA,225.92,237.58,0.791645931312814,0.766796249431272,0.816637476332167,0.91719123827102,1.26945307074346,NA
"TD","Utility",95,100,-208.1,NA,NA,422.2,433.86,0.0988319513853639,0.092432988807559,0,0.0182416573443979,2.43333812054279,NA
"TD","Utility",96,100,-131.88,NA,NA,269.76,281.42,0.333673485321924,0.79963922020125,0.138723042934382,0.969990390205029,0.996330012431783,NA
"TD","Utility",97,100,-212.96,NA,NA,431.92,443.58,0.10172016825527,0.620830333791673,0.852408825355201,0.982183284999787,0.32316499810165,NA
"TD","Utility",98,100,-201.95,NA,NA,409.9,421.56,0.0187283449340612,0.165121834239408,0.00458468851125734,0.454121199754311,1.65216174739387,NA
"TD","Utility",99,100,-129.68,NA,NA,265.36,277.02,0.461979309096932,0.880842309403134,0.205199214284956,1,0.74944042210579,NA
"TD","Utility",100,100,-106.79,NA,NA,219.58,231.24,0.729020358063281,0.83565291385622,0.814324254680091,0.930885781762579,1.22731112013525,NA
"RSTD","TD",1,100,-112.89,NA,NA,229.78,237.55,0.285107890376821,0.724670132622123,0.861199312749442,0.96128033404139,NA,1.43561604238095
"RSTD","TD",2,100,-181.54,NA,NA,367.08,374.85,0.950232450617477,0.206436974462122,0.171831775769561,0.317066332640927,NA,0.364579517394304
"RSTD","TD",3,100,-159.14,NA,NA,322.28,330.05,0.536011227406561,0.200363578274846,0.155239199135404,0.653198464297932,NA,1.00568439900399
"RSTD","TD",4,100,-199.69,NA,NA,403.38,411.15,0.321220333920792,0.649332832079381,0.73503191491383,0.0716324962717435,NA,0.142882495187223
"RSTD","TD",5,100,-141.64,NA,NA,287.28,295.05,0.525106647517532,0.973066303646192,0.817963786271296,0.408994986098724,NA,0.392999498639256
"RSTD","TD",6,100,-104.97,NA,NA,213.94,221.71,0.895209939451888,0.943225271301344,0.884708418011674,3.25617996973631,NA,3.35385648889427
"RSTD","TD",7,100,-193.23,NA,NA,390.46,398.23,0.753931205254048,0.197620301274583,0.695407705725555,0.0911803167674419,NA,0.18983699940145
"RSTD","TD",8,100,-74.59,NA,NA,153.18,160.95,0.0560640415642411,0.783013365231454,0.00106578536505747,3.68688767690606,NA,3.41441693140154
"RSTD","TD",9,100,-176.98,NA,NA,357.96,365.73,0.479448032099754,0.989872474921867,0.75726976707687,0.201562044419104,NA,0.208000437050192
"RSTD","TD",10,100,-90.8,NA,NA,185.6,193.37,0.711294803768396,0.788163986755535,0.811971925142244,1.39810688390123,NA,2.30973086307261
"RSTD","TD",11,100,-113.14,NA,NA,230.28,238.05,0.5048349336721,0.797194604296237,0.846879285767334,0.992877974949156,NA,2.5054881726885
"RSTD","TD",12,100,-152.69,NA,NA,309.38,317.15,0.731893435353413,0.395451756194234,0.115801165328868,1.39917403692055,NA,0.618170124012977
"RSTD","TD",13,100,-97.32,NA,NA,198.64,206.41,0.275977379642427,0.511981163173914,0.814031501097655,1.14822482489626,NA,2.39124982816227
"RSTD","TD",14,100,-134.94,NA,NA,273.88,281.65,0.226354157319292,0.16033569118008,0.150426584845569,0.85910347871118,NA,0.894037933978152
"RSTD","TD",15,100,-104.26,NA,NA,212.52,220.29,0.315573724219576,0.984172471100464,0.886778624432954,4.9508221881892,NA,1.69604673600736
"RSTD","TD",16,100,-154.06,NA,NA,312.12,319.89,0.540354023920372,0.854036244563758,0.807639563851583,0.35471001283738,NA,0.362152148856662
"RSTD","TD",17,100,-230.84,NA,NA,465.68,473.45,0.66359161795117,0.0660558908712119,0.341501224115764,0.141183923563369,NA,1.97567781611326
"RSTD","TD",18,100,-126.78,NA,NA,257.56,265.33,0.973287776112556,0.630256613949314,0.23296578071763,0.739444072313924,NA,0.855529390233469
"RSTD","TD",19,100,-183.58,NA,NA,371.16,378.93,0.340647828998044,0.988910319516435,0.545441482623594,0.151759117086307,NA,0.211397308856249
"RSTD","TD",20,100,-214.62,NA,NA,433.24,441.01,0.329378831898794,0.0628540490288287,0.0812273956885185,0.332685705130324,NA,2.33967715737489
"RSTD","TD",21,100,-198.37,NA,NA,400.74,408.51,0.285566801903769,0.0508385861758143,0.0884975399759244,0.225234614206374,NA,0.410096168983728
"RSTD","TD",22,100,-142.58,NA,NA,289.16,296.93,0.684979062527418,0.438995202770457,0.105679248697861,1.56710649280309,NA,0.685128960758448
"RSTD","TD",23,100,-122.59,NA,NA,249.18,256.95,0.529962481698021,0.27115519088693,0.186309267984764,0.882387771531262,NA,2.69503675574873
"RSTD","TD",24,100,-191.34,NA,NA,386.68,394.45,0.779200294986367,0.728794121881947,0.680618614060913,0.121517159917948,NA,0.160821524456017
"RSTD","TD",25,100,-194.08,NA,NA,392.16,399.93,0.0281218434683979,0.533772448310629,0.0699442209233486,0.288387849769849,NA,0.225168376229703
"RSTD","TD",26,100,-122.28,NA,NA,248.56,256.33,0.128862570039928,0.17050133110024,0.108581786374066,1.11775713328818,NA,1.37515528589011
"RSTD","TD",27,100,-101.13,NA,NA,206.26,214.03,0.980796684976667,0.860091791022569,0.809719207879939,1.05904971916463,NA,1.2001721150753
"RSTD","TD",28,100,-243.17,NA,NA,490.34,498.11,0.633000507717952,0.959949327167124,0.147917111591243,0.0187449536619708,NA,0.0240202485583723
"RSTD","TD",29,100,-99.1,NA,NA,202.2,209.97,0.234798390883952,0.4054856733419,0.613791855112064,4.37869498540061,NA,3.89528230370438
"RSTD","TD",30,100,-211.87,NA,NA,427.74,435.51,0.319981756620109,0.632078264839947,0.0420520274704626,0.0529245743927949,NA,0.0559587455590604
"RSTD","TD",31,100,-109.19,NA,NA,222.38,230.15,0.417691254755482,0.885661983396858,0.882241590787725,3.05757937961037,NA,1.4762263855988
"RSTD","TD",32,100,-217.37,NA,NA,438.74,446.51,0.119032545015216,0.605491037247702,0.134839548279012,0.0414595464465304,NA,0.0459982767437321
"RSTD","TD",33,100,-90.8,NA,NA,185.6,193.37,0.824352919822559,0.753800751408562,0.814382862158809,1.43653276695699,NA,2.89878896835935
"RSTD","TD",34,100,-157.53,NA,NA,319.06,326.83,0.080542077543214,0.69156481907703,0.942024995650533,1.13207544234441,NA,3.2510444371212
"RSTD","TD",35,100,-121.63,NA,NA,247.26,255.03,0.788759883260354,0.407168375095353,0.177961835873116,0.959505823697064,NA,0.8810732345608
"RSTD","TD",36,100,-130.14,NA,NA,264.28,272.05,0.960197768406942,0.814909122884274,0.0887181434633003,0.837236419250011,NA,0.491239995229989
"RSTD","TD",37,100,-185.41,NA,NA,374.82,382.59,0.983733647270128,0.387793875532225,0.348937840699343,0.176537765540114,NA,0.184212701395154
"RSTD","TD",38,100,-105.94,NA,NA,215.88,223.65,0.640330957481638,0.661732341628522,0.772229568581242,0.925662368267988,NA,1.1015722423634
"RSTD","TD",39,100,-107.8,NA,NA,219.6,227.37,0.591888564871624,0.781977394130081,0.833634475939875,0.998272597372804,NA,1.17335850927503
"RSTD","TD",40,100,-177.99,NA,NA,359.98,367.75,0.185236022341996,0.927017299691215,0.0110937444188281,0.329216379674426,NA,0.406216487288475
"RSTD","TD",41,100,-105.83,NA,NA,215.66,223.43,0.5952471755445,0.540940156206489,0.330922834326172,1.03994649824644,NA,1.71158919288757
"RSTD","TD",42,100,-184.34,NA,NA,372.68,380.45,0.265401779906824,0.195171546889469,0.152674471055484,0.28346146657608,NA,0.226954524639678
"RSTD","TD",43,100,-217.2,NA,NA,438.4,446.17,0.604935176437721,0.398145136190578,0.157909406280867,0.0423570495427846,NA,0.0485801249742508
"RSTD","TD",44,100,-134.46,NA,NA,272.92,280.69,0.470244030002505,0.685449249343947,0.805107320676342,0.653358727914898,NA,0.648697707336396
"RSTD","TD",45,100,-164.02,NA,NA,332.04,339.81,0.371720403432846,0.503097830805928,0.751066458362315,0.281439404218831,NA,0.322839245665818
"RSTD","TD",46,100,-196.16,NA,NA,396.32,404.09,0.361050225095823,0.370053818682209,0.689564175718222,0.086016438340927,NA,0.173567070005157
"RSTD","TD",47,100,-93.15,NA,NA,190.3,198.07,0.594613759312779,0.789667062694207,0.843312634546657,1.80865268207877,NA,2.04544003671947
"RSTD","TD",48,100,-220.86,NA,NA,445.72,453.49,0.628910263301805,0.0369398219045252,0.0820392608782659,0.268080873613166,NA,1.35408596597136
"RSTD","TD",49,100,-110.56,NA,NA,225.12,232.89,0.254382238723338,0.857857148861513,0.865773317760041,0.973566957219997,NA,0.936107955831003
"RSTD","TD",50,100,-116.8,NA,NA,237.6,245.37,0.629901704145595,0.59963444317691,0.721279259668277,0.782157320532001,NA,1.13030682034315
"RSTD","TD",51,100,-117.35,NA,NA,238.7,246.47,0.958562755258754,0.446684151422232,0.198742073694152,1.00103677963702,NA,1.46860518856885
"RSTD","TD",52,100,-124,NA,NA,252,259.77,0.378760501742363,0.716149265645072,0.874688713541661,2.6103939781033,NA,1.1838285959837
"RSTD","TD",53,100,-131.74,NA,NA,267.48,275.25,0.843001339351758,0.428967847023159,0.177268435350854,0.62944966226052,NA,0.430095953866839
"RSTD","TD",54,100,-139.37,NA,NA,282.74,290.51,0.111280993092805,0.926345025887713,0.916749166832856,1.11719637368136,NA,1.52358875974062
"RSTD","TD",55,100,-104.63,NA,NA,213.26,221.03,0.231767056509852,0.779834397835657,0.886078787861509,3.9635415753513,NA,3.55762586234994
"RSTD","TD",56,100,-104.34,NA,NA,212.68,220.45,0.386252531083301,0.815260800998658,0.883186500446317,3.67297352286426,NA,1.64474068483968
"RSTD","TD",57,100,-193.31,NA,NA,390.62,398.39,0.6529874894768,0.670282299863175,0.530708005809455,0.116861263941206,NA,0.116263606119901
"RSTD","TD",58,100,-166.45,NA,NA,336.9,344.67,0.560497718863189,0.274772666627541,0.149464955150537,0.769476829617882,NA,0.529099578669097
"RSTD","TD",59,100,-114.68,NA,NA,233.36,241.13,0.597106330329552,0.589335348224267,0.694891889035722,0.756394907088968,NA,0.931611171881569
"RSTD","TD",60,100,-99.94,NA,NA,203.88,211.65,0.987134294584394,0.800411853706464,0.830558884207929,1.83434142219636,NA,1.29764714087815
"RSTD","TD",61,100,-206.12,NA,NA,416.24,424.01,0.718285634880885,0.565618214197457,0.544359074881739,0.059106866716464,NA,0.0649159974418581
"RSTD","TD",62,100,-220.67,NA,NA,445.34,453.11,0.125127220060676,0.773224814096466,0.941501481906046,0.404703923834473,NA,0.583291862625629
"RSTD","TD",63,100,-207.03,NA,NA,418.06,425.83,0.499009405029938,0.0988319513853639,0.402894913589862,0.0619399200203267,NA,0.092432988807559
"RSTD","TD",64,100,-105.68,NA,NA,215.36,223.13,0.333673485321924,0.454882015939802,0.386389025387827,0.961417966686184,NA,2.70696423376415
"RSTD","TD",65,100,-211.08,NA,NA,426.16,433.93,0.810415166895837,0.0187283449340612,0.113864850065054,0.0517321997391701,NA,0.165121834239408
"RSTD","TD",66,100,-131.86,NA,NA,267.72,275.49,0.461979309096932,0.296923782210797,0.178136025379283,0.609284239404317,NA,0.458040716126561
"RSTD","TD",67,100,-200.47,NA,NA,404.94,412.71,0.285626433324069,0.528872283641249,0.533573152451705,0.081322554441098,NA,0.147296045374405
"RSTD","TD",68,100,-128.12,NA,NA,260.24,268.01,0.732509626774117,0.600311974063516,0.72527696459562,0.450689593269838,NA,0.449271724574598
"RSTD","TD",69,100,-115.06,NA,NA,234.12,241.89,0.977929984452203,0.529096166603267,0.221486235404389,0.919901801149051,NA,0.751786146880371
"RSTD","TD",70,100,-179.91,NA,NA,363.82,371.59,0.98177181975916,0.159414226887748,0.119031115522845,0.394673154853557,NA,0.477379389107227
"RSTD","TD",71,100,-193.33,NA,NA,390.66,398.43,0.922829337418079,0.366323065012693,0.518642776852111,0.112336760530748,NA,0.0864430760253218
"RSTD","TD",72,100,-164.73,NA,NA,333.46,341.23,0.437475311337039,0.144657690776512,0.130883968060777,0.659556773278691,NA,1.51204245735464
"RSTD","TD",73,100,-107.64,NA,NA,219.28,227.05,0.0812403932213783,0.858433880610391,0.00204142453741258,0.780909141969177,NA,1.57674626609245
"RSTD","TD",74,100,-208.94,NA,NA,421.88,429.65,0.769064010120928,0.423705151304603,0.844584395015849,0.0486461269483776,NA,0.0550090870819986
"RSTD","TD",75,100,-249.07,NA,NA,502.14,509.91,0.27233505435288,0.0992442343849689,0.0307891089962565,0.0129303394221404,NA,0.0195726837949201
"RSTD","TD",76,100,-122.75,NA,NA,249.5,257.27,0.714246998308226,0.356464033480734,0.172980703312242,0.958750780328052,NA,1.33508190601589
"RSTD","TD",77,100,-104.27,NA,NA,212.54,220.31,0.165105299558491,0.62026000325568,0.884052877993914,3.83823074408968,NA,2.11759630225509
"RSTD","TD",78,100,-132.2,NA,NA,268.4,276.17,0.948594216490164,0.818483957787976,0.805585891287951,0.433503021573179,NA,0.400698857048743
"RSTD","TD",79,100,-220.5,NA,NA,445,452.77,0.641159480903298,0.713674181839451,0.00536508674165739,0.0358884962275388,NA,0.0414828715044559
"RSTD","TD",80,100,-100.18,NA,NA,204.36,212.13,0.602592710871249,0.798923129681498,0.878278591336196,4.61688099179255,NA,1.65777598732141
"RSTD","TD",81,100,-151.62,NA,NA,307.24,315.01,0.0268326783552766,0.983408806612715,0.931970791399716,1.92621382065523,NA,1.42827125892359
"RSTD","TD",82,100,-207.04,NA,NA,418.08,425.85,0.390374890295789,0.210965643869713,0.31558061202192,0.0601097785868838,NA,0.0709301116876304
"RSTD","TD",83,100,-200.11,NA,NA,404.22,411.99,0.909624356776476,0.0655163209885359,0.985266922861244,0.0660807387847523,NA,0.479556284306279
"RSTD","TD",84,100,-123.38,NA,NA,250.76,258.53,0.894585720263422,0.928069569170475,0.862306921651246,0.797691430921723,NA,0.784675157586944
"RSTD","TD",85,100,-139.45,NA,NA,282.9,290.67,0.16712597804144,0.591124507132918,0.862150872722084,0.775489878719242,NA,0.76918393555553
"RSTD","TD",86,100,-199.87,NA,NA,403.74,411.51,0.0963515317998827,0.187938303221017,0.0770797336713938,0.203266994330569,NA,0.16646143142134
"RSTD","TD",87,100,-113.79,NA,NA,231.58,239.35,0.812582350103185,0.879132093861699,0.857881575045432,1.02327069034784,NA,4.4038753097219
"RSTD","TD",88,100,-198.92,NA,NA,401.84,409.61,0.448961209738627,0.690639521926641,0.698519492278109,0.0790728976448073,NA,0.123227803417321
"RSTD","TD",89,100,-123.76,NA,NA,251.52,259.29,0.352596259210259,0.519048273330554,0.763749740468259,0.713921374200212,NA,0.771270071114314
"RSTD","TD",90,100,-197.01,NA,NA,398.02,405.79,0.7131295024883,0.112127762287855,0.109860122778508,0.446632556490894,NA,3.4174234716404
"RSTD","TD",91,100,-182.16,NA,NA,368.32,376.09,0.102771484525874,0.0985191510990262,0.0774605393770511,0.355853245256313,NA,0.348240172024816
"RSTD","TD",92,100,-189,NA,NA,382,389.77,0.14997310237959,0.461772011825815,0.0046481086346841,0.218117466150118,NA,0.261333189609714
"RSTD","TD",93,100,-142.89,NA,NA,289.78,297.55,0.435881547397003,0.7804279406555,0.837959192013765,0.636832470008027,NA,0.681397345848382
"RSTD","TD",94,100,-90.88,NA,NA,185.76,193.53,0.975024477113038,0.799848798895255,0.831540210061235,1.85655315923413,NA,4.33281822849937
"RSTD","TD",95,100,-126.4,NA,NA,256.8,264.57,0.723246149485931,0.623378630494699,0.734464777620729,0.457991016812419,NA,0.45622572209686
"RSTD","TD",96,100,-133.29,NA,NA,270.58,278.35,0.323681306792423,0.444453429430723,0.58095574564527,0.453427014262262,NA,0.446843124460429
"RSTD","TD",97,100,-199.05,NA,NA,402.1,409.87,0.521510650403798,0.40949847153388,0.79840254547054,0.073229788386581,NA,0.118169202112595
"RSTD","TD",98,100,-180.51,NA,NA,365.02,372.79,0.418908317107707,0.978637758642435,0.621521086548493,0.167665789719858,NA,0.211078092921525
"RSTD","TD",99,100,-111.01,NA,NA,226.02,233.79,0.78953983867541,0.418743934947997,0.183106199125907,1.1877574909953,NA,2.49348991278757
"RSTD","TD",100,100,-193.48,NA,NA,390.96,398.73,0.956703607924283,0.607802340993658,0.626652031937433,0.106218221431924,NA,0.108669338996542
"RSTD","RSTD",1,100,-113.47,NA,NA,232.94,244.6,0.285107890376821,0.724670132622123,0.395087233433716,0.749097205302373,3.78687762791012,1.43561604238095
"RSTD","RSTD",2,100,-123.5,NA,NA,253,264.66,0.950232450617477,0.206436974462122,1,0.17956113636262,0.359522882129951,0.364579517394304
"RSTD","RSTD",3,100,-110.4,NA,NA,226.8,238.46,0.536011227406561,0.200363578274846,0.429886553184284,0.14638980939288,0.926446346824063,1.00568439900399
"RSTD","RSTD",4,100,-197.53,NA,NA,401.06,412.72,0.321220333920792,0.649332832079381,0.529335364480519,1,0.0797325004751964,0.142882495187223
"RSTD","RSTD",5,100,-139.89,NA,NA,285.78,297.44,0.525106647517532,0.973066303646192,0.54529793975725,0.794336865444202,0.440041557367403,0.392999498639256
"RSTD","RSTD",6,100,-104.15,NA,NA,214.3,225.96,0.895209939451888,0.943225271301344,0.559843613412682,0.82561650731373,4.22567877878434,3.35385648889427
"RSTD","RSTD",7,100,-161.91,NA,NA,329.82,341.48,0.753931205254048,0.197620301274583,0.892230929997069,0.147226903487034,0.141416774840127,0.18983699940145
"RSTD","RSTD",8,100,-73.59,NA,NA,153.18,164.84,0.0560640415642411,0.783013365231454,0.0446630776826357,0.797341163945962,1.40493632624817,3.41441693140154
"RSTD","RSTD",9,100,-181.91,NA,NA,369.82,381.48,0.479448032099754,0.989872474921867,0.207174360314796,0.236206631610438,0.203071345140924,0.208000437050192
"RSTD","RSTD",10,100,-90.42,NA,NA,186.84,198.5,0.711294803768396,0.788163986755535,0.348323712676127,0.67677569302215,4.87975439334961,2.30973086307261
"RSTD","RSTD",11,100,-114.47,NA,NA,234.94,246.6,0.5048349336721,0.797194604296237,0.763885407570022,0.864721233385733,4.97526540005642,2.5054881726885
"RSTD","RSTD",12,100,-137.75,NA,NA,281.5,293.16,0.731893435353413,0.395451756194234,0.794477077069558,0.347633512573963,0.644067294729637,0.618170124012977
"RSTD","RSTD",13,100,-99.89,NA,NA,205.78,217.44,0.275977379642427,0.511981163173914,0.204922801464473,0.422326373424913,1.69299167249802,2.39124982816227
"RSTD","RSTD",14,100,-121.55,NA,NA,249.1,260.76,0.226354157319292,0.16033569118008,0.716560549614085,0.262967904314825,0.81114272344844,0.894037933978152
"RSTD","RSTD",15,100,-103.91,NA,NA,213.82,225.48,0.315573724219576,0.984172471100464,0.515420336382691,0.812144356897761,2.73645307424969,1.69604673600736
"RSTD","RSTD",16,100,-153.2,NA,NA,312.4,324.06,0.540354023920372,0.854036244563758,0.308714372584161,0.502249560768683,0.335161958883341,0.362152148856662
"RSTD","RSTD",17,100,-70.11,NA,NA,146.22,157.88,0.66359161795117,0.0660558908712119,0.648106812754258,0,1.49640304510914,1.97567781611326
"RSTD","RSTD",18,100,-122.97,NA,NA,251.94,263.6,0.973287776112556,0.630256613949314,0.165344155640646,0.205505612708937,0.852299313941003,0.855529390233469
"RSTD","RSTD",19,100,-179.98,NA,NA,365.96,377.62,0.340647828998044,0.988910319516435,0.351657086071732,0.60711106404197,0.20078417582207,0.211397308856249
"RSTD","RSTD",20,100,-93.33,NA,NA,192.66,204.32,0.329378831898794,0.0628540490288287,1,0,1.26647078867608,2.33967715737489
"RSTD","RSTD",21,100,-102.41,NA,NA,210.82,222.48,0.285566801903769,0.0508385861758143,0.669606890087308,0.0605554516595306,0.448756649345097,0.410096168983728
"RSTD","RSTD",22,100,-130.79,NA,NA,267.58,279.24,0.684979062527418,0.438995202770457,0.863608637944846,0.383029776348,0.701184344984824,0.685128960758448
"RSTD","RSTD",23,100,-108.38,NA,NA,222.76,234.42,0.529962481698021,0.27115519088693,0.489808619242505,0.2240054338914,0.853238326613177,2.69503675574873
"RSTD","RSTD",24,100,-191.38,NA,NA,388.76,400.42,0.779200294986367,0.728794121881947,0.72295515837211,0.716937703374891,0.123021368505291,0.160821524456017
"RSTD","RSTD",25,100,-141.26,NA,NA,288.52,300.18,0.0281218434683979,0.533772448310629,0,0.214675818393358,0.262890236641914,0.225168376229703
"RSTD","RSTD",26,100,-122.21,NA,NA,250.42,262.08,0.128862570039928,0.17050133110024,0.109547110708692,0.114873199710811,1.0275942023135,1.37515528589011
"RSTD","RSTD",27,100,-101.13,NA,NA,208.26,219.92,0.980796684976667,0.860091791022569,0.494959464968682,0.711607249693153,1.11470722532456,1.2001721150753
"RSTD","RSTD",28,100,-243.12,NA,NA,492.24,503.9,0.633000507717952,0.959949327167124,0.0298908349987832,0,0.0188385875050475,0.0240202485583723
"RSTD","RSTD",29,100,-96.24,NA,NA,198.48,210.14,0.234798390883952,0.4054856733419,0.24794863576218,0.437835645872777,1.38301550487107,3.89528230370438
"RSTD","RSTD",30,100,-211.9,NA,NA,429.8,441.46,0.319981756620109,0.632078264839947,0.018383578540231,0.0146426298274393,0.0521936878871005,0.0559587455590604
"RSTD","RSTD",31,100,-104.3,NA,NA,214.6,226.26,0.417691254755482,0.885661983396858,0.153062918915958,0.435561046756002,1.06468536082886,1.4762263855988
"RSTD","RSTD",32,100,-211.79,NA,NA,429.58,441.24,0.119032545015216,0.605491037247702,0.00243524899884286,0.123116061429796,0.04329637320733,0.0459982767437321
"RSTD","RSTD",33,100,-90.48,NA,NA,186.96,198.62,0.824352919822559,0.753800751408562,0.348046864773185,0.647025716179064,2.67916289119221,2.89878896835935
"RSTD","RSTD",34,100,-99.06,NA,NA,204.12,215.78,0.080542077543214,0.69156481907703,0.0864215947481488,0.703684484786376,4.46829503843181,3.2510444371212
"RSTD","RSTD",35,100,-127.65,NA,NA,261.3,272.96,0.788759883260354,0.407168375095353,0.936932180188476,0.357256283033942,3.96379373509135,0.8810732345608
"RSTD","RSTD",36,100,-112.85,NA,NA,231.7,243.36,0.960197768406942,0.814909122884274,0.998202811572728,0.810872875150674,0.524644186419442,0.491239995229989
"RSTD","RSTD",37,100,-170.01,NA,NA,346.02,357.68,0.983733647270128,0.387793875532225,0.866808563874485,0.258636537362485,0.137090769810003,0.184212701395154
"RSTD","RSTD",38,100,-106.31,NA,NA,218.62,230.28,0.640330957481638,0.661732341628522,0.441637087899676,0.644551672387072,1.00069540969908,1.1015722423634
"RSTD","RSTD",39,100,-107.65,NA,NA,221.3,232.96,0.591888564871624,0.781977394130081,0.179332797535596,0.38332670871758,0.995255879668238,1.17335850927503
"RSTD","RSTD",40,100,-155.11,NA,NA,316.22,327.88,0.185236022341996,0.927017299691215,0.17402654300116,0.659961289438375,0.397174703446467,0.406216487288475
"RSTD","RSTD",41,100,-108.09,NA,NA,222.18,233.84,0.5952471755445,0.540940156206489,0.931327647956437,0.505506070982668,0.997562973914319,1.71158919288757
"RSTD","RSTD",42,100,-177.15,NA,NA,360.3,371.96,0.265401779906824,0.195171546889469,0.191153587411848,0.105909768795345,0.253187159673768,0.226954524639678
"RSTD","RSTD",43,100,-212.05,NA,NA,430.1,441.76,0.604935176437721,0.398145136190578,0.779224403011794,0.932858222258568,0.0447640083801207,0.0485801249742508
"RSTD","RSTD",44,100,-132.26,NA,NA,270.52,282.18,0.470244030002505,0.685449249343947,0.583080553617645,0.754928034883198,0.6919302063826,0.648697707336396
"RSTD","RSTD",45,100,-163.27,NA,NA,332.54,344.2,0.371720403432846,0.503097830805928,0.425377990129112,0.638691771490019,0.290197643918623,0.322839245665818
"RSTD","RSTD",46,100,-195.48,NA,NA,396.96,408.62,0.361050225095823,0.370053818682209,0.604662272874423,0.864042991949647,0.0926367328287034,0.173567070005157
"RSTD","RSTD",47,100,-93,NA,NA,192,203.66,0.594613759312779,0.789667062694207,0.50130920224444,0.723002463994987,1.30870096809122,2.04544003671947
"RSTD","RSTD",48,100,-74.46,NA,NA,154.92,166.58,0.628910263301805,0.0369398219045252,0.827013773468908,0.00585419989092129,1.36942805873101,1.35408596597136
"RSTD","RSTD",49,100,-110.34,NA,NA,226.68,238.34,0.254382238723338,0.857857148861513,0.356340277041387,0.744351923700839,1.98352954662136,0.936107955831003
"RSTD","RSTD",50,100,-116.06,NA,NA,238.12,249.78,0.629901704145595,0.59963444317691,0.262423246536987,0.421092600271304,0.846557186377841,1.13030682034315
"RSTD","RSTD",51,100,-121.91,NA,NA,249.82,261.48,0.958562755258754,0.446684151422232,0.525919951866084,0.330124225721847,4.13092554817036,1.46860518856885
"RSTD","RSTD",52,100,-119.55,NA,NA,245.1,256.76,0.378760501742363,0.716149265645072,0.703512947596714,0.820307325920184,0.899512700778672,1.1838285959837
"RSTD","RSTD",53,100,-121.69,NA,NA,249.38,261.04,0.843001339351758,0.428967847023159,0.733283724221877,0.315367377969706,0.472964159937878,0.430095953866839
"RSTD","RSTD",54,100,-110.61,NA,NA,227.22,238.88,0.111280993092805,0.926345025887713,0.104723338902054,0.586068668096602,0.946970569264379,1.52358875974062
"RSTD","RSTD",55,100,-104.35,NA,NA,214.7,226.36,0.231767056509852,0.779834397835657,0.568275916230421,0.828426752713231,4.9824197556279,3.55762586234994
"RSTD","RSTD",56,100,-103.49,NA,NA,212.98,224.64,0.386252531083301,0.815260800998658,0.528663865741393,0.809593229929056,2.6177267454462,1.64474068483968
"RSTD","RSTD",57,100,-193.45,NA,NA,392.9,404.56,0.6529874894768,0.670282299863175,0.586228758837806,0.571177724760639,0.100189642371543,0.116263606119901
"RSTD","RSTD",58,100,-146.54,NA,NA,299.08,310.74,0.560497718863189,0.274772666627541,0.799315672450044,0.268690533568081,0.594850988988983,0.529099578669097
"RSTD","RSTD",59,100,-112.41,NA,NA,230.82,242.48,0.597106330329552,0.589335348224267,0.207446876577768,0.338801790790772,0.877373670404922,0.931611171881569
"RSTD","RSTD",60,100,-98.97,NA,NA,203.94,215.6,0.987134294584394,0.800411853706464,0.42733738077282,0.647747807772162,1.15861543208949,1.29764714087815
"RSTD","RSTD",61,100,-208.5,NA,NA,423,434.66,0.718285634880885,0.565618214197457,0.432618746814833,0.198461722043553,0.0543168787648207,0.0649159974418581
"RSTD","RSTD",62,100,-176.19,NA,NA,358.38,370.04,0.125127220060676,0.773224814096466,0.0765901889677702,0.283739899640894,0.636347283842591,0.583291862625629
"RSTD","RSTD",63,100,-187.49,NA,NA,380.98,392.64,0.499009405029938,0.0988319513853639,0.259501504826533,0.0470455853521605,0.132566845739499,0.092432988807559
"RSTD","RSTD",64,100,-116.06,NA,NA,238.12,249.78,0.333673485321924,0.454882015939802,1,0.537742654017043,4.942731323038,2.70696423376415
"RSTD","RSTD",65,100,-122.07,NA,NA,250.14,261.8,0.810415166895837,0.0187283449340612,0.606814557174673,0.0124490880781552,0.153161088615917,0.165121834239408
"RSTD","RSTD",66,100,-126.06,NA,NA,258.12,269.78,0.461979309096932,0.296923782210797,0.853862946567834,0.300124191369457,0.453873422747177,0.458040716126561
"RSTD","RSTD",67,100,-197.82,NA,NA,401.64,413.3,0.285626433324069,0.528872283641249,0.536760949792064,1,0.0820866214475185,0.147296045374405
"RSTD","RSTD",68,100,-126.11,NA,NA,258.22,269.88,0.732509626774117,0.600311974063516,0.891267327759505,0.740115229909263,0.441831557338898,0.449271724574598
"RSTD","RSTD",69,100,-115.13,NA,NA,236.26,247.92,0.977929984452203,0.529096166603267,0.340017112447609,0.284427863176073,0.883602903347624,0.751786146880371
"RSTD","RSTD",70,100,-104.46,NA,NA,214.92,226.58,0.98177181975916,0.159414226887748,0.952159354079992,0.147036278203928,0.461295374817412,0.477379389107227
"RSTD","RSTD",71,100,-187.93,NA,NA,381.86,393.52,0.922829337418079,0.366323065012693,0.537402515320548,0.20051425573342,0.114894513546594,0.0864430760253218
"RSTD","RSTD",72,100,-76.35,NA,NA,158.7,170.36,0.437475311337039,0.144657690776512,0.709608618340162,0.168653242869558,1.54142844221656,1.51204245735464
"RSTD","RSTD",73,100,-98.34,NA,NA,202.68,214.34,0.0812403932213783,0.858433880610391,0.0754734016074072,0.570676447831414,1.05272406494723,1.57674626609245
"RSTD","RSTD",74,100,-209.36,NA,NA,424.72,436.38,0.769064010120928,0.423705151304603,0.992020869358837,0.929992086086754,0.0465744568710773,0.0550090870819986
"RSTD","RSTD",75,100,-247.57,NA,NA,501.14,512.8,0.27233505435288,0.0992442343849689,0.146037507283676,0,0.0148614837263305,0.0195726837949201
"RSTD","RSTD",76,100,-112.3,NA,NA,230.6,242.26,0.714246998308226,0.356464033480734,0.671633838183528,0.287656296197785,0.824130073491411,1.33508190601589
"RSTD","RSTD",77,100,-103.92,NA,NA,213.84,225.5,0.165105299558491,0.62026000325568,0.822245340937755,0.875573646472906,3.18332438699693,2.11759630225509
"RSTD","RSTD",78,100,-131.5,NA,NA,269,280.66,0.948594216490164,0.818483957787976,0.896901380049246,0.806485205755661,0.431615651752686,0.400698857048743
"RSTD","RSTD",79,100,-220.21,NA,NA,446.42,458.08,0.641159480903298,0.713674181839451,0.248377983199536,0.988365329906946,0.0346354518865584,0.0414828715044559
"RSTD","RSTD",80,100,-99.77,NA,NA,205.54,217.2,0.602592710871249,0.798923129681498,0.398965123946579,0.691987284089436,1.33828351782789,1.65777598732141
"RSTD","RSTD",81,100,-80.41,NA,NA,166.82,178.48,0.0268326783552766,0.983408806612715,0.0544296952509729,0.8383249329213,1.21624064185733,1.42827125892359
"RSTD","RSTD",82,100,-206.04,NA,NA,418.08,429.74,0.390374890295789,0.210965643869713,0.0369203067758754,0,0.070252373760663,0.0709301116876304
"RSTD","RSTD",83,100,-87.09,NA,NA,180.18,191.84,0.909624356776476,0.0655163209885359,0.702028106377268,0.057988411455928,0.533257573003733,0.479556284306279
"RSTD","RSTD",84,100,-124.62,NA,NA,255.24,266.9,0.894585720263422,0.928069569170475,0.99331856680512,0.878367522842406,0.784687971009821,0.784675157586944
"RSTD","RSTD",85,100,-130.22,NA,NA,266.44,278.1,0.16712597804144,0.591124507132918,0.1499211282492,0.471602301274012,0.767549102232878,0.76918393555553
"RSTD","RSTD",86,100,-194.61,NA,NA,395.22,406.88,0.0963515317998827,0.187938303221017,0.0108097455068006,0.224460857942599,0.0664308540601415,0.16646143142134
"RSTD","RSTD",87,100,-111.18,NA,NA,228.36,240.02,0.812582350103185,0.879132093861699,0.164556601674228,0.450771761989089,0.942998811200617,4.4038753097219
"RSTD","RSTD",88,100,-205.35,NA,NA,416.7,428.36,0.448961209738627,0.690639521926641,0.0208014607346723,0,0.0874198112260895,0.123227803417321
"RSTD","RSTD",89,100,-122.97,NA,NA,251.94,263.6,0.352596259210259,0.519048273330554,0.351118774190699,0.537187662608475,0.736810547333377,0.771270071114314
"RSTD","RSTD",90,100,-72.76,NA,NA,151.52,163.18,0.7131295024883,0.112127762287855,0.360691125732159,0.0693972255174436,1.33115464105161,3.4174234716404
"RSTD","RSTD",91,100,-182.06,NA,NA,370.12,381.78,0.102771484525874,0.0985191510990262,0.0756979905926261,0.0690793098965042,0.376426080255223,0.348240172024816
"RSTD","RSTD",92,100,-183.15,NA,NA,372.3,383.96,0.14997310237959,0.461772011825815,0.0683088043365408,0.161645122457882,0.325262271937332,0.261333189609714
"RSTD","RSTD",93,100,-139.46,NA,NA,284.92,296.58,0.435881547397003,0.7804279406555,0.561422204874398,0.792912536966803,0.674475824551587,0.681397345848382
"RSTD","RSTD",94,100,-90.51,NA,NA,187.02,198.68,0.975024477113038,0.799848798895255,0.388438388579235,0.680882988314162,2.65339423425664,4.33281822849937
"RSTD","RSTD",95,100,-124.4,NA,NA,254.8,266.46,0.723246149485931,0.623378630494699,0.898453104451803,0.746291588177365,0.452471346466848,0.45622572209686
"RSTD","RSTD",96,100,-130.9,NA,NA,267.8,279.46,0.323681306792423,0.444453429430723,0.621648489088596,0.695235350967982,0.431357010181725,0.446843124460429
"RSTD","RSTD",97,100,-200.21,NA,NA,406.42,418.08,0.521510650403798,0.40949847153388,0.838246910263678,0.651167331077282,0.064736326581698,0.118169202112595
"RSTD","RSTD",98,100,-180.16,NA,NA,366.32,377.98,0.418908317107707,0.978637758642435,0.213889605356176,0.355983961606733,0.269090318270208,0.211078092921525
"RSTD","RSTD",99,100,-103.65,NA,NA,213.3,224.96,0.78953983867541,0.418743934947997,0.752759372950366,0.353201347003376,0.992489546494251,2.49348991278757
"RSTD","RSTD",100,100,-193.34,NA,NA,392.68,404.34,0.956703607924283,0.607802340993658,0.701973870180151,0.592902377143923,0.103553753607413,0.108669338996542
"RSTD","Utility",1,100,-113.93,NA,NA,233.86,245.52,0.285107890376821,0.724670132622123,0.892499085001753,0.917471166229592,4.48883614342161,1.43561604238095
"RSTD","Utility",2,100,-153.1,NA,NA,312.2,323.86,0.950232450617477,0.206436974462122,0.0761366746204278,0.539452062419913,5,0.364579517394304
"RSTD","Utility",3,100,-121.47,NA,NA,248.94,260.6,0.536011227406561,0.200363578274846,0.114619702758184,0.609923060886089,5,1.00568439900399
"RSTD","Utility",4,100,-201.01,NA,NA,408.02,419.68,0.321220333920792,0.649332832079381,0.750425617486981,0.475460614509426,0.49990045186109,0.142882495187223
"RSTD","Utility",5,100,-141.94,NA,NA,289.88,301.54,0.525106647517532,0.973066303646192,0.889940697645448,0.643874448863225,2.27936538209581,0.392999498639256
"RSTD","Utility",6,100,-105.85,NA,NA,217.7,229.36,0.895209939451888,0.943225271301344,0.879887806552181,0.941913316672698,1.62689241089065,3.35385648889427
"RSTD","Utility",7,100,-188.31,NA,NA,382.62,394.28,0.753931205254048,0.197620301274583,0.729926064748627,0.0239556184479325,4.80281537077608,0.18983699940145
"RSTD","Utility",8,100,-74.59,NA,NA,155.18,166.84,0.0560640415642411,0.783013365231454,0,1,5,3.41441693140154
"RSTD","Utility",9,100,-177.3,NA,NA,360.6,372.26,0.479448032099754,0.989872474921867,0.880061825935346,0.549588058767531,1.94711849357838,0.208000437050192
"RSTD","Utility",10,100,-90.82,NA,NA,187.64,199.3,0.711294803768396,0.788163986755535,0.835523713867527,0.894459191231175,2.24121962585341,2.30973086307261
"RSTD","Utility",11,100,-137.13,NA,NA,280.26,291.92,0.5048349336721,0.797194604296237,0.0629801923995179,1,0.989995737007772,2.5054881726885
"RSTD","Utility",12,100,-152.26,NA,NA,310.52,322.18,0.731893435353413,0.395451756194234,0.109954943547949,0.971301341465458,1.68194845446025,0.618170124012977
"RSTD","Utility",13,100,-97.64,NA,NA,201.28,212.94,0.275977379642427,0.511981163173914,0.865874850799063,0.817161231801298,3.57923841643839,2.39124982816227
"RSTD","Utility",14,100,-116.87,NA,NA,239.74,251.4,0.226354157319292,0.16033569118008,0.113361785709819,0.658626494261068,5,0.894037933978152
"RSTD","Utility",15,100,-105.43,NA,NA,216.86,228.52,0.315573724219576,0.984172471100464,0.882636872722025,1,2.45708799474318,1.69604673600736
"RSTD","Utility",16,100,-154.17,NA,NA,314.34,326,0.540354023920372,0.854036244563758,0.877579088632078,0.639388691551551,2.04494293928643,0.362152148856662
"RSTD","Utility",17,100,-164.26,NA,NA,334.52,346.18,0.66359161795117,0.0660558908712119,0.0567481335148231,0.511316378710191,5,1.97567781611326
"RSTD","Utility",18,100,-126.79,NA,NA,259.58,271.24,0.973287776112556,0.630256613949314,0.223954108585349,1,0.75050053600414,0.855529390233469
"RSTD","Utility",19,100,-186.38,NA,NA,378.76,390.42,0.340647828998044,0.988910319516435,0.859534146811026,0.566690110691612,1.789217340764,0.211397308856249
"RSTD","Utility",20,100,-160.23,NA,NA,326.46,338.12,0.329378831898794,0.0628540490288287,0.0587099970230535,0.518549387860559,5,2.33967715737489
"RSTD","Utility",21,100,-161.4,NA,NA,328.8,340.46,0.285566801903769,0.0508385861758143,0.0554100534039612,0.46645108891373,5,0.410096168983728
"RSTD","Utility",22,100,-162.83,NA,NA,331.66,343.32,0.684979062527418,0.438995202770457,0.425098458717816,1,0.622883924600681,0.685128960758448
"RSTD","Utility",23,100,-109.53,NA,NA,225.06,236.72,0.529962481698021,0.27115519088693,0.175876270314259,0.638198038575664,5,2.69503675574873
"RSTD","Utility",24,100,-193.13,NA,NA,392.26,403.92,0.779200294986367,0.728794121881947,0.858201218274766,0.463154837906061,1.81860698373904,0.160821524456017
"RSTD","Utility",25,100,-191.52,NA,NA,389.04,400.7,0.0281218434683979,0.533772448310629,0.0531726748661819,0.724245466739305,1.08987890351563,0.225168376229703
"RSTD","Utility",26,100,-122.28,NA,NA,250.56,262.22,0.128862570039928,0.17050133110024,0.108961617868868,1,1.13365893551753,1.37515528589011
"RSTD","Utility",27,100,-101.15,NA,NA,208.3,219.96,0.980796684976667,0.860091791022569,0.843269573250585,0.843030684894203,2.23132280192645,1.2001721150753
"RSTD","Utility",28,100,-241.71,NA,NA,489.42,501.08,0.633000507717952,0.959949327167124,0.760047815129234,0.151686104060077,0.428802520518858,0.0240202485583723
"RSTD","Utility",29,100,-99.71,NA,NA,205.42,217.08,0.234798390883952,0.4054856733419,0.684511346808788,0.737998446251328,4.16400802270598,3.89528230370438
"RSTD","Utility",30,100,-209.26,NA,NA,424.52,436.18,0.319981756620109,0.632078264839947,0.629339030499598,0.917505603007111,0.0698751467342429,0.0559587455590604
"RSTD","Utility",31,100,-109.08,NA,NA,224.16,235.82,0.417691254755482,0.885661983396858,0.866335937872379,0.997776538221921,1.11097199775315,1.4762263855988
"RSTD","Utility",32,100,-215.89,NA,NA,437.78,449.44,0.119032545015216,0.605491037247702,0.562247750529749,0.00238930198710885,1.52090295574187,0.0459982767437321
"RSTD","Utility",33,100,-90.85,NA,NA,187.7,199.36,0.824352919822559,0.753800751408562,0.863179901077577,0.769594166201968,4.20610568578337,2.89878896835935
"RSTD","Utility",34,100,-98.54,NA,NA,203.08,214.74,0.080542077543214,0.69156481907703,0.00155303148937361,0.800647398238954,2.27464420166606,3.2510444371212
"RSTD","Utility",35,100,-116.87,NA,NA,239.74,251.4,0.788759883260354,0.407168375095353,0.271872353540024,0.643273802279738,4.81385064422744,0.8810732345608
"RSTD","Utility",36,100,-120.84,NA,NA,247.68,259.34,0.960197768406942,0.814909122884274,0.869961199735475,0.755093867924342,1.71095264644996,0.491239995229989
"RSTD","Utility",37,100,-183,NA,NA,372,383.66,0.983733647270128,0.387793875532225,0.191108223199843,0.684063873532406,0.927101310180849,0.184212701395154
"RSTD","Utility",38,100,-105.86,NA,NA,217.72,229.38,0.640330957481638,0.661732341628522,0.860784647233692,0.651790194108311,5,1.1015722423634
"RSTD","Utility",39,100,-107.87,NA,NA,221.74,233.4,0.591888564871624,0.781977394130081,0.861660955173355,0.858455739533327,1.97824157639509,1.17335850927503
"RSTD","Utility",40,100,-179.55,NA,NA,365.1,376.76,0.185236022341996,0.927017299691215,0.0288297641550202,1,0.366517088017069,0.406216487288475
"RSTD","Utility",41,100,-106.72,NA,NA,219.44,231.1,0.5952471755445,0.540940156206489,0.3901272000943,0.85146069717178,2.12831954320891,1.71158919288757
"RSTD","Utility",42,100,-177.66,NA,NA,361.32,372.98,0.265401779906824,0.195171546889469,0.0924391121880873,0.60953958266728,2.03874512392068,0.226954524639678
"RSTD","Utility",43,100,-212.59,NA,NA,431.18,442.84,0.604935176437721,0.398145136190578,0.827333276937549,0.622547994469696,0.177828166942152,0.0485801249742508
"RSTD","Utility",44,100,-134.74,NA,NA,275.48,287.14,0.470244030002505,0.685449249343947,0.876688611577951,0.658364969006342,3.39125613855446,0.648697707336396
"RSTD","Utility",45,100,-164.04,NA,NA,334.08,345.74,0.371720403432846,0.503097830805928,0.882876992935154,0.488863985858781,3.60602768460908,0.322839245665818
"RSTD","Utility",46,100,-196.92,NA,NA,399.84,411.5,0.361050225095823,0.370053818682209,0.615553219635401,0.803484140548308,0.189313997820417,0.173567070005157
"RSTD","Utility",47,100,-93.11,NA,NA,192.22,203.88,0.594613759312779,0.789667062694207,0.833280842094972,1,1.49270121036047,2.04544003671947
"RSTD","Utility",48,100,-181.48,NA,NA,368.96,380.62,0.628910263301805,0.0369398219045252,0.0641326730499559,0.576215452207314,2.89669448863921,1.35408596597136
"RSTD","Utility",49,100,-110.92,NA,NA,227.84,239.5,0.254382238723338,0.857857148861513,0.908961800847228,0.700584383727986,4.07345646586251,0.936107955831003
"RSTD","Utility",50,100,-116.99,NA,NA,239.98,251.64,0.629901704145595,0.59963444317691,0.759868539968749,0.886610631066998,1.33327181587038,1.13030682034315
"RSTD","Utility",51,100,-115.72,NA,NA,237.44,249.1,0.958562755258754,0.446684151422232,0.2732206052148,0.816653835333533,2.30159512900915,1.46860518856885
"RSTD","Utility",52,100,-120.05,NA,NA,246.1,257.76,0.378760501742363,0.716149265645072,0.85509441842596,0.921770782518015,1.30253639081545,1.1838285959837
"RSTD","Utility",53,100,-130.19,NA,NA,266.38,278.04,0.843001339351758,0.428967847023159,0.159004400873761,0.89461203160484,1.07774487169799,0.430095953866839
"RSTD","Utility",54,100,-139.36,NA,NA,284.72,296.38,0.111280993092805,0.926345025887713,0.939017520489447,0.755576050193434,3.49883869656665,1.52358875974062
"RSTD","Utility",55,100,-105.92,NA,NA,217.84,229.5,0.231767056509852,0.779834397835657,0.887646182630825,0.888376585605074,2.11862566975477,3.55762586234994
"RSTD","Utility",56,100,-105.1,NA,NA,216.2,227.86,0.386252531083301,0.815260800998658,0.867729954512351,0.999325159065143,1.22651232038773,1.64474068483968
"RSTD","Utility",57,100,-193.95,NA,NA,393.9,405.56,0.6529874894768,0.670282299863175,0.54870640938588,0.431174922735641,1.06316600129354,0.116263606119901
"RSTD","Utility",58,100,-161.94,NA,NA,329.88,341.54,0.560497718863189,0.274772666627541,0.0973961078564125,0.752116904620288,3.33737509450544,0.529099578669097
"RSTD","Utility",59,100,-114.68,NA,NA,235.36,247.02,0.597106330329552,0.589335348224267,0.716822354558,0.995715620289774,0.763307018173216,0.931611171881569
"RSTD","Utility",60,100,-98.8,NA,NA,203.6,215.26,0.987134294584394,0.800411853706464,0.786432362402719,0.999905048301127,1.0715150899219,1.29764714087815
"RSTD","Utility",61,100,-206.34,NA,NA,418.68,430.34,0.718285634880885,0.565618214197457,0.643896608920731,0.409909881863201,0.542549721214081,0.0649159974418581
"RSTD","Utility",62,100,-220.64,NA,NA,447.28,458.94,0.125127220060676,0.773224814096466,0.963636269545406,0.611081660769529,2.74989782990193,0.583291862625629
"RSTD","Utility",63,100,-202.95,NA,NA,411.9,423.56,0.499009405029938,0.0988319513853639,0.07342313355157,0.1319869299123,4.06622718443432,0.092432988807559
"RSTD","Utility",64,100,-107.16,NA,NA,220.32,231.98,0.333673485321924,0.454882015939802,0.475808952272034,0.769829675852879,2.84881400644068,2.70696423376415
"RSTD","Utility",65,100,-199.41,NA,NA,404.82,416.48,0.810415166895837,0.0187283449340612,0.525553861674694,0,3.19001073938143,0.165121834239408
"RSTD","Utility",66,100,-128.15,NA,NA,262.3,273.96,0.461979309096932,0.296923782210797,0.13839975918875,0.763371765708536,2.07987678350004,0.458040716126561
"RSTD","Utility",67,100,-200.54,NA,NA,407.08,418.74,0.285626433324069,0.528872283641249,0.615985334260481,0.882956871964993,0.119225212866849,0.147296045374405
"RSTD","Utility",68,100,-128.24,NA,NA,262.48,274.14,0.732509626774117,0.600311974063516,0.779384236613251,0.85051163987134,0.913259082798075,0.449271724574598
"RSTD","Utility",69,100,-115.09,NA,NA,236.18,247.84,0.977929984452203,0.529096166603267,0.260313744910876,0.899088955555148,1.4453316279941,0.751786146880371
"RSTD","Utility",70,100,-141.87,NA,NA,289.74,301.4,0.98177181975916,0.159414226887748,0.06033655689902,0.580432576512066,5,0.477379389107227
"RSTD","Utility",71,100,-189.78,NA,NA,385.56,397.22,0.922829337418079,0.366323065012693,0.530014350094048,0.2355180815971,2.28052181422745,0.0864430760253218
"RSTD","Utility",72,100,-109.58,NA,NA,225.16,236.82,0.437475311337039,0.144657690776512,0.0918519330003686,0.625723068371143,5,1.51204245735464
"RSTD","Utility",73,100,-106.5,NA,NA,219,230.66,0.0812403932213783,0.858433880610391,0.00337209290854226,0.978666256013731,1.0684824125307,1.57674626609245
"RSTD","Utility",74,100,-209.23,NA,NA,424.46,436.12,0.769064010120928,0.423705151304603,0.979711276381507,0.469603636683509,0.331717741156954,0.0550090870819986
"RSTD","Utility",75,100,-255.68,NA,NA,517.36,529.02,0.27233505435288,0.0992442343849689,0.01,0.01,0.01,0.0195726837949201
"RSTD","Utility",76,100,-113.14,NA,NA,232.28,243.94,0.714246998308226,0.356464033480734,0.221833080788021,0.643494405481592,5,1.33508190601589
"RSTD","Utility",77,100,-105.36,NA,NA,216.72,228.38,0.165105299558491,0.62026000325568,0.896862155595396,0.798884132227706,3.40791280244144,2.11759630225509
"RSTD","Utility",78,100,-132.41,NA,NA,270.82,282.48,0.948594216490164,0.818483957787976,0.897351179331626,0.554184158473363,3.93446844113544,0.400698857048743
"RSTD","Utility",79,100,-217.99,NA,NA,441.98,453.64,0.641159480903298,0.713674181839451,0.80322436364745,0.24521210692418,0.586266474729192,0.0414828715044559
"RSTD","Utility",80,100,-100.33,NA,NA,206.66,218.32,0.602592710871249,0.798923129681498,0.87856010169358,0.799056255862545,3.13460775944251,1.65777598732141
"RSTD","Utility",81,100,-82.31,NA,NA,170.62,182.28,0.0268326783552766,0.983408806612715,0.000450545123289019,0.846574133049626,2.25584558652647,1.42827125892359
"RSTD","Utility",82,100,-208.06,NA,NA,422.12,433.78,0.390374890295789,0.210965643869713,0.0372791002797534,0.871302195749243,0.111925841847823,0.0709301116876304
"RSTD","Utility",83,100,-186.86,NA,NA,379.72,391.38,0.909624356776476,0.0655163209885359,0.0636603135582829,0.671317245400507,1.08997552464921,0.479556284306279
"RSTD","Utility",84,100,-123.69,NA,NA,253.38,265.04,0.894585720263422,0.928069569170475,0.905836729505127,0.701758365065388,3.36388138573504,0.784675157586944
"RSTD","Utility",85,100,-139.68,NA,NA,285.36,297.02,0.16712597804144,0.591124507132918,0.888795630473442,0.828944564210786,1.7561900945686,0.76918393555553
"RSTD","Utility",86,100,-197.08,NA,NA,400.16,411.82,0.0963515317998827,0.187938303221017,0.0589571592824154,0.726712750246232,0.770293795965028,0.16646143142134
"RSTD","Utility",87,100,-113.94,NA,NA,233.88,245.54,0.812582350103185,0.879132093861699,0.878884916751669,0.851537648632808,2.03201727579785,4.4038753097219
"RSTD","Utility",88,100,-199.5,NA,NA,405,416.66,0.448961209738627,0.690639521926641,0.716360810131296,0.778246354675639,0.167347521567169,0.123227803417321
"RSTD","Utility",89,100,-123.77,NA,NA,253.54,265.2,0.352596259210259,0.519048273330554,0.769822218081266,0.99230861028205,0.727149942238244,0.771270071114314
"RSTD","Utility",90,100,-134.35,NA,NA,274.7,286.36,0.7131295024883,0.112127762287855,0.0702161975646072,0.569428522917267,5,3.4174234716404
"RSTD","Utility",91,100,-183.67,NA,NA,373.34,385,0.102771484525874,0.0985191510990262,0.033108371642489,0.655271804226991,2.08381552877207,0.348240172024816
"RSTD","Utility",92,100,-203.68,NA,NA,413.36,425.02,0.14997310237959,0.461772011825815,0.879790708975628,0.58429521441668,0.261648678090585,0.261333189609714
"RSTD","Utility",93,100,-142.96,NA,NA,291.92,303.58,0.435881547397003,0.7804279406555,0.849996433419906,0.937363488966781,0.843071688821658,0.681397345848382
"RSTD","Utility",94,100,-90.84,NA,NA,187.68,199.34,0.975024477113038,0.799848798895255,0.83797120508642,0.860783443954972,2.53148316174951,4.33281822849937
"RSTD","Utility",95,100,-126.42,NA,NA,258.84,270.5,0.723246149485931,0.623378630494699,0.736408814827618,0.970097003493107,0.521988282056509,0.45622572209686
"RSTD","Utility",96,100,-131.57,NA,NA,269.14,280.8,0.323681306792423,0.444453429430723,0.800579166515997,0.768704579698454,1.28839713672269,0.446843124460429
"RSTD","Utility",97,100,-199.99,NA,NA,405.98,417.64,0.521510650403798,0.40949847153388,0.938472785808076,0.574663852367769,0.327844371831955,0.118169202112595
"RSTD","Utility",98,100,-181.78,NA,NA,369.56,381.22,0.418908317107707,0.978637758642435,0.873034953789299,0.536473855010616,2.07472604135601,0.211078092921525
"RSTD","Utility",99,100,-105.09,NA,NA,216.18,227.84,0.78953983867541,0.418743934947997,0.295845194540468,0.676167612464252,5,2.49348991278757
"RSTD","Utility",100,100,-193.14,NA,NA,392.28,403.94,0.956703607924283,0.607802340993658,0.639038572082086,0.647794639573814,0.42623204446348,0.108669338996542
"Utility","TD",1,100,-146.81,NA,NA,297.62,305.39,0.285107890376821,0.724670132622123,0.159816187015726,0.489414604160908,NA,1.43561604238095
"Utility","TD",2,100,-246.71,NA,NA,497.42,505.19,0.950232450617477,0.206436974462122,0.988379572368106,0.0148186630773859,NA,0.364579517394304
"Utility","TD",3,100,-212.94,NA,NA,429.88,437.65,0.536011227406561,0.200363578274846,0.700422243337781,0.0440302775178437,NA,1.00568439900399
"Utility","TD",4,100,-221.16,NA,NA,446.32,454.09,0.321220333920792,0.649332832079381,0.0265470020979732,0.0357778845664892,NA,0.142882495187223
"Utility","TD",5,100,-156.4,NA,NA,316.8,324.57,0.525106647517532,0.973066303646192,0.693749695016959,0.303888828539091,NA,0.392999498639256
"Utility","TD",6,100,-113.79,NA,NA,231.58,239.35,0.895209939451888,0.943225271301344,0.856927171862627,1.02141901356168,NA,3.35385648889427
"Utility","TD",7,100,-249.53,NA,NA,503.06,510.83,0.753931205254048,0.197620301274583,0,0,NA,0.18983699940145
"Utility","TD",8,100,-139.62,NA,NA,283.24,291.01,0.0560640415642411,0.783013365231454,0.0768596274094893,1.01143467313386,NA,3.41441693140154
"Utility","TD",9,100,-186.68,NA,NA,377.36,385.13,0.479448032099754,0.989872474921867,0.638427468050119,0.146431780085769,NA,0.208000437050192
"Utility","TD",10,100,-109.59,NA,NA,223.18,230.95,0.711294803768396,0.788163986755535,0.749765052007907,0.827646506304664,NA,2.30973086307261
"Utility","TD",11,100,-122.18,NA,NA,248.36,256.13,0.5048349336721,0.797194604296237,0.178864763849093,0.8669129202596,NA,2.5054881726885
"Utility","TD",12,100,-201.15,NA,NA,406.3,414.07,0.731893435353413,0.395451756194234,0.907505750996616,0.0610036667648189,NA,0.618170124012977
"Utility","TD",13,100,-177.56,NA,NA,359.12,366.89,0.275977379642427,0.511981163173914,0.188649752509294,0.295124146099908,NA,2.39124982816227
"Utility","TD",14,100,-221.25,NA,NA,446.5,454.27,0.226354157319292,0.16033569118008,0.0865012231369809,0.0366443017642588,NA,0.894037933978152
"Utility","TD",15,100,-116.55,NA,NA,237.1,244.87,0.315573724219576,0.984172471100464,0.177577511619742,1.03687121106663,NA,1.69604673600736
"Utility","TD",16,100,-187.04,NA,NA,378.08,385.85,0.540354023920372,0.854036244563758,0.598434985636201,0.130896872686575,NA,0.362152148856662
"Utility","TD",17,100,-203.23,NA,NA,410.46,418.23,0.66359161795117,0.0660558908712119,0.905541148477086,0.0553391097043635,NA,1.97567781611326
"Utility","TD",18,100,-191.41,NA,NA,386.82,394.59,0.973287776112556,0.630256613949314,0.740974460979346,0.109414273986421,NA,0.855529390233469
"Utility","TD",19,100,-188.91,NA,NA,381.82,389.59,0.340647828998044,0.988910319516435,0.19725411304741,0.208897939208365,NA,0.211397308856249
"Utility","TD",20,100,-208.93,NA,NA,421.86,429.63,0.329378831898794,0.0628540490288287,0.0644480348057741,0.0623380763925546,NA,2.33967715737489
"Utility","TD",21,100,-252.95,NA,NA,509.9,517.67,0.285566801903769,0.0508385861758143,0.0193750000000013,0.00833242950108464,NA,0.410096168983728
"Utility","TD",22,100,-200.5,NA,NA,405,412.77,0.684979062527418,0.438995202770457,0.681718634556927,0.0697202527983492,NA,0.685128960758448
"Utility","TD",23,100,-194.46,NA,NA,392.92,400.69,0.529962481698021,0.27115519088693,0.519405559499213,0.110605062526075,NA,2.69503675574873
"Utility","TD",24,100,-207.38,NA,NA,418.76,426.53,0.779200294986367,0.728794121881947,0.0911121296045604,0.0845216812499588,NA,0.160821524456017
"Utility","TD",25,100,-220.97,NA,NA,445.94,453.71,0.0281218434683979,0.533772448310629,0.0102220689418025,0.0358020689211971,NA,0.225168376229703
"Utility","TD",26,100,-209.2,NA,NA,422.4,430.17,0.128862570039928,0.17050133110024,0.0667745474435264,0.0615289518941128,NA,1.37515528589011
"Utility","TD",27,100,-164.19,NA,NA,332.38,340.15,0.980796684976667,0.860091791022569,0.0552631234114753,0.9910265615419,NA,1.2001721150753
"Utility","TD",28,100,-248.51,NA,NA,501.02,508.79,0.633000507717952,0.959949327167124,0.01,0.01,NA,0.0240202485583723
"Utility","TD",29,100,-187.48,NA,NA,378.96,386.73,0.234798390883952,0.4054856733419,0.199928974658146,0.238585848547304,NA,3.89528230370438
"Utility","TD",30,100,-252.29,NA,NA,508.58,516.35,0.319981756620109,0.632078264839947,0.01,0.01,NA,0.0559587455590604
"Utility","TD",31,100,-127.83,NA,NA,259.66,267.43,0.417691254755482,0.885661983396858,0.155058987038764,0.925262500097784,NA,1.4762263855988
"Utility","TD",32,100,-258.45,NA,NA,520.9,528.67,0.119032545015216,0.605491037247702,0.01,0.01,NA,0.0459982767437321
"Utility","TD",33,100,-99.98,NA,NA,203.96,211.73,0.824352919822559,0.753800751408562,0.806028806685095,0.991548729598402,NA,2.89878896835935
"Utility","TD",34,100,-164.36,NA,NA,332.72,340.49,0.080542077543214,0.69156481907703,0.0908146221033545,0.71888608281276,NA,3.2510444371212
"Utility","TD",35,100,-196.85,NA,NA,397.7,405.47,0.788759883260354,0.407168375095353,0.768325502565537,0.0813302697151283,NA,0.8810732345608
"Utility","TD",36,100,-178.54,NA,NA,361.08,368.85,0.960197768406942,0.814909122884274,0.778403353336084,0.181308800801006,NA,0.491239995229989
"Utility","TD",37,100,-249.37,NA,NA,502.74,510.51,0.983733647270128,0.387793875532225,0.01,0.01,NA,0.184212701395154
"Utility","TD",38,100,-173.42,NA,NA,350.84,358.61,0.640330957481638,0.661732341628522,0.533181932202333,0.193124407832501,NA,1.1015722423634
"Utility","TD",39,100,-128.58,NA,NA,261.16,268.93,0.591888564871624,0.781977394130081,0.651827406740546,0.429785877541793,NA,1.17335850927503
"Utility","TD",40,100,-172.29,NA,NA,348.58,356.35,0.185236022341996,0.927017299691215,0.131434546568882,0.353647011771963,NA,0.406216487288475
"Utility","TD",41,100,-181.8,NA,NA,367.6,375.37,0.5952471755445,0.540940156206489,0.515077115234408,0.160089355158207,NA,1.71158919288757
"Utility","TD",42,100,-249.53,NA,NA,503.06,510.83,0.265401779906824,0.195171546889469,0.477607285290088,0,NA,0.226954524639678
"Utility","TD",43,100,-255.66,NA,NA,515.32,523.09,0.604935176437721,0.398145136190578,0.0118742643953562,0.00255251643838019,NA,0.0485801249742508
"Utility","TD",44,100,-190.09,NA,NA,384.18,391.95,0.470244030002505,0.685449249343947,0.49566001034147,0.136745742328357,NA,0.648697707336396
"Utility","TD",45,100,-214.42,NA,NA,432.84,440.61,0.371720403432846,0.503097830805928,0.466713782321626,0.0420215075876161,NA,0.322839245665818
"Utility","TD",46,100,-248.92,NA,NA,501.84,509.61,0.361050225095823,0.370053818682209,0.203053308448389,0.013065813044685,NA,0.173567070005157
"Utility","TD",47,100,-122.05,NA,NA,248.1,255.87,0.594613759312779,0.789667062694207,0.587407056618226,0.691261288197429,NA,2.04544003671947
"Utility","TD",48,100,-219.47,NA,NA,442.94,450.71,0.628910263301805,0.0369398219045252,1,0.0336372468312203,NA,1.35408596597136
"Utility","TD",49,100,-131.55,NA,NA,267.1,274.87,0.254382238723338,0.857857148861513,0.146135151015092,0.613109362322996,NA,0.936107955831003
"Utility","TD",50,100,-187.03,NA,NA,378.06,385.83,0.629901704145595,0.59963444317691,0.559622350933848,0.144501438471969,NA,1.13030682034315
"Utility","TD",51,100,-194.37,NA,NA,392.74,400.51,0.958562755258754,0.446684151422232,0.638814561454955,0.102547751804721,NA,1.46860518856885
"Utility","TD",52,100,-166.43,NA,NA,336.86,344.63,0.378760501742363,0.716149265645072,0.243313363076289,0.315163514754616,NA,1.1838285959837
"Utility","TD",53,100,-210.69,NA,NA,425.38,433.15,0.843001339351758,0.428967847023159,0.774006215101517,0.0462720528233856,NA,0.430095953866839
"Utility","TD",54,100,-141.19,NA,NA,286.38,294.15,0.111280993092805,0.926345025887713,0.102031308218336,0.964800261469058,NA,1.52358875974062
"Utility","TD",55,100,-120.98,NA,NA,245.96,253.73,0.231767056509852,0.779834397835657,0.168655540357291,0.926520319077134,NA,3.55762586234994
"Utility","TD",56,100,-143.53,NA,NA,291.06,298.83,0.386252531083301,0.815260800998658,0.157876666689825,0.932665058133587,NA,1.64474068483968
"Utility","TD",57,100,-231.92,NA,NA,467.84,475.61,0.6529874894768,0.670282299863175,0.0163194622095127,0.0283675148065871,NA,0.116263606119901
"Utility","TD",58,100,-225.63,NA,NA,455.26,463.03,0.560497718863189,0.274772666627541,0.604636190466082,0.0342098771913519,NA,0.529099578669097
"Utility","TD",59,100,-190.6,NA,NA,385.2,392.97,0.597106330329552,0.589335348224267,0.500037516358419,0.13226954445937,NA,0.931611171881569
"Utility","TD",60,100,-135.76,NA,NA,275.52,283.29,0.987134294584394,0.800411853706464,0.0680839321921255,0.788295241235471,NA,1.29764714087815
"Utility","TD",61,100,-252.24,NA,NA,508.48,516.25,0.718285634880885,0.565618214197457,0.01,0.01,NA,0.0649159974418581
"Utility","TD",62,100,-201.46,NA,NA,406.92,414.69,0.125127220060676,0.773224814096466,0.0968254512967466,0.145578781274242,NA,0.583291862625629
"Utility","TD",63,100,-249.53,NA,NA,503.06,510.83,0.499009405029938,0.0988319513853639,0.0654292095352003,0,NA,0.092432988807559
"Utility","TD",64,100,-186.14,NA,NA,376.28,384.05,0.333673485321924,0.454882015939802,0.311586807279416,0.202393386489048,NA,2.70696423376415
"Utility","TD",65,100,-249.53,NA,NA,503.06,510.83,0.810415166895837,0.0187283449340612,0.874119748636901,0,NA,0.165121834239408
"Utility","TD",66,100,-231.91,NA,NA,467.82,475.59,0.461979309096932,0.296923782210797,0.0764098629181228,0.0294503585548876,NA,0.458040716126561
"Utility","TD",67,100,-239.56,NA,NA,483.12,490.89,0.285626433324069,0.528872283641249,0.55866438312463,0.0215282560195784,NA,0.147296045374405
"Utility","TD",68,100,-197.28,NA,NA,398.56,406.33,0.732509626774117,0.600311974063516,0.611050850828978,0.0892602391242449,NA,0.449271724574598
"Utility","TD",69,100,-195.34,NA,NA,394.68,402.45,0.977929984452203,0.529096166603267,0.723248531925222,0.0889408317079102,NA,0.751786146880371
"Utility","TD",70,100,-247.08,NA,NA,498.16,505.93,0.98177181975916,0.159414226887748,0.074133424653138,0.0150728593341777,NA,0.477379389107227
"Utility","TD",71,100,-255.18,NA,NA,514.36,522.13,0.922829337418079,0.366323065012693,0.0180665842950895,0.00394419234778914,NA,0.0864430760253218
"Utility","TD",72,100,-209.91,NA,NA,423.82,431.59,0.437475311337039,0.144657690776512,0.492203309370641,0.0502820548623522,NA,1.51204245735464
"Utility","TD",73,100,-142,NA,NA,288,295.77,0.0812403932213783,0.858433880610391,0.0755360912533398,1.00102333410906,NA,1.57674626609245
"Utility","TD",74,100,-257.46,NA,NA,518.92,526.69,0.769064010120928,0.423705151304603,0.01,0.01,NA,0.0550090870819986
"Utility","TD",75,100,-266.47,NA,NA,536.94,544.71,0.27233505435288,0.0992442343849689,0.01,0.01,NA,0.0195726837949201
"Utility","TD",76,100,-195.67,NA,NA,395.34,403.11,0.714246998308226,0.356464033480734,0.639929843678445,0.0956210509561911,NA,1.33508190601589
"Utility","TD",77,100,-168.47,NA,NA,340.94,348.71,0.165105299558491,0.62026000325568,0.196387687323015,0.344324146153567,NA,2.11759630225509
"Utility","TD",78,100,-187.58,NA,NA,379.16,386.93,0.948594216490164,0.818483957787976,0.815120903135751,0.122871535316629,NA,0.400698857048743
"Utility","TD",79,100,-249.53,NA,NA,503.06,510.83,0.641159480903298,0.713674181839451,0.886673856895373,0,NA,0.0414828715044559
"Utility","TD",80,100,-133.59,NA,NA,271.18,278.95,0.602592710871249,0.798923129681498,0.655487118129371,0.617298427395364,NA,1.65777598732141
"Utility","TD",81,100,-143.32,NA,NA,290.64,298.41,0.0268326783552766,0.983408806612715,0.031984227084378,1.12596666070048,NA,1.42827125892359
"Utility","TD",82,100,-249.53,NA,NA,503.06,510.83,0.390374890295789,0.210965643869713,0.106632770515757,0,NA,0.0709301116876304
"Utility","TD",83,100,-251.57,NA,NA,507.14,514.91,0.909624356776476,0.0655163209885359,0.01,0.01,NA,0.479556284306279
"Utility","TD",84,100,-151.5,NA,NA,307,314.77,0.894585720263422,0.928069569170475,0.841377409342099,0.586528520293459,NA,0.784675157586944
"Utility","TD",85,100,-207.15,NA,NA,418.3,426.07,0.16712597804144,0.591124507132918,0.226405302673032,0.0667703217168379,NA,0.76918393555553
"Utility","TD",86,100,-249.53,NA,NA,503.06,510.83,0.0963515317998827,0.187938303221017,0.0376693499814338,0,NA,0.16646143142134
"Utility","TD",87,100,-90.84,NA,NA,185.68,193.45,0.812582350103185,0.879132093861699,0.806759038039952,1.26959588229924,NA,4.4038753097219
"Utility","TD",88,100,-220.46,NA,NA,444.92,452.69,0.448961209738627,0.690639521926641,0.989264004393391,0.0326575941593881,NA,0.123227803417321
"Utility","TD",89,100,-202.17,NA,NA,408.34,416.11,0.352596259210259,0.519048273330554,0.588241126788216,0.0683103626042918,NA,0.771270071114314
"Utility","TD",90,100,-198.3,NA,NA,400.6,408.37,0.7131295024883,0.112127762287855,0.667538755951245,0.077837028548126,NA,3.4174234716404
"Utility","TD",91,100,-253.09,NA,NA,510.18,517.95,0.102771484525874,0.0985191510990262,0.01,0.01,NA,0.348240172024816
"Utility","TD",92,100,-229.72,NA,NA,463.44,471.21,0.14997310237959,0.461772011825815,0.090484930161072,0.0316191567587804,NA,0.261333189609714
"Utility","TD",93,100,-175.24,NA,NA,354.48,362.25,0.435881547397003,0.7804279406555,0.267385219533851,0.242201740585732,NA,0.681397345848382
"Utility","TD",94,100,-105.3,NA,NA,214.6,222.37,0.975024477113038,0.799848798895255,0.883352797446429,2.68513031349206,NA,4.33281822849937
"Utility","TD",95,100,-196.43,NA,NA,396.86,404.63,0.723246149485931,0.623378630494699,0.61730497433638,0.0923528135701281,NA,0.45622572209686
"Utility","TD",96,100,-214.42,NA,NA,432.84,440.61,0.323681306792423,0.444453429430723,0.398931883571381,0.0439490486110101,NA,0.446843124460429
"Utility","TD",97,100,-249.53,NA,NA,503.06,510.83,0.521510650403798,0.40949847153388,0.0496667490497347,0,NA,0.118169202112595
"Utility","TD",98,100,-189.27,NA,NA,382.54,390.31,0.418908317107707,0.978637758642435,0.530470947747121,0.127942125988306,NA,0.211078092921525
"Utility","TD",99,100,-190.13,NA,NA,384.26,392.03,0.78953983867541,0.418743934947997,0.559903668756019,0.128159071012302,NA,2.49348991278757
"Utility","TD",100,100,-238.43,NA,NA,480.86,488.63,0.956703607924283,0.607802340993658,0.61192697341884,0.0226176077987645,NA,0.108669338996542
"Utility","RSTD",1,100,-144.4,NA,NA,294.8,306.46,0.285107890376821,0.724670132622123,0.233199442686717,0.161801089778318,0.412076172187195,1.43561604238095
"Utility","RSTD",2,100,-247.61,NA,NA,501.22,512.88,0.950232450617477,0.206436974462122,0.0770931059505533,0,0.0146872042752997,0.364579517394304
"Utility","RSTD",3,100,-213.21,NA,NA,432.42,444.08,0.536011227406561,0.200363578274846,0.832486234764756,0.883250322756988,0.0393412057221774,1.00568439900399
"Utility","RSTD",4,100,-220.79,NA,NA,447.58,459.24,0.321220333920792,0.649332832079381,0.0316344946557504,0,0.0366300175933074,0.142882495187223
"Utility","RSTD",5,100,-157.1,NA,NA,320.2,331.86,0.525106647517532,0.973066303646192,0.271752129256266,0.288295382400899,0.316752505154367,0.392999498639256
"Utility","RSTD",6,100,-114,NA,NA,234,245.66,0.895209939451888,0.943225271301344,0.131908561095168,0.325169441572599,1.25136571904079,3.35385648889427
"Utility","RSTD",7,100,-249.53,NA,NA,505.06,516.72,0.753931205254048,0.197620301274583,0.616331009133444,0.749276140650723,0,0.18983699940145
"Utility","RSTD",8,100,-120.55,NA,NA,247.1,258.76,0.0560640415642411,0.783013365231454,0.0695391586626483,0.0442026446163465,0.940101167868273,3.41441693140154
"Utility","RSTD",9,100,-186.11,NA,NA,378.22,389.88,0.479448032099754,0.989872474921867,0.294665314555357,0.250136320974304,0.182441277851148,0.208000437050192
"Utility","RSTD",10,100,-109.61,NA,NA,225.22,236.88,0.711294803768396,0.788163986755535,0.766219350659008,0.759338990180257,0.814640386572573,2.30973086307261
"Utility","RSTD",11,100,-123.5,NA,NA,253,264.66,0.5048349336721,0.797194604296237,0.250935222985225,0.272486038411419,0.782333959824624,2.5054881726885
"Utility","RSTD",12,100,-200.88,NA,NA,407.76,419.42,0.731893435353413,0.395451756194234,0.801184479667985,0.90371979688999,0.0615820878019068,0.618170124012977
"Utility","RSTD",13,100,-165.52,NA,NA,337.04,348.7,0.275977379642427,0.511981163173914,0.459892681761711,0.172792633927724,0.19528807737269,2.39124982816227
"Utility","RSTD",14,100,-220.69,NA,NA,447.38,459.04,0.226354157319292,0.16033569118008,0.0467670276193967,0.00533176428441374,0.0368862624970216,0.894037933978152
"Utility","RSTD",15,100,-115.75,NA,NA,237.5,249.16,0.315573724219576,0.984172471100464,0.270862349760502,0.22430193995476,1.00085314864951,1.69604673600736
"Utility","RSTD",16,100,-186.43,NA,NA,378.86,390.52,0.540354023920372,0.854036244563758,0.50729708324883,0.346746545006847,0.133147750804767,0.362152148856662
"Utility","RSTD",17,100,-203.92,NA,NA,413.84,425.5,0.66359161795117,0.0660558908712119,0.515978136723937,0.815325502494921,0.0589166202611911,1.97567781611326
"Utility","RSTD",18,100,-202.94,NA,NA,411.88,423.54,0.973287776112556,0.630256613949314,0.0297446478776205,0,0.115557725461646,0.855529390233469
"Utility","RSTD",19,100,-188.48,NA,NA,382.96,394.62,0.340647828998044,0.988910319516435,0.186676128682596,0.151197110848381,0.210147368075964,0.211397308856249
"Utility","RSTD",20,100,-208.19,NA,NA,422.38,434.04,0.329378831898794,0.0628540490288287,0.131500195264687,0.0652786551234423,0.0655179634939724,2.33967715737489
"Utility","RSTD",21,100,-249.53,NA,NA,505.06,516.72,0.285566801903769,0.0508385861758143,0.25048159931713,0,0,0.410096168983728
"Utility","RSTD",22,100,-200.64,NA,NA,407.28,418.94,0.684979062527418,0.438995202770457,0.755698693800843,0.700267025357307,0.0667583440427651,0.685128960758448
"Utility","RSTD",23,100,-193.5,NA,NA,393,404.66,0.529962481698021,0.27115519088693,0.52631434775814,0.327556703981519,0.106138819125904,2.69503675574873
"Utility","RSTD",24,100,-199.85,NA,NA,405.7,417.36,0.779200294986367,0.728794121881947,0.724986264634403,0.918061039464005,0.0733872380585465,0.160821524456017
"Utility","RSTD",25,100,-220.67,NA,NA,447.34,459,0.0281218434683979,0.533772448310629,0.025854236703234,0,0.0365398981899132,0.225168376229703
"Utility","RSTD",26,100,-208.99,NA,NA,423.98,435.64,0.128862570039928,0.17050133110024,0.0488056479755519,0.010108598568673,0.0572945727008918,1.37515528589011
"Utility","RSTD",27,100,-135.29,NA,NA,276.58,288.24,0.980796684976667,0.860091791022569,0.955183598426918,0.870281194039201,0.705644611847788,1.2001721150753
"Utility","RSTD",28,100,-247.43,NA,NA,500.86,512.52,0.633000507717952,0.959949327167124,0.0704096486782436,0,0.0149941071977189,0.0240202485583723
"Utility","RSTD",29,100,-173.79,NA,NA,353.58,365.24,0.234798390883952,0.4054856733419,0.536893646011752,0.168210973710113,0.135102105296093,3.89528230370438
"Utility","RSTD",30,100,-249.53,NA,NA,505.06,516.72,0.319981756620109,0.632078264839947,0.156276485269381,0.635415074843841,0,0.0559587455590604
"Utility","RSTD",31,100,-127.83,NA,NA,261.66,273.32,0.417691254755482,0.885661983396858,0.151033807288062,0.147995826240635,0.970534321976277,1.4762263855988
"Utility","RSTD",32,100,-249.53,NA,NA,505.06,516.72,0.119032545015216,0.605491037247702,0.283525425826083,0.132126221934454,0,0.0459982767437321
"Utility","RSTD",33,100,-99.85,NA,NA,205.7,217.36,0.824352919822559,0.753800751408562,0.612799116140525,0.755551517539414,1.00389923394801,2.89878896835935
"Utility","RSTD",34,100,-140.73,NA,NA,287.46,299.12,0.080542077543214,0.69156481907703,0.0892285527499996,0.0544924451684194,0.826529267890216,3.2510444371212
"Utility","RSTD",35,100,-196.7,NA,NA,399.4,411.06,0.788759883260354,0.407168375095353,0.691704296720432,0.622201377286952,0.0876859143429086,0.8810732345608
"Utility","RSTD",36,100,-183.72,NA,NA,373.44,385.1,0.960197768406942,0.814909122884274,0.185547636673607,0.217848996562643,0.241167487703124,0.491239995229989
"Utility","RSTD",37,100,-247.66,NA,NA,501.32,512.98,0.983733647270128,0.387793875532225,0.695614942501854,0.91795062615994,0.013975266829079,0.184212701395154
"Utility","RSTD",38,100,-173.16,NA,NA,352.32,363.98,0.640330957481638,0.661732341628522,0.515663578757496,0.441326057144772,0.187795284052405,1.1015722423634
"Utility","RSTD",39,100,-128.72,NA,NA,263.44,275.1,0.591888564871624,0.781977394130081,0.403107309330037,0.491813154757373,0.439685699505284,1.17335850927503
"Utility","RSTD",40,100,-172.51,NA,NA,351.02,362.68,0.185236022341996,0.927017299691215,0.327271339907438,0.164442222769259,0.179358948709774,0.406216487288475
"Utility","RSTD",41,100,-180.65,NA,NA,367.3,378.96,0.5952471755445,0.540940156206489,0.740544515765882,0.452002567854155,0.121098391568639,1.71158919288757
"Utility","RSTD",42,100,-249.53,NA,NA,505.06,516.72,0.265401779906824,0.195171546889469,0.492354947519427,0.33231748729742,0,0.226954524639678
"Utility","RSTD",43,100,-249.53,NA,NA,505.06,516.72,0.604935176437721,0.398145136190578,0.579402543161463,0.962876509847405,0,0.0485801249742508
"Utility","RSTD",44,100,-189.53,NA,NA,385.06,396.72,0.470244030002505,0.685449249343947,0.565248153453197,0.423772668197784,0.127992304116922,0.648697707336396
"Utility","RSTD",45,100,-214.99,NA,NA,435.98,447.64,0.371720403432846,0.503097830805928,0.48373986900608,0.865832743326198,0.0402903632214923,0.322839245665818
"Utility","RSTD",46,100,-248.5,NA,NA,503,514.66,0.361050225095823,0.370053818682209,0.086511835904812,0,0.0140668581601126,0.173567070005157
"Utility","RSTD",47,100,-121.24,NA,NA,248.48,260.14,0.594613759312779,0.789667062694207,0.486766651364478,0.58794299849422,0.720536723119363,2.04544003671947
"Utility","RSTD",48,100,-220.09,NA,NA,446.18,457.84,0.628910263301805,0.0369398219045252,0.511610642706625,0.911284570185053,0.0342247811381635,1.35408596597136
"Utility","RSTD",49,100,-130.95,NA,NA,267.9,279.56,0.254382238723338,0.857857148861513,0.20078672837711,0.162478375181506,0.48232886899306,0.936107955831003
"Utility","RSTD",50,100,-185.73,NA,NA,377.46,389.12,0.629901704145595,0.59963444317691,0.60500627777685,0.434821078153429,0.133617641379758,1.13030682034315
"Utility","RSTD",51,100,-194.3,NA,NA,394.6,406.26,0.958562755258754,0.446684151422232,0.60378938318262,0.654178695427239,0.10645173743422,1.46860518856885
"Utility","RSTD",52,100,-164.39,NA,NA,334.78,346.44,0.378760501742363,0.716149265645072,0.313307172069504,0.226279317396669,0.284754419959695,1.1838285959837
"Utility","RSTD",53,100,-213.66,NA,NA,433.32,444.98,0.843001339351758,0.428967847023159,0.57433144203342,0.359696887708932,0.0414884640251698,0.430095953866839
"Utility","RSTD",54,100,-131.75,NA,NA,269.5,281.16,0.111280993092805,0.926345025887713,0.101260764347645,0.0776872719414742,0.88163978080029,1.52358875974062
"Utility","RSTD",55,100,-113.72,NA,NA,233.44,245.1,0.231767056509852,0.779834397835657,0.899241223410675,0.329587489460122,0.831352822896818,3.55762586234994
"Utility","RSTD",56,100,-143.43,NA,NA,292.86,304.52,0.386252531083301,0.815260800998658,0.160752872187779,0.154795875783615,0.898338723395947,1.64474068483968
"Utility","RSTD",57,100,-230.8,NA,NA,467.6,479.26,0.6529874894768,0.670282299863175,0.333940336516831,0.16279471941621,0.0294486044094709,0.116263606119901
"Utility","RSTD",58,100,-226.12,NA,NA,458.24,469.9,0.560497718863189,0.274772666627541,0.352556991808524,0.310647599070552,0.0346382718732264,0.529099578669097
"Utility","RSTD",59,100,-190.04,NA,NA,386.08,397.74,0.597106330329552,0.589335348224267,0.522770946462989,0.413034315375847,0.132464762597204,0.931611171881569
"Utility","RSTD",60,100,-115.29,NA,NA,236.58,248.24,0.987134294584394,0.800411853706464,0.97447020219028,0.868353717400379,0.559382545041489,1.29764714087815
"Utility","RSTD",61,100,-249.53,NA,NA,505.06,516.72,0.718285634880885,0.565618214197457,0.680263999099948,0.163823033133499,0,0.0649159974418581
"Utility","RSTD",62,100,-202.37,NA,NA,410.74,422.4,0.125127220060676,0.773224814096466,0.180115338013189,0.129468294253992,0.101533902851643,0.583291862625629
"Utility","RSTD",63,100,-258.9,NA,NA,523.8,535.46,0.499009405029938,0.0988319513853639,0.01,0.01,0.01,0.092432988807559
"Utility","RSTD",64,100,-174,NA,NA,354,365.66,0.333673485321924,0.454882015939802,0.585932214060364,0.205639636508668,0.14986447551266,2.70696423376415
"Utility","RSTD",65,100,-249.53,NA,NA,505.06,516.72,0.810415166895837,0.0187283449340612,0.861611384775448,0.170883748430428,0,0.165121834239408
"Utility","RSTD",66,100,-231.16,NA,NA,468.32,479.98,0.461979309096932,0.296923782210797,0.902903162564844,0.497079178910871,0.0287096344402872,0.458040716126561
"Utility","RSTD",67,100,-240.04,NA,NA,486.08,497.74,0.285626433324069,0.528872283641249,0.997728771098543,0.953890527239364,0.0202326688948343,0.147296045374405
"Utility","RSTD",68,100,-197.34,NA,NA,400.68,412.34,0.732509626774117,0.600311974063516,0.744146978271536,0.595168257421731,0.0818461240222825,0.449271724574598
"Utility","RSTD",69,100,-196.55,NA,NA,399.1,410.76,0.977929984452203,0.529096166603267,0.602829641495284,0.533656451152653,0.120240886016726,0.751786146880371
"Utility","RSTD",70,100,-246.62,NA,NA,499.24,510.9,0.98177181975916,0.159414226887748,0.0672002820017577,0,0.0152533647382377,0.477379389107227
"Utility","RSTD",71,100,-249.53,NA,NA,505.06,516.72,0.922829337418079,0.366323065012693,0.404377405086155,0.378587132793579,0,0.0864430760253218
"Utility","RSTD",72,100,-211.13,NA,NA,428.26,439.92,0.437475311337039,0.144657690776512,0.0890204824927228,0.0219303895770929,0.0531707732114498,1.51204245735464
"Utility","RSTD",73,100,-196.82,NA,NA,399.64,411.3,0.0812403932213783,0.858433880610391,0.999828249855098,0.297617181922906,0.516577731130665,1.57674626609245
"Utility","RSTD",74,100,-249.53,NA,NA,505.06,516.72,0.769064010120928,0.423705151304603,0.392732945229598,0.398104739247581,0,0.0550090870819986
"Utility","RSTD",75,100,-266.47,NA,NA,538.94,550.6,0.27233505435288,0.0992442343849689,0.01,0.01,0.01,0.0195726837949201
"Utility","RSTD",76,100,-195.62,NA,NA,397.24,408.9,0.714246998308226,0.356464033480734,0.677949335900586,0.623645524338685,0.090920982349786,1.33508190601589
"Utility","RSTD",77,100,-155.47,NA,NA,316.94,328.6,0.165105299558491,0.62026000325568,0.30644587017253,0.145247662072018,0.284632042462381,2.11759630225509
"Utility","RSTD",78,100,-187.11,NA,NA,380.22,391.88,0.948594216490164,0.818483957787976,0.932259847037865,0.787949408327035,0.120969451030103,0.400698857048743
"Utility","RSTD",79,100,-249.53,NA,NA,505.06,516.72,0.641159480903298,0.713674181839451,0.515086434624319,0.331358052480773,0,0.0414828715044559
"Utility","RSTD",80,100,-133.42,NA,NA,272.84,284.5,0.602592710871249,0.798923129681498,0.619353424893299,0.685982740403015,0.656006472212978,1.65777598732141
"Utility","RSTD",81,100,-143.31,NA,NA,292.62,304.28,0.0268326783552766,0.983408806612715,0.0281506352831148,0.026026655064287,1.05107530698057,1.42827125892359
"Utility","RSTD",82,100,-258.9,NA,NA,523.8,535.46,0.390374890295789,0.210965643869713,0.01,0.01,0.01,0.0709301116876304
"Utility","RSTD",83,100,-251.57,NA,NA,509.14,520.8,0.909624356776476,0.0655163209885359,0.01,0.01,0.01,0.479556284306279
"Utility","RSTD",84,100,-151.14,NA,NA,308.28,319.94,0.894585720263422,0.928069569170475,0.883094201856019,0.841025668606014,0.59061765462913,0.784675157586944
"Utility","RSTD",85,100,-207.3,NA,NA,420.6,432.26,0.16712597804144,0.591124507132918,0.15988965419177,0.137645814120856,0.0824467423080824,0.76918393555553
"Utility","RSTD",86,100,-249.53,NA,NA,505.06,516.72,0.0963515317998827,0.187938303221017,0.315010982539351,0.235163949138189,0,0.16646143142134
"Utility","RSTD",87,100,-90.67,NA,NA,187.34,199,0.812582350103185,0.879132093861699,0.543212428748123,0.723240607537633,1.33607821440291,4.4038753097219
"Utility","RSTD",88,100,-220.48,NA,NA,446.96,458.62,0.448961209738627,0.690639521926641,0.0408258883359123,0,0.0365742675649349,0.123227803417321
"Utility","RSTD",89,100,-200.7,NA,NA,407.4,419.06,0.352596259210259,0.519048273330554,0.564714143593059,1,0.0687013080438586,0.771270071114314
"Utility","RSTD",90,100,-198.46,NA,NA,402.92,414.58,0.7131295024883,0.112127762287855,0.588298509750943,0.603108488732339,0.0817076778178572,3.4174234716404
"Utility","RSTD",91,100,-249.53,NA,NA,505.06,516.72,0.102771484525874,0.0985191510990262,0.10658527053643,0.159409222275536,0,0.348240172024816
"Utility","RSTD",92,100,-229.26,NA,NA,464.52,476.18,0.14997310237959,0.461772011825815,0.0459712996629641,0,0.0315059380083516,0.261333189609714
"Utility","RSTD",93,100,-174.29,NA,NA,354.58,366.24,0.435881547397003,0.7804279406555,0.311301129777258,0.240086558482852,0.226595173184694,0.681397345848382
"Utility","RSTD",94,100,-103.7,NA,NA,213.4,225.06,0.975024477113038,0.799848798895255,0.497386961823976,0.8015260398975,1.29154285005337,4.33281822849937
"Utility","RSTD",95,100,-196.69,NA,NA,399.38,411.04,0.723246149485931,0.623378630494699,0.559219587319225,0.50073073494523,0.100965120684618,0.45622572209686
"Utility","RSTD",96,100,-215.34,NA,NA,436.68,448.34,0.323681306792423,0.444453429430723,0.0469200574754137,0.00308271491382174,0.0441821636378366,0.446843124460429
"Utility","RSTD",97,100,-249.53,NA,NA,505.06,516.72,0.521510650403798,0.40949847153388,0.495424826208466,0.987207753802856,0,0.118169202112595
"Utility","RSTD",98,100,-190.09,NA,NA,386.18,397.84,0.418908317107707,0.978637758642435,0.320033984017443,0.236915857854361,0.158815732461564,0.211078092921525
"Utility","RSTD",99,100,-190.17,NA,NA,386.34,398,0.78953983867541,0.418743934947997,0.44993636014357,0.362620554452884,0.144861571356999,2.49348991278757
"Utility","RSTD",100,100,-240.43,NA,NA,486.86,498.52,0.956703607924283,0.607802340993658,0.0527823030309538,0.00318415993065,0.0211562697667065,0.108669338996542
"Utility","Utility",1,100,-143.97,NA,NA,293.94,305.6,0.285107890376821,0.724670132622123,0.141379927094651,0.802866607156464,1.21888111679754,1.43561604238095
"Utility","Utility",2,100,-246.67,NA,NA,499.34,511,0.950232450617477,0.206436974462122,0.922919251608389,0,0.553255225262695,0.364579517394304
"Utility","Utility",3,100,-212.34,NA,NA,430.68,442.34,0.536011227406561,0.200363578274846,0.643132952830594,0.508841182358824,0.267012896921165,1.00568439900399
"Utility","Utility",4,100,-220.93,NA,NA,447.86,459.52,0.321220333920792,0.649332832079381,0.0119209661391107,0.348881827970168,0.394212243635592,0.142882495187223
"Utility","Utility",5,100,-157.21,NA,NA,320.42,332.08,0.525106647517532,0.973066303646192,0.297862119243114,1,0.309558955762669,0.392999498639256
"Utility","Utility",6,100,-113.98,NA,NA,233.96,245.62,0.895209939451888,0.943225271301344,0.88362398172584,0.817691899460063,2.4152068633569,3.35385648889427
"Utility","Utility",7,100,-255.86,NA,NA,517.72,529.38,0.753931205254048,0.197620301274583,0.01,0.01,0.01,0.18983699940145
"Utility","Utility",8,100,-118.85,NA,NA,243.7,255.36,0.0560640415642411,0.783013365231454,0.0485815407845959,0.701104258373267,5,3.41441693140154
"Utility","Utility",9,100,-187.6,NA,NA,381.2,392.86,0.479448032099754,0.989872474921867,0.733442296503668,0.792880242342051,0.344305720159482,0.208000437050192
"Utility","Utility",10,100,-109.77,NA,NA,225.54,237.2,0.711294803768396,0.788163986755535,0.816123355784484,0.776646128459719,2.31999550389481,2.30973086307261
"Utility","Utility",11,100,-122.18,NA,NA,250.36,262.02,0.5048349336721,0.797194604296237,0.177598537788348,1,0.870317789535623,2.5054881726885
"Utility","Utility",12,100,-200.66,NA,NA,407.32,418.98,0.731893435353413,0.395451756194234,0.948046101213354,0.395060118729224,0.590346010744256,0.618170124012977
"Utility","Utility",13,100,-167.59,NA,NA,341.18,352.84,0.275977379642427,0.511981163173914,0.148893089523361,0.509048218546825,2.83384209685362,2.39124982816227
"Utility","Utility",14,100,-221.01,NA,NA,448.02,459.68,0.226354157319292,0.16033569118008,0.0610157298990641,0.312744022766397,0.448706113162381,0.894037933978152
"Utility","Utility",15,100,-115.8,NA,NA,237.6,249.26,0.315573724219576,0.984172471100464,0.222057246653389,0.83666034982267,2.16686430043151,1.69604673600736
"Utility","Utility",16,100,-188.74,NA,NA,383.48,395.14,0.540354023920372,0.854036244563758,0.860049951791538,0.389186433373602,2.91304119407855,0.362152148856662
"Utility","Utility",17,100,-201.06,NA,NA,408.12,419.78,0.66359161795117,0.0660558908712119,0.924942577404234,0.092770653226598,1.74175002738915,1.97567781611326
"Utility","Utility",18,100,-193.58,NA,NA,393.16,404.82,0.973287776112556,0.630256613949314,0.936802568578438,0.299105626654134,5,0.855529390233469
"Utility","Utility",19,100,-188.91,NA,NA,383.82,395.48,0.340647828998044,0.988910319516435,0.212920461667989,1,0.19801293357448,0.211397308856249
"Utility","Utility",20,100,-206.69,NA,NA,419.38,431.04,0.329378831898794,0.0628540490288287,0.356446549251401,0.45607855525874,0.444404014858871,2.33967715737489
"Utility","Utility",21,100,-249.53,NA,NA,505.06,516.72,0.285566801903769,0.0508385861758143,0,0,0,0.410096168983728
"Utility","Utility",22,100,-199.68,NA,NA,405.36,417.02,0.684979062527418,0.438995202770457,0.771194230544472,0.143994897885708,1.69921594533674,0.685128960758448
"Utility","Utility",23,100,-189.29,NA,NA,384.58,396.24,0.529962481698021,0.27115519088693,0.545673633786208,0.195584552030108,2.67858304055956,2.69503675574873
"Utility","Utility",24,100,-201.11,NA,NA,408.22,419.88,0.779200294986367,0.728794121881947,0.914204542698102,0.185396403437856,1.32411000886225,0.160821524456017
"Utility","Utility",25,100,-221.02,NA,NA,448.04,459.7,0.0281218434683979,0.533772448310629,0.00672562260205691,0,1.35685236789917,0.225168376229703
"Utility","Utility",26,100,-207.49,NA,NA,420.98,432.64,0.128862570039928,0.17050133110024,0.0139033624724858,0.00763501463961858,2.70158335112679,1.37515528589011
"Utility","Utility",27,100,-138.92,NA,NA,283.84,295.5,0.980796684976667,0.860091791022569,0.916068702055348,0.763476836767195,2.19581679215469,1.2001721150753
"Utility","Utility",28,100,-247.56,NA,NA,501.12,512.78,0.633000507717952,0.959949327167124,0.772756676074627,0.11554785399131,0.342029178891148,0.0240202485583723
"Utility","Utility",29,100,-173.04,NA,NA,352.08,363.74,0.234798390883952,0.4054856733419,0.163485701753259,0.457550658036513,2.48303444719905,3.89528230370438
"Utility","Utility",30,100,-249.53,NA,NA,505.06,516.72,0.319981756620109,0.632078264839947,0.188550395500124,0.12214451862129,0,0.0559587455590604
"Utility","Utility",31,100,-127.78,NA,NA,261.56,273.22,0.417691254755482,0.885661983396858,0.151352426248389,0.978059192180629,1.02990181640566,1.4762263855988
"Utility","Utility",32,100,-249.53,NA,NA,505.06,516.72,0.119032545015216,0.605491037247702,0.026395852276047,0.000537611485727082,0,0.0459982767437321
"Utility","Utility",33,100,-100,NA,NA,206,217.66,0.824352919822559,0.753800751408562,0.839621503197505,0.868570450717112,1.89206063456043,2.89878896835935
"Utility","Utility",34,100,-140.83,NA,NA,287.66,299.32,0.080542077543214,0.69156481907703,0.0600787682597796,0.632752471163245,5,3.2510444371212
"Utility","Utility",35,100,-195.4,NA,NA,396.8,408.46,0.788759883260354,0.407168375095353,0.725113974339052,0.321932236306428,1.21950090939756,0.8810732345608
"Utility","Utility",36,100,-178.74,NA,NA,363.48,375.14,0.960197768406942,0.814909122884274,0.892865567209326,0.596458322539926,1.48735635164172,0.491239995229989
"Utility","Utility",37,100,-248.99,NA,NA,503.98,515.64,0.983733647270128,0.387793875532225,0,0.126382577070567,0.303247577768175,0.184212701395154
"Utility","Utility",38,100,-173.69,NA,NA,353.38,365.04,0.640330957481638,0.661732341628522,0.854203624954419,0.420789937653968,3.79895436662928,1.1015722423634
"Utility","Utility",39,100,-128.76,NA,NA,263.52,275.18,0.591888564871624,0.781977394130081,0.756420185233294,0.751319974446865,1.36655299774905,1.17335850927503
"Utility","Utility",40,100,-169.3,NA,NA,344.6,356.26,0.185236022341996,0.927017299691215,0.103057488126275,0.74090055411557,1.19161780462138,0.406216487288475
"Utility","Utility",41,100,-181.27,NA,NA,368.54,380.2,0.5952471755445,0.540940156206489,0.56303876059858,0.737548600740677,0.450561786472024,1.71158919288757
"Utility","Utility",42,100,-249.53,NA,NA,505.06,516.72,0.265401779906824,0.195171546889469,0.18129946410219,0.0205402344649437,0,0.226954524639678
"Utility","Utility",43,100,-249.53,NA,NA,505.06,516.72,0.604935176437721,0.398145136190578,0.107640680262004,0.845461644457619,0,0.0485801249742508
"Utility","Utility",44,100,-189.55,NA,NA,385.1,396.76,0.470244030002505,0.685449249343947,0.582875528456648,0.540478813513066,0.785712760381992,0.648697707336396
"Utility","Utility",45,100,-214.2,NA,NA,434.4,446.06,0.371720403432846,0.503097830805928,0.561782441668771,0.0624398960856405,1.26555517916628,0.322839245665818
"Utility","Utility",46,100,-248.92,NA,NA,503.84,515.5,0.361050225095823,0.370053818682209,0.191634026167903,0.029683227857689,0.458819859634307,0.173567070005157
"Utility","Utility",47,100,-122.24,NA,NA,250.48,262.14,0.594613759312779,0.789667062694207,0.619141367408977,0.960946468405825,0.83852427956685,2.04544003671947
"Utility","Utility",48,100,-218.94,NA,NA,443.88,455.54,0.628910263301805,0.0369398219045252,0.997223019600096,0.150812643135271,0.758990178852929,1.35408596597136
"Utility","Utility",49,100,-130.5,NA,NA,267,278.66,0.254382238723338,0.857857148861513,0.141352901050899,0.876441486911267,1.05725401772543,0.936107955831003
"Utility","Utility",50,100,-186.35,NA,NA,378.7,390.36,0.629901704145595,0.59963444317691,0.560642128436252,0.661185820762301,0.54385427170658,1.13030682034315
"Utility","Utility",51,100,-194.12,NA,NA,394.24,405.9,0.958562755258754,0.446684151422232,0.640171820792756,0.888367911250044,0.156635717141899,1.46860518856885
"Utility","Utility",52,100,-164.88,NA,NA,335.76,347.42,0.378760501742363,0.716149265645072,0.230988954510599,0.795337166856911,0.79368111157543,1.1838285959837
"Utility","Utility",53,100,-209.83,NA,NA,425.66,437.32,0.843001339351758,0.428967847023159,1,0.10792989145972,1.13477676489318,0.430095953866839
"Utility","Utility",54,100,-130.61,NA,NA,267.22,278.88,0.111280993092805,0.926345025887713,0.0755407995547403,0.761699744565417,3.35315025842777,1.52358875974062
"Utility","Utility",55,100,-115.73,NA,NA,237.46,249.12,0.231767056509852,0.779834397835657,0.225901510688637,0.672928953519591,4.28128809904662,3.55762586234994
"Utility","Utility",56,100,-143.52,NA,NA,293.04,304.7,0.386252531083301,0.815260800998658,0.153177143866832,0.981370178290758,1.03613373239094,1.64474068483968
"Utility","Utility",57,100,-231.77,NA,NA,469.54,481.2,0.6529874894768,0.670282299863175,0,0.0747219701761984,0.81793150981375,0.116263606119901
"Utility","Utility",58,100,-225.49,NA,NA,456.98,468.64,0.560497718863189,0.274772666627541,0.643594912372348,0.000461266722274218,1.29253188774408,0.529099578669097
"Utility","Utility",59,100,-189.83,NA,NA,385.66,397.32,0.597106330329552,0.589335348224267,0.590056303837835,0.555903039644162,0.716847542389737,0.931611171881569
"Utility","Utility",60,100,-118.46,NA,NA,242.92,254.58,0.987134294584394,0.800411853706464,0.899004270029995,0.900637019743372,0.887125612089664,1.29764714087815
"Utility","Utility",61,100,-249.53,NA,NA,505.06,516.72,0.718285634880885,0.565618214197457,0.596137229932141,0.0909373539925288,0,0.0649159974418581
"Utility","Utility",62,100,-206.35,NA,NA,418.7,430.36,0.125127220060676,0.773224814096466,0.773751411315285,0.295294265333092,0.740810433829114,0.583291862625629
"Utility","Utility",63,100,-249.53,NA,NA,505.06,516.72,0.499009405029938,0.0988319513853639,0,0.0219577264831433,0,0.092432988807559
"Utility","Utility",64,100,-175.88,NA,NA,357.76,369.42,0.333673485321924,0.454882015939802,0.314045084874714,0.351586044417854,3.29169105694881,2.70696423376415
"Utility","Utility",65,100,-249.53,NA,NA,505.06,516.72,0.810415166895837,0.0187283449340612,0.0462318534294461,0.0542529391678139,0,0.165121834239408
"Utility","Utility",66,100,-230.04,NA,NA,466.08,477.74,0.461979309096932,0.296923782210797,0.658378371366887,0.00116526577731977,1.12619673026874,0.458040716126561
"Utility","Utility",67,100,-239.47,NA,NA,484.94,496.6,0.285626433324069,0.528872283641249,0.657200763187707,0.881243340284918,0.0325233949324183,0.147296045374405
"Utility","Utility",68,100,-196.33,NA,NA,398.66,410.32,0.732509626774117,0.600311974063516,0.652981267574592,0.417460782978564,0.835951254938184,0.449271724574598
"Utility","Utility",69,100,-194.86,NA,NA,395.72,407.38,0.977929984452203,0.529096166603267,0.780832720155417,0.353519655961999,1.06174244806622,0.751786146880371
"Utility","Utility",70,100,-245.54,NA,NA,497.08,508.74,0.98177181975916,0.159414226887748,0.879644694835547,0.0459389608619079,0.507934255819498,0.477379389107227
"Utility","Utility",71,100,-249.53,NA,NA,505.06,516.72,0.922829337418079,0.366323065012693,0.966866942100311,0.0410334963497058,0,0.0864430760253218
"Utility","Utility",72,100,-208.38,NA,NA,422.76,434.42,0.437475311337039,0.144657690776512,0.505336235334557,0.0419411613070771,1.67761434597189,1.51204245735464
"Utility","Utility",73,100,-136.37,NA,NA,278.74,290.4,0.0812403932213783,0.858433880610391,0.0459998617247929,0.729030209683262,3.8187691139302,1.57674626609245
"Utility","Utility",74,100,-255.9,NA,NA,517.8,529.46,0.769064010120928,0.423705151304603,0.01,0.01,0.01,0.0550090870819986
"Utility","Utility",75,100,-249.53,NA,NA,505.06,516.72,0.27233505435288,0.0992442343849689,0.796962354303039,0.250130186233801,0,0.0195726837949201
"Utility","Utility",76,100,-193.8,NA,NA,393.6,405.26,0.714246998308226,0.356464033480734,0.663558786545746,0.40922043015234,0.965327005607904,1.33508190601589
"Utility","Utility",77,100,-156.42,NA,NA,318.84,330.5,0.165105299558491,0.62026000325568,0.118454124199468,0.594746549925678,2.74846046777139,2.11759630225509
"Utility","Utility",78,100,-188.99,NA,NA,383.98,395.64,0.948594216490164,0.818483957787976,0.927542483331421,0.484196776937696,2.01646643944134,0.400698857048743
"Utility","Utility",79,100,-249.53,NA,NA,505.06,516.72,0.641159480903298,0.713674181839451,0.737120131807575,0.0518558657206167,0,0.0414828715044559
"Utility","Utility",80,100,-134.72,NA,NA,275.44,287.1,0.602592710871249,0.798923129681498,0.826955333538864,0.569081584623993,4.94767981365642,1.65777598732141
"Utility","Utility",81,100,-150.94,NA,NA,307.88,319.54,0.0268326783552766,0.983408806612715,0.016994403387348,0.667591180544988,4.12475452183131,1.42827125892359
"Utility","Utility",82,100,-249.53,NA,NA,505.06,516.72,0.390374890295789,0.210965643869713,0.191387628173555,0.0362723255098297,0,0.0709301116876304
"Utility","Utility",83,100,-249.53,NA,NA,505.06,516.72,0.909624356776476,0.0655163209885359,0.868878638808624,0.067573563667828,0,0.479556284306279
"Utility","Utility",84,100,-151.51,NA,NA,309.02,320.68,0.894585720263422,0.928069569170475,0.838077855323751,0.999734309172768,0.581311658793478,0.784675157586944
"Utility","Utility",85,100,-205.9,NA,NA,417.8,429.46,0.16712597804144,0.591124507132918,0.257835104543576,0.136593370605079,1.49461349270429,0.76918393555553
"Utility","Utility",86,100,-249.53,NA,NA,505.06,516.72,0.0963515317998827,0.187938303221017,0.0386152913603748,0.582658828844204,0,0.16646143142134
"Utility","Utility",87,100,-90.83,NA,NA,187.66,199.32,0.812582350103185,0.879132093861699,0.807352201187419,1,1.28075146658914,4.4038753097219
"Utility","Utility",88,100,-219.51,NA,NA,445.02,456.68,0.448961209738627,0.690639521926641,0.49824240029803,0.401132463360707,0.31601903001919,0.123227803417321
"Utility","Utility",89,100,-200.49,NA,NA,406.98,418.64,0.352596259210259,0.519048273330554,0.78940287887958,0.209854208436779,1.22631114728416,0.771270071114314
"Utility","Utility",90,100,-194.25,NA,NA,394.5,406.16,0.7131295024883,0.112127762287855,0.696493362557273,0.0661722028954917,3.10160708502335,3.4174234716404
"Utility","Utility",91,100,-249.53,NA,NA,505.06,516.72,0.102771484525874,0.0985191510990262,0.0315495996516207,0.416733927885139,0,0.348240172024816
"Utility","Utility",92,100,-229.98,NA,NA,465.96,477.62,0.14997310237959,0.461772011825815,0.2674517662608,0.222847786013597,0.519865272137172,0.261333189609714
"Utility","Utility",93,100,-174.83,NA,NA,355.66,367.32,0.435881547397003,0.7804279406555,0.226697071535371,0.809868833034428,0.592275082488612,0.681397345848382
"Utility","Utility",94,100,-106,NA,NA,218,229.66,0.975024477113038,0.799848798895255,0.883683120571058,0.918004403059902,1.66065646151936,4.33281822849937
"Utility","Utility",95,100,-195.35,NA,NA,396.7,408.36,0.723246149485931,0.623378630494699,0.631117311077944,0.466142629793264,0.726858617291633,0.45622572209686
"Utility","Utility",96,100,-213.9,NA,NA,433.8,445.46,0.323681306792423,0.444453429430723,0.426432110177981,0.329680009040194,0.510918564567628,0.446843124460429
"Utility","Utility",97,100,-255.76,NA,NA,517.52,529.18,0.521510650403798,0.40949847153388,0.01,0.01,0.01,0.118169202112595
"Utility","Utility",98,100,-190.59,NA,NA,387.18,398.84,0.418908317107707,0.978637758642435,0.629420043524835,0.730991031011415,0.333443868984811,0.211078092921525
"Utility","Utility",99,100,-189.82,NA,NA,385.64,397.3,0.78953983867541,0.418743934947997,0.602271978835898,0.738597303646628,0.344252121238227,2.49348991278757
"Utility","Utility",100,100,-238.34,NA,NA,482.68,494.34,0.956703607924283,0.607802340993658,0.830166902417589,0.0513013431604027,0.674094481935388,0.108669338996542
