"simulate_model","fit_model","iteration","ACC","LogL","LogPr","LogPo","AIC","BIC","input_param_1","input_param_2","output_param_1","output_param_2","output_param_3","input_param_3"
"TD","TD",1,100,-99.96,NA,NA,203.92,211.69,0.643091264180839,1.83357874206723,0.877075508297843,9.04803070066467,NA,NA
"TD","TD",2,100,-90.8,NA,NA,185.6,193.37,0.724670132622123,2.43561604238095,0.816260590539577,1.44598169369306,NA,NA
"TD","TD",3,100,-185.25,NA,NA,374.5,382.27,0.950232450617477,3.03779015681686,0.01,1.01,NA,NA
"TD","TD",4,100,-239.85,NA,NA,483.7,491.47,0.682289758697152,1.07202245481312,0.01,1.01,NA,NA
"TD","TD",5,100,-111.26,NA,NA,226.52,234.29,0.200363578274846,2.00568439900399,0.150007585382403,1.07773291190431,NA,NA
"TD","TD",6,100,-123.78,NA,NA,251.56,259.33,0.321220333920792,1.29866566415876,0.150915217548345,1,NA,NA
"TD","TD",7,100,-249.54,NA,NA,503.08,510.85,0.571441247593611,1.05021329503506,0.01,1.01,NA,NA
"TD","TD",8,100,-109.77,NA,NA,223.54,231.31,0.973066303646192,1.39299949863926,0.86837759758632,1.10143791413467,NA,NA
"TD","TD",9,100,-124.48,NA,NA,252.96,260.73,0.895209939451888,1.00547373959183,0.85579280739839,1,NA,NA
"TD","TD",10,100,-132.95,NA,NA,269.9,277.67,0.0494146177079529,1.5078624105081,0.0432182055195495,1.78861484184873,NA,NA
"TD","TD",11,100,-125.75,NA,NA,255.5,263.27,0.197620301274583,1.18983699940145,0.135570960587462,1,NA,NA
"TD","TD",12,100,-120.55,NA,NA,245.1,252.87,0.0560640415642411,1.56602673046291,0.0525877712735405,2.09825100878736,NA,NA
"TD","TD",13,100,-126.85,NA,NA,257.7,265.47,0.051307131536305,2.23247370731968,0.0650306489319555,1.02166048274505,NA,NA
"TD","TD",14,100,-113.5,NA,NA,231,238.77,0.989872474921867,1.20800043705019,0.867363874071237,1.02627613900774,NA,NA
"TD","TD",15,100,-91.65,NA,NA,187.3,195.07,0.711294803768396,1.57632797351107,0.785170362082905,1.01509268818879,NA,NA
"TD","TD",16,100,-135.6,NA,NA,275.2,282.97,0.0768930825870484,1.0096698673442,0.0731733373431954,1.07013713395179,NA,NA
"TD","TD",17,100,-90.8,NA,NA,185.6,193.37,0.797194604296237,3.5054881726885,0.809247600437042,1.35095907255872,NA,NA
"TD","TD",18,100,-90.84,NA,NA,185.68,193.45,0.731893435353413,2.27495420533688,0.803187429380563,1.27637722414359,NA,NA
"TD","TD",19,100,-93.1,NA,NA,190.2,197.97,0.809085062006488,1.79705669912965,0.872607698408596,5.03890265424856,NA,NA
"TD","TD",20,100,-110.55,NA,NA,225.1,232.87,0.511981163173914,3.39124982816227,0.288961114785838,1.06040515891119,NA,NA
"TD","TD",21,100,-112.85,NA,NA,229.7,237.47,0.226354157319292,2.66897989056053,0.174831334573999,1.13655068758487,NA,NA
"TD","TD",22,100,-115.53,NA,NA,235.06,242.83,0.300222688354552,1.95544207743825,0.180083859911149,1.05541707327657,NA,NA
"TD","TD",23,100,-105.78,NA,NA,215.56,223.33,0.984172471100464,2.69604673600736,0.875277700171068,1.29979379690126,NA,NA
"TD","TD",24,100,-249.54,NA,NA,503.08,510.85,0.540354023920372,1.23410649768987,0.01,1.01,NA,NA
"TD","TD",25,100,-113.08,NA,NA,230.16,237.93,0.870058757020161,1.32718323590234,0.881343955049596,5.98414203197261,NA,NA
"TD","TD",26,100,-117.78,NA,NA,239.56,247.33,0.0660558908712119,2.97567781611326,0.0845518743950767,1.11518616509472,NA,NA
"TD","TD",27,100,-112.81,NA,NA,229.62,237.39,0.973287776112556,1.26051322789863,0.864733463490807,1.0269575087593,NA,NA
"TD","TD",28,100,-112.86,NA,NA,229.72,237.49,0.290595552418381,2.05573849655212,0.181503087976284,1.10563283535157,NA,NA
"TD","TD",29,100,-113.57,NA,NA,231.14,238.91,0.988910319516435,1.21139730885625,0.870508143346654,1.10769585978756,NA,NA
"TD","TD",30,100,-113.61,NA,NA,231.22,238.99,0.329378831898794,3.0851063261411,0.215604423880841,1.00395909004742,NA,NA
"TD","TD",31,100,-126.37,NA,NA,256.74,264.51,0.11878991080448,1.83541438817502,0.104994932193347,1.21417438268321,NA,NA
"TD","TD",32,100,-132.96,NA,NA,269.92,277.69,0.0508385861758143,1.41009616898373,0.043386174701102,1.80756540049017,NA,NA
"TD","TD",33,100,-90.81,NA,NA,185.62,193.39,0.684979062527418,1.75662852577144,0.819210672493108,1.51810992010394,NA,NA
"TD","TD",34,100,-111.36,NA,NA,226.72,234.49,0.842564480379224,1.05992496339604,0.834342991904921,1,NA,NA
"TD","TD",35,100,-114.33,NA,NA,232.66,240.43,0.27115519088693,3.69503675574873,0.178622069411649,1.06530659939704,NA,NA
"TD","TD",36,100,-97.31,NA,NA,198.62,206.39,0.779200294986367,1.45758824376389,0.81695357316466,1.1926271625497,NA,NA
"TD","TD",37,100,-104.21,NA,NA,212.42,220.19,0.982565350597724,4.92570209977795,0.886515406448604,5.12873836861224,NA,NA
"TD","TD",38,100,-249.54,NA,NA,503.08,510.85,0.533772448310629,1.2251683762297,0.01,1.01,NA,NA
"TD","TD",39,100,-126.04,NA,NA,256.08,263.85,0.128862570039928,2.75030500992181,0.106259875360858,1.19967102980933,NA,NA
"TD","TD",40,100,-123.85,NA,NA,251.7,259.47,0.420502026332542,1.08286330314484,0.147569480373525,1,NA,NA
"TD","TD",41,100,-93.11,NA,NA,190.22,197.99,0.860091791022569,2.2001721150753,0.828226718727523,1.36502848088266,NA,NA
"TD","TD",42,100,-108.31,NA,NA,220.62,228.39,0.633000507717952,1.31639195521562,0.767770525166773,1,NA,NA
"TD","TD",43,100,-110.54,NA,NA,225.08,232.85,0.512010124279186,3.01376353887389,0.286517244946265,1.0507905218525,NA,NA
"TD","TD",44,100,-112.53,NA,NA,229.06,236.83,0.4054856733419,4.89528230370438,0.27848758653063,1,NA,NA
"TD","TD",45,100,-123.78,NA,NA,251.56,259.33,0.319981756620109,1.26415652967989,0.149809312946733,1,NA,NA
"TD","TD",46,100,-105.77,NA,NA,215.54,223.31,0.947748523205519,2.36391219958187,0.873887937920748,1.32213565744569,NA,NA
"TD","TD",47,100,-114.41,NA,NA,232.82,240.59,0.885661983396858,2.4762263855988,0.881797041817747,4.90882286425183,NA,NA
"TD","TD",48,100,-133.92,NA,NA,271.84,279.61,0.119032545015216,1.2109820744954,0.11623217272315,1,NA,NA
"TD","TD",49,100,-125.14,NA,NA,254.28,262.05,0.931592519162223,1.64870583964512,0.782543533587677,5.57005889714171,NA,NA
"TD","TD",50,100,-90.77,NA,NA,185.54,193.31,0.753800751408562,3.89878896835935,0.877713078195017,9.42430650275147,NA,NA
"TD","TD",51,100,-125.89,NA,NA,255.78,263.55,0.080542077543214,1.38312963815406,0.0750967358023847,1.32489837255751,NA,NA
"TD","TD",52,100,-133.76,NA,NA,271.52,279.29,0.0462017410900444,1.57751976652071,0.0428663612803746,1.71596444952384,NA,NA
"TD","TD",53,100,-116.36,NA,NA,236.72,244.49,0.407168375095353,1.8810732345608,0.27206041238485,1,NA,NA
"TD","TD",54,100,-105.78,NA,NA,215.56,223.33,0.960197768406942,1.62981824576855,0.876043897802327,1.38237925134498,NA,NA
"TD","TD",55,100,-104.83,NA,NA,213.66,221.43,0.745619997614995,1.08382892229572,0.802107678515081,1,NA,NA
"TD","TD",56,100,-123.38,NA,NA,250.76,258.53,0.387793875532225,1.18421270139515,0.147572243418037,1,NA,NA
"TD","TD",57,100,-239.87,NA,NA,483.74,491.51,0.640330957481638,1.32346468325704,0.01,1.01,NA,NA
"TD","TD",58,100,-116.43,NA,NA,236.86,244.63,0.46626549679786,1.18377712974325,0.321364979597135,1,NA,NA
"TD","TD",59,100,-90.8,NA,NA,185.6,193.37,0.781977394130081,2.17335850927503,0.814764491709641,1.44738969263346,NA,NA
"TD","TD",60,100,-128.64,NA,NA,261.28,269.05,0.185236022341996,1.16209726792475,0.130506426362899,1,NA,NA
"TD","TD",61,100,-98.79,NA,NA,201.58,209.35,0.703108243644238,1.190494351089,0.79052083579923,1.09086669717512,NA,NA
"TD","TD",62,100,-105.31,NA,NA,214.62,222.39,0.540940156206489,2.71158919288757,0.327171526157202,1.04020665672042,NA,NA
"TD","TD",63,100,-114.31,NA,NA,232.62,240.39,0.265401779906824,2.94766673623564,0.182370631736011,1.09438512967181,NA,NA
"TD","TD",64,100,-142.27,NA,NA,288.54,296.31,0.897607917198911,1.20987035287544,0.0591936791533269,1,NA,NA
"TD","TD",65,100,-123.85,NA,NA,251.7,259.47,0.398145136190578,1.04858012497425,0.149130023023028,1,NA,NA
"TD","TD",66,100,-122.7,NA,NA,249.4,257.17,0.470244030002505,1.37089849868789,0.155410134301076,1,NA,NA
"TD","TD",67,100,-93.13,NA,NA,190.26,198.03,0.824348853668198,2.18002879429133,0.870798638919254,4.37295040084361,NA,NA
"TD","TD",68,100,-108.9,NA,NA,221.8,229.57,0.503097830805928,1.32283924566582,0.325946051606025,1,NA,NA
"TD","TD",69,100,-115.18,NA,NA,234.36,242.13,0.361050225095823,2.17336245528878,0.195903379794266,1.03760115906071,NA,NA
"TD","TD",70,100,-112.99,NA,NA,229.98,237.75,0.964988884748891,1.18922751862556,0.885554358101718,5.46316447175987,NA,NA
"TD","TD",71,100,-90.77,NA,NA,185.54,193.31,0.789667062694207,3.04544003671947,0.877094505877332,9.03277387487174,NA,NA
"TD","TD",72,100,-94.93,NA,NA,193.86,201.63,0.628910263301805,3.95466302318459,0.801942012604132,1.23439122704626,NA,NA
"TD","TD",73,100,-115.38,NA,NA,234.76,242.53,0.415234696352854,1.7106761354533,0.183562368551222,1,NA,NA
"TD","TD",74,100,-93.11,NA,NA,190.22,197.99,0.857857148861513,1.936107955831,0.833487186392517,1.51628542398053,NA,NA
"TD","TD",75,100,-108.31,NA,NA,220.62,228.39,0.629901704145595,1.19926888635382,0.762760574546273,1,NA,NA
"TD","TD",76,100,-290.17,NA,NA,584.34,592.11,0.359289909945801,1.36449700228535,0.01,1.01,NA,NA
"TD","TD",77,100,-112.53,NA,NA,229.06,236.83,0.446684151422232,2.46860518856885,0.279646262559566,1,NA,NA
"TD","TD",78,100,-117.79,NA,NA,239.58,247.35,0.378760501742363,1.43229853129014,0.168985270055432,1.01771105615985,NA,NA
"TD","TD",79,100,-117.79,NA,NA,239.58,247.35,0.372670353855938,1.68600267870352,0.168548514618225,1.02687811753039,NA,NA
"TD","TD",80,100,-119.14,NA,NA,242.28,250.05,0.428967847023159,1.43009595386684,0.151543880597363,1,NA,NA
"TD","TD",81,100,-135.22,NA,NA,274.44,282.21,0.111280993092805,1.04204804978253,0.101684966533852,1,NA,NA
"TD","TD",82,100,-115.33,NA,NA,234.66,242.43,0.142161799827591,2.60663627263189,0.118245346797432,1.21742070945627,NA,NA
"TD","TD",83,100,-90.8,NA,NA,185.6,193.37,0.779834397835657,4.55762586234994,0.815267112810661,1.40151866379971,NA,NA
"TD","TD",84,100,-114.46,NA,NA,232.92,240.69,0.386252531083301,1.63052160199732,0.175961762339753,1,NA,NA
"TD","TD",85,100,-122.38,NA,NA,248.76,256.53,0.23896856745705,1.3059749789536,0.145110517538213,1.02130842165522,NA,NA
"TD","TD",86,100,-106.01,NA,NA,216.02,223.79,0.670282299863175,1.1162636061199,0.781649674258222,1,NA,NA
"TD","TD",87,100,-111.36,NA,NA,226.72,234.49,0.560497718863189,1.79223784707011,0.471739204365181,1,NA,NA
"TD","TD",88,100,-116.38,NA,NA,236.76,244.53,0.915246691787615,1.1942126606591,0.861591943452834,1,NA,NA
"TD","TD",89,100,-108.74,NA,NA,221.48,229.25,0.589335348224267,1.93161117188157,0.54705598619769,1,NA,NA
"TD","TD",90,100,-103.64,NA,NA,211.28,219.05,0.987134294584394,1.60082370741293,0.887750950197842,8.59786766916596,NA,NA
"TD","TD",91,100,-116.07,NA,NA,236.14,243.91,0.401124990079552,1.43657126976177,0.151646993379498,1,NA,NA
"TD","TD",92,100,-249.54,NA,NA,503.08,510.85,0.565618214197457,1.06491599744186,0.01,1.01,NA,NA
"TD","TD",93,100,-127.15,NA,NA,258.3,266.07,0.125127220060676,1.54644962819293,0.116809246611451,1.07614166225346,NA,NA
"TD","TD",94,100,-97.57,NA,NA,199.14,206.91,0.791645931312814,1.76679624943127,0.732117434061991,3.6926600704977,NA,NA
"TD","TD",95,100,-137.31,NA,NA,278.62,286.39,0.0988319513853639,1.09243298880756,0.0855370319302951,1.09668362827811,NA,NA
"TD","TD",96,100,-115.53,NA,NA,235.06,242.83,0.333673485321924,1.79963922020125,0.184981306739741,1.04389445117744,NA,NA
"TD","TD",97,100,-132.63,NA,NA,269.26,277.03,0.10172016825527,1.62083033379167,0.103844122191879,1.03669477802373,NA,NA
"TD","TD",98,100,-148.85,NA,NA,301.7,309.47,0.0187283449340612,1.16512183423941,0.01,1.01,NA,NA
"TD","TD",99,100,-117.49,NA,NA,238.98,246.75,0.461979309096932,1.88084230940313,0.147629841122279,1.11026411919321,NA,NA
"TD","TD",100,100,-90.91,NA,NA,185.82,193.59,0.729020358063281,1.83565291385622,0.79959635574973,1.20892467003442,NA,NA
"TD","RSTD",1,100,-98.76,NA,NA,203.52,215.18,0.643091264180839,1.83357874206723,0.596829605591324,0.738834626989928,1.15704462842695,NA
"TD","RSTD",2,100,-90.48,NA,NA,186.96,198.62,0.724670132622123,2.43561604238095,0.258403985412703,0.56417450686253,4.52931158278209,NA
"TD","RSTD",3,100,-103.69,NA,NA,213.38,225.04,0.950232450617477,3.03779015681686,0.48231787364199,0.792118202949272,1.27018297672201,NA
"TD","RSTD",4,100,-108.87,NA,NA,223.74,235.4,0.682289758697152,1.07202245481312,0.276158800695462,0.566323801383611,3.01302397100504,NA
"TD","RSTD",5,100,-110.96,NA,NA,227.92,239.58,0.200363578274846,2.00568439900399,0.152337178562944,0.141725992093015,1.04351389885071,NA
"TD","RSTD",6,100,-157.11,NA,NA,320.22,331.88,0.321220333920792,1.29866566415876,0.382807984078215,0.289076574467428,6.61351273246139,NA
"TD","RSTD",7,100,-117,NA,NA,240,251.66,0.571441247593611,1.05021329503506,0.176237979320786,0.283721589834872,1,NA
"TD","RSTD",8,100,-104.97,NA,NA,215.94,227.6,0.973066303646192,1.39299949863926,0.146092007767542,0.443631105351372,1.16247556481066,NA
"TD","RSTD",9,100,-129.09,NA,NA,264.18,275.84,0.895209939451888,1.00547373959183,0.535105202555928,0.811904780226452,7.23630108331205,NA
"TD","RSTD",10,100,-135.75,NA,NA,277.5,289.16,0.0494146177079529,1.5078624105081,0.0384413523499792,0.0330764706834181,1.00063585620942,NA
"TD","RSTD",11,100,-150.48,NA,NA,306.96,318.62,0.197620301274583,1.18983699940145,0.120370380583862,0.122288362989851,9.12515873016013,NA
"TD","RSTD",12,100,-124.78,NA,NA,255.56,267.22,0.0560640415642411,1.56602673046291,0.0618408750223162,0.0564516092993414,1.00376456017518,NA
"TD","RSTD",13,100,-125.6,NA,NA,257.2,268.86,0.051307131536305,2.23247370731968,0.0607506158699201,0.0550720373054661,1.00665331437339,NA
"TD","RSTD",14,100,-108.37,NA,NA,222.74,234.4,0.989872474921867,1.20800043705019,0.155781649385899,0.473422353374773,1,NA
"TD","RSTD",15,100,-90.52,NA,NA,187.04,198.7,0.711294803768396,1.57632797351107,0.395513245141197,0.682455205257672,2.54852351863907,NA
"TD","RSTD",16,100,-134.41,NA,NA,274.82,286.48,0.0768930825870484,1.0096698673442,0.0658560954085405,0.0578113485487327,1.09366945682251,NA
"TD","RSTD",17,100,-92.97,NA,NA,191.94,203.6,0.797194604296237,3.5054881726885,0.286603603511648,0.542106688072461,9.85515577030282,NA
"TD","RSTD",18,100,-91.16,NA,NA,188.32,199.98,0.731893435353413,2.27495420533688,0.993379017620725,0.843747472072102,1.40749923500399,NA
"TD","RSTD",19,100,-93.01,NA,NA,192.02,203.68,0.809085062006488,1.79705669912965,0.535962230531683,0.740458269503722,1.37459259640987,NA
"TD","RSTD",20,100,-114.55,NA,NA,235.1,246.76,0.511981163173914,3.39124982816227,0.662363832836775,0.457188275570749,9.69431592252467,NA
"TD","RSTD",21,100,-111.51,NA,NA,229.02,240.68,0.226354157319292,2.66897989056053,0.369859889140929,0.257579862390388,1,NA
"TD","RSTD",22,100,-114.43,NA,NA,234.86,246.52,0.300222688354552,1.95544207743825,0.295869896820291,0.236287378164162,1.02353282425908,NA
"TD","RSTD",23,100,-103.7,NA,NA,213.4,225.06,0.984172471100464,2.69604673600736,0.424308735398177,0.772785396974662,1.42666615459257,NA
"TD","RSTD",24,100,-111.94,NA,NA,229.88,241.54,0.540354023920372,1.23410649768987,0.182635372616401,0.276227161770614,1,NA
"TD","RSTD",25,100,-113.29,NA,NA,232.58,244.24,0.870058757020161,1.32718323590234,0.356792875878914,0.707846305955791,5.96526726750439,NA
"TD","RSTD",26,100,-113.89,NA,NA,233.78,245.44,0.0660558908712119,2.97567781611326,0.0746203455435005,0.0595201205410324,1.12492827313916,NA
"TD","RSTD",27,100,-107.93,NA,NA,221.86,233.52,0.973287776112556,1.26051322789863,0.151801322453046,0.42027876245315,1,NA
"TD","RSTD",28,100,-115.3,NA,NA,236.6,248.26,0.290595552418381,2.05573849655212,0.139157396505455,0.114348697262335,1.01309074473113,NA
"TD","RSTD",29,100,-108.68,NA,NA,223.36,235.02,0.988910319516435,1.21139730885625,0.142994217415104,0.414247510935915,1.01120144670846,NA
"TD","RSTD",30,100,-111.65,NA,NA,229.3,240.96,0.329378831898794,3.0851063261411,0.215920056561553,0.191126509436509,1.04919400266422,NA
"TD","RSTD",31,100,-117.92,NA,NA,241.84,253.5,0.11878991080448,1.83541438817502,0.0967265600394869,0.0761621787425112,1.29526631440889,NA
"TD","RSTD",32,100,-135.75,NA,NA,277.5,289.16,0.0508385861758143,1.41009616898373,0.0384413523499792,0.0330764706834181,1.00063585620942,NA
"TD","RSTD",33,100,-90.72,NA,NA,187.44,199.1,0.684979062527418,1.75662852577144,0.787105317495657,0.859660020844296,6.4492089469542,NA
"TD","RSTD",34,100,-110.96,NA,NA,227.92,239.58,0.842564480379224,1.05992496339604,0.421790958611984,0.693445969485684,1,NA
"TD","RSTD",35,100,-111.85,NA,NA,229.7,241.36,0.27115519088693,3.69503675574873,0.348411795896525,0.255078145610913,1.02291948025544,NA
"TD","RSTD",36,100,-97.54,NA,NA,201.08,212.74,0.779200294986367,1.45758824376389,0.385298050387334,0.640741360071651,1.30016891542937,NA
"TD","RSTD",37,100,-103.62,NA,NA,213.24,224.9,0.982565350597724,4.92570209977795,0.839153398938498,0.881776757961622,6.5712891094641,NA
"TD","RSTD",38,100,-112.1,NA,NA,230.2,241.86,0.533772448310629,1.2251683762297,0.186565943689162,0.295837988246366,1,NA
"TD","RSTD",39,100,-115.17,NA,NA,236.34,248,0.128862570039928,2.75030500992181,0.0964259579671606,0.0735859051152742,1.03615829270706,NA
"TD","RSTD",40,100,-134.51,NA,NA,275.02,286.68,0.420502026332542,1.08286330314484,0.356400585777912,0.297574324544087,1,NA
"TD","RSTD",41,100,-96.16,NA,NA,198.32,209.98,0.860091791022569,2.2001721150753,0.269717680765003,0.609338680646716,2.90079222622056,NA
"TD","RSTD",42,100,-107.78,NA,NA,221.56,233.22,0.633000507717952,1.31639195521562,0.5241208743812,0.678183078638823,1,NA
"TD","RSTD",43,100,-116.78,NA,NA,239.56,251.22,0.512010124279186,3.01376353887389,0.150295481512709,0.216576837540274,1.01368214397516,NA
"TD","RSTD",44,100,-113.27,NA,NA,232.54,244.2,0.4054856733419,4.89528230370438,0.986066854688208,0.517322131442761,5.13106115352494,NA
"TD","RSTD",45,100,-158.72,NA,NA,323.44,335.1,0.319981756620109,1.26415652967989,0.836704083639294,0.357727870340824,8.66212602188322,NA
"TD","RSTD",46,100,-101.07,NA,NA,208.14,219.8,0.947748523205519,2.36391219958187,0.1541266888867,0.470573036409748,1.10105228578795,NA
"TD","RSTD",47,100,-112.63,NA,NA,231.26,242.92,0.885661983396858,2.4762263855988,0.469338588375153,0.74876312392443,1,NA
"TD","RSTD",48,100,-130.16,NA,NA,266.32,277.98,0.119032545015216,1.2109820744954,0.107530912632849,0.0882605628334004,1.03896293370876,NA
"TD","RSTD",49,100,-100.59,NA,NA,207.18,218.84,0.931592519162223,1.64870583964512,0.151456031685101,0.426702085611254,1.12806207799527,NA
"TD","RSTD",50,100,-90.57,NA,NA,187.14,198.8,0.753800751408562,3.89878896835935,0.382966979198971,0.652756477859735,1.93333842536685,NA
"TD","RSTD",51,100,-123.12,NA,NA,252.24,263.9,0.080542077543214,1.38312963815406,0.0756068512882128,0.066883307456232,1.29355017011203,NA
"TD","RSTD",52,100,-135.62,NA,NA,277.24,288.9,0.0462017410900444,1.57751976652071,0.0356515558681119,0.028911305998041,1.00068391987022,NA
"TD","RSTD",53,100,-122.86,NA,NA,251.72,263.38,0.407168375095353,1.8810732345608,0.279565079145565,0.2647089484658,7.23819557881085,NA
"TD","RSTD",54,100,-104.34,NA,NA,214.68,226.34,0.960197768406942,1.62981824576855,0.640034906424306,0.847164666220543,6.52007404569531,NA
"TD","RSTD",55,100,-105.08,NA,NA,216.16,227.82,0.745619997614995,1.08382892229572,0.926492916452753,0.825309348323936,1,NA
"TD","RSTD",56,100,-123.38,NA,NA,252.76,264.42,0.387793875532225,1.18421270139515,0.147705183237983,0.147763796068549,1,NA
"TD","RSTD",57,100,-107.52,NA,NA,221.04,232.7,0.640330957481638,1.32346468325704,0.331806628639458,0.52632308509611,1,NA
"TD","RSTD",58,100,-275.87,NA,NA,557.74,569.4,0.46626549679786,1.18377712974325,0.01,0.01,1.01,NA
"TD","RSTD",59,100,-90.52,NA,NA,187.04,198.7,0.781977394130081,2.17335850927503,0.261213253179477,0.546632170433609,3.03378424457134,NA
"TD","RSTD",60,100,-127.52,NA,NA,261.04,272.7,0.185236022341996,1.16209726792475,0.134391376909925,0.119983804930086,1.00371070040023,NA
"TD","RSTD",61,100,-99.79,NA,NA,205.58,217.24,0.703108243644238,1.190494351089,0.621243784433651,0.821976135237725,6.15918659815931,NA
"TD","RSTD",62,100,-107.12,NA,NA,220.24,231.9,0.540940156206489,2.71158919288757,0.984731704587754,0.503948897376471,1,NA
"TD","RSTD",63,100,-111.86,NA,NA,229.72,241.38,0.265401779906824,2.94766673623564,0.350625794901287,0.254738364825973,1.00401027671211,NA
"TD","RSTD",64,100,-123.06,NA,NA,252.12,263.78,0.897607917198911,1.20987035287544,0.680243838849559,0.850655964355535,4.00236861936516,NA
"TD","RSTD",65,100,-123.79,NA,NA,253.58,265.24,0.398145136190578,1.04858012497425,0.148624613788419,0.152538833261123,1,NA
"TD","RSTD",66,100,-120.92,NA,NA,247.84,259.5,0.470244030002505,1.37089849868789,0.160513095914388,0.187649550675014,1,NA
"TD","RSTD",67,100,-93.26,NA,NA,192.52,204.18,0.824348853668198,2.18002879429133,0.392657287582818,0.706827498890656,3.25423109429062,NA
"TD","RSTD",68,100,-106.32,NA,NA,218.64,230.3,0.503097830805928,1.32283924566582,0.173661951038227,0.225287675823362,1.02917141148537,NA
"TD","RSTD",69,100,-114.03,NA,NA,234.06,245.72,0.361050225095823,2.17336245528878,0.309054895216223,0.260627819255618,1,NA
"TD","RSTD",70,100,-107.97,NA,NA,221.94,233.6,0.964988884748891,1.18922751862556,0.148936336107642,0.408331818017318,1.01774173704021,NA
"TD","RSTD",71,100,-90.51,NA,NA,187.02,198.68,0.789667062694207,3.04544003671947,0.253840282141733,0.568416107800375,5.7583154055799,NA
"TD","RSTD",72,100,-95.27,NA,NA,196.54,208.2,0.628910263301805,3.95466302318459,0.994957147578111,0.833518699747732,1.17591380378553,NA
"TD","RSTD",73,100,-123.15,NA,NA,252.3,263.96,0.415234696352854,1.7106761354533,0.283415091818834,0.272705269468215,6.95637885997697,NA
"TD","RSTD",74,100,-95.11,NA,NA,196.22,207.88,0.857857148861513,1.936107955831,0.237556396474891,0.544597738393169,6.42444829295139,NA
"TD","RSTD",75,100,-107.51,NA,NA,221.02,232.68,0.629901704145595,1.19926888635382,0.350530446034264,0.542528672723089,1,NA
"TD","RSTD",76,100,-121.09,NA,NA,248.18,259.84,0.359289909945801,1.36449700228535,0.170679688871772,0.164308020756133,1,NA
"TD","RSTD",77,100,-108.64,NA,NA,223.28,234.94,0.446684151422232,2.46860518856885,1,0.467862233075667,1,NA
"TD","RSTD",78,100,-117.96,NA,NA,241.92,253.58,0.378760501742363,1.43229853129014,0.525357572540601,0.33324527363326,1,NA
"TD","RSTD",79,100,-128.48,NA,NA,262.96,274.62,0.372670353855938,1.68600267870352,0.46832908530637,0.321546941874085,9.63633893055234,NA
"TD","RSTD",80,100,-117.35,NA,NA,240.7,252.36,0.428967847023159,1.43009595386684,0.162335618601623,0.192111570005601,1,NA
"TD","RSTD",81,100,-132.14,NA,NA,270.28,281.94,0.111280993092805,1.04204804978253,0.0945214018815265,0.0791553864517304,1.01842586311502,NA
"TD","RSTD",82,100,-123.5,NA,NA,253,264.66,0.142161799827591,2.60663627263189,0.137136886066597,0.116877495243416,7.3077420135114,NA
"TD","RSTD",83,100,-90.51,NA,NA,187.02,198.68,0.779834397835657,4.55762586234994,0.24883981851296,0.546754280815599,4.37556088406142,NA
"TD","RSTD",84,100,-114.86,NA,NA,235.72,247.38,0.386252531083301,1.63052160199732,0.420301847661433,0.314809741429422,1,NA
"TD","RSTD",85,100,-121.69,NA,NA,249.38,261.04,0.23896856745705,1.3059749789536,0.148822396584715,0.136331632396987,1,NA
"TD","RSTD",86,100,-106.24,NA,NA,218.48,230.14,0.670282299863175,1.1162636061199,0.965587845994209,0.818098813933085,1.00015398137811,NA
"TD","RSTD",87,100,-105.79,NA,NA,217.58,229.24,0.560497718863189,1.79223784707011,0.196480199154939,0.302528832730971,1,NA
"TD","RSTD",88,100,-159.2,NA,NA,324.4,336.06,0.915246691787615,1.1942126606591,0.159514801288392,0.991758408365993,1,NA
"TD","RSTD",89,100,-110.64,NA,NA,227.28,238.94,0.589335348224267,1.93161117188157,0.161086070853542,0.308780720435914,5.15449315682242,NA
"TD","RSTD",90,100,-104.26,NA,NA,214.52,226.18,0.987134294584394,1.60082370741293,0.68644011568499,0.850234521051715,1.46062905786614,NA
"TD","RSTD",91,100,-122.3,NA,NA,250.6,262.26,0.401124990079552,1.43657126976177,0.275933612706477,0.274660336365249,1,NA
"TD","RSTD",92,100,-116.95,NA,NA,239.9,251.56,0.565618214197457,1.06491599744186,0.184985959902198,0.298438060701924,1,NA
"TD","RSTD",93,100,-124.39,NA,NA,254.78,266.44,0.125127220060676,1.54644962819293,0.102862278415397,0.0854184997809485,1.10673908761019,NA
"TD","RSTD",94,100,-93.36,NA,NA,192.72,204.38,0.791645931312814,1.76679624943127,0.414253049183078,0.736733690404415,5.46007474513891,NA
"TD","RSTD",95,100,-135.46,NA,NA,276.92,288.58,0.0988319513853639,1.09243298880756,0.0838752073482427,0.0748746416942409,1.07985077387632,NA
"TD","RSTD",96,100,-115.21,NA,NA,236.42,248.08,0.333673485321924,1.79963922020125,0.216727041591887,0.200994753301299,1.05612683527063,NA
"TD","RSTD",97,100,-128.95,NA,NA,263.9,275.56,0.10172016825527,1.62083033379167,0.0958991628039148,0.0771388940712776,1.00170134895241,NA
"TD","RSTD",98,100,-139.89,NA,NA,285.78,297.44,0.0187283449340612,1.16512183423941,0.012660605540852,0.00799679405905032,1.018146386778,NA
"TD","RSTD",99,100,-114.56,NA,NA,235.12,246.78,0.461979309096932,1.88084230940313,0.170341674181551,0.204303846450916,1,NA
"TD","RSTD",100,100,-90.46,NA,NA,186.92,198.58,0.729020358063281,1.83565291385622,0.432668419096595,0.742788600240315,5.71255277256466,NA
"TD","Utility",1,100,-98.79,NA,NA,203.58,215.24,0.643091264180839,1.83357874206723,0.845833351095668,0.749573353539366,3.4579574640129,NA
"TD","Utility",2,100,-90.96,NA,NA,187.92,199.58,0.724670132622123,2.43561604238095,0.884721101642963,0.713786987357977,7.2724057744854,NA
"TD","Utility",3,100,-105.88,NA,NA,217.76,229.42,0.950232450617477,3.03779015681686,0.885499046771353,0.917831126112978,1.92586479791933,NA
"TD","Utility",4,100,-105.86,NA,NA,217.72,229.38,0.682289758697152,1.07202245481312,0.890804360608079,0.522222629783666,9.9613597370362,NA
"TD","Utility",5,100,-111.14,NA,NA,228.28,239.94,0.200363578274846,2.00568439900399,0.150117043460399,0.986388908336745,1.13787789805105,NA
"TD","Utility",6,100,-123.77,NA,NA,253.54,265.2,0.321220333920792,1.29866566415876,0.153522479349379,0.993416078386373,1,NA
"TD","Utility",7,100,-119.35,NA,NA,244.7,256.36,0.571441247593611,1.05021329503506,0.713723356302141,0.940726329215292,1,NA
"TD","Utility",8,100,-108.85,NA,NA,223.7,235.36,0.973066303646192,1.39299949863926,0.886841838114822,1,4.95714785007222,NA
"TD","Utility",9,100,-124.13,NA,NA,254.26,265.92,0.895209939451888,1.00547373959183,0.887371301644029,0.768304110771181,2.61076507549425,NA
"TD","Utility",10,100,-130.84,NA,NA,267.68,279.34,0.0494146177079529,1.5078624105081,0.0379177944631084,0.936898963247678,2.41861024690156,NA
"TD","Utility",11,100,-124.43,NA,NA,254.86,266.52,0.197620301274583,1.18983699940145,0.109094594080773,0.853799996076644,2.08906495738345,NA
"TD","Utility",12,100,-120.39,NA,NA,246.78,258.44,0.0560640415642411,1.56602673046291,0.0512484769977573,0.973091054898908,2.25744932995504,NA
"TD","Utility",13,100,-121.34,NA,NA,248.68,260.34,0.051307131536305,2.23247370731968,0.0398137770900949,0.899983029040175,3.62516993388966,NA
"TD","Utility",14,100,-113.03,NA,NA,232.06,243.72,0.989872474921867,1.20800043705019,0.8918032597524,0.965802954924222,8.12774953936096,NA
"TD","Utility",15,100,-90.89,NA,NA,187.78,199.44,0.711294803768396,1.57632797351107,0.848715382748464,1,2.53406169581683,NA
"TD","Utility",16,100,-134.39,NA,NA,274.78,286.44,0.0768930825870484,1.0096698673442,0.0556127514196414,0.869161078091061,2.10434811534714,NA
"TD","Utility",17,100,-92.97,NA,NA,191.94,203.6,0.797194604296237,3.5054881726885,0.712032139703356,0.970373130901488,8.05144785074585,NA
"TD","Utility",18,100,-90.91,NA,NA,187.82,199.48,0.731893435353413,2.27495420533688,0.860956833422915,0.928701082712131,3.53136907840965,NA
"TD","Utility",19,100,-93.22,NA,NA,192.44,204.1,0.809085062006488,1.79705669912965,0.858214890412363,1,2.70084301270243,NA
"TD","Utility",20,100,-108.97,NA,NA,223.94,235.6,0.511981163173914,3.39124982816227,0.435703892878901,0.579097577328087,8.55473335215917,NA
"TD","Utility",21,100,-111.08,NA,NA,228.16,239.82,0.226354157319292,2.66897989056053,0.237177641477698,0.783267381836097,2.97010333575683,NA
"TD","Utility",22,100,-114.47,NA,NA,234.94,246.6,0.300222688354552,1.95544207743825,0.231089182918311,0.824578408857271,2.34549544867271,NA
"TD","Utility",23,100,-104.8,NA,NA,215.6,227.26,0.984172471100464,2.69604673600736,0.885171215738249,1,3.59116328076577,NA
"TD","Utility",24,100,-116.98,NA,NA,239.96,251.62,0.540354023920372,1.23410649768987,0.525199773257223,0.947981573934573,1,NA
"TD","Utility",25,100,-122.97,NA,NA,251.94,263.6,0.870058757020161,1.32718323590234,0.611236654408676,0.985353891945955,9.09144866301035,NA
"TD","Utility",26,100,-114.42,NA,NA,234.84,246.5,0.0660558908712119,2.97567781611326,0.0736482942530285,0.928679703146709,1.7044970538386,NA
"TD","Utility",27,100,-112.87,NA,NA,231.74,243.4,0.973287776112556,1.26051322789863,0.869480150448871,0.943932443601354,1.34953825421879,NA
"TD","Utility",28,100,-111,NA,NA,228,239.66,0.290595552418381,2.05573849655212,0.246941618967076,0.795405551447836,2.80310296751133,NA
"TD","Utility",29,100,-113.91,NA,NA,233.82,245.48,0.988910319516435,1.21139730885625,0.914578150938965,0.669461246913451,4.99508729671966,NA
"TD","Utility",30,100,-111.18,NA,NA,228.36,240.02,0.329378831898794,3.0851063261411,0.298878487901868,0.640857304454826,5.88959383376208,NA
"TD","Utility",31,100,-117.94,NA,NA,241.88,253.54,0.11878991080448,1.83541438817502,0.0725831293520089,0.76809446944813,4.14715554838181,NA
"TD","Utility",32,100,-131.08,NA,NA,268.16,279.82,0.0508385861758143,1.41009616898373,0.0312867104963531,0.852133245707914,3.17098305934005,NA
"TD","Utility",33,100,-90.87,NA,NA,187.74,199.4,0.684979062527418,1.75662852577144,0.855739577185806,0.841000615242073,3.39592467320696,NA
"TD","Utility",34,100,-131.77,NA,NA,269.54,281.2,0.842564480379224,1.05992496339604,0.0845905599788589,1,1,NA
"TD","Utility",35,100,-112.23,NA,NA,230.46,242.12,0.27115519088693,3.69503675574873,0.230758424228776,0.834740649075194,2.2100280680887,NA
"TD","Utility",36,100,-97.37,NA,NA,200.74,212.4,0.779200294986367,1.45758824376389,0.863717030071597,0.775672730948484,3.45239174390497,NA
"TD","Utility",37,100,-106.06,NA,NA,218.12,229.78,0.982565350597724,4.92570209977795,0.901761336178463,0.78870922881519,3.44697409043317,NA
"TD","Utility",38,100,-117.06,NA,NA,240.12,251.78,0.533772448310629,1.2251683762297,0.4537701318082,0.957133584312299,1,NA
"TD","Utility",39,100,-112.28,NA,NA,230.56,242.22,0.128862570039928,2.75030500992181,0.0719366507325337,0.751162712408658,4.93704982346763,NA
"TD","Utility",40,100,-123.74,NA,NA,253.48,265.14,0.420502026332542,1.08286330314484,0.155781372925628,0.984339387556779,1,NA
"TD","Utility",41,100,-93.13,NA,NA,192.26,203.92,0.860091791022569,2.2001721150753,0.837975590821803,0.94601622985391,1.73548500038676,NA
"TD","Utility",42,100,-107.98,NA,NA,221.96,233.62,0.633000507717952,1.31639195521562,0.766349552221397,0.965784743544121,1.04799673201927,NA
"TD","Utility",43,100,-109.06,NA,NA,224.12,235.78,0.512010124279186,3.01376353887389,0.415932613388128,0.62603700344803,6.6915225636938,NA
"TD","Utility",44,100,-110.95,NA,NA,227.9,239.56,0.4054856733419,4.89528230370438,0.337299319606232,0.822861083778431,2.25004432935997,NA
"TD","Utility",45,100,-123.77,NA,NA,253.54,265.2,0.319981756620109,1.26415652967989,0.150349548595904,0.995451717702599,1,NA
"TD","Utility",46,100,-142.8,NA,NA,291.6,303.26,0.947748523205519,2.36391219958187,0.0559473314900481,1,1,NA
"TD","Utility",47,100,-121.74,NA,NA,249.48,261.14,0.885661983396858,2.4762263855988,0.744883858736348,0.922991484716966,1.11095240681599,NA
"TD","Utility",48,100,-130.43,NA,NA,266.86,278.52,0.119032545015216,1.2109820744954,0.0809902822070712,0.780351280045211,3.05966070305799,NA
"TD","Utility",49,100,-103.42,NA,NA,212.84,224.5,0.931592519162223,1.64870583964512,0.886897136349702,1,8.5975665498592,NA
"TD","Utility",50,100,-90.86,NA,NA,187.72,199.38,0.753800751408562,3.89878896835935,0.867767409499137,0.968010996717192,4.51115228166656,NA
"TD","Utility",51,100,-123.02,NA,NA,252.04,263.7,0.080542077543214,1.38312963815406,0.0641938142920068,0.885033405556048,2.26333321051943,NA
"TD","Utility",52,100,-131.12,NA,NA,268.24,279.9,0.0462017410900444,1.57751976652071,0.0367383185569371,0.920236186365047,2.35926839554513,NA
"TD","Utility",53,100,-115.17,NA,NA,236.34,248,0.407168375095353,1.8810732345608,0.383708648905243,0.591001527638167,7.14712813303417,NA
"TD","Utility",54,100,-105.99,NA,NA,217.98,229.64,0.960197768406942,1.62981824576855,0.894222370416899,0.877719676985685,3.16399820923204,NA
"TD","Utility",55,100,-107.08,NA,NA,220.16,231.82,0.745619997614995,1.08382892229572,0.889998517413857,0.80296938226292,7.04723126724229,NA
"TD","Utility",56,100,-123.74,NA,NA,253.48,265.14,0.387793875532225,1.18421270139515,0.146082065429318,0.943256675614863,1.22640917685583,NA
"TD","Utility",57,100,-108.42,NA,NA,222.84,234.5,0.640330957481638,1.32346468325704,0.859904830751845,0.620162359112908,5.66630689900753,NA
"TD","Utility",58,100,-116.19,NA,NA,238.38,250.04,0.46626549679786,1.18377712974325,0.330618442090385,0.976478869950844,1,NA
"TD","Utility",59,100,-90.9,NA,NA,187.8,199.46,0.781977394130081,2.17335850927503,0.87872165796732,0.663661473539069,6.52480586658552,NA
"TD","Utility",60,100,-127.51,NA,NA,261.02,272.68,0.185236022341996,1.16209726792475,0.113791246551082,0.891937011430564,1.61875902278532,NA
"TD","Utility",61,100,-98.78,NA,NA,203.56,215.22,0.703108243644238,1.190494351089,0.840891590309298,0.783059212014861,2.98412215028108,NA
"TD","Utility",62,100,-106.85,NA,NA,219.7,231.36,0.540940156206489,2.71158919288757,0.435027362794651,0.705554758083883,4.27572976495175,NA
"TD","Utility",63,100,-111.75,NA,NA,229.5,241.16,0.265401779906824,2.94766673623564,0.264602527549927,0.725069694796292,3.82721116123839,NA
"TD","Utility",64,100,-120.52,NA,NA,247.04,258.7,0.897607917198911,1.20987035287544,0.872710396171126,0.875145591941314,1.62849671220748,NA
"TD","Utility",65,100,-123.74,NA,NA,253.48,265.14,0.398145136190578,1.04858012497425,0.152557080749915,0.988013597336995,1,NA
"TD","Utility",66,100,-128.22,NA,NA,262.44,274.1,0.470244030002505,1.37089849868789,0.468556732390882,0.576707769544749,6.03194148395433,NA
"TD","Utility",67,100,-93.21,NA,NA,192.42,204.08,0.824348853668198,2.18002879429133,0.836103175606263,0.94015381194619,1.7544350717048,NA
"TD","Utility",68,100,-108.9,NA,NA,223.8,235.46,0.503097830805928,1.32283924566582,0.329479939470123,0.997955401489719,1,NA
"TD","Utility",69,100,-113.82,NA,NA,233.64,245.3,0.361050225095823,2.17336245528878,0.31603811433274,0.718917012417797,3.76864721563382,NA
"TD","Utility",70,100,-112.89,NA,NA,231.78,243.44,0.964988884748891,1.18922751862556,0.867602316602411,0.948722121116196,1.2544514819471,NA
"TD","Utility",71,100,-90.81,NA,NA,187.62,199.28,0.789667062694207,3.04544003671947,0.87876724265428,0.963362592799751,7.98370295568619,NA
"TD","Utility",72,100,-94.95,NA,NA,195.9,207.56,0.628910263301805,3.95466302318459,0.858841380668714,0.738048033550414,4.17362161513342,NA
"TD","Utility",73,100,-114.92,NA,NA,235.84,247.5,0.415234696352854,1.7106761354533,0.422629560230846,0.540738836199138,9.3295587007741,NA
"TD","Utility",74,100,-93.23,NA,NA,192.46,204.12,0.857857148861513,1.936107955831,0.876161343095943,0.731715926185569,4.64881893066418,NA
"TD","Utility",75,100,-108.17,NA,NA,222.34,234,0.629901704145595,1.19926888635382,0.804695684033997,0.816424583620767,2.12864545691356,NA
"TD","Utility",76,100,-122.94,NA,NA,251.88,263.54,0.359289909945801,1.36449700228535,0.342127746845349,0.597635227074062,6.63534618303407,NA
"TD","Utility",77,100,-110.47,NA,NA,226.94,238.6,0.446684151422232,2.46860518856885,0.371251040117432,0.65768910843468,5.09505670741171,NA
"TD","Utility",78,100,-118.5,NA,NA,243,254.66,0.378760501742363,1.43229853129014,0.334882541687629,0.652626113963529,5.21214594821659,NA
"TD","Utility",79,100,-118.5,NA,NA,243,254.66,0.372670353855938,1.68600267870352,0.334264211291726,0.654649930441606,5.13914972702958,NA
"TD","Utility",80,100,-124.1,NA,NA,254.2,265.86,0.428967847023159,1.43009595386684,0.404047008526132,0.741452475190502,2.68789965616424,NA
"TD","Utility",81,100,-132.15,NA,NA,270.3,281.96,0.111280993092805,1.04204804978253,0.0797391849733686,0.835901463927899,2.18194906859354,NA
"TD","Utility",82,100,-108.89,NA,NA,223.78,235.44,0.142161799827591,2.60663627263189,0.103109009229911,0.805185198774881,2.86973967644644,NA
"TD","Utility",83,100,-90.9,NA,NA,187.8,199.46,0.779834397835657,4.55762586234994,0.894030731560952,0.588401702665401,10,NA
"TD","Utility",84,100,-115.16,NA,NA,236.32,247.98,0.386252531083301,1.63052160199732,0.397807190642914,0.563115659204064,8.30187075080062,NA
"TD","Utility",85,100,-121.77,NA,NA,249.54,261.2,0.23896856745705,1.3059749789536,0.143709340257527,0.937070456994829,1.30594315225803,NA
"TD","Utility",86,100,-105.86,NA,NA,217.72,229.38,0.670282299863175,1.1162636061199,0.874303723467275,0.594245937545275,6.88451537451466,NA
"TD","Utility",87,100,-112.68,NA,NA,231.36,243.02,0.560497718863189,1.79223784707011,0.610373090877068,0.724927909239962,3.19400928988762,NA
"TD","Utility",88,100,-116.69,NA,NA,239.38,251.04,0.915246691787615,1.1942126606591,0.905775849779692,0.688911001811613,4.30704891536192,NA
"TD","Utility",89,100,-109.6,NA,NA,225.2,236.86,0.589335348224267,1.93161117188157,0.6544854974542,0.659765508706925,4.93658559340547,NA
"TD","Utility",90,100,-103.95,NA,NA,213.9,225.56,0.987134294584394,1.60082370741293,0.892763129717222,0.955769811890369,7.88660633768116,NA
"TD","Utility",91,100,-117.35,NA,NA,240.7,252.36,0.401124990079552,1.43657126976177,0.16466439349949,0.935760399010532,1.24016381489524,NA
"TD","Utility",92,100,-119.35,NA,NA,244.7,256.36,0.565618214197457,1.06491599744186,0.714558004444084,0.941438682830434,1,NA
"TD","Utility",93,100,-124.43,NA,NA,254.86,266.52,0.125127220060676,1.54644962819293,0.0871619544636974,0.824866074464806,2.62255578342587,NA
"TD","Utility",94,100,-93.24,NA,NA,192.48,204.14,0.791645931312814,1.76679624943127,0.848460255952326,0.878261733236887,2.30434548108541,NA
"TD","Utility",95,100,-163.44,NA,NA,332.88,344.54,0.0988319513853639,1.09243298880756,0.0176327070110617,0.423749002007266,10,NA
"TD","Utility",96,100,-114.83,NA,NA,235.66,247.32,0.333673485321924,1.79963922020125,0.368204400042893,0.55800768615186,8.536093826882,NA
"TD","Utility",97,100,-128.44,NA,NA,262.88,274.54,0.10172016825527,1.62083033379167,0.0695770474847484,0.797169191584923,3.12830555432622,NA
"TD","Utility",98,100,-142.49,NA,NA,290.98,302.64,0.0187283449340612,1.16512183423941,0.0119309491370973,0.930999179118093,1.37333561057846,NA
"TD","Utility",99,100,-116.87,NA,NA,239.74,251.4,0.461979309096932,1.88084230940313,0.162906759913766,1,1,NA
"TD","Utility",100,100,-90.81,NA,NA,187.62,199.28,0.729020358063281,1.83565291385622,0.812489504781041,0.992421993207879,1.37002860954345,NA
"RSTD","TD",1,100,-104.78,NA,NA,213.56,221.33,0.285107890376821,0.724670132622123,0.880558104251772,2.67174354707719,NA,2.43561604238095
"RSTD","TD",2,100,-421.55,NA,NA,847.1,854.87,0.950232450617477,0.206436974462122,0.01,1.01,NA,1.3645795173943
"RSTD","TD",3,100,-168.92,NA,NA,341.84,349.61,0.536011227406561,0.200363578274846,0.128655675016983,1.00000486105778,NA,2.00568439900399
"RSTD","TD",4,100,-207.01,NA,NA,418.02,425.79,0.321220333920792,0.649332832079381,0.01,1.01,NA,1.14288249518722
"RSTD","TD",5,100,-109.85,NA,NA,223.7,231.47,0.525106647517532,0.973066303646192,0.872573192999382,1.24784766399792,NA,1.39299949863926
"RSTD","TD",6,100,-104.2,NA,NA,212.4,220.17,0.895209939451888,0.943225271301344,0.886869375470323,5.13424390052986,NA,4.35385648889427
"RSTD","TD",7,100,-183.83,NA,NA,371.66,379.43,0.753931205254048,0.197620301274583,0.118080046375716,1,NA,1.18983699940145
"RSTD","TD",8,100,-98.89,NA,NA,201.78,209.55,0.0560640415642411,0.783013365231454,0.01,1.01,NA,4.41441693140154
"RSTD","TD",9,100,-113.3,NA,NA,230.6,238.37,0.479448032099754,0.989872474921867,0.886927023680369,5.4828654483266,NA,1.20800043705019
"RSTD","TD",10,100,-90.8,NA,NA,185.6,193.37,0.711294803768396,0.788163986755535,0.814212998158626,1.39021776191484,NA,3.30973086307261
"RSTD","TD",11,100,-113.14,NA,NA,230.28,238.05,0.5048349336721,0.797194604296237,0.847557939016172,1.00499352091237,NA,3.5054881726885
"RSTD","TD",12,100,-116.38,NA,NA,236.76,244.53,0.731893435353413,0.395451756194234,0.183683059954163,1.02714045159344,NA,1.61817012401298
"RSTD","TD",13,100,-94.92,NA,NA,193.84,201.61,0.275977379642427,0.511981163173914,0.797047639369317,1.17161074568472,NA,3.39124982816227
"RSTD","TD",14,100,-131.8,NA,NA,267.6,275.37,0.226354157319292,0.16033569118008,0.146165025507408,1,NA,1.89403793397815
"RSTD","TD",15,100,-103.63,NA,NA,211.26,219.03,0.315573724219576,0.984172471100464,0.887978374866675,8.787721350728,NA,2.69604673600736
"RSTD","TD",16,100,-116.38,NA,NA,236.76,244.53,0.540354023920372,0.854036244563758,0.861890932977662,1,NA,1.36215214885666
"RSTD","TD",17,100,-289.05,NA,NA,582.1,589.87,0.66359161795117,0.0660558908712119,0.0684657632941896,1,NA,2.97567781611326
"RSTD","TD",18,100,-111.75,NA,NA,227.5,235.27,0.973287776112556,0.630256613949314,0.193406135576462,1,NA,1.85552939023347
"RSTD","TD",19,100,-138.93,NA,NA,281.86,289.63,0.340647828998044,0.988910319516435,0.693933410154384,8.03627266233793,NA,1.21139730885625
"RSTD","TD",20,100,-462.86,NA,NA,929.72,937.49,0.329378831898794,0.0628540490288287,0.01,1.01,NA,3.33967715737489
"RSTD","TD",21,100,-286.87,NA,NA,577.74,585.51,0.285566801903769,0.0508385861758143,0.0691754475602344,1,NA,1.41009616898373
"RSTD","TD",22,100,-113.68,NA,NA,231.36,239.13,0.684979062527418,0.438995202770457,0.199176750303319,1,NA,1.68512896075845
"RSTD","TD",23,100,-121.61,NA,NA,247.22,254.99,0.529962481698021,0.27115519088693,0.18075370533547,1,NA,3.69503675574873
"RSTD","TD",24,100,-98.8,NA,NA,201.6,209.37,0.779200294986367,0.728794121881947,0.786491759067823,1.0595687756399,NA,1.16082152445602
"RSTD","TD",25,100,-86.09,NA,NA,176.18,183.95,0.0281218434683979,0.533772448310629,3.1686690857999e-05,1.01700309021539,NA,1.2251683762297
"RSTD","TD",26,100,-115.99,NA,NA,235.98,243.75,0.128862570039928,0.17050133110024,0.12114228558561,1.20787990736637,NA,2.37515528589011
"RSTD","TD",27,100,-93.19,NA,NA,190.38,198.15,0.980796684976667,0.860091791022569,0.825859534147098,1.33867097432612,NA,2.2001721150753
"RSTD","TD",28,100,-117.26,NA,NA,238.52,246.29,0.633000507717952,0.959949327167124,0.886924670802463,7.82714692321472,NA,1.02402024855837
"RSTD","TD",29,100,-98.16,NA,NA,200.32,208.09,0.234798390883952,0.4054856733419,0.61577369962447,9.76848944082669,NA,4.89528230370438
"RSTD","TD",30,100,-113.73,NA,NA,231.46,239.23,0.319981756620109,0.632078264839947,0.836600558740952,1,NA,1.05595874555906
"RSTD","TD",31,100,-103.82,NA,NA,211.64,219.41,0.417691254755482,0.885661983396858,0.887769175050554,6.87197576441501,NA,2.4762263855988
"RSTD","TD",32,100,-139.05,NA,NA,282.1,289.87,0.119032545015216,0.605491037247702,0.905750973176915,1,NA,1.04599827674373
"RSTD","TD",33,100,-90.81,NA,NA,185.62,193.39,0.824352919822559,0.753800751408562,0.872305148794929,6.19146089762766,NA,3.89878896835935
"RSTD","TD",34,100,-94.71,NA,NA,193.42,201.19,0.080542077543214,0.69156481907703,0.00291664698876515,1.00948153145533,NA,4.2510444371212
"RSTD","TD",35,100,-112.84,NA,NA,229.68,237.45,0.788759883260354,0.407168375095353,0.182647773890737,1.14591135620737,NA,1.8810732345608
"RSTD","TD",36,100,-94.93,NA,NA,193.86,201.63,0.960197768406942,0.814909122884274,0.803021771263274,1.19544129448362,NA,1.49123999522999
"RSTD","TD",37,100,-123.3,NA,NA,250.6,258.37,0.983733647270128,0.387793875532225,0.175137467557462,1,NA,1.18421270139515
"RSTD","TD",38,100,-91.25,NA,NA,186.5,194.27,0.640330957481638,0.661732341628522,0.773550331007707,1.17906723273668,NA,2.1015722423634
"RSTD","TD",39,100,-93.15,NA,NA,190.3,198.07,0.591888564871624,0.781977394130081,0.868686993238619,3.9585164987755,NA,2.17335850927503
"RSTD","TD",40,100,-108.8,NA,NA,221.6,229.37,0.185236022341996,0.927017299691215,0.88675027351921,5.1254599883092,NA,1.40621648728848
"RSTD","TD",41,100,-110.55,NA,NA,225.1,232.87,0.5952471755445,0.540940156206489,0.28858847898074,1.06673870472464,NA,2.71158919288757
"RSTD","TD",42,100,-125.4,NA,NA,254.8,262.57,0.265401779906824,0.195171546889469,0.13160268971871,1,NA,1.22695452463968
"RSTD","TD",43,100,-124.61,NA,NA,253.22,260.99,0.604935176437721,0.398145136190578,0.178815654547031,1,NA,1.04858012497425
"RSTD","TD",44,100,-93.19,NA,NA,190.38,198.15,0.470244030002505,0.685449249343947,0.825508962639581,1.35045138671983,NA,1.6486977073364
"RSTD","TD",45,100,-122.99,NA,NA,249.98,257.75,0.371720403432846,0.503097830805928,0.868751710803147,4.98994634297949,NA,1.32283924566582
"RSTD","TD",46,100,-123.38,NA,NA,250.76,258.53,0.361050225095823,0.370053818682209,0.148218551491841,1,NA,1.17356707000516
"RSTD","TD",47,100,-97.57,NA,NA,199.14,206.91,0.594613759312779,0.789667062694207,0.677640270292375,8.0288284786554,NA,3.04544003671947
"RSTD","TD",48,100,-289.05,NA,NA,582.1,589.87,0.628910263301805,0.0369398219045252,0.0686045590116107,1,NA,2.35408596597136
"RSTD","TD",49,100,-105.77,NA,NA,215.54,223.31,0.254382238723338,0.857857148861513,0.874305907428112,1.27147217953583,NA,1.936107955831
"RSTD","TD",50,100,-108.74,NA,NA,221.48,229.25,0.629901704145595,0.59963444317691,0.549943107951765,1,NA,2.13030682034315
"RSTD","TD",51,100,-111.43,NA,NA,226.86,234.63,0.958562755258754,0.446684151422232,0.188439526372454,1.2016964607228,NA,2.46860518856885
"RSTD","TD",52,100,-114.32,NA,NA,232.64,240.41,0.378760501742363,0.716149265645072,0.823399616588998,1,NA,2.1838285959837
"RSTD","TD",53,100,-117.39,NA,NA,238.78,246.55,0.843001339351758,0.428967847023159,0.182027163164549,1.04740434688686,NA,1.43009595386684
"RSTD","TD",54,100,-126.47,NA,NA,256.94,264.71,0.111280993092805,0.926345025887713,0.894234978152669,4.52141032008355,NA,2.52358875974062
"RSTD","TD",55,100,-105.8,NA,NA,215.6,223.37,0.231767056509852,0.779834397835657,0.875354817607041,1.47108731608988,NA,4.55762586234994
"RSTD","TD",56,100,-105.09,NA,NA,214.18,221.95,0.386252531083301,0.815260800998658,0.867928270523987,1.25302601497407,NA,2.64474068483968
"RSTD","TD",57,100,-106.01,NA,NA,216.02,223.79,0.6529874894768,0.670282299863175,0.781959791957438,1,NA,1.1162636061199
"RSTD","TD",58,100,-330.45,NA,NA,664.9,672.67,0.560497718863189,0.274772666627541,0.01,1.01,NA,1.5290995786691
"RSTD","TD",59,100,-108.75,NA,NA,221.5,229.27,0.597106330329552,0.589335348224267,0.560785574635977,1,NA,1.93161117188157
"RSTD","TD",60,100,-90.85,NA,NA,185.7,193.47,0.987134294584394,0.800411853706464,0.873706796575459,7.42294658829306,NA,2.29764714087815
"RSTD","TD",61,100,-143.53,NA,NA,291.06,298.83,0.718285634880885,0.565618214197457,0.365401165025447,7.68355676324367,NA,1.06491599744186
"RSTD","TD",62,100,-124.76,NA,NA,253.52,261.29,0.125127220060676,0.773224814096466,0.912513703964988,1.12510973003807,NA,1.58329186262563
"RSTD","TD",63,100,-382.59,NA,NA,769.18,776.95,0.499009405029938,0.0988319513853639,0.129133259085961,7.92809545135825,NA,1.09243298880756
"RSTD","TD",64,100,-105.69,NA,NA,215.38,223.15,0.333673485321924,0.454882015939802,0.385153425959029,1,NA,3.70696423376415
"RSTD","TD",65,100,-292.61,NA,NA,589.22,596.99,0.810415166895837,0.0187283449340612,0.0685191919887187,1,NA,1.16512183423941
"RSTD","TD",66,100,-319.29,NA,NA,642.58,650.35,0.461979309096932,0.296923782210797,0.01,1.01,NA,1.45804071612656
"RSTD","TD",67,100,-101.13,NA,NA,206.26,214.03,0.285626433324069,0.528872283641249,0.81211231644951,1.10818497637962,NA,1.1472960453744
"RSTD","TD",68,100,-115.24,NA,NA,234.48,242.25,0.732509626774117,0.600311974063516,0.332851761427998,1,NA,1.4492717245746
"RSTD","TD",69,100,-106.39,NA,NA,216.78,224.55,0.977929984452203,0.529096166603267,0.259225606109779,1.22056009312216,NA,1.75178614688037
"RSTD","TD",70,100,-436.5,NA,NA,877,884.77,0.98177181975916,0.159414226887748,0.01,1.01,NA,1.47737938910723
"RSTD","TD",71,100,-126.83,NA,NA,257.66,265.43,0.922829337418079,0.366323065012693,0.171806023653767,1,NA,1.08644307602532
"RSTD","TD",72,100,-439.97,NA,NA,883.94,891.71,0.437475311337039,0.144657690776512,0.01,1.01,NA,2.51204245735464
"RSTD","TD",73,100,-100.9,NA,NA,205.8,213.57,0.0812403932213783,0.858433880610391,0.00343056917240071,1.01173687816503,NA,2.57674626609245
"RSTD","TD",74,100,-124.61,NA,NA,253.22,260.99,0.769064010120928,0.423705151304603,0.175962653694227,1,NA,1.055009087082
"RSTD","TD",75,100,-192.61,NA,NA,389.22,396.99,0.27233505435288,0.0992442343849689,0.0957779869984018,1,NA,1.01957268379492
"RSTD","TD",76,100,-113.79,NA,NA,231.58,239.35,0.714246998308226,0.356464033480734,0.17872128319578,1.01291869416268,NA,2.33508190601589
"RSTD","TD",77,100,-104.25,NA,NA,212.5,220.27,0.165105299558491,0.62026000325568,0.888043284292289,5.22587265282716,NA,3.11759630225509
"RSTD","TD",78,100,-97.42,NA,NA,198.84,206.61,0.948594216490164,0.818483957787976,0.803843402580606,1.12806512982261,NA,1.40069885704874
"RSTD","TD",79,100,-104.83,NA,NA,213.66,221.43,0.641159480903298,0.713674181839451,0.802989006718824,1,NA,1.04148287150446
"RSTD","TD",80,100,-93.51,NA,NA,191.02,198.79,0.602592710871249,0.798923129681498,0.81099460630519,1.12144250816089,NA,2.65777598732141
"RSTD","TD",81,100,-98.89,NA,NA,201.78,209.55,0.0268326783552766,0.983408806612715,0.01,1.01,NA,2.42827125892359
"RSTD","TD",82,100,-142.03,NA,NA,288.06,295.83,0.390374890295789,0.210965643869713,0.142688587151229,1,NA,1.07093011168763
"RSTD","TD",83,100,-289.05,NA,NA,582.1,589.87,0.909624356776476,0.0655163209885359,0.0688167476332242,1,NA,1.47955628430628
"RSTD","TD",84,100,-105.11,NA,NA,214.22,221.99,0.894585720263422,0.928069569170475,0.868438186687461,1.21353785102962,NA,1.78467515758694
"RSTD","TD",85,100,-103.93,NA,NA,211.86,219.63,0.16712597804144,0.591124507132918,0.885471472316174,4.92377715087343,NA,1.76918393555553
"RSTD","TD",86,100,-141.95,NA,NA,287.9,295.67,0.0963515317998827,0.187938303221017,0.0354513072221154,1,NA,1.16646143142134
"RSTD","TD",87,100,-114.29,NA,NA,232.58,240.35,0.812582350103185,0.879132093861699,0.884713976957894,6.42002273801068,NA,5.4038753097219
"RSTD","TD",88,100,-106.7,NA,NA,217.4,225.17,0.448961209738627,0.690639521926641,0.879346090300377,8.89706099200749,NA,1.12322780341732
"RSTD","TD",89,100,-98.78,NA,NA,201.56,209.33,0.352596259210259,0.519048273330554,0.789621319992398,1.07566592645052,NA,1.77127007111431
"RSTD","TD",90,100,-459.28,NA,NA,922.56,930.33,0.7131295024883,0.112127762287855,0.01,1.01,NA,4.4174234716404
"RSTD","TD",91,100,-135.93,NA,NA,275.86,283.63,0.102771484525874,0.0985191510990262,0.0984590682823805,1.14936748220555,NA,1.34824017202482
"RSTD","TD",92,100,-124.67,NA,NA,253.34,261.11,0.14997310237959,0.461772011825815,0.884091567849436,4.79351086092038,NA,1.26133318960971
"RSTD","TD",93,100,-113.79,NA,NA,231.58,239.35,0.435881547397003,0.7804279406555,0.857770170438333,1.02345120768465,NA,1.68139734584838
"RSTD","TD",94,100,-90.8,NA,NA,185.6,193.37,0.975024477113038,0.799848798895255,0.815922770424615,1.43665841541958,NA,5.33281822849937
"RSTD","TD",95,100,-118.54,NA,NA,241.08,248.85,0.723246149485931,0.623378630494699,0.623689368380015,5.37111682343295,NA,1.45622572209686
"RSTD","TD",96,100,-112.25,NA,NA,228.5,236.27,0.323681306792423,0.444453429430723,0.540184716992655,1,NA,1.44684312446043
"RSTD","TD",97,100,-123.67,NA,NA,251.34,259.11,0.521510650403798,0.40949847153388,0.184480275342208,1,NA,1.1181692021126
"RSTD","TD",98,100,-114,NA,NA,232,239.77,0.418908317107707,0.978637758642435,0.885013278180681,3.57855462306403,NA,1.21107809292153
"RSTD","TD",99,100,-90.02,NA,NA,184.04,191.81,0.78953983867541,0.418743934947997,0.170396704900496,2.70187454057035,NA,3.49348991278757
"RSTD","TD",100,100,-113,NA,NA,230,237.77,0.956703607924283,0.607802340993658,0.332107582566185,1,NA,1.10866933899654
"RSTD","RSTD",1,100,-107.18,NA,NA,220.36,232.02,0.285107890376821,0.724670132622123,0.278673185748286,0.641382468608723,9.7965783208952,2.43561604238095
"RSTD","RSTD",2,100,-94.94,NA,NA,195.88,207.54,0.950232450617477,0.206436974462122,1,0.17452734917466,3.2330655887812,1.3645795173943
"RSTD","RSTD",3,100,-97.49,NA,NA,200.98,212.64,0.536011227406561,0.200363578274846,0.499678745541759,0.14502047113206,1.00023654640578,2.00568439900399
"RSTD","RSTD",4,100,-120.99,NA,NA,247.98,259.64,0.321220333920792,0.649332832079381,0.318088876946289,0.630606194230099,1,1.14288249518722
"RSTD","RSTD",5,100,-111.98,NA,NA,229.96,241.62,0.525106647517532,0.973066303646192,0.514969326698928,0.808619025494688,9.6565084788747,1.39299949863926
"RSTD","RSTD",6,100,-105.18,NA,NA,216.36,228.02,0.895209939451888,0.943225271301344,0.630190889183856,0.843893835854031,9.18583821831248,4.35385648889427
"RSTD","RSTD",7,100,-99.95,NA,NA,205.9,217.56,0.753931205254048,0.197620301274583,0.402153630039248,0.123951564844172,1.74442811140533,1.18983699940145
"RSTD","RSTD",8,100,-74.59,NA,NA,155.18,166.84,0.0560640415642411,0.783013365231454,0.0134501531248856,0.173020213024638,8.35507719213456,4.41441693140154
"RSTD","RSTD",9,100,-108.37,NA,NA,222.74,234.4,0.479448032099754,0.989872474921867,0.154951406711357,0.461945440153732,1,1.20800043705019
"RSTD","RSTD",10,100,-90.43,NA,NA,186.86,198.52,0.711294803768396,0.788163986755535,0.320163206796543,0.636385115686899,3.72004936281514,3.30973086307261
"RSTD","RSTD",11,100,-112.52,NA,NA,231.04,242.7,0.5048349336721,0.797194604296237,0.643122922466718,0.810997964304281,1.01999218691275,3.5054881726885
"RSTD","RSTD",12,100,-113.46,NA,NA,232.92,244.58,0.731893435353413,0.395451756194234,0.341771931903673,0.246963535642129,1,1.61817012401298
"RSTD","RSTD",13,100,-95.13,NA,NA,196.26,207.92,0.275977379642427,0.511981163173914,0.342151269309794,0.607047067128378,1.82414699580995,3.39124982816227
"RSTD","RSTD",14,100,-115.47,NA,NA,236.94,248.6,0.226354157319292,0.16033569118008,0.372215417708384,0.196411386165213,8.20021410332845,1.89403793397815
"RSTD","RSTD",15,100,-103.6,NA,NA,213.2,224.86,0.315573724219576,0.984172471100464,0.851371686999169,0.883180411957105,9.04015518292192,2.69604673600736
"RSTD","RSTD",16,100,-114.88,NA,NA,235.76,247.42,0.540354023920372,0.854036244563758,0.577165601616134,0.809325375173372,1,1.36215214885666
"RSTD","RSTD",17,100,-70,NA,NA,146,157.66,0.66359161795117,0.0660558908712119,0.779311915671994,0.0375720089512661,4.19526187004663,2.97567781611326
"RSTD","RSTD",18,100,-112.78,NA,NA,231.56,243.22,0.973287776112556,0.630256613949314,0.336458914986086,0.342952214816175,1,1.85552939023347
"RSTD","RSTD",19,100,-108.37,NA,NA,222.74,234.4,0.340647828998044,0.988910319516435,0.158319129428588,0.472970924549008,1,1.21139730885625
"RSTD","RSTD",20,100,-81.93,NA,NA,169.86,181.52,0.329378831898794,0.0628540490288287,0.14303523227182,0.0297591572543581,1.03898216904587,3.33967715737489
"RSTD","RSTD",21,100,-74.6,NA,NA,155.2,166.86,0.285566801903769,0.0508385861758143,0.860829402595706,0,2.06544800660767,1.41009616898373
"RSTD","RSTD",22,100,-113.56,NA,NA,233.12,244.78,0.684979062527418,0.438995202770457,0.197096037048673,0.192149160684416,1,1.68512896075845
"RSTD","RSTD",23,100,-120.61,NA,NA,247.22,258.88,0.529962481698021,0.27115519088693,0.950591814797174,0.273774184248602,9.5007374804222,3.69503675574873
"RSTD","RSTD",24,100,-99.62,NA,NA,205.24,216.9,0.779200294986367,0.728794121881947,0.287276080435786,0.61233184143286,5.1374202404938,1.16082152445602
"RSTD","RSTD",25,100,-84.48,NA,NA,174.96,186.62,0.0281218434683979,0.533772448310629,0.0560860049582278,0.936435497385136,1.18878931522033,1.2251683762297
"RSTD","RSTD",26,100,-116.24,NA,NA,238.48,250.14,0.128862570039928,0.17050133110024,0.126863504159668,0.121376014992319,1.02930326308021,2.37515528589011
"RSTD","RSTD",27,100,-95.1,NA,NA,196.2,207.86,0.980796684976667,0.860091791022569,0.261892097430466,0.597441709204856,9.98166524872616,2.2001721150753
"RSTD","RSTD",28,100,-114.6,NA,NA,235.2,246.86,0.633000507717952,0.959949327167124,0.40040984671302,0.737121350259628,1,1.02402024855837
"RSTD","RSTD",29,100,-96.19,NA,NA,198.38,210.04,0.234798390883952,0.4054856733419,0.232732916489257,0.40759461568961,1.27699809650408,4.89528230370438
"RSTD","RSTD",30,100,-127.1,NA,NA,260.2,271.86,0.319981756620109,0.632078264839947,0.42255968867933,0.531952884318683,9.75184855142609,1.05595874555906
"RSTD","RSTD",31,100,-103.67,NA,NA,213.34,225,0.417691254755482,0.885661983396858,0.474205632904973,0.790504004124004,1.2906368974431,2.4762263855988
"RSTD","RSTD",32,100,-125.33,NA,NA,256.66,268.32,0.119032545015216,0.605491037247702,0.0737392505492687,0.182815014226916,1.00359096693234,1.04599827674373
"RSTD","RSTD",33,100,-90.46,NA,NA,186.92,198.58,0.824352919822559,0.753800751408562,0.430332892181888,0.739544664045303,5.25188933736661,3.89878896835935
"RSTD","RSTD",34,100,-93.35,NA,NA,192.7,204.36,0.080542077543214,0.69156481907703,0.0589781758164441,0.854117451723953,1.01683297859279,4.2510444371212
"RSTD","RSTD",35,100,-106.14,NA,NA,218.28,229.94,0.788759883260354,0.407168375095353,0.445386103641785,0.276092013128671,1.00132854615688,1.8810732345608
"RSTD","RSTD",36,100,-95.05,NA,NA,196.1,207.76,0.960197768406942,0.814909122884274,0.272520156578291,0.592821944026499,5.22571036174978,1.49123999522999
"RSTD","RSTD",37,100,-112.68,NA,NA,231.36,243.02,0.983733647270128,0.387793875532225,0.712756185614722,0.296699033241048,1,1.18421270139515
"RSTD","RSTD",38,100,-90.45,NA,NA,186.9,198.56,0.640330957481638,0.661732341628522,0.309268512258313,0.615136253328671,3.13993938394515,2.1015722423634
"RSTD","RSTD",39,100,-93.15,NA,NA,192.3,203.96,0.591888564871624,0.781977394130081,0.409021731741604,0.683628017982642,1.68642331395988,2.17335850927503
"RSTD","RSTD",40,100,-107.68,NA,NA,221.36,233.02,0.185236022341996,0.927017299691215,0.409725003041703,0.763637902144924,1.11961650157727,1.40621648728848
"RSTD","RSTD",41,100,-107.51,NA,NA,221.02,232.68,0.5952471755445,0.540940156206489,0.994566081665634,0.475949501249063,1.06577706806839,2.71158919288757
"RSTD","RSTD",42,100,-125.38,NA,NA,256.76,268.42,0.265401779906824,0.195171546889469,0.592196821468669,0.22828636328485,7.45474466971764,1.22695452463968
"RSTD","RSTD",43,100,-123.52,NA,NA,253.04,264.7,0.604935176437721,0.398145136190578,0.4012547449347,0.28620108124532,1,1.04858012497425
"RSTD","RSTD",44,100,-93.28,NA,NA,192.56,204.22,0.470244030002505,0.685449249343947,0.371678912867579,0.677281196684042,2.49573722770148,1.6486977073364
"RSTD","RSTD",45,100,-109.89,NA,NA,225.78,237.44,0.371720403432846,0.503097830805928,0.189750412942748,0.308622699952886,1,1.32283924566582
"RSTD","RSTD",46,100,-280.93,NA,NA,567.86,579.52,0.361050225095823,0.370053818682209,0.01,0.01,1.01,1.17356707000516
"RSTD","RSTD",47,100,-93.08,NA,NA,192.16,203.82,0.594613759312779,0.789667062694207,0.792130263587469,0.851938944279179,3.2093558957406,3.04544003671947
"RSTD","RSTD",48,100,-70,NA,NA,146,157.66,0.628910263301805,0.0369398219045252,0.520011223852279,0.0259400536156241,4.04630779466987,2.35408596597136
"RSTD","RSTD",49,100,-103.77,NA,NA,213.54,225.2,0.254382238723338,0.857857148861513,0.800108308751507,0.876033569684286,9.0595321763965,1.936107955831
"RSTD","RSTD",50,100,-105.48,NA,NA,216.96,228.62,0.629901704145595,0.59963444317691,0.255538009895202,0.400551383464766,1,2.13030682034315
"RSTD","RSTD",51,100,-103.27,NA,NA,212.54,224.2,0.958562755258754,0.446684151422232,0.675164694554854,0.33784923801757,1,2.46860518856885
"RSTD","RSTD",52,100,-114.01,NA,NA,234.02,245.68,0.378760501742363,0.716149265645072,0.174653009220208,0.426886558434812,1,2.1838285959837
"RSTD","RSTD",53,100,-115.57,NA,NA,237.14,248.8,0.843001339351758,0.428967847023159,0.504538824508411,0.318646186091122,1,1.43009595386684
"RSTD","RSTD",54,100,-125.07,NA,NA,256.14,267.8,0.111280993092805,0.926345025887713,0.068796285131258,0.201978868085226,1.18245871033174,2.52358875974062
"RSTD","RSTD",55,100,-103.7,NA,NA,213.4,225.06,0.231767056509852,0.779834397835657,0.67684947204172,0.855051547796963,3.53161510304631,4.55762586234994
"RSTD","RSTD",56,100,-103.4,NA,NA,212.8,224.46,0.386252531083301,0.815260800998658,0.290704672027547,0.656643971489597,1.23595451838504,2.64474068483968
"RSTD","RSTD",57,100,-106.02,NA,NA,218.04,229.7,0.6529874894768,0.670282299863175,0.592344962400739,0.721563861966307,1,1.1162636061199
"RSTD","RSTD",58,100,-111.67,NA,NA,229.34,241,0.560497718863189,0.274772666627541,0.271549336087849,0.162676874863392,1,1.5290995786691
"RSTD","RSTD",59,100,-243.69,NA,NA,493.38,505.04,0.597106330329552,0.589335348224267,0.01,0.01,1.01,1.93161117188157
"RSTD","RSTD",60,100,-90.43,NA,NA,186.86,198.52,0.987134294584394,0.800411853706464,0.375447995789694,0.700231328502069,4.90025194120596,2.29764714087815
"RSTD","RSTD",61,100,-116.77,NA,NA,239.54,251.2,0.718285634880885,0.565618214197457,0.172004150331859,0.232143075740118,1,1.06491599744186
"RSTD","RSTD",62,100,-108.59,NA,NA,223.18,234.84,0.125127220060676,0.773224814096466,0.122653790714845,0.555116704977597,1,1.58329186262563
"RSTD","RSTD",63,100,-89.8,NA,NA,185.6,197.26,0.499009405029938,0.0988319513853639,0.190764362343267,0.0520990349538983,1.05712420600704,1.09243298880756
"RSTD","RSTD",64,100,-116.07,NA,NA,238.14,249.8,0.333673485321924,0.454882015939802,1,0.537254557258276,8.11408996001283,3.70696423376415
"RSTD","RSTD",65,100,-74.59,NA,NA,155.18,166.84,0.810415166895837,0.0187283449340612,0.308381858387663,0,4.55547256956971,1.16512183423941
"RSTD","RSTD",66,100,-106.43,NA,NA,218.86,230.52,0.461979309096932,0.296923782210797,0.841301373517871,0.320942495639362,1,1.45804071612656
"RSTD","RSTD",67,100,-102.28,NA,NA,210.56,222.22,0.285626433324069,0.528872283641249,0.835420905776164,0.850060719226363,2.27723979796634,1.1472960453744
"RSTD","RSTD",68,100,-109.62,NA,NA,225.24,236.9,0.732509626774117,0.600311974063516,0.169698108762833,0.23353605816601,1.04548747799206,1.4492717245746
"RSTD","RSTD",69,100,-103.15,NA,NA,212.3,223.96,0.977929984452203,0.529096166603267,0.846514952243677,0.427074910642227,1.07882129526981,1.75178614688037
"RSTD","RSTD",70,100,-85.09,NA,NA,176.18,187.84,0.98177181975916,0.159414226887748,0.16883377690178,0.0621075074881037,1.12261332891664,1.47737938910723
"RSTD","RSTD",71,100,-115.87,NA,NA,237.74,249.4,0.922829337418079,0.366323065012693,0.69309189961781,0.287801532606144,1,1.08644307602532
"RSTD","RSTD",72,100,-77.85,NA,NA,161.7,173.36,0.437475311337039,0.144657690776512,0.169540688000308,0.0833513726293098,4.13431316576656,2.51204245735464
"RSTD","RSTD",73,100,-99.5,NA,NA,205,216.66,0.0812403932213783,0.858433880610391,0.0883839494895728,0.823595846389468,3.21538687845028,2.57674626609245
"RSTD","RSTD",74,100,-124.98,NA,NA,255.96,267.62,0.769064010120928,0.423705151304603,0.148757298589166,0.138706128640002,1.00340346317431,1.055009087082
"RSTD","RSTD",75,100,-104,NA,NA,214,225.66,0.27233505435288,0.0992442343849689,0.163251448718694,0.0667986979228781,1.10500842796144,1.01957268379492
"RSTD","RSTD",76,100,-107.09,NA,NA,220.18,231.84,0.714246998308226,0.356464033480734,0.550084994907377,0.281980920208462,1,2.33508190601589
"RSTD","RSTD",77,100,-101.06,NA,NA,208.12,219.78,0.165105299558491,0.62026000325568,0.152456526336929,0.462614856854879,1.10294480689079,3.11759630225509
"RSTD","RSTD",78,100,-97.43,NA,NA,200.86,212.52,0.948594216490164,0.818483957787976,0.416694780019467,0.658757867576536,1.21775656629239,1.40069885704874
"RSTD","RSTD",79,100,-107.62,NA,NA,221.24,232.9,0.641159480903298,0.713674181839451,0.994449604825325,0.882245910180177,3.72981576150542,1.04148287150446
"RSTD","RSTD",80,100,-93.01,NA,NA,192.02,203.68,0.602592710871249,0.798923129681498,0.687818528568629,0.797565034405741,1.43077432488093,2.65777598732141
"RSTD","RSTD",81,100,-74.26,NA,NA,154.52,166.18,0.0268326783552766,0.983408806612715,0.0414495771948187,0.781217999825661,2.25852513664805,2.42827125892359
"RSTD","RSTD",82,100,-111.44,NA,NA,228.88,240.54,0.390374890295789,0.210965643869713,0.745976809164904,0.254650441639118,1.00136819772854,1.07093011168763
"RSTD","RSTD",83,100,-70,NA,NA,146,157.66,0.909624356776476,0.0655163209885359,0.837172644897901,0.0102809290371162,2.31952659488786,1.47955628430628
"RSTD","RSTD",84,100,-105.92,NA,NA,217.84,229.5,0.894585720263422,0.928069569170475,0.332340249754437,0.700189043090832,5.63572370512059,1.78467515758694
"RSTD","RSTD",85,100,-100.6,NA,NA,207.2,218.86,0.16712597804144,0.591124507132918,0.149764607700585,0.427265831795733,1.14439339157102,1.76918393555553
"RSTD","RSTD",86,100,-136.57,NA,NA,279.14,290.8,0.0963515317998827,0.187938303221017,0.0777515549670074,0.132246253188431,1,1.16646143142134
"RSTD","RSTD",87,100,-112.48,NA,NA,230.96,242.62,0.812582350103185,0.879132093861699,0.385743230907415,0.713992343215374,1.03091649234136,5.4038753097219
"RSTD","RSTD",88,100,-107.31,NA,NA,220.62,232.28,0.448961209738627,0.690639521926641,0.3115737144578,0.626822712625449,2.84830193824589,1.12322780341732
"RSTD","RSTD",89,100,-99.71,NA,NA,205.42,217.08,0.352596259210259,0.519048273330554,0.484893408004171,0.765418495524729,4.74249858123375,1.77127007111431
"RSTD","RSTD",90,100,-71.17,NA,NA,148.34,160,0.7131295024883,0.112127762287855,0.671948801075253,0.0964066011013259,3.26832628340899,4.4174234716404
"RSTD","RSTD",91,100,-125.08,NA,NA,256.16,267.82,0.102771484525874,0.0985191510990262,0.0977091898965129,0.0753172967446851,1.244835972392,1.34824017202482
"RSTD","RSTD",92,100,-124.36,NA,NA,254.72,266.38,0.14997310237959,0.461772011825815,0.537753368687117,0.814047971565204,5.17827654739374,1.26133318960971
"RSTD","RSTD",93,100,-114.48,NA,NA,234.96,246.62,0.435881547397003,0.7804279406555,0.75079078999017,0.858622899828532,2.22728246506298,1.68139734584838
"RSTD","RSTD",94,100,-90.49,NA,NA,186.98,198.64,0.975024477113038,0.799848798895255,0.26840404302978,0.559132473920997,3.13219267201277,5.33281822849937
"RSTD","RSTD",95,100,-117.98,NA,NA,241.96,253.62,0.723246149485931,0.623378630494699,0.470818571385743,0.770874305825434,7.92690934424011,1.45622572209686
"RSTD","RSTD",96,100,-117.42,NA,NA,240.84,252.5,0.323681306792423,0.444453429430723,0.641284559688665,0.612474823752803,5.68957713214963,1.44684312446043
"RSTD","RSTD",97,100,-122.49,NA,NA,250.98,262.64,0.521510650403798,0.40949847153388,0.491683677135905,0.32337245445228,1,1.1181692021126
"RSTD","RSTD",98,100,-112.86,NA,NA,231.72,243.38,0.418908317107707,0.978637758642435,0.452832586978937,0.797854613290938,1.54578650839701,1.21107809292153
"RSTD","RSTD",99,100,-91.35,NA,NA,188.7,200.36,0.78953983867541,0.418743934947997,0.377596172518116,0.262574331660882,1.18801728949493,3.49348991278757
"RSTD","RSTD",100,100,-114.04,NA,NA,234.08,245.74,0.956703607924283,0.607802340993658,0.502201558156706,0.406571555171662,1,1.10866933899654
"RSTD","Utility",1,100,-125.14,NA,NA,256.28,267.94,0.285107890376821,0.724670132622123,0.730272700260134,0.940615036194607,6.86210615064436,2.43561604238095
"RSTD","Utility",2,100,-111.12,NA,NA,228.24,239.9,0.950232450617477,0.206436974462122,0.0737375639439769,0.506681329531433,10,1.3645795173943
"RSTD","Utility",3,100,-106.67,NA,NA,219.34,231,0.536011227406561,0.200363578274846,0.0885120037056648,0.514128815832584,10,2.00568439900399
"RSTD","Utility",4,100,-120.7,NA,NA,247.4,259.06,0.321220333920792,0.649332832079381,0.905587075695966,0.612115722215805,6.0067020030637,1.14288249518722
"RSTD","Utility",5,100,-109.81,NA,NA,225.62,237.28,0.525106647517532,0.973066303646192,0.869418228168975,1,1.05356856877445,1.39299949863926
"RSTD","Utility",6,100,-251.76,NA,NA,509.52,521.18,0.895209939451888,0.943225271301344,0.01,0.01,1.01,4.35385648889427
"RSTD","Utility",7,100,-111.25,NA,NA,228.5,240.16,0.753931205254048,0.197620301274583,0.0780685071609109,0.511125896972192,10,1.18983699940145
"RSTD","Utility",8,100,-74.35,NA,NA,154.7,166.36,0.0560640415642411,0.783013365231454,0,0.958903722519591,1.60580047404825,4.41441693140154
"RSTD","Utility",9,100,-113.63,NA,NA,233.26,244.92,0.479448032099754,0.989872474921867,0.88370006673867,0.890910532176672,1.73621816983585,1.20800043705019
"RSTD","Utility",10,100,-90.89,NA,NA,187.78,199.44,0.711294803768396,0.788163986755535,0.807948232537401,0.976810890312926,1.361185111932,3.30973086307261
"RSTD","Utility",11,100,-113.45,NA,NA,232.9,244.56,0.5048349336721,0.797194604296237,0.91537334746898,0.577569261098934,8.0967195001144,3.5054881726885
"RSTD","Utility",12,100,-113.57,NA,NA,233.14,244.8,0.731893435353413,0.395451756194234,0.289113516863189,0.629331423006778,5.90121181538686,1.61817012401298
"RSTD","Utility",13,100,-94.95,NA,NA,195.9,207.56,0.275977379642427,0.511981163173914,0.858641887018969,0.732247721769329,4.28218000472933,3.39124982816227
"RSTD","Utility",14,100,-104.5,NA,NA,215,226.66,0.226354157319292,0.16033569118008,0.179791920555409,0.558458375148156,10,1.89403793397815
"RSTD","Utility",15,100,-105.78,NA,NA,217.56,229.22,0.315573724219576,0.984172471100464,0.874771962822239,0.990673399905483,1.34739719002778,2.69604673600736
"RSTD","Utility",16,100,-116.68,NA,NA,239.36,251.02,0.540354023920372,0.854036244563758,0.902694319475269,0.706896217421714,3.86932358330903,1.36215214885666
"RSTD","Utility",17,100,-142.15,NA,NA,290.3,301.96,0.66359161795117,0.0660558908712119,0.0502873644547827,0.430948694271897,9.48619181053416,2.97567781611326
"RSTD","Utility",18,100,-112.54,NA,NA,231.08,242.74,0.973287776112556,0.630256613949314,0.327692678347361,0.971765025650179,1.05895051061149,1.85552939023347
"RSTD","Utility",19,100,-113.72,NA,NA,233.44,245.1,0.340647828998044,0.988910319516435,0.894463262258087,0.814329974193908,2.51217908498053,1.21139730885625
"RSTD","Utility",20,100,-137.86,NA,NA,281.72,293.38,0.329378831898794,0.0628540490288287,0.0518947775384852,0.429495958793856,10,3.33967715737489
"RSTD","Utility",21,100,-140.28,NA,NA,286.56,298.22,0.285566801903769,0.0508385861758143,0.0505236913223048,0.421317621254644,10,1.41009616898373
"RSTD","Utility",22,100,-112.51,NA,NA,231.02,242.68,0.684979062527418,0.438995202770457,0.390201258859524,0.556899724105458,8.43554515421698,1.68512896075845
"RSTD","Utility",23,100,-112.7,NA,NA,231.4,243.06,0.529962481698021,0.27115519088693,0.165670472125456,0.815911079266785,2.24794826113075,3.69503675574873
"RSTD","Utility",24,100,-98.8,NA,NA,203.6,215.26,0.779200294986367,0.728794121881947,0.874756946316046,0.635152182590614,6.24859831714926,1.16082152445602
"RSTD","Utility",25,100,-86.08,NA,NA,178.16,189.82,0.0281218434683979,0.533772448310629,0.0001875,0.909918259614765,1.60126637875278,1.2251683762297
"RSTD","Utility",26,100,-116.91,NA,NA,239.82,251.48,0.128862570039928,0.17050133110024,0.0928758660687239,0.863635927491141,2.55331607708301,2.37515528589011
"RSTD","Utility",27,100,-93.33,NA,NA,192.66,204.32,0.980796684976667,0.860091791022569,0.895976475049043,0.643770961216776,8.26600790420539,2.2001721150753
"RSTD","Utility",28,100,-116.77,NA,NA,239.54,251.2,0.633000507717952,0.959949327167124,0.915298550717833,0.625678024611475,5.94519651233382,1.02402024855837
"RSTD","Utility",29,100,-99.23,NA,NA,204.46,216.12,0.234798390883952,0.4054856733419,0.652053901637865,1,1.03837087858225,4.89528230370438
"RSTD","Utility",30,100,-113.6,NA,NA,233.2,244.86,0.319981756620109,0.632078264839947,0.850278221355507,0.906997070941294,1.39454192819644,1.05595874555906
"RSTD","Utility",31,100,-106.23,NA,NA,218.46,230.12,0.417691254755482,0.885661983396858,0.915954688954731,0.676123447899541,5.90332580542342,2.4762263855988
"RSTD","Utility",32,100,-138.99,NA,NA,283.98,295.64,0.119032545015216,0.605491037247702,0.940874930370205,0.624243167854878,6.09031172027509,1.04599827674373
"RSTD","Utility",33,100,-90.8,NA,NA,187.6,199.26,0.824352919822559,0.753800751408562,0.809890409714203,0.997940138972401,1.37498386376541,3.89878896835935
"RSTD","Utility",34,100,-157.53,NA,NA,321.06,332.72,0.080542077543214,0.69156481907703,0.964717326519186,0.610496935123568,7.69156701424688,4.2510444371212
"RSTD","Utility",35,100,-105.97,NA,NA,217.94,229.6,0.788759883260354,0.407168375095353,0.311402709785483,0.53926214884364,9.56262683170774,1.8810732345608
"RSTD","Utility",36,100,-94.97,NA,NA,195.94,207.6,0.960197768406942,0.814909122884274,0.872570290756434,0.66950162908326,5.8903883487017,1.49123999522999
"RSTD","Utility",37,100,-113.43,NA,NA,232.86,244.52,0.983733647270128,0.387793875532225,0.245504696255637,0.598873835834706,6.19995988949086,1.18421270139515
"RSTD","Utility",38,100,-90.94,NA,NA,187.88,199.54,0.640330957481638,0.661732341628522,0.869190892779215,0.812847857365035,4.72053685386784,2.1015722423634
"RSTD","Utility",39,100,-97.57,NA,NA,201.14,212.8,0.591888564871624,0.781977394130081,0.747366539590351,0.977512825857807,6.56605997019133,2.17335850927503
"RSTD","Utility",40,100,-110.13,NA,NA,226.26,237.92,0.185236022341996,0.927017299691215,0.895399191672332,0.820751067712776,2.94758695800244,1.40621648728848
"RSTD","Utility",41,100,-109.1,NA,NA,224.2,235.86,0.5952471755445,0.540940156206489,0.410598960542412,0.646616642699555,5.95207684632483,2.71158919288757
"RSTD","Utility",42,100,-109.43,NA,NA,224.86,236.52,0.265401779906824,0.195171546889469,0.112241363570946,0.69783084228682,4.61510791116423,1.22695452463968
"RSTD","Utility",43,100,-123.27,NA,NA,252.54,264.2,0.604935176437721,0.398145136190578,0.286195741621874,0.723984703755562,3.27145270764914,1.04858012497425
"RSTD","Utility",44,100,-97.57,NA,NA,201.14,212.8,0.470244030002505,0.685449249343947,0.78598158659368,0.912810077578133,8.91021848267238,1.6486977073364
"RSTD","Utility",45,100,-113.52,NA,NA,233.04,244.7,0.371720403432846,0.503097830805928,0.734269788922904,0.957596302041883,1,1.32283924566582
"RSTD","Utility",46,100,-123.38,NA,NA,252.76,264.42,0.361050225095823,0.370053818682209,0.147120951061173,0.997152673821054,1,1.17356707000516
"RSTD","Utility",47,100,-93.3,NA,NA,192.6,204.26,0.594613759312779,0.789667062694207,0.873344093025611,0.870911985767404,3.99498474684642,3.04544003671947
"RSTD","Utility",48,100,-140.17,NA,NA,286.34,298,0.628910263301805,0.0369398219045252,0.0504597322673689,0.416769386793824,10,2.35408596597136
"RSTD","Utility",49,100,-105.83,NA,NA,217.66,229.32,0.254382238723338,0.857857148861513,0.877420546156862,0.963395957306215,1.45378241167932,1.936107955831
"RSTD","Utility",50,100,-108.66,NA,NA,223.32,234.98,0.629901704145595,0.59963444317691,0.555024033748308,0.99027598408857,1,2.13030682034315
"RSTD","Utility",51,100,-104.28,NA,NA,214.56,226.22,0.958562755258754,0.446684151422232,0.326037627002779,0.597409636791489,7.55100483405094,2.46860518856885
"RSTD","Utility",52,100,-113.7,NA,NA,233.4,245.06,0.378760501742363,0.716149265645072,0.867658727935404,0.864658110379053,1.94376112328989,2.1838285959837
"RSTD","Utility",53,100,-116.07,NA,NA,238.14,249.8,0.843001339351758,0.428967847023159,0.34128645238373,0.593631208152789,7.1072662829455,1.43009595386684
"RSTD","Utility",54,100,-125.93,NA,NA,257.86,269.52,0.111280993092805,0.926345025887713,0.912694498461483,0.996085326091682,1.25030817404901,2.52358875974062
"RSTD","Utility",55,100,-103.86,NA,NA,213.72,225.38,0.231767056509852,0.779834397835657,0.887666326664372,0.99950898645484,6.61623477990654,4.55762586234994
"RSTD","Utility",56,100,-105.17,NA,NA,216.34,228,0.386252531083301,0.815260800998658,0.877707994089872,0.944145566735058,1.73598867596408,2.64474068483968
"RSTD","Utility",57,100,-105.87,NA,NA,217.74,229.4,0.6529874894768,0.670282299863175,0.828905857121754,0.788657814013613,2.54815505554683,1.1162636061199
"RSTD","Utility",58,100,-111.85,NA,NA,229.7,241.36,0.560497718863189,0.274772666627541,0.205712726035417,0.510276302386423,9.70284858562208,1.5290995786691
"RSTD","Utility",59,100,-109.05,NA,NA,224.1,235.76,0.597106330329552,0.589335348224267,0.590990593835922,0.886034446669055,1.58526612641307,1.93161117188157
"RSTD","Utility",60,100,-90.89,NA,NA,187.78,199.44,0.987134294584394,0.800411853706464,0.855072234327323,0.860045991636809,3.31485205915344,2.29764714087815
"RSTD","Utility",61,100,-121.36,NA,NA,248.72,260.38,0.718285634880885,0.565618214197457,0.366077827730646,0.959100819363197,1,1.06491599744186
"RSTD","Utility",62,100,-124.77,NA,NA,255.54,267.2,0.125127220060676,0.773224814096466,0.920666987006974,0.888621447984702,1.89119618806013,1.58329186262563
"RSTD","Utility",63,100,-117.53,NA,NA,241.06,252.72,0.499009405029938,0.0988319513853639,0.0649008532250812,0.465399389522492,10,1.09243298880756
"RSTD","Utility",64,100,-107.18,NA,NA,220.36,232.02,0.333673485321924,0.454882015939802,0.470548569239588,0.769827013809339,2.90320716748213,3.70696423376415
"RSTD","Utility",65,100,-142.1,NA,NA,290.2,301.86,0.810415166895837,0.0187283449340612,0.0503773032792094,0.41632786828139,10,1.16512183423941
"RSTD","Utility",66,100,-107.34,NA,NA,220.68,232.34,0.461979309096932,0.296923782210797,0.264511302857255,0.55416155973564,8.19553650996136,1.45804071612656
"RSTD","Utility",67,100,-101.23,NA,NA,208.46,220.12,0.285626433324069,0.528872283641249,0.899769153019661,0.556602240778074,9.55236027709023,1.1472960453744
"RSTD","Utility",68,100,-115.05,NA,NA,236.1,247.76,0.732509626774117,0.600311974063516,0.35685564260763,0.977153238079956,1,1.4492717245746
"RSTD","Utility",69,100,-104.1,NA,NA,214.2,225.86,0.977929984452203,0.529096166603267,0.405105448091088,0.570913934577039,9.29218541695872,1.75178614688037
"RSTD","Utility",70,100,-100.04,NA,NA,206.08,217.74,0.98177181975916,0.159414226887748,0.0668845122938381,0.515416360551303,10,1.47737938910723
"RSTD","Utility",71,100,-115.56,NA,NA,237.12,248.78,0.922829337418079,0.366323065012693,0.266341663314133,0.508900955018057,9.71845671988057,1.08644307602532
"RSTD","Utility",72,100,-91.64,NA,NA,189.28,200.94,0.437475311337039,0.144657690776512,0.0743907137841439,0.537700861412439,10,2.51204245735464
"RSTD","Utility",73,100,-157.51,NA,NA,321.02,332.68,0.0812403932213783,0.858433880610391,0.964255473901064,0.606920571382126,7.87000844593396,2.57674626609245
"RSTD","Utility",74,100,-123.58,NA,NA,253.16,264.82,0.769064010120928,0.423705151304603,0.343963512472304,0.573976535816694,6.91658230406487,1.055009087082
"RSTD","Utility",75,100,-112.02,NA,NA,230.04,241.7,0.27233505435288,0.0992442343849689,0.0721301915900112,0.516205905484081,9.28941235585997,1.01957268379492
"RSTD","Utility",76,100,-107.32,NA,NA,220.64,232.3,0.714246998308226,0.356464033480734,0.231693747111179,0.685513846232083,4.28252224584337,2.33508190601589
"RSTD","Utility",77,100,-129.74,NA,NA,265.48,277.14,0.165105299558491,0.62026000325568,0.748426847659629,0.953321899830376,7.41624824730091,3.11759630225509
"RSTD","Utility",78,100,-97.35,NA,NA,200.7,212.36,0.948594216490164,0.818483957787976,0.848900702940521,0.847695861161856,2.45997240107145,1.40069885704874
"RSTD","Utility",79,100,-104.85,NA,NA,215.7,227.36,0.641159480903298,0.713674181839451,0.857046294854746,0.749483723446906,3.2674746276694,1.04148287150446
"RSTD","Utility",80,100,-93.26,NA,NA,192.52,204.18,0.602592710871249,0.798923129681498,0.844749492695765,0.88393103409725,2.19082386012811,2.65777598732141
"RSTD","Utility",81,100,-74.35,NA,NA,154.7,166.36,0.0268326783552766,0.983408806612715,0,0.958903722519591,1.60580047404825,2.42827125892359
"RSTD","Utility",82,100,-111.91,NA,NA,229.82,241.48,0.390374890295789,0.210965643869713,0.150920494432866,0.579547783704774,7.54875534822842,1.07093011168763
"RSTD","Utility",83,100,-140.44,NA,NA,286.88,298.54,0.909624356776476,0.0655163209885359,0.0506791112159013,0.419863756626209,9.92301681587343,1.47955628430628
"RSTD","Utility",84,100,-105.18,NA,NA,216.36,228.02,0.894585720263422,0.928069569170475,0.876897508287683,0.931359798221885,1.76087362719511,1.78467515758694
"RSTD","Utility",85,100,-104.23,NA,NA,214.46,226.12,0.16712597804144,0.591124507132918,0.890629359465268,0.94845459164856,5.31195502105917,1.76918393555553
"RSTD","Utility",86,100,-159.45,NA,NA,324.9,336.56,0.0963515317998827,0.187938303221017,0.929200117929005,0.495688850100713,8.91477414290162,1.16646143142134
"RSTD","Utility",87,100,-114.23,NA,NA,234.46,246.12,0.812582350103185,0.879132093861699,0.914848246331327,0.613021383078214,7.02267129354285,5.4038753097219
"RSTD","Utility",88,100,-104.81,NA,NA,215.62,227.28,0.448961209738627,0.690639521926641,0.860984618180863,0.747323696743493,3.35407229700326,1.12322780341732
"RSTD","Utility",89,100,-98.79,NA,NA,203.58,215.24,0.352596259210259,0.519048273330554,0.871731393672986,0.645503032041289,6.01170910198047,1.77127007111431
"RSTD","Utility",90,100,-110.13,NA,NA,226.26,237.92,0.7131295024883,0.112127762287855,0.0623691101817801,0.478093813921187,10,4.4174234716404
"RSTD","Utility",91,100,-129.17,NA,NA,264.34,276,0.102771484525874,0.0985191510990262,0.0629860531227177,0.722203176280326,7.16809853525454,1.34824017202482
"RSTD","Utility",92,100,-123.34,NA,NA,252.68,264.34,0.14997310237959,0.461772011825815,0.881308062725535,0.852550032136444,1.91771984094988,1.26133318960971
"RSTD","Utility",93,100,-113.9,NA,NA,233.8,245.46,0.435881547397003,0.7804279406555,0.873548041208703,0.901901743946033,1.62197887622432,1.68139734584838
"RSTD","Utility",94,100,-90.88,NA,NA,187.76,199.42,0.975024477113038,0.799848798895255,0.856249783604809,0.996668666135264,3.14083272689203,5.33281822849937
"RSTD","Utility",95,100,-110.87,NA,NA,227.74,239.4,0.723246149485931,0.623378630494699,0.729797576845398,0.965106380445782,1,1.45622572209686
"RSTD","Utility",96,100,-112.74,NA,NA,231.48,243.14,0.323681306792423,0.444453429430723,0.631278928800942,0.739231072700356,3.12641592704135,1.44684312446043
"RSTD","Utility",97,100,-122.17,NA,NA,250.34,262,0.521510650403798,0.40949847153388,0.322622424675565,0.669422227902398,4.26654413070368,1.1181692021126
"RSTD","Utility",98,100,-113.05,NA,NA,232.1,243.76,0.418908317107707,0.978637758642435,0.890328608303395,0.97780033965942,7.48171338027352,1.21107809292153
"RSTD","Utility",99,100,-90.75,NA,NA,187.5,199.16,0.78953983867541,0.418743934947997,0.214837257433478,0.845530212343695,2.92643145950721,3.49348991278757
"RSTD","Utility",100,100,-112.95,NA,NA,231.9,243.56,0.956703607924283,0.607802340993658,0.34096976156648,0.987018755000143,1,1.10866933899654
"Utility","TD",1,100,-348.01,NA,NA,700.02,707.79,0.285107890376821,0.724670132622123,0.01,1.01,NA,2.43561604238095
"Utility","TD",2,100,-273,NA,NA,550,557.77,0.950232450617477,0.206436974462122,0.0661646666007585,1,NA,1.3645795173943
"Utility","TD",3,100,-273.49,NA,NA,550.98,558.75,0.536011227406561,0.200363578274846,0.0593322503397247,1,NA,2.00568439900399
"Utility","TD",4,100,-417.34,NA,NA,838.68,846.45,0.321220333920792,0.649332832079381,0.01,1.01,NA,1.14288249518722
"Utility","TD",5,100,-118.8,NA,NA,241.6,249.37,0.525106647517532,0.973066303646192,0.332806508396457,1,NA,1.39299949863926
"Utility","TD",6,100,-114.5,NA,NA,233,240.77,0.895209939451888,0.943225271301344,0.883926013476844,5.01194984313117,NA,4.35385648889427
"Utility","TD",7,100,-413.7,NA,NA,831.4,839.17,0.753931205254048,0.197620301274583,0.01,1.01,NA,1.18983699940145
"Utility","TD",8,100,-149.2,NA,NA,302.4,310.17,0.0560640415642411,0.783013365231454,0.0763325987934123,1,NA,4.41441693140154
"Utility","TD",9,100,-109.02,NA,NA,222.04,229.81,0.479448032099754,0.989872474921867,0.322519889018121,1,NA,1.20800043705019
"Utility","TD",10,100,-103.36,NA,NA,210.72,218.49,0.711294803768396,0.788163986755535,0.809231021149055,1.31726578212503,NA,3.30973086307261
"Utility","TD",11,100,-120.78,NA,NA,245.56,253.33,0.5048349336721,0.797194604296237,0.268377675854615,1,NA,3.5054881726885
"Utility","TD",12,100,-414.21,NA,NA,832.42,840.19,0.731893435353413,0.395451756194234,0.01,1.01,NA,1.61817012401298
"Utility","TD",13,100,-199.08,NA,NA,402.16,409.93,0.275977379642427,0.511981163173914,0.134840089782939,1,NA,3.39124982816227
"Utility","TD",14,100,-279.15,NA,NA,562.3,570.07,0.226354157319292,0.16033569118008,0.0545832194134768,1,NA,1.89403793397815
"Utility","TD",15,100,-112.92,NA,NA,229.84,237.61,0.315573724219576,0.984172471100464,0.191813065123478,1.09442309344497,NA,2.69604673600736
"Utility","TD",16,100,-144.36,NA,NA,292.72,300.49,0.540354023920372,0.854036244563758,0.366344457300109,1,NA,1.36215214885666
"Utility","TD",17,100,-281.6,NA,NA,567.2,574.97,0.66359161795117,0.0660558908712119,0.0658046240049168,1,NA,2.97567781611326
"Utility","TD",18,100,-207.39,NA,NA,418.78,426.55,0.973287776112556,0.630256613949314,0.0764678233573581,1,NA,1.85552939023347
"Utility","TD",19,100,-123.78,NA,NA,251.56,259.33,0.340647828998044,0.988910319516435,0.15031582820635,1,NA,1.21139730885625
"Utility","TD",20,100,-428.62,NA,NA,861.24,869.01,0.329378831898794,0.0628540490288287,0.01,1.01,NA,3.33967715737489
"Utility","TD",21,100,-304.88,NA,NA,613.76,621.53,0.285566801903769,0.0508385861758143,0.0590055220383048,1,NA,1.41009616898373
"Utility","TD",22,100,-418.81,NA,NA,841.62,849.39,0.684979062527418,0.438995202770457,0.01,1.01,NA,1.68512896075845
"Utility","TD",23,100,-259.86,NA,NA,523.72,531.49,0.529962481698021,0.27115519088693,0.0773279333617223,1,NA,3.69503675574873
"Utility","TD",24,100,-203.85,NA,NA,411.7,419.47,0.779200294986367,0.728794121881947,0.0970960426217409,1,NA,1.16082152445602
"Utility","TD",25,100,-286.47,NA,NA,576.94,584.71,0.0281218434683979,0.533772448310629,0.0536833023551075,1,NA,1.2251683762297
"Utility","TD",26,100,-286.39,NA,NA,576.78,584.55,0.128862570039928,0.17050133110024,0.0595553999935265,1,NA,2.37515528589011
"Utility","TD",27,100,-112.88,NA,NA,229.76,237.53,0.980796684976667,0.860091791022569,0.886556946798103,6.16648045777298,NA,2.2001721150753
"Utility","TD",28,100,-255.09,NA,NA,514.18,521.95,0.633000507717952,0.959949327167124,0.01,1.01,NA,1.02402024855837
"Utility","TD",29,100,-220.93,NA,NA,445.86,453.63,0.234798390883952,0.4054856733419,0.124742219608243,1,NA,4.89528230370438
"Utility","TD",30,100,-264.56,NA,NA,533.12,540.89,0.319981756620109,0.632078264839947,0.0946697271004711,1,NA,1.05595874555906
"Utility","TD",31,100,-114.65,NA,NA,233.3,241.07,0.417691254755482,0.885661983396858,0.168369568434717,1.00993086494526,NA,2.4762263855988
"Utility","TD",32,100,-278.89,NA,NA,561.78,569.55,0.119032545015216,0.605491037247702,0.06323125755974,1,NA,1.04599827674373
"Utility","TD",33,100,-102.2,NA,NA,208.4,216.17,0.824352919822559,0.753800751408562,0.84249297695588,1.66281050738317,NA,3.89878896835935
"Utility","TD",34,100,-354.66,NA,NA,713.32,721.09,0.080542077543214,0.69156481907703,0.01,1.01,NA,4.2510444371212
"Utility","TD",35,100,-268.31,NA,NA,540.62,548.39,0.788759883260354,0.407168375095353,0.0667875911293523,1,NA,1.8810732345608
"Utility","TD",36,100,-225.9,NA,NA,455.8,463.57,0.960197768406942,0.814909122884274,0.01,1.01,NA,1.49123999522999
"Utility","TD",37,100,-262.53,NA,NA,529.06,536.83,0.983733647270128,0.387793875532225,0.0640481396702055,1,NA,1.18421270139515
"Utility","TD",38,100,-153.89,NA,NA,311.78,319.55,0.640330957481638,0.661732341628522,0.115468480885491,1,NA,2.1015722423634
"Utility","TD",39,100,-132.15,NA,NA,268.3,276.07,0.591888564871624,0.781977394130081,0.40693241761398,1,NA,2.17335850927503
"Utility","TD",40,100,-132.17,NA,NA,268.34,276.11,0.185236022341996,0.927017299691215,0.133313784032335,1,NA,1.40621648728848
"Utility","TD",41,100,-207.14,NA,NA,418.28,426.05,0.5952471755445,0.540940156206489,0.120352292673091,1,NA,2.71158919288757
"Utility","TD",42,100,-283.43,NA,NA,570.86,578.63,0.265401779906824,0.195171546889469,0.0520044115891248,1,NA,1.22695452463968
"Utility","TD",43,100,-275.48,NA,NA,554.96,562.73,0.604935176437721,0.398145136190578,0.0655952843669995,1,NA,1.04858012497425
"Utility","TD",44,100,-180.06,NA,NA,364.12,371.89,0.470244030002505,0.685449249343947,0.111497057960233,1,NA,1.6486977073364
"Utility","TD",45,100,-262.6,NA,NA,529.2,536.97,0.371720403432846,0.503097830805928,0.0768921777097454,1,NA,1.32283924566582
"Utility","TD",46,100,-269.94,NA,NA,543.88,551.65,0.361050225095823,0.370053818682209,0.0591142415732294,1,NA,1.17356707000516
"Utility","TD",47,100,-262.88,NA,NA,529.76,537.53,0.594613759312779,0.789667062694207,0.01,1.01,NA,3.04544003671947
"Utility","TD",48,100,-280.53,NA,NA,565.06,572.83,0.628910263301805,0.0369398219045252,0.0561926905507115,1,NA,2.35408596597136
"Utility","TD",49,100,-126.06,NA,NA,256.12,263.89,0.254382238723338,0.857857148861513,0.141909174447802,1,NA,1.936107955831
"Utility","TD",50,100,-210.91,NA,NA,425.82,433.59,0.629901704145595,0.59963444317691,0.105649664349827,1,NA,2.13030682034315
"Utility","TD",51,100,-245.21,NA,NA,494.42,502.19,0.958562755258754,0.446684151422232,0.0699212037090307,1,NA,2.46860518856885
"Utility","TD",52,100,-159.12,NA,NA,322.24,330.01,0.378760501742363,0.716149265645072,0.14469335209386,1,NA,2.1838285959837
"Utility","TD",53,100,-270.1,NA,NA,544.2,551.97,0.843001339351758,0.428967847023159,0.0617686252133032,1,NA,1.43009595386684
"Utility","TD",54,100,-131.53,NA,NA,267.06,274.83,0.111280993092805,0.926345025887713,0.107624957688722,1.0706511928318,NA,2.52358875974062
"Utility","TD",55,100,-114.01,NA,NA,232.02,239.79,0.231767056509852,0.779834397835657,0.171098198898243,1.01025060913726,NA,4.55762586234994
"Utility","TD",56,100,-125.27,NA,NA,254.54,262.31,0.386252531083301,0.815260800998658,0.161345047713509,1,NA,2.64474068483968
"Utility","TD",57,100,-270.29,NA,NA,544.58,552.35,0.6529874894768,0.670282299863175,0.831114406417812,1,NA,1.1162636061199
"Utility","TD",58,100,-275.83,NA,NA,555.66,563.43,0.560497718863189,0.274772666627541,0.0645128118083534,1,NA,1.5290995786691
"Utility","TD",59,100,-225.51,NA,NA,455.02,462.79,0.597106330329552,0.589335348224267,0.0979257018816715,1,NA,1.93161117188157
"Utility","TD",60,100,-110.58,NA,NA,225.16,232.93,0.987134294584394,0.800411853706464,0.867764119371334,1,NA,2.29764714087815
"Utility","TD",61,100,-392.59,NA,NA,789.18,796.95,0.718285634880885,0.565618214197457,0.01,1.01,NA,1.06491599744186
"Utility","TD",62,100,-186.88,NA,NA,377.76,385.53,0.125127220060676,0.773224814096466,0.0955661639902209,1,NA,1.58329186262563
"Utility","TD",63,100,-305.14,NA,NA,614.28,622.05,0.499009405029938,0.0988319513853639,0.0488861175258868,1,NA,1.09243298880756
"Utility","TD",64,100,-421.73,NA,NA,847.46,855.23,0.333673485321924,0.454882015939802,0.01,1.01,NA,3.70696423376415
"Utility","TD",65,100,-328.57,NA,NA,661.14,668.91,0.810415166895837,0.0187283449340612,0.0457266419264383,1,NA,1.16512183423941
"Utility","TD",66,100,-413.3,NA,NA,830.6,838.37,0.461979309096932,0.296923782210797,0.01,1.01,NA,1.45804071612656
"Utility","TD",67,100,-269.57,NA,NA,543.14,550.91,0.285626433324069,0.528872283641249,0.0730515753073475,1,NA,1.1472960453744
"Utility","TD",68,100,-291.78,NA,NA,587.56,595.33,0.732509626774117,0.600311974063516,0.832315235756426,1,NA,1.4492717245746
"Utility","TD",69,100,-271.13,NA,NA,546.26,554.03,0.977929984452203,0.529096166603267,0.0717274647708815,1,NA,1.75178614688037
"Utility","TD",70,100,-433.01,NA,NA,870.02,877.79,0.98177181975916,0.159414226887748,0.01,1.01,NA,1.47737938910723
"Utility","TD",71,100,-418.65,NA,NA,841.3,849.07,0.922829337418079,0.366323065012693,0.01,1.01,NA,1.08644307602532
"Utility","TD",72,100,-274.28,NA,NA,552.56,560.33,0.437475311337039,0.144657690776512,0.0594256090105805,1,NA,2.51204245735464
"Utility","TD",73,100,-301.48,NA,NA,606.96,614.73,0.0812403932213783,0.858433880610391,0.01,1.01,NA,2.57674626609245
"Utility","TD",74,100,-269.7,NA,NA,543.4,551.17,0.769064010120928,0.423705151304603,0.0642998258105062,1,NA,1.055009087082
"Utility","TD",75,100,-425.05,NA,NA,854.1,861.87,0.27233505435288,0.0992442343849689,0.01,1.01,NA,1.01957268379492
"Utility","TD",76,100,-422.4,NA,NA,848.8,856.57,0.714246998308226,0.356464033480734,0.01,1.01,NA,2.33508190601589
"Utility","TD",77,100,-151.55,NA,NA,307.1,314.87,0.165105299558491,0.62026000325568,0.114441178947122,1,NA,3.11759630225509
"Utility","TD",78,100,-232.11,NA,NA,468.22,475.99,0.948594216490164,0.818483957787976,0.01,1.01,NA,1.40069885704874
"Utility","TD",79,100,-352.39,NA,NA,708.78,716.55,0.641159480903298,0.713674181839451,0.01,1.01,NA,1.04148287150446
"Utility","TD",80,100,-253.12,NA,NA,510.24,518.01,0.602592710871249,0.798923129681498,0.01,1.01,NA,2.65777598732141
"Utility","TD",81,100,-123.52,NA,NA,251.04,258.81,0.0268326783552766,0.983408806612715,0.0285093904828114,2.09825798523485,NA,2.42827125892359
"Utility","TD",82,100,-287.41,NA,NA,578.82,586.59,0.390374890295789,0.210965643869713,0.0509991698040878,1,NA,1.07093011168763
"Utility","TD",83,100,-287.55,NA,NA,579.1,586.87,0.909624356776476,0.0655163209885359,0.0570496871871746,1,NA,1.47955628430628
"Utility","TD",84,100,-120.26,NA,NA,244.52,252.29,0.894585720263422,0.928069569170475,0.849483024638215,1,NA,1.78467515758694
"Utility","TD",85,100,-251.87,NA,NA,507.74,515.51,0.16712597804144,0.591124507132918,0.0988382452708303,1,NA,1.76918393555553
"Utility","TD",86,100,-429.21,NA,NA,862.42,870.19,0.0963515317998827,0.187938303221017,0.01,1.01,NA,1.16646143142134
"Utility","TD",87,100,-90.8,NA,NA,185.6,193.37,0.812582350103185,0.879132093861699,0.810493723739289,1.34618082517679,NA,5.4038753097219
"Utility","TD",88,100,-230.24,NA,NA,464.48,472.25,0.448961209738627,0.690639521926641,0.103667770053151,1,NA,1.12322780341732
"Utility","TD",89,100,-274.12,NA,NA,552.24,560.01,0.352596259210259,0.519048273330554,0.0937483643625379,1,NA,1.77127007111431
"Utility","TD",90,100,-441.31,NA,NA,886.62,894.39,0.7131295024883,0.112127762287855,0.01,1.01,NA,4.4174234716404
"Utility","TD",91,100,-302.75,NA,NA,609.5,617.27,0.102771484525874,0.0985191510990262,0.0571310239145803,1,NA,1.34824017202482
"Utility","TD",92,100,-273.15,NA,NA,550.3,558.07,0.14997310237959,0.461772011825815,0.0559142686714908,1,NA,1.26133318960971
"Utility","TD",93,100,-146.25,NA,NA,296.5,304.27,0.435881547397003,0.7804279406555,0.158603503096923,1,NA,1.68139734584838
"Utility","TD",94,100,-103.99,NA,NA,211.98,219.75,0.975024477113038,0.799848798895255,0.887313847449941,5.95544446619964,NA,5.33281822849937
"Utility","TD",95,100,-266.85,NA,NA,537.7,545.47,0.723246149485931,0.623378630494699,0.829659632984986,1,NA,1.45622572209686
"Utility","TD",96,100,-267.3,NA,NA,538.6,546.37,0.323681306792423,0.444453429430723,0.0725829765535444,1,NA,1.44684312446043
"Utility","TD",97,100,-271.85,NA,NA,547.7,555.47,0.521510650403798,0.40949847153388,0.067295183222144,1,NA,1.1181692021126
"Utility","TD",98,100,-123.85,NA,NA,251.7,259.47,0.418908317107707,0.978637758642435,0.148789777338784,1,NA,1.21107809292153
"Utility","TD",99,100,-316.73,NA,NA,637.46,645.23,0.78953983867541,0.418743934947997,0.830187760591907,1,NA,3.49348991278757
"Utility","TD",100,100,-381.88,NA,NA,767.76,775.53,0.956703607924283,0.607802340993658,0.01,1.01,NA,1.10866933899654
"Utility","RSTD",1,100,-348.01,NA,NA,702.02,713.68,0.285107890376821,0.724670132622123,0.01,0.01,1.01,2.43561604238095
"Utility","RSTD",2,100,-259.25,NA,NA,524.5,536.16,0.950232450617477,0.206436974462122,0.0747593465916767,0.0557183283984026,1,1.3645795173943
"Utility","RSTD",3,100,-267.68,NA,NA,541.36,553.02,0.536011227406561,0.200363578274846,0.064351018502539,0.0535867741959943,1,2.00568439900399
"Utility","RSTD",4,100,-244.05,NA,NA,494.1,505.76,0.321220333920792,0.649332832079381,0.0887391870994594,0.0753041479415769,1.00017265757989,1.14288249518722
"Utility","RSTD",5,100,-113.21,NA,NA,232.42,244.08,0.525106647517532,0.973066303646192,0.173215893485374,0.234888630024494,1,1.39299949863926
"Utility","RSTD",6,100,-112.44,NA,NA,230.88,242.54,0.895209939451888,0.943225271301344,0.446020780700092,0.748385691548831,1.01972515258632,4.35385648889427
"Utility","RSTD",7,100,-266.1,NA,NA,538.2,549.86,0.753931205254048,0.197620301274583,0.0625342676632802,0.0543408905099576,1,1.18983699940145
"Utility","RSTD",8,100,-123.87,NA,NA,253.74,265.4,0.0560640415642411,0.783013365231454,0.0718329065584523,0.0454013098704947,1.01745749926654,4.41441693140154
"Utility","RSTD",9,100,-106.45,NA,NA,218.9,230.56,0.479448032099754,0.989872474921867,0.175387977713887,0.226502022511744,1.08005191072013,1.20800043705019
"Utility","RSTD",10,100,-104.29,NA,NA,214.58,226.24,0.711294803768396,0.788163986755535,0.467028216682521,0.757938315025377,4.84317857295014,3.30973086307261
"Utility","RSTD",11,100,-118.36,NA,NA,242.72,254.38,0.5048349336721,0.797194604296237,0.999000581856429,0.473639858451111,1,3.5054881726885
"Utility","RSTD",12,100,-251.6,NA,NA,509.2,520.86,0.731893435353413,0.395451756194234,0.0715089147515237,0.0517746026674739,1,1.61817012401298
"Utility","RSTD",13,100,-194.65,NA,NA,395.3,406.96,0.275977379642427,0.511981163173914,0.150758787079432,0.120141055238108,1,3.39124982816227
"Utility","RSTD",14,100,-270.35,NA,NA,546.7,558.36,0.226354157319292,0.16033569118008,0.0611779030514105,0.0488853790293081,1,1.89403793397815
"Utility","RSTD",15,100,-111.14,NA,NA,228.28,239.94,0.315573724219576,0.984172471100464,0.363557363678762,0.265847752863718,1.05553159451593,2.69604673600736
"Utility","RSTD",16,100,-144.35,NA,NA,294.7,306.36,0.540354023920372,0.854036244563758,0.375751071045222,0.369408613097996,1,1.36215214885666
"Utility","RSTD",17,100,-264.76,NA,NA,535.52,547.18,0.66359161795117,0.0660558908712119,0.0757661142398301,0.0552116813175775,1,2.97567781611326
"Utility","RSTD",18,100,-205.72,NA,NA,417.44,429.1,0.973287776112556,0.630256613949314,0.0833637452184621,0.104340448855792,1,1.85552939023347
"Utility","RSTD",19,100,-123.78,NA,NA,253.56,265.22,0.340647828998044,0.988910319516435,0.152353502100892,0.151478047931349,1,1.21139730885625
"Utility","RSTD",20,100,-428.62,NA,NA,863.24,874.9,0.329378831898794,0.0628540490288287,0.01,0.01,1.01,3.33967715737489
"Utility","RSTD",21,100,-303.33,NA,NA,612.66,624.32,0.285566801903769,0.0508385861758143,0.0614556161924246,0.0553342005882072,1,1.41009616898373
"Utility","RSTD",22,100,-248.57,NA,NA,503.14,514.8,0.684979062527418,0.438995202770457,0.0776150218029973,0.0572511961376041,1,1.68512896075845
"Utility","RSTD",23,100,-241.06,NA,NA,488.12,499.78,0.529962481698021,0.27115519088693,0.0804556949725705,0.059234853718067,1,3.69503675574873
"Utility","RSTD",24,100,-201.83,NA,NA,409.66,421.32,0.779200294986367,0.728794121881947,0.104259266692463,0.125870891624922,1,1.16082152445602
"Utility","RSTD",25,100,-281.67,NA,NA,569.34,581,0.0281218434683979,0.533772448310629,0.0584158234950889,0.0484603600506777,1,1.2251683762297
"Utility","RSTD",26,100,-284.03,NA,NA,574.06,585.72,0.128862570039928,0.17050133110024,0.0626707980443334,0.0549888120812582,1,2.37515528589011
"Utility","RSTD",27,100,-111.02,NA,NA,228.04,239.7,0.980796684976667,0.860091791022569,0.412126256553736,0.745546049444994,1.08052275385739,2.2001721150753
"Utility","RSTD",28,100,-121.32,NA,NA,248.64,260.3,0.633000507717952,0.959949327167124,0.13292562189886,0.188450420536181,1,1.02402024855837
"Utility","RSTD",29,100,-210.05,NA,NA,426.1,437.76,0.234798390883952,0.4054856733419,0.134878601424302,0.0976561564302201,1,4.89528230370438
"Utility","RSTD",30,100,-288.15,NA,NA,582.3,593.96,0.319981756620109,0.632078264839947,0.0413216856731304,0.028155097063417,1.00224241992225,1.05595874555906
"Utility","RSTD",31,100,-115.83,NA,NA,237.66,249.32,0.417691254755482,0.885661983396858,0.604798686195089,0.364732137537439,1,2.4762263855988
"Utility","RSTD",32,100,-273.11,NA,NA,552.22,563.88,0.119032545015216,0.605491037247702,0.0659443739132618,0.0534010111717969,1,1.04599827674373
"Utility","RSTD",33,100,-101.65,NA,NA,209.3,220.96,0.824352919822559,0.753800751408562,0.988218496396104,0.839061737991145,1.0584189904676,3.89878896835935
"Utility","RSTD",34,100,-152.22,NA,NA,310.44,322.1,0.080542077543214,0.69156481907703,0.123863686454901,0.082056626046133,7.84802256462467,4.2510444371212
"Utility","RSTD",35,100,-254.66,NA,NA,515.32,526.98,0.788759883260354,0.407168375095353,0.0722519170438205,0.0527854436444531,1.01388879176881,1.8810732345608
"Utility","RSTD",36,100,-163.68,NA,NA,333.36,345.02,0.960197768406942,0.814909122884274,0.0568137388886738,0.0659298868191482,1,1.49123999522999
"Utility","RSTD",37,100,-252.09,NA,NA,510.18,521.84,0.983733647270128,0.387793875532225,0.0714342342989891,0.055415802512868,1,1.18421270139515
"Utility","RSTD",38,100,-161.74,NA,NA,329.48,341.14,0.640330957481638,0.661732341628522,0.508142034286064,0.671297345640683,1,2.1015722423634
"Utility","RSTD",39,100,-125.07,NA,NA,256.14,267.8,0.591888564871624,0.781977394130081,0.168960450262415,0.24437220122735,1,2.17335850927503
"Utility","RSTD",40,100,-176.18,NA,NA,358.36,370.02,0.185236022341996,0.927017299691215,0.322462625231977,0.272712572357563,9.1737155878908,1.40621648728848
"Utility","RSTD",41,100,-206.83,NA,NA,419.66,431.32,0.5952471755445,0.540940156206489,0.121554269121266,0.131229617748267,1,2.71158919288757
"Utility","RSTD",42,100,-275,NA,NA,556,567.66,0.265401779906824,0.195171546889469,0.0591096011766055,0.0471454870100012,1,1.22695452463968
"Utility","RSTD",43,100,-256.14,NA,NA,518.28,529.94,0.604935176437721,0.398145136190578,0.0744510095248626,0.0528685732957871,1,1.04858012497425
"Utility","RSTD",44,100,-179.93,NA,NA,365.86,377.52,0.470244030002505,0.685449249343947,0.111139704691617,0.11457614796309,1,1.6486977073364
"Utility","RSTD",45,100,-249.03,NA,NA,504.06,515.72,0.371720403432846,0.503097830805928,0.0822943492415302,0.0613720915976958,1,1.32283924566582
"Utility","RSTD",46,100,-264.4,NA,NA,534.8,546.46,0.361050225095823,0.370053818682209,0.0635735188280582,0.0529622296559275,1,1.17356707000516
"Utility","RSTD",47,100,-116.77,NA,NA,239.54,251.2,0.594613759312779,0.789667062694207,0.171500713428021,0.2328807759517,1,3.04544003671947
"Utility","RSTD",48,100,-273.14,NA,NA,552.28,563.94,0.628910263301805,0.0369398219045252,0.0623292094655817,0.0504598764494896,1,2.35408596597136
"Utility","RSTD",49,100,-124.02,NA,NA,254.04,265.7,0.254382238723338,0.857857148861513,0.144653670869967,0.125499281299941,1,1.936107955831
"Utility","RSTD",50,100,-314.24,NA,NA,634.48,646.14,0.629901704145595,0.59963444317691,0.60955282367056,0.659674378186756,5.79792554681265,2.13030682034315
"Utility","RSTD",51,100,-237.6,NA,NA,481.2,492.86,0.958562755258754,0.446684151422232,0.0743455927248849,0.0583121960035865,1,2.46860518856885
"Utility","RSTD",52,100,-178.93,NA,NA,363.86,375.52,0.378760501742363,0.716149265645072,0.445393899027764,0.302192727443525,1,2.1838285959837
"Utility","RSTD",53,100,-249.85,NA,NA,505.7,517.36,0.843001339351758,0.428967847023159,0.0715912099602056,0.0511536971097314,1,1.43009595386684
"Utility","RSTD",54,100,-123.39,NA,NA,252.78,264.44,0.111280993092805,0.926345025887713,0.10616508555015,0.0809100061427326,1.06812944992766,2.52358875974062
"Utility","RSTD",55,100,-106.36,NA,NA,218.72,230.38,0.231767056509852,0.779834397835657,0.91908871757574,0.337839315892181,1,4.55762586234994
"Utility","RSTD",56,100,-125.01,NA,NA,256.02,267.68,0.386252531083301,0.815260800998658,0.166922534258466,0.159317806994333,1,2.64474068483968
"Utility","RSTD",57,100,-228.14,NA,NA,462.28,473.94,0.6529874894768,0.670282299863175,0.0997761772708568,0.120004622752697,1,1.1162636061199
"Utility","RSTD",58,100,-258.65,NA,NA,523.3,534.96,0.560497718863189,0.274772666627541,0.0728919247460957,0.0530402848780306,1,1.5290995786691
"Utility","RSTD",59,100,-223.87,NA,NA,453.74,465.4,0.597106330329552,0.589335348224267,0.10292171411219,0.125046123475057,1,1.93161117188157
"Utility","RSTD",60,100,-110.87,NA,NA,227.74,239.4,0.987134294584394,0.800411853706464,0.547693208519076,0.821628727006916,7.58197742623519,2.29764714087815
"Utility","RSTD",61,100,-241.79,NA,NA,489.58,501.24,0.718285634880885,0.565618214197457,0.0754858499583005,0.0532034470221565,1,1.06491599744186
"Utility","RSTD",62,100,-179.72,NA,NA,365.44,377.1,0.125127220060676,0.773224814096466,0.104986519602654,0.0830836465577529,1,1.58329186262563
"Utility","RSTD",63,100,-295.52,NA,NA,597.04,608.7,0.499009405029938,0.0988319513853639,0.0564869908871901,0.0443673938491707,1,1.09243298880756
"Utility","RSTD",64,100,-224.41,NA,NA,454.82,466.48,0.333673485321924,0.454882015939802,0.130300609677017,0.10819247242429,1,3.70696423376415
"Utility","RSTD",65,100,-318.85,NA,NA,643.7,655.36,0.810415166895837,0.0187283449340612,0.0547625976502076,0.0427326923631466,1,1.16512183423941
"Utility","RSTD",66,100,-265.49,NA,NA,536.98,548.64,0.461979309096932,0.296923782210797,0.0629401680618915,0.05127437995698,1,1.45804071612656
"Utility","RSTD",67,100,-259.64,NA,NA,525.28,536.94,0.285626433324069,0.528872283641249,0.0778101054195069,0.0589513908596139,1,1.1472960453744
"Utility","RSTD",68,100,-270.23,NA,NA,546.46,558.12,0.732509626774117,0.600311974063516,0.0359232831602105,0.0269035079832629,1.01117523988902,1.4492717245746
"Utility","RSTD",69,100,-262.29,NA,NA,530.58,542.24,0.977929984452203,0.529096166603267,0.0758270800781,0.0552407883786497,1,1.75178614688037
"Utility","RSTD",70,100,-263.68,NA,NA,533.36,545.02,0.98177181975916,0.159414226887748,0.0744561520473846,0.0571415608588808,1.03583245284131,1.47737938910723
"Utility","RSTD",71,100,-258.03,NA,NA,522.06,533.72,0.922829337418079,0.366323065012693,0.0745079336097635,0.0554113505422306,1,1.08644307602532
"Utility","RSTD",72,100,-268.94,NA,NA,543.88,555.54,0.437475311337039,0.144657690776512,0.0631262554566563,0.0528268528598645,1,2.51204245735464
"Utility","RSTD",73,100,-133.22,NA,NA,272.44,284.1,0.0812403932213783,0.858433880610391,0.0677121119376879,0.0451378593521386,1.19342632803277,2.57674626609245
"Utility","RSTD",74,100,-251.63,NA,NA,509.26,520.92,0.769064010120928,0.423705151304603,0.0722755611568536,0.0525975284453597,1,1.055009087082
"Utility","RSTD",75,100,-425.05,NA,NA,856.1,867.76,0.27233505435288,0.0992442343849689,0.01,0.01,1.01,1.01957268379492
"Utility","RSTD",76,100,-246.87,NA,NA,499.74,511.4,0.714246998308226,0.356464033480734,0.0762135214766534,0.0560927301717106,1,2.33508190601589
"Utility","RSTD",77,100,-135.47,NA,NA,276.94,288.6,0.165105299558491,0.62026000325568,0.137693231339226,0.0948737305157973,1,3.11759630225509
"Utility","RSTD",78,100,-232.11,NA,NA,470.22,481.88,0.948594216490164,0.818483957787976,0.01,0.01,1.01,1.40069885704874
"Utility","RSTD",79,100,-221.01,NA,NA,448.02,459.68,0.641159480903298,0.713674181839451,0.0968039765611026,0.11317143936335,1,1.04148287150446
"Utility","RSTD",80,100,-115.5,NA,NA,237,248.66,0.602592710871249,0.798923129681498,0.182990106263235,0.275658898592402,1,2.65777598732141
"Utility","RSTD",81,100,-129.94,NA,NA,265.88,277.54,0.0268326783552766,0.983408806612715,0.0237661981241092,0.0205257100731833,1.0075769601721,2.42827125892359
"Utility","RSTD",82,100,-281.13,NA,NA,568.26,579.92,0.390374890295789,0.210965643869713,0.0569745488638053,0.0462432722965877,1,1.07093011168763
"Utility","RSTD",83,100,-286.46,NA,NA,578.92,590.58,0.909624356776476,0.0655163209885359,0.0596248233304077,0.0547780858082974,1,1.47955628430628
"Utility","RSTD",84,100,-130.19,NA,NA,266.38,278.04,0.894585720263422,0.928069569170475,0.231622513547008,0.555377842107323,6.92992470358748,1.78467515758694
"Utility","RSTD",85,100,-239.43,NA,NA,484.86,496.52,0.16712597804144,0.591124507132918,0.0946546180623797,0.065082760673998,1,1.76918393555553
"Utility","RSTD",86,100,-297.57,NA,NA,601.14,612.8,0.0963515317998827,0.187938303221017,0.0603037840776524,0.0532063523736343,1,1.16646143142134
"Utility","RSTD",87,100,-91.72,NA,NA,189.44,201.1,0.812582350103185,0.879132093861699,0.387072245690799,0.712224882983107,9.60752899229371,5.4038753097219
"Utility","RSTD",88,100,-229.16,NA,NA,464.32,475.98,0.448961209738627,0.690639521926641,0.0967193237095888,0.0847349006235787,1,1.12322780341732
"Utility","RSTD",89,100,-256.36,NA,NA,518.72,530.38,0.352596259210259,0.519048273330554,0.0956773208464841,0.066997486420509,1,1.77127007111431
"Utility","RSTD",90,100,-262,NA,NA,530,541.66,0.7131295024883,0.112127762287855,0.0737979319177584,0.054763749409462,1.00001719303304,4.4174234716404
"Utility","RSTD",91,100,-300.91,NA,NA,607.82,619.48,0.102771484525874,0.0985191510990262,0.0608051287695947,0.0538149137543368,1,1.34824017202482
"Utility","RSTD",92,100,-270.77,NA,NA,547.54,559.2,0.14997310237959,0.461772011825815,0.0591830086120126,0.0522304905011223,1,1.26133318960971
"Utility","RSTD",93,100,-326.73,NA,NA,659.46,671.12,0.435881547397003,0.7804279406555,0.01,0.01,1.01,1.68139734584838
"Utility","RSTD",94,100,-103.82,NA,NA,213.64,225.3,0.975024477113038,0.799848798895255,0.585704097447135,0.832488581471439,2.13141705081011,5.33281822849937
"Utility","RSTD",95,100,-247.81,NA,NA,501.62,513.28,0.723246149485931,0.623378630494699,0.0481404096728007,0.0497167951104565,1.01762043586602,1.45622572209686
"Utility","RSTD",96,100,-256.32,NA,NA,518.64,530.3,0.323681306792423,0.444453429430723,0.0788812588140259,0.0603099462491576,1,1.44684312446043
"Utility","RSTD",97,100,-256,NA,NA,518,529.66,0.521510650403798,0.40949847153388,0.0746901978322278,0.0539733213409032,1,1.1181692021126
"Utility","RSTD",98,100,-123.8,NA,NA,253.6,265.26,0.418908317107707,0.978637758642435,0.149250854664149,0.154304043957693,1,1.21107809292153
"Utility","RSTD",99,100,-252.9,NA,NA,511.8,523.46,0.78953983867541,0.418743934947997,0.0743316795375009,0.0499221503189932,1,3.49348991278757
"Utility","RSTD",100,100,-266.15,NA,NA,538.3,549.96,0.956703607924283,0.607802340993658,0.074725917446601,0.0540804889177953,1,1.10866933899654
"Utility","Utility",1,100,-138.02,NA,NA,282.04,293.7,0.285107890376821,0.724670132622123,0.146655082422157,0.76633155985049,2.80707213687585,2.43561604238095
"Utility","Utility",2,100,-196.24,NA,NA,398.48,410.14,0.950232450617477,0.206436974462122,0.799511328115395,0,3.26370772324972,1.3645795173943
"Utility","Utility",3,100,-198.75,NA,NA,403.5,415.16,0.536011227406561,0.200363578274846,0.742632746337543,0.0545943479965617,2.36184001909615,2.00568439900399
"Utility","Utility",4,100,-176.82,NA,NA,359.64,371.3,0.321220333920792,0.649332832079381,0.127488864208698,0.547888180682923,2.22256604389246,1.14288249518722
"Utility","Utility",5,100,-118.27,NA,NA,242.54,254.2,0.525106647517532,0.973066303646192,0.359821170192484,0.966145343720484,1,1.39299949863926
"Utility","Utility",6,100,-114.18,NA,NA,234.36,246.02,0.895209939451888,0.943225271301344,0.912637195572599,0.626805336553,6.28327660139865,4.35385648889427
"Utility","Utility",7,100,-201.09,NA,NA,408.18,419.84,0.753931205254048,0.197620301274583,1,0,2.36386399373312,1.18983699940145
"Utility","Utility",8,100,-123.04,NA,NA,252.08,263.74,0.0560640415642411,0.783013365231454,0.044686939331787,0.671595400826433,6.01355827127727,4.41441693140154
"Utility","Utility",9,100,-111.2,NA,NA,228.4,240.06,0.479448032099754,0.989872474921867,0.499458593092356,0.53841452660754,9.3290893363135,1.20800043705019
"Utility","Utility",10,100,-102.42,NA,NA,210.84,222.5,0.711294803768396,0.788163986755535,0.876390031870968,0.615568595479169,6.51317165016025,3.30973086307261
"Utility","Utility",11,100,-120.11,NA,NA,246.22,257.88,0.5048349336721,0.797194604296237,0.30544962419239,0.881525808673634,1.54180596223465,3.5054881726885
"Utility","Utility",12,100,-192.99,NA,NA,391.98,403.64,0.731893435353413,0.395451756194234,0.692592120092266,0.265018774924032,1.67031559983828,1.61817012401298
"Utility","Utility",13,100,-146.62,NA,NA,299.24,310.9,0.275977379642427,0.511981163173914,0.18068185235647,0.527053399259998,3.4558599127778,3.39124982816227
"Utility","Utility",14,100,-205.25,NA,NA,416.5,428.16,0.226354157319292,0.16033569118008,0.100601674038576,0.199183255665997,1.50818991795462,1.89403793397815
"Utility","Utility",15,100,-111.69,NA,NA,229.38,241.04,0.315573724219576,0.984172471100464,0.330222656249119,0.551731815065436,9.21486908172033,2.69604673600736
"Utility","Utility",16,100,-143.26,NA,NA,292.52,304.18,0.540354023920372,0.854036244563758,0.663135997885989,0.45060922014424,9.97064265064327,1.36215214885666
"Utility","Utility",17,100,-194.69,NA,NA,395.38,407.04,0.66359161795117,0.0660558908712119,0.741304144291942,0.00359272897432253,3.59339804541222,2.97567781611326
"Utility","Utility",18,100,-161.41,NA,NA,328.82,340.48,0.973287776112556,0.630256613949314,0.913362047647384,0.590580942426979,2.2796313212724,1.85552939023347
"Utility","Utility",19,100,-123.77,NA,NA,253.54,265.2,0.340647828998044,0.988910319516435,0.152351009948513,0.989078569131099,1.0225304831287,1.21139730885625
"Utility","Utility",20,100,-203.21,NA,NA,412.42,424.08,0.329378831898794,0.0628540490288287,0.565515562344511,0,2.38176315826214,3.33967715737489
"Utility","Utility",21,100,-217.99,NA,NA,441.98,453.64,0.285566801903769,0.0508385861758143,0.0230205395235837,0.0994004647715507,1.07481168860974,1.41009616898373
"Utility","Utility",22,100,-190.89,NA,NA,387.78,399.44,0.684979062527418,0.438995202770457,0.589668345762295,0.456793823246898,1,1.68512896075845
"Utility","Utility",23,100,-184.62,NA,NA,375.24,386.9,0.529962481698021,0.27115519088693,0.475061506679933,0.216495776334755,2.95512027178162,3.69503675574873
"Utility","Utility",24,100,-158.61,NA,NA,323.22,334.88,0.779200294986367,0.728794121881947,0.809648309421853,0.670441057526957,1.44188118169073,1.16082152445602
"Utility","Utility",25,100,-207.54,NA,NA,421.08,432.74,0.0281218434683979,0.533772448310629,0.0180935441974966,0.235146885869618,1.12285537438868,1.2251683762297
"Utility","Utility",26,100,-203.26,NA,NA,412.52,424.18,0.128862570039928,0.17050133110024,0.0551807828944971,0.406886945894652,1.30444154483692,2.37515528589011
"Utility","Utility",27,100,-125.62,NA,NA,257.24,268.9,0.980796684976667,0.860091791022569,0.956709521693066,0.551396755830076,6.01100036817482,2.2001721150753
"Utility","Utility",28,100,-120.33,NA,NA,246.66,258.32,0.633000507717952,0.959949327167124,0.726172118580786,0.926405210930393,1,1.02402024855837
"Utility","Utility",29,100,-155.27,NA,NA,316.54,328.2,0.234798390883952,0.4054856733419,0.21841556125402,0.283544407111646,9.88407690590156,4.89528230370438
"Utility","Utility",30,100,-185.63,NA,NA,377.26,388.92,0.319981756620109,0.632078264839947,0.336838250649818,0.438555345852013,1.65321474503896,1.05595874555906
"Utility","Utility",31,100,-116.37,NA,NA,238.74,250.4,0.417691254755482,0.885661983396858,0.34010442251086,0.665024285037324,4.84496046841712,2.4762263855988
"Utility","Utility",32,100,-195.81,NA,NA,397.62,409.28,0.119032545015216,0.605491037247702,0.0603771751864565,0.586022711827758,1.3124700125662,1.04599827674373
"Utility","Utility",33,100,-101.19,NA,NA,208.38,220.04,0.824352919822559,0.753800751408562,0.825940787357874,0.928453692090413,1.53995949404664,3.89878896835935
"Utility","Utility",34,100,-121.13,NA,NA,248.26,259.92,0.080542077543214,0.69156481907703,0.0759219293777869,0.664780003510197,5.47168047707541,4.2510444371212
"Utility","Utility",35,100,-192.03,NA,NA,390.06,401.72,0.788759883260354,0.407168375095353,0.628072277393611,0.439488477885049,1,1.8810732345608
"Utility","Utility",36,100,-146.36,NA,NA,298.72,310.38,0.960197768406942,0.814909122884274,0.888679462620268,0.99566329603655,1.04538842934332,1.49123999522999
"Utility","Utility",37,100,-195.15,NA,NA,396.3,407.96,0.983733647270128,0.387793875532225,0.765387555460334,0.230231124265858,1.62814972127709,1.18421270139515
"Utility","Utility",38,100,-128.76,NA,NA,263.52,275.18,0.640330957481638,0.661732341628522,0.725389575570513,0.817522595109314,1,2.1015722423634
"Utility","Utility",39,100,-131.04,NA,NA,268.08,279.74,0.591888564871624,0.781977394130081,0.637307274762049,0.569753233071152,5.66157813525916,2.17335850927503
"Utility","Utility",40,100,-130.21,NA,NA,266.42,278.08,0.185236022341996,0.927017299691215,0.121487780359963,0.858305788181959,1.79864466352434,1.40621648728848
"Utility","Utility",41,100,-155.36,NA,NA,316.72,328.38,0.5952471755445,0.540940156206489,0.588694415390582,0.710888523863929,1,2.71158919288757
"Utility","Utility",42,100,-207.71,NA,NA,421.42,433.08,0.265401779906824,0.195171546889469,0.382233771001003,0.206277155145876,1,1.22695452463968
"Utility","Utility",43,100,-193.78,NA,NA,393.56,405.22,0.604935176437721,0.398145136190578,0.641450923989738,0.317663187566508,1.39831459229534,1.04858012497425
"Utility","Utility",44,100,-153.56,NA,NA,313.12,324.78,0.470244030002505,0.685449249343947,0.219073342632682,0.790849978842034,1,1.6486977073364
"Utility","Utility",45,100,-189.63,NA,NA,385.26,396.92,0.371720403432846,0.503097830805928,0.439232451476557,0.267289205606047,2.3472959795216,1.32283924566582
"Utility","Utility",46,100,-200.38,NA,NA,406.76,418.42,0.361050225095823,0.370053818682209,0.818036810938261,0.25968582860309,1,1.17356707000516
"Utility","Utility",47,100,-124.56,NA,NA,255.12,266.78,0.594613759312779,0.789667062694207,0.508322053091409,0.620225110876725,4.95245500247295,3.04544003671947
"Utility","Utility",48,100,-200.37,NA,NA,406.74,418.4,0.628910263301805,0.0369398219045252,0.8836219413667,0.00844684058331075,2.41104236724607,2.35408596597136
"Utility","Utility",49,100,-124.03,NA,NA,254.06,265.72,0.254382238723338,0.857857148861513,0.123050344724405,0.855711192827239,1.93787447758777,1.936107955831
"Utility","Utility",50,100,-161.2,NA,NA,328.4,340.06,0.629901704145595,0.59963444317691,0.831435327000559,0.438920960048947,4.40560966047252,2.13030682034315
"Utility","Utility",51,100,-206.46,NA,NA,418.92,430.58,0.958562755258754,0.446684151422232,0.00254695037400091,0.426538840769852,1.085458360195,2.46860518856885
"Utility","Utility",52,100,-156.4,NA,NA,318.8,330.46,0.378760501742363,0.716149265645072,0.16294624229028,0.930142314505368,1.02516185586319,2.1838285959837
"Utility","Utility",53,100,-192.87,NA,NA,391.74,403.4,0.843001339351758,0.428967847023159,0.700641071994989,0.320308616357028,1.41566576372972,1.43009595386684
"Utility","Utility",54,100,-122.85,NA,NA,251.7,263.36,0.111280993092805,0.926345025887713,0.0756490435846556,0.778748237900146,3.60958542885623,2.52358875974062
"Utility","Utility",55,100,-106.87,NA,NA,219.74,231.4,0.231767056509852,0.779834397835657,0.278204154022371,0.585874476860629,6.94238603115565,4.55762586234994
"Utility","Utility",56,100,-126.58,NA,NA,259.16,270.82,0.386252531083301,0.815260800998658,0.261214459853556,0.757426935861088,2.78556121154997,2.64474068483968
"Utility","Utility",57,100,-168.64,NA,NA,343.28,354.94,0.6529874894768,0.670282299863175,0.893834151997376,0.33861134342128,7.44522025734775,1.1162636061199
"Utility","Utility",58,100,-196.7,NA,NA,399.4,411.06,0.560497718863189,0.274772666627541,0.799644938289261,0.302391180580236,1.01758984093956,1.5290995786691
"Utility","Utility",59,100,-166.06,NA,NA,338.12,349.78,0.597106330329552,0.589335348224267,0.699744044360732,0.695558883641323,1,1.93161117188157
"Utility","Utility",60,100,-110.89,NA,NA,227.78,239.44,0.987134294584394,0.800411853706464,0.904807403589835,0.725732310224342,3.60661356241755,2.29764714087815
"Utility","Utility",61,100,-191.56,NA,NA,389.12,400.78,0.718285634880885,0.565618214197457,0.687589189917393,0.468924152585522,1,1.06491599744186
"Utility","Utility",62,100,-170.22,NA,NA,346.44,358.1,0.125127220060676,0.773224814096466,0.0825447777928499,0.722977369468819,2.68516310940681,1.58329186262563
"Utility","Utility",63,100,-220.64,NA,NA,447.28,458.94,0.499009405029938,0.0988319513853639,0.984254229974716,0,1.22804665011127,1.09243298880756
"Utility","Utility",64,100,-161.99,NA,NA,329.98,341.64,0.333673485321924,0.454882015939802,0.177281845456851,0.545976446128336,2.6087930267457,3.70696423376415
"Utility","Utility",65,100,-231.59,NA,NA,469.18,480.84,0.810415166895837,0.0187283449340612,1,0.000615553590287283,1.01189263532703,1.16512183423941
"Utility","Utility",66,100,-200.21,NA,NA,406.42,418.08,0.461979309096932,0.296923782210797,0.820773026058866,0.0568155929510936,2.13868047262132,1.45804071612656
"Utility","Utility",67,100,-196.22,NA,NA,398.44,410.1,0.285626433324069,0.528872283641249,0.464184106135339,0.371104528212851,1.21280091340617,1.1472960453744
"Utility","Utility",68,100,-173.56,NA,NA,353.12,364.78,0.732509626774117,0.600311974063516,0.903145526033541,0.278197062777356,9.58030472118002,1.4492717245746
"Utility","Utility",69,100,-192.31,NA,NA,390.62,402.28,0.977929984452203,0.529096166603267,0.960983740435871,0.240163615942562,9.38574481201839,1.75178614688037
"Utility","Utility",70,100,-196.32,NA,NA,398.64,410.3,0.98177181975916,0.159414226887748,0.853829993829388,0.138702979508726,2.01755028136899,1.47737938910723
"Utility","Utility",71,100,-195.35,NA,NA,396.7,408.36,0.922829337418079,0.366323065012693,0.703450227624157,0.381820112837919,1,1.08644307602532
"Utility","Utility",72,100,-200.21,NA,NA,406.42,418.08,0.437475311337039,0.144657690776512,0.848792507702888,0,2.64283470694727,2.51204245735464
"Utility","Utility",73,100,-131.22,NA,NA,268.44,280.1,0.0812403932213783,0.858433880610391,0.061148514319865,0.71495800724239,4.43579627969117,2.57674626609245
"Utility","Utility",74,100,-194.69,NA,NA,395.38,407.04,0.769064010120928,0.423705151304603,0.9079644908148,0.112161301398546,9.26837637022421,1.055009087082
"Utility","Utility",75,100,-224.79,NA,NA,455.58,467.24,0.27233505435288,0.0992442343849689,0.0105078520725647,0.0911460065074459,1,1.01957268379492
"Utility","Utility",76,100,-191.88,NA,NA,389.76,401.42,0.714246998308226,0.356464033480734,0.642713105628259,0.316311452822996,1.47455640760933,2.33508190601589
"Utility","Utility",77,100,-121.14,NA,NA,248.28,259.94,0.165105299558491,0.62026000325568,0.0966101166872188,0.61795815906333,4.29531103656958,3.11759630225509
"Utility","Utility",78,100,-142.01,NA,NA,290.02,301.68,0.948594216490164,0.818483957787976,0.904783125676733,0.707996067865422,2.64782057742348,1.40069885704874
"Utility","Utility",79,100,-165.69,NA,NA,337.38,349.04,0.641159480903298,0.713674181839451,0.9037491989755,0.29786964755884,10,1.04148287150446
"Utility","Utility",80,100,-119.85,NA,NA,245.7,257.36,0.602592710871249,0.798923129681498,0.508032441960239,0.943921996571498,1,2.65777598732141
"Utility","Utility",81,100,-124.02,NA,NA,254.04,265.7,0.0268326783552766,0.983408806612715,0.0152305854379703,0.758987377814467,8.27279832686723,2.42827125892359
"Utility","Utility",82,100,-211.42,NA,NA,428.84,440.5,0.390374890295789,0.210965643869713,0.881688619412884,0.0979663401677345,1.2410922799095,1.07093011168763
"Utility","Utility",83,100,-221.52,NA,NA,449.04,460.7,0.909624356776476,0.0655163209885359,0.01,0.01,1.01,1.47955628430628
"Utility","Utility",84,100,-138.91,NA,NA,283.82,295.48,0.894585720263422,0.928069569170475,0.809420750645516,0.814347628947087,7.41941571748741,1.78467515758694
"Utility","Utility",85,100,-180.17,NA,NA,366.34,378,0.16712597804144,0.591124507132918,0.0901824510731992,0.533492389117249,3.16593748751639,1.76918393555553
"Utility","Utility",86,100,-211.63,NA,NA,429.26,440.92,0.0963515317998827,0.187938303221017,0.0135251198116743,0.0348934878699974,1.83809739048574,1.16646143142134
"Utility","Utility",87,100,-90.9,NA,NA,187.8,199.46,0.812582350103185,0.879132093861699,0.842793046284693,0.979435184420245,2.26519398611257,5.4038753097219
"Utility","Utility",88,100,-172.16,NA,NA,350.32,361.98,0.448961209738627,0.690639521926641,0.148580630588446,0.655765834103376,1.4839567220964,1.12322780341732
"Utility","Utility",89,100,-187.88,NA,NA,381.76,393.42,0.352596259210259,0.519048273330554,0.426096945979053,0.0747474936381092,4.97999363335171,1.77127007111431
"Utility","Utility",90,100,-194.23,NA,NA,394.46,406.12,0.7131295024883,0.112127762287855,0.695413116248851,0.0449703711183222,3.27129792790687,4.4174234716404
"Utility","Utility",91,100,-214.98,NA,NA,435.96,447.62,0.102771484525874,0.0985191510990262,0.0225600919768998,0.104924334852366,1.19013833240739,1.34824017202482
"Utility","Utility",92,100,-205.54,NA,NA,417.08,428.74,0.14997310237959,0.461772011825815,0.160665130003557,0.0567877942550352,2.23925018639349,1.26133318960971
"Utility","Utility",93,100,-147.01,NA,NA,300.02,311.68,0.435881547397003,0.7804279406555,0.263119077769794,0.923620636121099,1,1.68139734584838
"Utility","Utility",94,100,-103.59,NA,NA,213.18,224.84,0.975024477113038,0.799848798895255,0.888301973476187,0.996312192726828,10,5.33281822849937
"Utility","Utility",95,100,-167.73,NA,NA,341.46,353.12,0.723246149485931,0.623378630494699,0.906198440441744,0.302192393687173,9.77756263167545,1.45622572209686
"Utility","Utility",96,100,-194.22,NA,NA,394.44,406.1,0.323681306792423,0.444453429430723,0.525496178497837,0.148679745794583,2.67898189498497,1.44684312446043
"Utility","Utility",97,100,-193.92,NA,NA,393.84,405.5,0.521510650403798,0.40949847153388,0.670611268571265,0.193072285076819,2.13417732715035,1.1181692021126
"Utility","Utility",98,100,-123.74,NA,NA,253.48,265.14,0.418908317107707,0.978637758642435,0.152934081402058,0.987725157660947,1,1.21107809292153
"Utility","Utility",99,100,-180.11,NA,NA,366.22,377.88,0.78953983867541,0.418743934947997,0.907646644412644,0.248563527014209,9.60930571960402,3.49348991278757
"Utility","Utility",100,100,-203.88,NA,NA,413.76,425.42,0.956703607924283,0.607802340993658,0.0221376535734448,0.626854245778944,1.0090368360744,1.10866933899654
